{
  "instance_dir": "D:\\TextArena\\examples\\benchmark\\synthetic_trajectory\\lead_time_4\\p02_mean_increase\\v3_100to300\\r2_med",
  "instance_name": "r2_med",
  "promised_lead_time": 4,
  "model": "google/gemini-3-flash-preview",
  "num_runs_llm": 1,
  "num_runs_deterministic": 1,
  "max_periods": null,
  "summary": {
    "perfect_score": 45768.0,
    "ratios": {
      "or": 0.6537318650585562,
      "llm": 0.626682398182136,
      "llm_to_or": 0.7010575074287712,
      "or_to_llm": 0.6765862611431568,
      "perfect_score": 1.0
    },
    "warnings": null
  },
  "results": {
    "or": {
      "rewards": [
        29920.0
      ],
      "mean": 29920.0,
      "std": 0.0,
      "min": 29920.0,
      "max": 29920.0,
      "count": 1,
      "ratio_to_perfect": 0.6537318650585562
    },
    "llm": {
      "rewards": [
        28682.0
      ],
      "mean": 28682.0,
      "std": 0.0,
      "min": 28682.0,
      "max": 28682.0,
      "count": 1,
      "ratio_to_perfect": 0.626682398182136
    },
    "llm_to_or": {
      "rewards": [
        32086.0
      ],
      "mean": 32086.0,
      "std": 0.0,
      "min": 32086.0,
      "max": 32086.0,
      "count": 1,
      "ratio_to_perfect": 0.7010575074287712
    },
    "or_to_llm": {
      "rewards": [
        30966.0
      ],
      "mean": 30966.0,
      "std": 0.0,
      "min": 30966.0,
      "max": 30966.0,
      "count": 1,
      "ratio_to_perfect": 0.6765862611431568
    },
    "perfect_score": {
      "rewards": [
        45768.0
      ],
      "mean": 45768.0,
      "std": 0.0,
      "min": 45768.0,
      "max": 45768.0,
      "count": 1,
      "ratio_to_perfect": 1.0
    }
  },
  "errors": {}
}