{
  "instance_dir": "/shared/share_malatown/OR-Agent-GPT5mini-benchmark/examples/benchmark/real_trajectory/lead_time_0/599580017",
  "instance_name": "599580017",
  "promised_lead_time": 0,
  "model": "openai/gpt-5-mini",
  "num_runs_llm": 1,
  "num_runs_deterministic": 1,
  "max_periods": null,
  "summary": {
    "perfect_score": 210653.0,
    "ratios": {
      "or": 0.872311336653169,
      "llm": 0.861027376776025,
      "llm_to_or": 0.9107014853811719,
      "or_to_llm": 0.9081095450812473,
      "perfect_score": 1.0
    },
    "warnings": null
  },
  "results": {
    "or": {
      "rewards": [
        183755.0
      ],
      "mean": 183755.0,
      "std": 0.0,
      "min": 183755.0,
      "max": 183755.0,
      "count": 1,
      "ratio_to_perfect": 0.872311336653169
    },
    "llm": {
      "rewards": [
        181378.0
      ],
      "mean": 181378.0,
      "std": 0.0,
      "min": 181378.0,
      "max": 181378.0,
      "count": 1,
      "ratio_to_perfect": 0.861027376776025
    },
    "llm_to_or": {
      "rewards": [
        191842.0
      ],
      "mean": 191842.0,
      "std": 0.0,
      "min": 191842.0,
      "max": 191842.0,
      "count": 1,
      "ratio_to_perfect": 0.9107014853811719
    },
    "or_to_llm": {
      "rewards": [
        191296.0
      ],
      "mean": 191296.0,
      "std": 0.0,
      "min": 191296.0,
      "max": 191296.0,
      "count": 1,
      "ratio_to_perfect": 0.9081095450812473
    },
    "perfect_score": {
      "rewards": [
        210653.0
      ],
      "mean": 210653.0,
      "std": 0.0,
      "min": 210653.0,
      "max": 210653.0,
      "count": 1,
      "ratio_to_perfect": 1.0
    }
  },
  "errors": {}
}