{
  "instance_dir": "/shared/share_malatown/OR_Agent/examples/benchmark/real_trajectory/lead_time_stochastic/660726001",
  "instance_name": "660726001",
  "promised_lead_time": 2,
  "model": "x-ai/grok-4.1-fast",
  "num_runs_llm": 1,
  "num_runs_deterministic": 1,
  "max_periods": null,
  "summary": {
    "perfect_score": 3437.0,
    "ratios": {
      "or": 0.13383764911259818,
      "llm": 0.03142275240034914,
      "llm_to_or": -0.8964212976432936,
      "or_to_llm": 0.030258946755891768,
      "perfect_score": 1.0
    },
    "warnings": null
  },
  "results": {
    "or": {
      "rewards": [
        460.0
      ],
      "mean": 460.0,
      "std": 0.0,
      "min": 460.0,
      "max": 460.0,
      "count": 1,
      "ratio_to_perfect": 0.13383764911259818
    },
    "llm": {
      "rewards": [
        108.0
      ],
      "mean": 108.0,
      "std": 0.0,
      "min": 108.0,
      "max": 108.0,
      "count": 1,
      "ratio_to_perfect": 0.03142275240034914
    },
    "llm_to_or": {
      "rewards": [
        -3081.0
      ],
      "mean": -3081.0,
      "std": 0.0,
      "min": -3081.0,
      "max": -3081.0,
      "count": 1,
      "ratio_to_perfect": -0.8964212976432936
    },
    "or_to_llm": {
      "rewards": [
        104.0
      ],
      "mean": 104.0,
      "std": 0.0,
      "min": 104.0,
      "max": 104.0,
      "count": 1,
      "ratio_to_perfect": 0.030258946755891768
    },
    "perfect_score": {
      "rewards": [
        3437.0
      ],
      "mean": 3437.0,
      "std": 0.0,
      "min": 3437.0,
      "max": 3437.0,
      "count": 1,
      "ratio_to_perfect": 1.0
    }
  },
  "errors": {}
}