{
  "instance_dir": "D:\\TextArena\\examples\\benchmark\\synthetic_trajectory\\lead_time_0\\p03_mean_decrease\\v4_150to80\\r1_high",
  "instance_name": "r1_high",
  "promised_lead_time": 0,
  "model": "google/gemini-3-flash-preview",
  "num_runs_llm": 1,
  "num_runs_deterministic": 1,
  "max_periods": null,
  "summary": {
    "perfect_score": 95779.0,
    "ratios": {
      "or": 0.9498115453283079,
      "llm": 0.9605445870180311,
      "llm_to_or": 0.961943641090427,
      "or_to_llm": 0.9620898109188862,
      "perfect_score": 1.0
    },
    "warnings": null
  },
  "results": {
    "or": {
      "rewards": [
        90972.0
      ],
      "mean": 90972.0,
      "std": 0.0,
      "min": 90972.0,
      "max": 90972.0,
      "count": 1,
      "ratio_to_perfect": 0.9498115453283079
    },
    "llm": {
      "rewards": [
        92000.0
      ],
      "mean": 92000.0,
      "std": 0.0,
      "min": 92000.0,
      "max": 92000.0,
      "count": 1,
      "ratio_to_perfect": 0.9605445870180311
    },
    "llm_to_or": {
      "rewards": [
        92134.0
      ],
      "mean": 92134.0,
      "std": 0.0,
      "min": 92134.0,
      "max": 92134.0,
      "count": 1,
      "ratio_to_perfect": 0.961943641090427
    },
    "or_to_llm": {
      "rewards": [
        92148.0
      ],
      "mean": 92148.0,
      "std": 0.0,
      "min": 92148.0,
      "max": 92148.0,
      "count": 1,
      "ratio_to_perfect": 0.9620898109188862
    },
    "perfect_score": {
      "rewards": [
        95779.0
      ],
      "mean": 95779.0,
      "std": 0.0,
      "min": 95779.0,
      "max": 95779.0,
      "count": 1,
      "ratio_to_perfect": 1.0
    }
  },
  "errors": {}
}