{
  "instance_dir": "/shared/share_malatown/OR_Agent/examples/benchmark/real_trajectory/lead_time_4/399256001",
  "instance_name": "399256001",
  "promised_lead_time": 4,
  "model": "x-ai/grok-4.1-fast",
  "num_runs_llm": 1,
  "num_runs_deterministic": 1,
  "max_periods": null,
  "summary": {
    "perfect_score": 39848.0,
    "ratios": {
      "or": 0.43623268419995986,
      "llm": -2.3318861674362577,
      "llm_to_or": 0.5495382453322626,
      "or_to_llm": 0.47826741618148966,
      "perfect_score": 1.0
    },
    "warnings": null
  },
  "results": {
    "or": {
      "rewards": [
        17383.0
      ],
      "mean": 17383.0,
      "std": 0.0,
      "min": 17383.0,
      "max": 17383.0,
      "count": 1,
      "ratio_to_perfect": 0.43623268419995986
    },
    "llm": {
      "rewards": [
        -92921.0
      ],
      "mean": -92921.0,
      "std": 0.0,
      "min": -92921.0,
      "max": -92921.0,
      "count": 1,
      "ratio_to_perfect": -2.3318861674362577
    },
    "llm_to_or": {
      "rewards": [
        21898.0
      ],
      "mean": 21898.0,
      "std": 0.0,
      "min": 21898.0,
      "max": 21898.0,
      "count": 1,
      "ratio_to_perfect": 0.5495382453322626
    },
    "or_to_llm": {
      "rewards": [
        19058.0
      ],
      "mean": 19058.0,
      "std": 0.0,
      "min": 19058.0,
      "max": 19058.0,
      "count": 1,
      "ratio_to_perfect": 0.47826741618148966
    },
    "perfect_score": {
      "rewards": [
        39848.0
      ],
      "mean": 39848.0,
      "std": 0.0,
      "min": 39848.0,
      "max": 39848.0,
      "count": 1,
      "ratio_to_perfect": 1.0
    }
  },
  "errors": {}
}