{
  "instance_dir": "D:\\TextArena\\examples\\benchmark\\real_trajectory\\lead_time_0\\399087021",
  "instance_name": "399087021",
  "promised_lead_time": 0,
  "model": "google/gemini-3-flash-preview",
  "num_runs_llm": 1,
  "num_runs_deterministic": 1,
  "max_periods": null,
  "summary": {
    "perfect_score": 40204.0,
    "ratios": {
      "or": 0.8992637548502637,
      "llm": 0.8874241369018008,
      "llm_to_or": 0.8878221072530097,
      "or_to_llm": 0.9182917122674361,
      "perfect_score": 1.0
    },
    "warnings": null
  },
  "results": {
    "or": {
      "rewards": [
        36154.0
      ],
      "mean": 36154.0,
      "std": 0.0,
      "min": 36154.0,
      "max": 36154.0,
      "count": 1,
      "ratio_to_perfect": 0.8992637548502637
    },
    "llm": {
      "rewards": [
        35678.0
      ],
      "mean": 35678.0,
      "std": 0.0,
      "min": 35678.0,
      "max": 35678.0,
      "count": 1,
      "ratio_to_perfect": 0.8874241369018008
    },
    "llm_to_or": {
      "rewards": [
        35694.0
      ],
      "mean": 35694.0,
      "std": 0.0,
      "min": 35694.0,
      "max": 35694.0,
      "count": 1,
      "ratio_to_perfect": 0.8878221072530097
    },
    "or_to_llm": {
      "rewards": [
        36919.0
      ],
      "mean": 36919.0,
      "std": 0.0,
      "min": 36919.0,
      "max": 36919.0,
      "count": 1,
      "ratio_to_perfect": 0.9182917122674361
    },
    "perfect_score": {
      "rewards": [
        40204.0
      ],
      "mean": 40204.0,
      "std": 0.0,
      "min": 40204.0,
      "max": 40204.0,
      "count": 1,
      "ratio_to_perfect": 1.0
    }
  },
  "errors": {}
}