{
  "instance_dir": "/shared/share_malatown/OR-Agent-GPT5mini-benchmark/examples/benchmark/real_trajectory/lead_time_stochastic/583534002",
  "instance_name": "583534002",
  "promised_lead_time": 2,
  "model": "openai/gpt-5-mini",
  "num_runs_llm": 1,
  "num_runs_deterministic": 1,
  "max_periods": null,
  "summary": {
    "perfect_score": 5864.0,
    "ratios": {
      "or": 0.3054229195088677,
      "llm": -1.3209413369713505,
      "llm_to_or": 0.2951909959072306,
      "or_to_llm": -0.20924283765347884,
      "perfect_score": 1.0
    },
    "warnings": null
  },
  "results": {
    "or": {
      "rewards": [
        1791.0
      ],
      "mean": 1791.0,
      "std": 0.0,
      "min": 1791.0,
      "max": 1791.0,
      "count": 1,
      "ratio_to_perfect": 0.3054229195088677
    },
    "llm": {
      "rewards": [
        -7746.0
      ],
      "mean": -7746.0,
      "std": 0.0,
      "min": -7746.0,
      "max": -7746.0,
      "count": 1,
      "ratio_to_perfect": -1.3209413369713505
    },
    "llm_to_or": {
      "rewards": [
        1731.0
      ],
      "mean": 1731.0,
      "std": 0.0,
      "min": 1731.0,
      "max": 1731.0,
      "count": 1,
      "ratio_to_perfect": 0.2951909959072306
    },
    "or_to_llm": {
      "rewards": [
        -1227.0
      ],
      "mean": -1227.0,
      "std": 0.0,
      "min": -1227.0,
      "max": -1227.0,
      "count": 1,
      "ratio_to_perfect": -0.20924283765347884
    },
    "perfect_score": {
      "rewards": [
        5864.0
      ],
      "mean": 5864.0,
      "std": 0.0,
      "min": 5864.0,
      "max": 5864.0,
      "count": 1,
      "ratio_to_perfect": 1.0
    }
  },
  "errors": {}
}