{
  "instance_dir": "/shared/share_malatown/OR-Agent-GPT5mini-benchmark/examples/benchmark/real_trajectory/lead_time_0/554450004",
  "instance_name": "554450004",
  "promised_lead_time": 0,
  "model": "openai/gpt-5-mini",
  "num_runs_llm": 1,
  "num_runs_deterministic": 1,
  "max_periods": null,
  "summary": {
    "perfect_score": 87571.0,
    "ratios": {
      "or": 0.9162508136255153,
      "llm": 0.8690434047801213,
      "llm_to_or": 0.9364515650158157,
      "or_to_llm": 0.9023420995535052,
      "perfect_score": 1.0
    },
    "warnings": null
  },
  "results": {
    "or": {
      "rewards": [
        80237.0
      ],
      "mean": 80237.0,
      "std": 0.0,
      "min": 80237.0,
      "max": 80237.0,
      "count": 1,
      "ratio_to_perfect": 0.9162508136255153
    },
    "llm": {
      "rewards": [
        76103.0
      ],
      "mean": 76103.0,
      "std": 0.0,
      "min": 76103.0,
      "max": 76103.0,
      "count": 1,
      "ratio_to_perfect": 0.8690434047801213
    },
    "llm_to_or": {
      "rewards": [
        82006.0
      ],
      "mean": 82006.0,
      "std": 0.0,
      "min": 82006.0,
      "max": 82006.0,
      "count": 1,
      "ratio_to_perfect": 0.9364515650158157
    },
    "or_to_llm": {
      "rewards": [
        79019.0
      ],
      "mean": 79019.0,
      "std": 0.0,
      "min": 79019.0,
      "max": 79019.0,
      "count": 1,
      "ratio_to_perfect": 0.9023420995535052
    },
    "perfect_score": {
      "rewards": [
        87571.0
      ],
      "mean": 87571.0,
      "std": 0.0,
      "min": 87571.0,
      "max": 87571.0,
      "count": 1,
      "ratio_to_perfect": 1.0
    }
  },
  "errors": {}
}