{
  "instance_dir": "/shared/share_malatown/OR-Agent-GPT5mini-benchmark/examples/benchmark/real_trajectory/lead_time_0/743098002",
  "instance_name": "743098002",
  "promised_lead_time": 0,
  "model": "openai/gpt-5-mini",
  "num_runs_llm": 1,
  "num_runs_deterministic": 1,
  "max_periods": null,
  "summary": {
    "perfect_score": 2409.0,
    "ratios": {
      "or": 0.37858032378580325,
      "llm": 0.4155251141552511,
      "llm_to_or": 0.3437110834371108,
      "or_to_llm": 0.47073474470734744,
      "perfect_score": 1.0
    },
    "warnings": null
  },
  "results": {
    "or": {
      "rewards": [
        912.0
      ],
      "mean": 912.0,
      "std": 0.0,
      "min": 912.0,
      "max": 912.0,
      "count": 1,
      "ratio_to_perfect": 0.37858032378580325
    },
    "llm": {
      "rewards": [
        1001.0
      ],
      "mean": 1001.0,
      "std": 0.0,
      "min": 1001.0,
      "max": 1001.0,
      "count": 1,
      "ratio_to_perfect": 0.4155251141552511
    },
    "llm_to_or": {
      "rewards": [
        828.0
      ],
      "mean": 828.0,
      "std": 0.0,
      "min": 828.0,
      "max": 828.0,
      "count": 1,
      "ratio_to_perfect": 0.3437110834371108
    },
    "or_to_llm": {
      "rewards": [
        1134.0
      ],
      "mean": 1134.0,
      "std": 0.0,
      "min": 1134.0,
      "max": 1134.0,
      "count": 1,
      "ratio_to_perfect": 0.47073474470734744
    },
    "perfect_score": {
      "rewards": [
        2409.0
      ],
      "mean": 2409.0,
      "std": 0.0,
      "min": 2409.0,
      "max": 2409.0,
      "count": 1,
      "ratio_to_perfect": 1.0
    }
  },
  "errors": {}
}