{
  "instance_dir": "/shared/share_malatown/OR_Agent/examples/benchmark/synthetic_trajectory/lead_time_0/p07_seasonal/v4_multiplicative/r2_high",
  "instance_name": "r2_high",
  "promised_lead_time": 0,
  "model": "x-ai/grok-4.1-fast",
  "num_runs_llm": 1,
  "num_runs_deterministic": 1,
  "max_periods": null,
  "summary": {
    "perfect_score": 91998.0,
    "ratios": {
      "or": 0.9568251483727908,
      "llm": 0.9450748929324551,
      "llm_to_or": 0.9594882497445597,
      "or_to_llm": 0.954270745016196,
      "perfect_score": 1.0
    },
    "warnings": null
  },
  "results": {
    "or": {
      "rewards": [
        88026.0
      ],
      "mean": 88026.0,
      "std": 0.0,
      "min": 88026.0,
      "max": 88026.0,
      "count": 1,
      "ratio_to_perfect": 0.9568251483727908
    },
    "llm": {
      "rewards": [
        86945.0
      ],
      "mean": 86945.0,
      "std": 0.0,
      "min": 86945.0,
      "max": 86945.0,
      "count": 1,
      "ratio_to_perfect": 0.9450748929324551
    },
    "llm_to_or": {
      "rewards": [
        88271.0
      ],
      "mean": 88271.0,
      "std": 0.0,
      "min": 88271.0,
      "max": 88271.0,
      "count": 1,
      "ratio_to_perfect": 0.9594882497445597
    },
    "or_to_llm": {
      "rewards": [
        87791.0
      ],
      "mean": 87791.0,
      "std": 0.0,
      "min": 87791.0,
      "max": 87791.0,
      "count": 1,
      "ratio_to_perfect": 0.954270745016196
    },
    "perfect_score": {
      "rewards": [
        91998.0
      ],
      "mean": 91998.0,
      "std": 0.0,
      "min": 91998.0,
      "max": 91998.0,
      "count": 1,
      "ratio_to_perfect": 1.0
    }
  },
  "errors": {}
}