{
  "instance_dir": "/shared/share_malatown/OR_Agent/examples/benchmark/real_trajectory/lead_time_0/706016003",
  "instance_name": "706016003",
  "promised_lead_time": 0,
  "model": "x-ai/grok-4.1-fast",
  "num_runs_llm": 1,
  "num_runs_deterministic": 1,
  "max_periods": null,
  "summary": {
    "perfect_score": 9599.0,
    "ratios": {
      "or": 0.17762266902802376,
      "llm": 0.250859464527555,
      "llm_to_or": 0.41827273674341076,
      "or_to_llm": 0.3477445567246588,
      "perfect_score": 1.0
    },
    "warnings": null
  },
  "results": {
    "or": {
      "rewards": [
        1705.0
      ],
      "mean": 1705.0,
      "std": 0.0,
      "min": 1705.0,
      "max": 1705.0,
      "count": 1,
      "ratio_to_perfect": 0.17762266902802376
    },
    "llm": {
      "rewards": [
        2408.0
      ],
      "mean": 2408.0,
      "std": 0.0,
      "min": 2408.0,
      "max": 2408.0,
      "count": 1,
      "ratio_to_perfect": 0.250859464527555
    },
    "llm_to_or": {
      "rewards": [
        4015.0
      ],
      "mean": 4015.0,
      "std": 0.0,
      "min": 4015.0,
      "max": 4015.0,
      "count": 1,
      "ratio_to_perfect": 0.41827273674341076
    },
    "or_to_llm": {
      "rewards": [
        3338.0
      ],
      "mean": 3338.0,
      "std": 0.0,
      "min": 3338.0,
      "max": 3338.0,
      "count": 1,
      "ratio_to_perfect": 0.3477445567246588
    },
    "perfect_score": {
      "rewards": [
        9599.0
      ],
      "mean": 9599.0,
      "std": 0.0,
      "min": 9599.0,
      "max": 9599.0,
      "count": 1,
      "ratio_to_perfect": 1.0
    }
  },
  "errors": {}
}