{
  "instance_dir": "/shared/share_malatown/OR_Agent/examples/benchmark/real_trajectory/lead_time_4/591334019",
  "instance_name": "591334019",
  "promised_lead_time": 4,
  "model": "x-ai/grok-4.1-fast",
  "num_runs_llm": 1,
  "num_runs_deterministic": 1,
  "max_periods": null,
  "summary": {
    "perfect_score": 3322.0,
    "ratios": {
      "or": -1.477423239012643,
      "llm": -10.197772426249248,
      "llm_to_or": -1.6670680313064419,
      "or_to_llm": -2.161348585189645,
      "perfect_score": 1.0
    },
    "warnings": null
  },
  "results": {
    "or": {
      "rewards": [
        -4908.0
      ],
      "mean": -4908.0,
      "std": 0.0,
      "min": -4908.0,
      "max": -4908.0,
      "count": 1,
      "ratio_to_perfect": -1.477423239012643
    },
    "llm": {
      "rewards": [
        -33877.0
      ],
      "mean": -33877.0,
      "std": 0.0,
      "min": -33877.0,
      "max": -33877.0,
      "count": 1,
      "ratio_to_perfect": -10.197772426249248
    },
    "llm_to_or": {
      "rewards": [
        -5538.0
      ],
      "mean": -5538.0,
      "std": 0.0,
      "min": -5538.0,
      "max": -5538.0,
      "count": 1,
      "ratio_to_perfect": -1.6670680313064419
    },
    "or_to_llm": {
      "rewards": [
        -7180.0
      ],
      "mean": -7180.0,
      "std": 0.0,
      "min": -7180.0,
      "max": -7180.0,
      "count": 1,
      "ratio_to_perfect": -2.161348585189645
    },
    "perfect_score": {
      "rewards": [
        3322.0
      ],
      "mean": 3322.0,
      "std": 0.0,
      "min": 3322.0,
      "max": 3322.0,
      "count": 1,
      "ratio_to_perfect": 1.0
    }
  },
  "errors": {}
}