{
  "instance_dir": "D:\\TextArena\\examples\\benchmark\\real_trajectory\\lead_time_4\\160442007",
  "instance_name": "160442007",
  "promised_lead_time": 4,
  "model": "google/gemini-3-flash-preview",
  "num_runs_llm": 1,
  "num_runs_deterministic": 1,
  "max_periods": null,
  "summary": {
    "perfect_score": 160835.0,
    "ratios": {
      "or": 0.7630366524699226,
      "llm": 0.7643796437342618,
      "llm_to_or": 0.7781328690894395,
      "or_to_llm": 0.7345416109677619,
      "perfect_score": 1.0
    },
    "warnings": null
  },
  "results": {
    "or": {
      "rewards": [
        122723.0
      ],
      "mean": 122723.0,
      "std": 0.0,
      "min": 122723.0,
      "max": 122723.0,
      "count": 1,
      "ratio_to_perfect": 0.7630366524699226
    },
    "llm": {
      "rewards": [
        122939.0
      ],
      "mean": 122939.0,
      "std": 0.0,
      "min": 122939.0,
      "max": 122939.0,
      "count": 1,
      "ratio_to_perfect": 0.7643796437342618
    },
    "llm_to_or": {
      "rewards": [
        125151.0
      ],
      "mean": 125151.0,
      "std": 0.0,
      "min": 125151.0,
      "max": 125151.0,
      "count": 1,
      "ratio_to_perfect": 0.7781328690894395
    },
    "or_to_llm": {
      "rewards": [
        118140.0
      ],
      "mean": 118140.0,
      "std": 0.0,
      "min": 118140.0,
      "max": 118140.0,
      "count": 1,
      "ratio_to_perfect": 0.7345416109677619
    },
    "perfect_score": {
      "rewards": [
        160835.0
      ],
      "mean": 160835.0,
      "std": 0.0,
      "min": 160835.0,
      "max": 160835.0,
      "count": 1,
      "ratio_to_perfect": 1.0
    }
  },
  "errors": {}
}