{
  "instance_dir": "/shared/share_malatown/OR_Agent/examples/benchmark/real_trajectory/lead_time_0/723469001",
  "instance_name": "723469001",
  "promised_lead_time": 0,
  "model": "x-ai/grok-4.1-fast",
  "num_runs_llm": 1,
  "num_runs_deterministic": 1,
  "max_periods": null,
  "summary": {
    "perfect_score": 4223.0,
    "ratios": {
      "or": 0.5735259294340517,
      "llm": 0.46080985081695475,
      "llm_to_or": 0.5683163627752782,
      "or_to_llm": 0.40350461757044753,
      "perfect_score": 1.0
    },
    "warnings": null
  },
  "results": {
    "or": {
      "rewards": [
        2422.0
      ],
      "mean": 2422.0,
      "std": 0.0,
      "min": 2422.0,
      "max": 2422.0,
      "count": 1,
      "ratio_to_perfect": 0.5735259294340517
    },
    "llm": {
      "rewards": [
        1946.0
      ],
      "mean": 1946.0,
      "std": 0.0,
      "min": 1946.0,
      "max": 1946.0,
      "count": 1,
      "ratio_to_perfect": 0.46080985081695475
    },
    "llm_to_or": {
      "rewards": [
        2400.0
      ],
      "mean": 2400.0,
      "std": 0.0,
      "min": 2400.0,
      "max": 2400.0,
      "count": 1,
      "ratio_to_perfect": 0.5683163627752782
    },
    "or_to_llm": {
      "rewards": [
        1704.0
      ],
      "mean": 1704.0,
      "std": 0.0,
      "min": 1704.0,
      "max": 1704.0,
      "count": 1,
      "ratio_to_perfect": 0.40350461757044753
    },
    "perfect_score": {
      "rewards": [
        4223.0
      ],
      "mean": 4223.0,
      "std": 0.0,
      "min": 4223.0,
      "max": 4223.0,
      "count": 1,
      "ratio_to_perfect": 1.0
    }
  },
  "errors": {}
}