{
  "instance_dir": "/shared/share_malatown/OR_Agent/examples/benchmark/real_trajectory/lead_time_0/536139010",
  "instance_name": "536139010",
  "promised_lead_time": 0,
  "model": "x-ai/grok-4.1-fast",
  "num_runs_llm": 1,
  "num_runs_deterministic": 1,
  "max_periods": null,
  "summary": {
    "perfect_score": 2606.0,
    "ratios": {
      "or": 0.6412125863392172,
      "llm": 0.5518035303146585,
      "llm_to_or": 0.6884113584036838,
      "or_to_llm": 0.5176515732924022,
      "perfect_score": 1.0
    },
    "warnings": null
  },
  "results": {
    "or": {
      "rewards": [
        1671.0
      ],
      "mean": 1671.0,
      "std": 0.0,
      "min": 1671.0,
      "max": 1671.0,
      "count": 1,
      "ratio_to_perfect": 0.6412125863392172
    },
    "llm": {
      "rewards": [
        1438.0
      ],
      "mean": 1438.0,
      "std": 0.0,
      "min": 1438.0,
      "max": 1438.0,
      "count": 1,
      "ratio_to_perfect": 0.5518035303146585
    },
    "llm_to_or": {
      "rewards": [
        1794.0
      ],
      "mean": 1794.0,
      "std": 0.0,
      "min": 1794.0,
      "max": 1794.0,
      "count": 1,
      "ratio_to_perfect": 0.6884113584036838
    },
    "or_to_llm": {
      "rewards": [
        1349.0
      ],
      "mean": 1349.0,
      "std": 0.0,
      "min": 1349.0,
      "max": 1349.0,
      "count": 1,
      "ratio_to_perfect": 0.5176515732924022
    },
    "perfect_score": {
      "rewards": [
        2606.0
      ],
      "mean": 2606.0,
      "std": 0.0,
      "min": 2606.0,
      "max": 2606.0,
      "count": 1,
      "ratio_to_perfect": 1.0
    }
  },
  "errors": {}
}