{
  "instance_dir": "D:\\TextArena\\examples\\benchmark\\real_trajectory\\lead_time_stochastic\\562245046",
  "instance_name": "562245046",
  "promised_lead_time": 2,
  "model": "google/gemini-3-flash-preview",
  "num_runs_llm": 1,
  "num_runs_deterministic": 1,
  "max_periods": null,
  "summary": {
    "perfect_score": 224694.0,
    "ratios": {
      "or": 0.18658264128103108,
      "llm": 0.6404354366382725,
      "llm_to_or": 0.5205790986853231,
      "or_to_llm": 0.560486706365101,
      "perfect_score": 1.0
    },
    "warnings": null
  },
  "results": {
    "or": {
      "rewards": [
        41924.0
      ],
      "mean": 41924.0,
      "std": 0.0,
      "min": 41924.0,
      "max": 41924.0,
      "count": 1,
      "ratio_to_perfect": 0.18658264128103108
    },
    "llm": {
      "rewards": [
        143902.0
      ],
      "mean": 143902.0,
      "std": 0.0,
      "min": 143902.0,
      "max": 143902.0,
      "count": 1,
      "ratio_to_perfect": 0.6404354366382725
    },
    "llm_to_or": {
      "rewards": [
        116971.0
      ],
      "mean": 116971.0,
      "std": 0.0,
      "min": 116971.0,
      "max": 116971.0,
      "count": 1,
      "ratio_to_perfect": 0.5205790986853231
    },
    "or_to_llm": {
      "rewards": [
        125938.0
      ],
      "mean": 125938.0,
      "std": 0.0,
      "min": 125938.0,
      "max": 125938.0,
      "count": 1,
      "ratio_to_perfect": 0.560486706365101
    },
    "perfect_score": {
      "rewards": [
        224694.0
      ],
      "mean": 224694.0,
      "std": 0.0,
      "min": 224694.0,
      "max": 224694.0,
      "count": 1,
      "ratio_to_perfect": 1.0
    }
  },
  "errors": {}
}