{
  "instance_dir": "D:\\TextArena\\examples\\benchmark\\synthetic_trajectory\\lead_time_0\\p07_seasonal\\v2_period5_amp50\\r1_med",
  "instance_name": "r1_med",
  "promised_lead_time": 0,
  "model": "openai/gpt-5-mini",
  "num_runs_llm": 1,
  "num_runs_deterministic": 1,
  "max_periods": null,
  "summary": {
    "perfect_score": 19480.0,
    "ratios": {
      "or": 0.8392710472279261,
      "llm": 0.7917864476386037,
      "llm_to_or": 0.8433264887063655,
      "or_to_llm": 0.8135010266940452,
      "perfect_score": 1.0
    },
    "warnings": null
  },
  "results": {
    "or": {
      "rewards": [
        16349.0
      ],
      "mean": 16349.0,
      "std": 0.0,
      "min": 16349.0,
      "max": 16349.0,
      "count": 1,
      "ratio_to_perfect": 0.8392710472279261
    },
    "llm": {
      "rewards": [
        15424.0
      ],
      "mean": 15424.0,
      "std": 0.0,
      "min": 15424.0,
      "max": 15424.0,
      "count": 1,
      "ratio_to_perfect": 0.7917864476386037
    },
    "llm_to_or": {
      "rewards": [
        16428.0
      ],
      "mean": 16428.0,
      "std": 0.0,
      "min": 16428.0,
      "max": 16428.0,
      "count": 1,
      "ratio_to_perfect": 0.8433264887063655
    },
    "or_to_llm": {
      "rewards": [
        15847.0
      ],
      "mean": 15847.0,
      "std": 0.0,
      "min": 15847.0,
      "max": 15847.0,
      "count": 1,
      "ratio_to_perfect": 0.8135010266940452
    },
    "perfect_score": {
      "rewards": [
        19480.0
      ],
      "mean": 19480.0,
      "std": 0.0,
      "min": 19480.0,
      "max": 19480.0,
      "count": 1,
      "ratio_to_perfect": 1.0
    }
  },
  "errors": {}
}