{
  "instance_dir": "D:\\TextArena\\examples\\benchmark\\real_trajectory\\lead_time_stochastic\\156231001",
  "instance_name": "156231001",
  "promised_lead_time": 2,
  "model": "google/gemini-3-flash-preview",
  "num_runs_llm": 1,
  "num_runs_deterministic": 1,
  "max_periods": null,
  "summary": {
    "perfect_score": 10895.0,
    "ratios": {
      "or": 0.1200550711335475,
      "llm": -0.050665442863698944,
      "llm_to_or": -0.5243689765947682,
      "or_to_llm": 0.12088113813675998,
      "perfect_score": 1.0
    },
    "warnings": null
  },
  "results": {
    "or": {
      "rewards": [
        1308.0
      ],
      "mean": 1308.0,
      "std": 0.0,
      "min": 1308.0,
      "max": 1308.0,
      "count": 1,
      "ratio_to_perfect": 0.1200550711335475
    },
    "llm": {
      "rewards": [
        -552.0
      ],
      "mean": -552.0,
      "std": 0.0,
      "min": -552.0,
      "max": -552.0,
      "count": 1,
      "ratio_to_perfect": -0.050665442863698944
    },
    "llm_to_or": {
      "rewards": [
        -5713.0
      ],
      "mean": -5713.0,
      "std": 0.0,
      "min": -5713.0,
      "max": -5713.0,
      "count": 1,
      "ratio_to_perfect": -0.5243689765947682
    },
    "or_to_llm": {
      "rewards": [
        1317.0
      ],
      "mean": 1317.0,
      "std": 0.0,
      "min": 1317.0,
      "max": 1317.0,
      "count": 1,
      "ratio_to_perfect": 0.12088113813675998
    },
    "perfect_score": {
      "rewards": [
        10895.0
      ],
      "mean": 10895.0,
      "std": 0.0,
      "min": 10895.0,
      "max": 10895.0,
      "count": 1,
      "ratio_to_perfect": 1.0
    }
  },
  "errors": {}
}