{
  "instance_dir": "D:\\TextArena\\examples\\benchmark\\real_trajectory\\lead_time_0\\448509014",
  "instance_name": "448509014",
  "promised_lead_time": 0,
  "model": "google/gemini-3-flash-preview",
  "num_runs_llm": 1,
  "num_runs_deterministic": 1,
  "max_periods": null,
  "summary": {
    "perfect_score": 36112.0,
    "ratios": {
      "or": 0.761990474080638,
      "llm": 0.8246566238369517,
      "llm_to_or": 0.796688081524147,
      "or_to_llm": 0.7960511741249446,
      "perfect_score": 1.0
    },
    "warnings": null
  },
  "results": {
    "or": {
      "rewards": [
        27517.0
      ],
      "mean": 27517.0,
      "std": 0.0,
      "min": 27517.0,
      "max": 27517.0,
      "count": 1,
      "ratio_to_perfect": 0.761990474080638
    },
    "llm": {
      "rewards": [
        29780.0
      ],
      "mean": 29780.0,
      "std": 0.0,
      "min": 29780.0,
      "max": 29780.0,
      "count": 1,
      "ratio_to_perfect": 0.8246566238369517
    },
    "llm_to_or": {
      "rewards": [
        28770.0
      ],
      "mean": 28770.0,
      "std": 0.0,
      "min": 28770.0,
      "max": 28770.0,
      "count": 1,
      "ratio_to_perfect": 0.796688081524147
    },
    "or_to_llm": {
      "rewards": [
        28747.0
      ],
      "mean": 28747.0,
      "std": 0.0,
      "min": 28747.0,
      "max": 28747.0,
      "count": 1,
      "ratio_to_perfect": 0.7960511741249446
    },
    "perfect_score": {
      "rewards": [
        36112.0
      ],
      "mean": 36112.0,
      "std": 0.0,
      "min": 36112.0,
      "max": 36112.0,
      "count": 1,
      "ratio_to_perfect": 1.0
    }
  },
  "errors": {}
}