{
  "instance_dir": "/shared/share_malatown/OR_Agent/examples/benchmark/synthetic_trajectory/lead_time_4/p04_increasing_trend/v3_exp_1_05/r1_low",
  "instance_name": "r1_low",
  "promised_lead_time": 4,
  "model": "x-ai/grok-4.1-fast",
  "num_runs_llm": 1,
  "num_runs_deterministic": 1,
  "max_periods": null,
  "summary": {
    "perfect_score": 21818.0,
    "ratios": {
      "or": 0.4104867540562838,
      "llm": 0.6149967916399304,
      "llm_to_or": 0.7242185351544597,
      "or_to_llm": 0.7881107342561188,
      "perfect_score": 1.0
    },
    "warnings": null
  },
  "results": {
    "or": {
      "rewards": [
        8956.0
      ],
      "mean": 8956.0,
      "std": 0.0,
      "min": 8956.0,
      "max": 8956.0,
      "count": 1,
      "ratio_to_perfect": 0.4104867540562838
    },
    "llm": {
      "rewards": [
        13418.0
      ],
      "mean": 13418.0,
      "std": 0.0,
      "min": 13418.0,
      "max": 13418.0,
      "count": 1,
      "ratio_to_perfect": 0.6149967916399304
    },
    "llm_to_or": {
      "rewards": [
        15801.0
      ],
      "mean": 15801.0,
      "std": 0.0,
      "min": 15801.0,
      "max": 15801.0,
      "count": 1,
      "ratio_to_perfect": 0.7242185351544597
    },
    "or_to_llm": {
      "rewards": [
        17195.0
      ],
      "mean": 17195.0,
      "std": 0.0,
      "min": 17195.0,
      "max": 17195.0,
      "count": 1,
      "ratio_to_perfect": 0.7881107342561188
    },
    "perfect_score": {
      "rewards": [
        21818.0
      ],
      "mean": 21818.0,
      "std": 0.0,
      "min": 21818.0,
      "max": 21818.0,
      "count": 1,
      "ratio_to_perfect": 1.0
    }
  },
  "errors": {}
}