{
  "instance_dir": "D:\\TextArena\\examples\\benchmark\\synthetic_trajectory\\lead_time_0\\p01_stationary_iid\\v4_uniform_50_150\\r2_high",
  "instance_name": "r2_high",
  "promised_lead_time": 0,
  "model": "google/gemini-3-flash-preview",
  "num_runs_llm": 1,
  "num_runs_deterministic": 1,
  "max_periods": null,
  "summary": {
    "perfect_score": 86659.0,
    "ratios": {
      "or": 0.9670893963696788,
      "llm": 0.9623235901637452,
      "llm_to_or": 0.9513149240125088,
      "or_to_llm": 0.9667432118995142,
      "perfect_score": 1.0
    },
    "warnings": null
  },
  "results": {
    "or": {
      "rewards": [
        83807.0
      ],
      "mean": 83807.0,
      "std": 0.0,
      "min": 83807.0,
      "max": 83807.0,
      "count": 1,
      "ratio_to_perfect": 0.9670893963696788
    },
    "llm": {
      "rewards": [
        83394.0
      ],
      "mean": 83394.0,
      "std": 0.0,
      "min": 83394.0,
      "max": 83394.0,
      "count": 1,
      "ratio_to_perfect": 0.9623235901637452
    },
    "llm_to_or": {
      "rewards": [
        82440.0
      ],
      "mean": 82440.0,
      "std": 0.0,
      "min": 82440.0,
      "max": 82440.0,
      "count": 1,
      "ratio_to_perfect": 0.9513149240125088
    },
    "or_to_llm": {
      "rewards": [
        83777.0
      ],
      "mean": 83777.0,
      "std": 0.0,
      "min": 83777.0,
      "max": 83777.0,
      "count": 1,
      "ratio_to_perfect": 0.9667432118995142
    },
    "perfect_score": {
      "rewards": [
        86659.0
      ],
      "mean": 86659.0,
      "std": 0.0,
      "min": 86659.0,
      "max": 86659.0,
      "count": 1,
      "ratio_to_perfect": 1.0
    }
  },
  "errors": {}
}