{
  "instance_dir": "D:\\TextArena\\examples\\benchmark\\synthetic_trajectory\\lead_time_4\\p04_increasing_trend\\v3_exp_1_05\\r2_med",
  "instance_name": "r2_med",
  "promised_lead_time": 4,
  "model": "google/gemini-3-flash-preview",
  "num_runs_llm": 1,
  "num_runs_deterministic": 1,
  "max_periods": null,
  "summary": {
    "perfect_score": 87876.0,
    "ratios": {
      "or": 0.49007692657836044,
      "llm": 0.7917975328872502,
      "llm_to_or": 0.776059447403159,
      "or_to_llm": 0.7802244071191224,
      "perfect_score": 1.0
    },
    "warnings": null
  },
  "results": {
    "or": {
      "rewards": [
        43066.0
      ],
      "mean": 43066.0,
      "std": 0.0,
      "min": 43066.0,
      "max": 43066.0,
      "count": 1,
      "ratio_to_perfect": 0.49007692657836044
    },
    "llm": {
      "rewards": [
        69580.0
      ],
      "mean": 69580.0,
      "std": 0.0,
      "min": 69580.0,
      "max": 69580.0,
      "count": 1,
      "ratio_to_perfect": 0.7917975328872502
    },
    "llm_to_or": {
      "rewards": [
        68197.0
      ],
      "mean": 68197.0,
      "std": 0.0,
      "min": 68197.0,
      "max": 68197.0,
      "count": 1,
      "ratio_to_perfect": 0.776059447403159
    },
    "or_to_llm": {
      "rewards": [
        68563.0
      ],
      "mean": 68563.0,
      "std": 0.0,
      "min": 68563.0,
      "max": 68563.0,
      "count": 1,
      "ratio_to_perfect": 0.7802244071191224
    },
    "perfect_score": {
      "rewards": [
        87876.0
      ],
      "mean": 87876.0,
      "std": 0.0,
      "min": 87876.0,
      "max": 87876.0,
      "count": 1,
      "ratio_to_perfect": 1.0
    }
  },
  "errors": {}
}