{
  "instance_dir": "D:\\TextArena\\examples\\benchmark\\real_trajectory\\lead_time_0\\711440001",
  "instance_name": "711440001",
  "promised_lead_time": 0,
  "model": "google/gemini-3-flash-preview",
  "num_runs_llm": 1,
  "num_runs_deterministic": 1,
  "max_periods": null,
  "summary": {
    "perfect_score": 2606.0,
    "ratios": {
      "or": 0.32386799693016116,
      "llm": 0.2636224098234843,
      "llm_to_or": 0.44973138910207217,
      "or_to_llm": 0.23714504988488105,
      "perfect_score": 1.0
    },
    "warnings": null
  },
  "results": {
    "or": {
      "rewards": [
        844.0
      ],
      "mean": 844.0,
      "std": 0.0,
      "min": 844.0,
      "max": 844.0,
      "count": 1,
      "ratio_to_perfect": 0.32386799693016116
    },
    "llm": {
      "rewards": [
        687.0
      ],
      "mean": 687.0,
      "std": 0.0,
      "min": 687.0,
      "max": 687.0,
      "count": 1,
      "ratio_to_perfect": 0.2636224098234843
    },
    "llm_to_or": {
      "rewards": [
        1172.0
      ],
      "mean": 1172.0,
      "std": 0.0,
      "min": 1172.0,
      "max": 1172.0,
      "count": 1,
      "ratio_to_perfect": 0.44973138910207217
    },
    "or_to_llm": {
      "rewards": [
        618.0
      ],
      "mean": 618.0,
      "std": 0.0,
      "min": 618.0,
      "max": 618.0,
      "count": 1,
      "ratio_to_perfect": 0.23714504988488105
    },
    "perfect_score": {
      "rewards": [
        2606.0
      ],
      "mean": 2606.0,
      "std": 0.0,
      "min": 2606.0,
      "max": 2606.0,
      "count": 1,
      "ratio_to_perfect": 1.0
    }
  },
  "errors": {}
}