{
  "instance_dir": "/shared/share_malatown/OR-Agent-GPT5mini-benchmark/examples/benchmark/real_trajectory/lead_time_stochastic/697564010",
  "instance_name": "697564010",
  "promised_lead_time": 2,
  "model": "openai/gpt-5-mini",
  "num_runs_llm": 1,
  "num_runs_deterministic": 1,
  "max_periods": null,
  "summary": {
    "perfect_score": 15284.0,
    "ratios": {
      "or": 0.35867573933525254,
      "llm": 0.34316932740120387,
      "llm_to_or": 0.43660036639623134,
      "or_to_llm": 0.33584140277414287,
      "perfect_score": 1.0
    },
    "warnings": null
  },
  "results": {
    "or": {
      "rewards": [
        5482.0
      ],
      "mean": 5482.0,
      "std": 0.0,
      "min": 5482.0,
      "max": 5482.0,
      "count": 1,
      "ratio_to_perfect": 0.35867573933525254
    },
    "llm": {
      "rewards": [
        5245.0
      ],
      "mean": 5245.0,
      "std": 0.0,
      "min": 5245.0,
      "max": 5245.0,
      "count": 1,
      "ratio_to_perfect": 0.34316932740120387
    },
    "llm_to_or": {
      "rewards": [
        6673.0
      ],
      "mean": 6673.0,
      "std": 0.0,
      "min": 6673.0,
      "max": 6673.0,
      "count": 1,
      "ratio_to_perfect": 0.43660036639623134
    },
    "or_to_llm": {
      "rewards": [
        5133.0
      ],
      "mean": 5133.0,
      "std": 0.0,
      "min": 5133.0,
      "max": 5133.0,
      "count": 1,
      "ratio_to_perfect": 0.33584140277414287
    },
    "perfect_score": {
      "rewards": [
        15284.0
      ],
      "mean": 15284.0,
      "std": 0.0,
      "min": 15284.0,
      "max": 15284.0,
      "count": 1,
      "ratio_to_perfect": 1.0
    }
  },
  "errors": {}
}