{
  "instance_dir": "/shared/share_malatown/OR-Agent-GPT5mini-benchmark/examples/benchmark/real_trajectory/lead_time_4/573085028",
  "instance_name": "573085028",
  "promised_lead_time": 4,
  "model": "openai/gpt-5-mini",
  "num_runs_llm": 1,
  "num_runs_deterministic": 1,
  "max_periods": null,
  "summary": {
    "perfect_score": 5599.0,
    "ratios": {
      "or": 0.25165208072870154,
      "llm": -0.5449187354884801,
      "llm_to_or": -0.07876406501160922,
      "or_to_llm": -0.25165208072870154,
      "perfect_score": 1.0
    },
    "warnings": null
  },
  "results": {
    "or": {
      "rewards": [
        1409.0
      ],
      "mean": 1409.0,
      "std": 0.0,
      "min": 1409.0,
      "max": 1409.0,
      "count": 1,
      "ratio_to_perfect": 0.25165208072870154
    },
    "llm": {
      "rewards": [
        -3051.0
      ],
      "mean": -3051.0,
      "std": 0.0,
      "min": -3051.0,
      "max": -3051.0,
      "count": 1,
      "ratio_to_perfect": -0.5449187354884801
    },
    "llm_to_or": {
      "rewards": [
        -441.0
      ],
      "mean": -441.0,
      "std": 0.0,
      "min": -441.0,
      "max": -441.0,
      "count": 1,
      "ratio_to_perfect": -0.07876406501160922
    },
    "or_to_llm": {
      "rewards": [
        -1409.0
      ],
      "mean": -1409.0,
      "std": 0.0,
      "min": -1409.0,
      "max": -1409.0,
      "count": 1,
      "ratio_to_perfect": -0.25165208072870154
    },
    "perfect_score": {
      "rewards": [
        5599.0
      ],
      "mean": 5599.0,
      "std": 0.0,
      "min": 5599.0,
      "max": 5599.0,
      "count": 1,
      "ratio_to_perfect": 1.0
    }
  },
  "errors": {}
}