{
  "instance_dir": "D:\\TextArena\\examples\\benchmark\\real_trajectory\\lead_time_4\\253448003",
  "instance_name": "253448003",
  "promised_lead_time": 4,
  "model": "google/gemini-3-flash-preview",
  "num_runs_llm": 1,
  "num_runs_deterministic": 1,
  "max_periods": null,
  "summary": {
    "perfect_score": 57323.0,
    "ratios": {
      "or": 0.6982188650279992,
      "llm": 0.707726392547494,
      "llm_to_or": 0.7299513284371021,
      "or_to_llm": 0.7129075589205031,
      "perfect_score": 1.0
    },
    "warnings": null
  },
  "results": {
    "or": {
      "rewards": [
        40024.0
      ],
      "mean": 40024.0,
      "std": 0.0,
      "min": 40024.0,
      "max": 40024.0,
      "count": 1,
      "ratio_to_perfect": 0.6982188650279992
    },
    "llm": {
      "rewards": [
        40569.0
      ],
      "mean": 40569.0,
      "std": 0.0,
      "min": 40569.0,
      "max": 40569.0,
      "count": 1,
      "ratio_to_perfect": 0.707726392547494
    },
    "llm_to_or": {
      "rewards": [
        41843.0
      ],
      "mean": 41843.0,
      "std": 0.0,
      "min": 41843.0,
      "max": 41843.0,
      "count": 1,
      "ratio_to_perfect": 0.7299513284371021
    },
    "or_to_llm": {
      "rewards": [
        40866.0
      ],
      "mean": 40866.0,
      "std": 0.0,
      "min": 40866.0,
      "max": 40866.0,
      "count": 1,
      "ratio_to_perfect": 0.7129075589205031
    },
    "perfect_score": {
      "rewards": [
        57323.0
      ],
      "mean": 57323.0,
      "std": 0.0,
      "min": 57323.0,
      "max": 57323.0,
      "count": 1,
      "ratio_to_perfect": 1.0
    }
  },
  "errors": {}
}