{
  "instance_dir": "/shared/share_malatown/OR_Agent/examples/benchmark/synthetic_trajectory/lead_time_0/p07_seasonal/v2_period5_amp50/r1_med",
  "instance_name": "r1_med",
  "promised_lead_time": 0,
  "model": "x-ai/grok-4.1-fast",
  "num_runs_llm": 1,
  "num_runs_deterministic": 1,
  "max_periods": null,
  "summary": {
    "perfect_score": 19480.0,
    "ratios": {
      "or": 0.8392710472279261,
      "llm": 0.8476899383983573,
      "llm_to_or": 0.8087268993839836,
      "or_to_llm": 0.8335728952772073,
      "perfect_score": 1.0
    },
    "warnings": null
  },
  "results": {
    "or": {
      "rewards": [
        16349.0
      ],
      "mean": 16349.0,
      "std": 0.0,
      "min": 16349.0,
      "max": 16349.0,
      "count": 1,
      "ratio_to_perfect": 0.8392710472279261
    },
    "llm": {
      "rewards": [
        16513.0
      ],
      "mean": 16513.0,
      "std": 0.0,
      "min": 16513.0,
      "max": 16513.0,
      "count": 1,
      "ratio_to_perfect": 0.8476899383983573
    },
    "llm_to_or": {
      "rewards": [
        15754.0
      ],
      "mean": 15754.0,
      "std": 0.0,
      "min": 15754.0,
      "max": 15754.0,
      "count": 1,
      "ratio_to_perfect": 0.8087268993839836
    },
    "or_to_llm": {
      "rewards": [
        16238.0
      ],
      "mean": 16238.0,
      "std": 0.0,
      "min": 16238.0,
      "max": 16238.0,
      "count": 1,
      "ratio_to_perfect": 0.8335728952772073
    },
    "perfect_score": {
      "rewards": [
        19480.0
      ],
      "mean": 19480.0,
      "std": 0.0,
      "min": 19480.0,
      "max": 19480.0,
      "count": 1,
      "ratio_to_perfect": 1.0
    }
  },
  "errors": {}
}