{
  "instance_dir": "/shared/share_malatown/OR_Agent/examples/benchmark/real_trajectory/lead_time_4/636323001",
  "instance_name": "636323001",
  "promised_lead_time": 4,
  "model": "x-ai/grok-4.1-fast",
  "num_runs_llm": 1,
  "num_runs_deterministic": 1,
  "max_periods": null,
  "summary": {
    "perfect_score": 7454.0,
    "ratios": {
      "or": -0.720821035685538,
      "llm": -5.839951703783203,
      "llm_to_or": -0.5755299168231822,
      "or_to_llm": -0.6946605849208478,
      "perfect_score": 1.0
    },
    "warnings": null
  },
  "results": {
    "or": {
      "rewards": [
        -5373.0
      ],
      "mean": -5373.0,
      "std": 0.0,
      "min": -5373.0,
      "max": -5373.0,
      "count": 1,
      "ratio_to_perfect": -0.720821035685538
    },
    "llm": {
      "rewards": [
        -43531.0
      ],
      "mean": -43531.0,
      "std": 0.0,
      "min": -43531.0,
      "max": -43531.0,
      "count": 1,
      "ratio_to_perfect": -5.839951703783203
    },
    "llm_to_or": {
      "rewards": [
        -4290.0
      ],
      "mean": -4290.0,
      "std": 0.0,
      "min": -4290.0,
      "max": -4290.0,
      "count": 1,
      "ratio_to_perfect": -0.5755299168231822
    },
    "or_to_llm": {
      "rewards": [
        -5178.0
      ],
      "mean": -5178.0,
      "std": 0.0,
      "min": -5178.0,
      "max": -5178.0,
      "count": 1,
      "ratio_to_perfect": -0.6946605849208478
    },
    "perfect_score": {
      "rewards": [
        7454.0
      ],
      "mean": 7454.0,
      "std": 0.0,
      "min": 7454.0,
      "max": 7454.0,
      "count": 1,
      "ratio_to_perfect": 1.0
    }
  },
  "errors": {}
}