{
  "instance_dir": "/shared/share_malatown/OR-Agent-GPT5mini-benchmark/examples/benchmark/real_trajectory/lead_time_0/678942001",
  "instance_name": "678942001",
  "promised_lead_time": 0,
  "model": "openai/gpt-5-mini",
  "num_runs_llm": 1,
  "num_runs_deterministic": 1,
  "max_periods": null,
  "summary": {
    "perfect_score": 5998.0,
    "ratios": {
      "or": 0.41780593531177057,
      "llm": 0.6168722907635878,
      "llm_to_or": 0.39529843281093696,
      "or_to_llm": 0.6162054018006002,
      "perfect_score": 1.0
    },
    "warnings": null
  },
  "results": {
    "or": {
      "rewards": [
        2506.0
      ],
      "mean": 2506.0,
      "std": 0.0,
      "min": 2506.0,
      "max": 2506.0,
      "count": 1,
      "ratio_to_perfect": 0.41780593531177057
    },
    "llm": {
      "rewards": [
        3700.0
      ],
      "mean": 3700.0,
      "std": 0.0,
      "min": 3700.0,
      "max": 3700.0,
      "count": 1,
      "ratio_to_perfect": 0.6168722907635878
    },
    "llm_to_or": {
      "rewards": [
        2371.0
      ],
      "mean": 2371.0,
      "std": 0.0,
      "min": 2371.0,
      "max": 2371.0,
      "count": 1,
      "ratio_to_perfect": 0.39529843281093696
    },
    "or_to_llm": {
      "rewards": [
        3696.0
      ],
      "mean": 3696.0,
      "std": 0.0,
      "min": 3696.0,
      "max": 3696.0,
      "count": 1,
      "ratio_to_perfect": 0.6162054018006002
    },
    "perfect_score": {
      "rewards": [
        5998.0
      ],
      "mean": 5998.0,
      "std": 0.0,
      "min": 5998.0,
      "max": 5998.0,
      "count": 1,
      "ratio_to_perfect": 1.0
    }
  },
  "errors": {}
}