{
  "instance_dir": "/shared/share_malatown/OR-Agent-GPT5mini-benchmark/examples/benchmark/synthetic_trajectory/lead_time_stochastic/p04_increasing_trend/v1_linear_100t/r2_high",
  "instance_name": "r2_high",
  "promised_lead_time": 2,
  "model": "openai/gpt-5-mini",
  "num_runs_llm": 1,
  "num_runs_deterministic": 1,
  "max_periods": null,
  "summary": {
    "perfect_score": 2430898.0,
    "ratios": {
      "or": 0.08802261551081123,
      "llm": 0.45634576193653537,
      "llm_to_or": 0.10970143543661642,
      "or_to_llm": 0.15699177834693187,
      "perfect_score": 1.0
    },
    "warnings": null
  },
  "results": {
    "or": {
      "rewards": [
        213974.0
      ],
      "mean": 213974.0,
      "std": 0.0,
      "min": 213974.0,
      "max": 213974.0,
      "count": 1,
      "ratio_to_perfect": 0.08802261551081123
    },
    "llm": {
      "rewards": [
        1109330.0
      ],
      "mean": 1109330.0,
      "std": 0.0,
      "min": 1109330.0,
      "max": 1109330.0,
      "count": 1,
      "ratio_to_perfect": 0.45634576193653537
    },
    "llm_to_or": {
      "rewards": [
        266673.0
      ],
      "mean": 266673.0,
      "std": 0.0,
      "min": 266673.0,
      "max": 266673.0,
      "count": 1,
      "ratio_to_perfect": 0.10970143543661642
    },
    "or_to_llm": {
      "rewards": [
        381631.0
      ],
      "mean": 381631.0,
      "std": 0.0,
      "min": 381631.0,
      "max": 381631.0,
      "count": 1,
      "ratio_to_perfect": 0.15699177834693187
    },
    "perfect_score": {
      "rewards": [
        2430898.0
      ],
      "mean": 2430898.0,
      "std": 0.0,
      "min": 2430898.0,
      "max": 2430898.0,
      "count": 1,
      "ratio_to_perfect": 1.0
    }
  },
  "errors": {}
}