{
  "instance_dir": "D:\\TextArena\\examples\\benchmark\\real_trajectory\\lead_time_stochastic\\685814001",
  "instance_name": "685814001",
  "promised_lead_time": 2,
  "model": "google/gemini-3-flash-preview",
  "num_runs_llm": 1,
  "num_runs_deterministic": 1,
  "max_periods": null,
  "summary": {
    "perfect_score": 113050.0,
    "ratios": {
      "or": 0.19712516585581602,
      "llm": 0.6981070322865989,
      "llm_to_or": 0.47726669615214506,
      "or_to_llm": 0.5944714727996462,
      "perfect_score": 1.0
    },
    "warnings": null
  },
  "results": {
    "or": {
      "rewards": [
        22285.0
      ],
      "mean": 22285.0,
      "std": 0.0,
      "min": 22285.0,
      "max": 22285.0,
      "count": 1,
      "ratio_to_perfect": 0.19712516585581602
    },
    "llm": {
      "rewards": [
        78921.0
      ],
      "mean": 78921.0,
      "std": 0.0,
      "min": 78921.0,
      "max": 78921.0,
      "count": 1,
      "ratio_to_perfect": 0.6981070322865989
    },
    "llm_to_or": {
      "rewards": [
        53955.0
      ],
      "mean": 53955.0,
      "std": 0.0,
      "min": 53955.0,
      "max": 53955.0,
      "count": 1,
      "ratio_to_perfect": 0.47726669615214506
    },
    "or_to_llm": {
      "rewards": [
        67205.0
      ],
      "mean": 67205.0,
      "std": 0.0,
      "min": 67205.0,
      "max": 67205.0,
      "count": 1,
      "ratio_to_perfect": 0.5944714727996462
    },
    "perfect_score": {
      "rewards": [
        113050.0
      ],
      "mean": 113050.0,
      "std": 0.0,
      "min": 113050.0,
      "max": 113050.0,
      "count": 1,
      "ratio_to_perfect": 1.0
    }
  },
  "errors": {}
}