{
  "instance_dir": "D:\\TextArena\\examples\\benchmark\\synthetic_trajectory\\lead_time_0\\p07_seasonal\\v1_period10_amp30\\r1_med",
  "instance_name": "r1_med",
  "promised_lead_time": 0,
  "model": "openai/gpt-5-mini",
  "num_runs_llm": 1,
  "num_runs_deterministic": 1,
  "max_periods": null,
  "summary": {
    "perfect_score": 19540.0,
    "ratios": {
      "or": 0.8941658137154554,
      "llm": 0.8627942681678608,
      "llm_to_or": 0.8930910951893551,
      "or_to_llm": 0.8884851586489253,
      "perfect_score": 1.0
    },
    "warnings": null
  },
  "results": {
    "or": {
      "rewards": [
        17472.0
      ],
      "mean": 17472.0,
      "std": 0.0,
      "min": 17472.0,
      "max": 17472.0,
      "count": 1,
      "ratio_to_perfect": 0.8941658137154554
    },
    "llm": {
      "rewards": [
        16859.0
      ],
      "mean": 16859.0,
      "std": 0.0,
      "min": 16859.0,
      "max": 16859.0,
      "count": 1,
      "ratio_to_perfect": 0.8627942681678608
    },
    "llm_to_or": {
      "rewards": [
        17451.0
      ],
      "mean": 17451.0,
      "std": 0.0,
      "min": 17451.0,
      "max": 17451.0,
      "count": 1,
      "ratio_to_perfect": 0.8930910951893551
    },
    "or_to_llm": {
      "rewards": [
        17361.0
      ],
      "mean": 17361.0,
      "std": 0.0,
      "min": 17361.0,
      "max": 17361.0,
      "count": 1,
      "ratio_to_perfect": 0.8884851586489253
    },
    "perfect_score": {
      "rewards": [
        19540.0
      ],
      "mean": 19540.0,
      "std": 0.0,
      "min": 19540.0,
      "max": 19540.0,
      "count": 1,
      "ratio_to_perfect": 1.0
    }
  },
  "errors": {}
}