{
  "instance_dir": "D:\\TextArena\\examples\\benchmark\\synthetic_trajectory\\lead_time_4\\p02_mean_increase\\v4_100to200_samevar\\r1_med",
  "instance_name": "r1_med",
  "promised_lead_time": 4,
  "model": "openai/gpt-5-mini",
  "num_runs_llm": 1,
  "num_runs_deterministic": 1,
  "max_periods": null,
  "summary": {
    "perfect_score": 33884.0,
    "ratios": {
      "or": 0.7209892574666509,
      "llm": 0.7933537953016173,
      "llm_to_or": 0.773964112855625,
      "or_to_llm": 0.7418545626254279,
      "perfect_score": 1.0
    },
    "warnings": null
  },
  "results": {
    "or": {
      "rewards": [
        24430.0
      ],
      "mean": 24430.0,
      "std": 0.0,
      "min": 24430.0,
      "max": 24430.0,
      "count": 1,
      "ratio_to_perfect": 0.7209892574666509
    },
    "llm": {
      "rewards": [
        26882.0
      ],
      "mean": 26882.0,
      "std": 0.0,
      "min": 26882.0,
      "max": 26882.0,
      "count": 1,
      "ratio_to_perfect": 0.7933537953016173
    },
    "llm_to_or": {
      "rewards": [
        26225.0
      ],
      "mean": 26225.0,
      "std": 0.0,
      "min": 26225.0,
      "max": 26225.0,
      "count": 1,
      "ratio_to_perfect": 0.773964112855625
    },
    "or_to_llm": {
      "rewards": [
        25137.0
      ],
      "mean": 25137.0,
      "std": 0.0,
      "min": 25137.0,
      "max": 25137.0,
      "count": 1,
      "ratio_to_perfect": 0.7418545626254279
    },
    "perfect_score": {
      "rewards": [
        33884.0
      ],
      "mean": 33884.0,
      "std": 0.0,
      "min": 33884.0,
      "max": 33884.0,
      "count": 1,
      "ratio_to_perfect": 1.0
    }
  },
  "errors": {}
}