{
  "instance_dir": "D:\\TextArena\\examples\\benchmark\\synthetic_trajectory\\lead_time_4\\p04_increasing_trend\\v4_linear_100_2t\\r2_high",
  "instance_name": "r2_high",
  "promised_lead_time": 4,
  "model": "google/gemini-3-flash-preview",
  "num_runs_llm": 1,
  "num_runs_deterministic": 1,
  "max_periods": null,
  "summary": {
    "perfect_score": 151905.0,
    "ratios": {
      "or": 0.7474737500411441,
      "llm": 0.7182054573582173,
      "llm_to_or": 0.7610743556828281,
      "or_to_llm": 0.7600078996741384,
      "perfect_score": 1.0
    },
    "warnings": null
  },
  "results": {
    "or": {
      "rewards": [
        113545.0
      ],
      "mean": 113545.0,
      "std": 0.0,
      "min": 113545.0,
      "max": 113545.0,
      "count": 1,
      "ratio_to_perfect": 0.7474737500411441
    },
    "llm": {
      "rewards": [
        109099.0
      ],
      "mean": 109099.0,
      "std": 0.0,
      "min": 109099.0,
      "max": 109099.0,
      "count": 1,
      "ratio_to_perfect": 0.7182054573582173
    },
    "llm_to_or": {
      "rewards": [
        115611.0
      ],
      "mean": 115611.0,
      "std": 0.0,
      "min": 115611.0,
      "max": 115611.0,
      "count": 1,
      "ratio_to_perfect": 0.7610743556828281
    },
    "or_to_llm": {
      "rewards": [
        115449.0
      ],
      "mean": 115449.0,
      "std": 0.0,
      "min": 115449.0,
      "max": 115449.0,
      "count": 1,
      "ratio_to_perfect": 0.7600078996741384
    },
    "perfect_score": {
      "rewards": [
        151905.0
      ],
      "mean": 151905.0,
      "std": 0.0,
      "min": 151905.0,
      "max": 151905.0,
      "count": 1,
      "ratio_to_perfect": 1.0
    }
  },
  "errors": {}
}