{
  "instance_dir": "D:\\TextArena\\examples\\benchmark\\real_trajectory\\lead_time_stochastic\\610776022",
  "instance_name": "610776022",
  "promised_lead_time": 2,
  "model": "google/gemini-3-flash-preview",
  "num_runs_llm": 1,
  "num_runs_deterministic": 1,
  "max_periods": null,
  "summary": {
    "perfect_score": 21836.0,
    "ratios": {
      "or": 0.214828723209379,
      "llm": -0.9969316724674849,
      "llm_to_or": 0.1594156438908225,
      "or_to_llm": 0.45754716981132076,
      "perfect_score": 1.0
    },
    "warnings": null
  },
  "results": {
    "or": {
      "rewards": [
        4691.0
      ],
      "mean": 4691.0,
      "std": 0.0,
      "min": 4691.0,
      "max": 4691.0,
      "count": 1,
      "ratio_to_perfect": 0.214828723209379
    },
    "llm": {
      "rewards": [
        -21769.0
      ],
      "mean": -21769.0,
      "std": 0.0,
      "min": -21769.0,
      "max": -21769.0,
      "count": 1,
      "ratio_to_perfect": -0.9969316724674849
    },
    "llm_to_or": {
      "rewards": [
        3481.0
      ],
      "mean": 3481.0,
      "std": 0.0,
      "min": 3481.0,
      "max": 3481.0,
      "count": 1,
      "ratio_to_perfect": 0.1594156438908225
    },
    "or_to_llm": {
      "rewards": [
        9991.0
      ],
      "mean": 9991.0,
      "std": 0.0,
      "min": 9991.0,
      "max": 9991.0,
      "count": 1,
      "ratio_to_perfect": 0.45754716981132076
    },
    "perfect_score": {
      "rewards": [
        21836.0
      ],
      "mean": 21836.0,
      "std": 0.0,
      "min": 21836.0,
      "max": 21836.0,
      "count": 1,
      "ratio_to_perfect": 1.0
    }
  },
  "errors": {}
}