{
  "instance_dir": "/shared/share_malatown/OR_Agent/examples/benchmark/synthetic_trajectory/lead_time_0/p02_mean_increase/v4_100to200_samevar/r1_high",
  "instance_name": "r1_high",
  "promised_lead_time": 0,
  "model": "x-ai/grok-4.1-fast",
  "num_runs_llm": 1,
  "num_runs_deterministic": 1,
  "max_periods": null,
  "summary": {
    "perfect_score": 160949.0,
    "ratios": {
      "or": 0.9665794754860235,
      "llm": 0.9641314950698668,
      "llm_to_or": 0.9686919458959049,
      "or_to_llm": 0.9722645061479102,
      "perfect_score": 1.0
    },
    "warnings": null
  },
  "results": {
    "or": {
      "rewards": [
        155570.0
      ],
      "mean": 155570.0,
      "std": 0.0,
      "min": 155570.0,
      "max": 155570.0,
      "count": 1,
      "ratio_to_perfect": 0.9665794754860235
    },
    "llm": {
      "rewards": [
        155176.0
      ],
      "mean": 155176.0,
      "std": 0.0,
      "min": 155176.0,
      "max": 155176.0,
      "count": 1,
      "ratio_to_perfect": 0.9641314950698668
    },
    "llm_to_or": {
      "rewards": [
        155910.0
      ],
      "mean": 155910.0,
      "std": 0.0,
      "min": 155910.0,
      "max": 155910.0,
      "count": 1,
      "ratio_to_perfect": 0.9686919458959049
    },
    "or_to_llm": {
      "rewards": [
        156485.0
      ],
      "mean": 156485.0,
      "std": 0.0,
      "min": 156485.0,
      "max": 156485.0,
      "count": 1,
      "ratio_to_perfect": 0.9722645061479102
    },
    "perfect_score": {
      "rewards": [
        160949.0
      ],
      "mean": 160949.0,
      "std": 0.0,
      "min": 160949.0,
      "max": 160949.0,
      "count": 1,
      "ratio_to_perfect": 1.0
    }
  },
  "errors": {}
}