{
  "instance_dir": "/shared/share_malatown/OR_Agent/examples/benchmark/synthetic_trajectory/lead_time_4/p03_mean_decrease/v4_150to80/r1_high",
  "instance_name": "r1_high",
  "promised_lead_time": 4,
  "model": "x-ai/grok-4.1-fast",
  "num_runs_llm": 1,
  "num_runs_deterministic": 1,
  "max_periods": null,
  "summary": {
    "perfect_score": 95779.0,
    "ratios": {
      "or": 0.741112352394575,
      "llm": 0.3799058248676641,
      "llm_to_or": 0.8096451205379049,
      "or_to_llm": 0.7848066904018626,
      "perfect_score": 1.0
    },
    "warnings": null
  },
  "results": {
    "or": {
      "rewards": [
        70983.0
      ],
      "mean": 70983.0,
      "std": 0.0,
      "min": 70983.0,
      "max": 70983.0,
      "count": 1,
      "ratio_to_perfect": 0.741112352394575
    },
    "llm": {
      "rewards": [
        36387.0
      ],
      "mean": 36387.0,
      "std": 0.0,
      "min": 36387.0,
      "max": 36387.0,
      "count": 1,
      "ratio_to_perfect": 0.3799058248676641
    },
    "llm_to_or": {
      "rewards": [
        77547.0
      ],
      "mean": 77547.0,
      "std": 0.0,
      "min": 77547.0,
      "max": 77547.0,
      "count": 1,
      "ratio_to_perfect": 0.8096451205379049
    },
    "or_to_llm": {
      "rewards": [
        75168.0
      ],
      "mean": 75168.0,
      "std": 0.0,
      "min": 75168.0,
      "max": 75168.0,
      "count": 1,
      "ratio_to_perfect": 0.7848066904018626
    },
    "perfect_score": {
      "rewards": [
        95779.0
      ],
      "mean": 95779.0,
      "std": 0.0,
      "min": 95779.0,
      "max": 95779.0,
      "count": 1,
      "ratio_to_perfect": 1.0
    }
  },
  "errors": {}
}