{
  "instance_dir": "D:\\TextArena\\examples\\benchmark\\synthetic_trajectory\\lead_time_4\\p10_autocorrelated\\v2_phi_0_5\\r2_high",
  "instance_name": "r2_high",
  "promised_lead_time": 4,
  "model": "openai/gpt-5-mini",
  "num_runs_llm": 1,
  "num_runs_deterministic": 1,
  "max_periods": null,
  "summary": {
    "perfect_score": 87210.0,
    "ratios": {
      "or": 0.8003095975232198,
      "llm": 0.7112945763100562,
      "llm_to_or": 0.785494782708405,
      "or_to_llm": 0.7729732828804037,
      "perfect_score": 1.0
    },
    "warnings": null
  },
  "results": {
    "or": {
      "rewards": [
        69795.0
      ],
      "mean": 69795.0,
      "std": 0.0,
      "min": 69795.0,
      "max": 69795.0,
      "count": 1,
      "ratio_to_perfect": 0.8003095975232198
    },
    "llm": {
      "rewards": [
        62032.0
      ],
      "mean": 62032.0,
      "std": 0.0,
      "min": 62032.0,
      "max": 62032.0,
      "count": 1,
      "ratio_to_perfect": 0.7112945763100562
    },
    "llm_to_or": {
      "rewards": [
        68503.0
      ],
      "mean": 68503.0,
      "std": 0.0,
      "min": 68503.0,
      "max": 68503.0,
      "count": 1,
      "ratio_to_perfect": 0.785494782708405
    },
    "or_to_llm": {
      "rewards": [
        67411.0
      ],
      "mean": 67411.0,
      "std": 0.0,
      "min": 67411.0,
      "max": 67411.0,
      "count": 1,
      "ratio_to_perfect": 0.7729732828804037
    },
    "perfect_score": {
      "rewards": [
        87210.0
      ],
      "mean": 87210.0,
      "std": 0.0,
      "min": 87210.0,
      "max": 87210.0,
      "count": 1,
      "ratio_to_perfect": 1.0
    }
  },
  "errors": {}
}