{
  "instance_dir": "D:\\TextArena\\examples\\benchmark\\real_trajectory\\lead_time_0\\685816001",
  "instance_name": "685816001",
  "promised_lead_time": 0,
  "model": "google/gemini-3-flash-preview",
  "num_runs_llm": 1,
  "num_runs_deterministic": 1,
  "max_periods": null,
  "summary": {
    "perfect_score": 92321.0,
    "ratios": {
      "or": 0.9184150951571148,
      "llm": 0.9004993446778089,
      "llm_to_or": 0.9273946339402737,
      "or_to_llm": 0.9178193477107051,
      "perfect_score": 1.0
    },
    "warnings": null
  },
  "results": {
    "or": {
      "rewards": [
        84789.0
      ],
      "mean": 84789.0,
      "std": 0.0,
      "min": 84789.0,
      "max": 84789.0,
      "count": 1,
      "ratio_to_perfect": 0.9184150951571148
    },
    "llm": {
      "rewards": [
        83135.0
      ],
      "mean": 83135.0,
      "std": 0.0,
      "min": 83135.0,
      "max": 83135.0,
      "count": 1,
      "ratio_to_perfect": 0.9004993446778089
    },
    "llm_to_or": {
      "rewards": [
        85618.0
      ],
      "mean": 85618.0,
      "std": 0.0,
      "min": 85618.0,
      "max": 85618.0,
      "count": 1,
      "ratio_to_perfect": 0.9273946339402737
    },
    "or_to_llm": {
      "rewards": [
        84734.0
      ],
      "mean": 84734.0,
      "std": 0.0,
      "min": 84734.0,
      "max": 84734.0,
      "count": 1,
      "ratio_to_perfect": 0.9178193477107051
    },
    "perfect_score": {
      "rewards": [
        92321.0
      ],
      "mean": 92321.0,
      "std": 0.0,
      "min": 92321.0,
      "max": 92321.0,
      "count": 1,
      "ratio_to_perfect": 1.0
    }
  },
  "errors": {}
}