{
  "instance_dir": "/shared/share_malatown/OR-Agent-GPT5mini-benchmark/examples/benchmark/synthetic_trajectory/lead_time_stochastic/p04_increasing_trend/v3_exp_1_05/r2_med",
  "instance_name": "r2_med",
  "promised_lead_time": 2,
  "model": "openai/gpt-5-mini",
  "num_runs_llm": 1,
  "num_runs_deterministic": 1,
  "max_periods": null,
  "summary": {
    "perfect_score": 87876.0,
    "ratios": {
      "or": 0.07018981291820292,
      "llm": 0.16997815103099823,
      "llm_to_or": 0.18727525149073695,
      "or_to_llm": 0.1269174746233329,
      "perfect_score": 1.0
    },
    "warnings": null
  },
  "results": {
    "or": {
      "rewards": [
        6168.0
      ],
      "mean": 6168.0,
      "std": 0.0,
      "min": 6168.0,
      "max": 6168.0,
      "count": 1,
      "ratio_to_perfect": 0.07018981291820292
    },
    "llm": {
      "rewards": [
        14937.0
      ],
      "mean": 14937.0,
      "std": 0.0,
      "min": 14937.0,
      "max": 14937.0,
      "count": 1,
      "ratio_to_perfect": 0.16997815103099823
    },
    "llm_to_or": {
      "rewards": [
        16457.0
      ],
      "mean": 16457.0,
      "std": 0.0,
      "min": 16457.0,
      "max": 16457.0,
      "count": 1,
      "ratio_to_perfect": 0.18727525149073695
    },
    "or_to_llm": {
      "rewards": [
        11153.0
      ],
      "mean": 11153.0,
      "std": 0.0,
      "min": 11153.0,
      "max": 11153.0,
      "count": 1,
      "ratio_to_perfect": 0.1269174746233329
    },
    "perfect_score": {
      "rewards": [
        87876.0
      ],
      "mean": 87876.0,
      "std": 0.0,
      "min": 87876.0,
      "max": 87876.0,
      "count": 1,
      "ratio_to_perfect": 1.0
    }
  },
  "errors": {}
}