{
  "instance_dir": "D:\\TextArena\\examples\\benchmark\\synthetic_trajectory\\lead_time_stochastic\\p07_seasonal\\v1_period10_amp30\\r2_high",
  "instance_name": "r2_high",
  "promised_lead_time": 2,
  "model": "google/gemini-3-flash-preview",
  "num_runs_llm": 1,
  "num_runs_deterministic": 1,
  "max_periods": null,
  "summary": {
    "perfect_score": 91276.0,
    "ratios": {
      "or": 0.1290372058372409,
      "llm": 0.6322034269687541,
      "llm_to_or": 0.27122135062886193,
      "or_to_llm": 0.6440575835926202,
      "perfect_score": 1.0
    },
    "warnings": null
  },
  "results": {
    "or": {
      "rewards": [
        11778.0
      ],
      "mean": 11778.0,
      "std": 0.0,
      "min": 11778.0,
      "max": 11778.0,
      "count": 1,
      "ratio_to_perfect": 0.1290372058372409
    },
    "llm": {
      "rewards": [
        57705.0
      ],
      "mean": 57705.0,
      "std": 0.0,
      "min": 57705.0,
      "max": 57705.0,
      "count": 1,
      "ratio_to_perfect": 0.6322034269687541
    },
    "llm_to_or": {
      "rewards": [
        24756.0
      ],
      "mean": 24756.0,
      "std": 0.0,
      "min": 24756.0,
      "max": 24756.0,
      "count": 1,
      "ratio_to_perfect": 0.27122135062886193
    },
    "or_to_llm": {
      "rewards": [
        58787.0
      ],
      "mean": 58787.0,
      "std": 0.0,
      "min": 58787.0,
      "max": 58787.0,
      "count": 1,
      "ratio_to_perfect": 0.6440575835926202
    },
    "perfect_score": {
      "rewards": [
        91276.0
      ],
      "mean": 91276.0,
      "std": 0.0,
      "min": 91276.0,
      "max": 91276.0,
      "count": 1,
      "ratio_to_perfect": 1.0
    }
  },
  "errors": {}
}