{
  "instance_dir": "/shared/share_malatown/OR_Agent/examples/benchmark/real_trajectory/lead_time_stochastic/712216001",
  "instance_name": "712216001",
  "promised_lead_time": 2,
  "model": "x-ai/grok-4.1-fast",
  "num_runs_llm": 1,
  "num_runs_deterministic": 1,
  "max_periods": null,
  "summary": {
    "perfect_score": 3230.0,
    "ratios": {
      "or": 0.19411764705882353,
      "llm": -0.36625386996904025,
      "llm_to_or": -10.120123839009288,
      "or_to_llm": -0.7213622291021672,
      "perfect_score": 1.0
    },
    "warnings": null
  },
  "results": {
    "or": {
      "rewards": [
        627.0
      ],
      "mean": 627.0,
      "std": 0.0,
      "min": 627.0,
      "max": 627.0,
      "count": 1,
      "ratio_to_perfect": 0.19411764705882353
    },
    "llm": {
      "rewards": [
        -1183.0
      ],
      "mean": -1183.0,
      "std": 0.0,
      "min": -1183.0,
      "max": -1183.0,
      "count": 1,
      "ratio_to_perfect": -0.36625386996904025
    },
    "llm_to_or": {
      "rewards": [
        -32688.0
      ],
      "mean": -32688.0,
      "std": 0.0,
      "min": -32688.0,
      "max": -32688.0,
      "count": 1,
      "ratio_to_perfect": -10.120123839009288
    },
    "or_to_llm": {
      "rewards": [
        -2330.0
      ],
      "mean": -2330.0,
      "std": 0.0,
      "min": -2330.0,
      "max": -2330.0,
      "count": 1,
      "ratio_to_perfect": -0.7213622291021672
    },
    "perfect_score": {
      "rewards": [
        3230.0
      ],
      "mean": 3230.0,
      "std": 0.0,
      "min": 3230.0,
      "max": 3230.0,
      "count": 1,
      "ratio_to_perfect": 1.0
    }
  },
  "errors": {}
}