{
  "instance_dir": "D:\\TextArena\\examples\\benchmark\\real_trajectory\\lead_time_4\\717464001",
  "instance_name": "717464001",
  "promised_lead_time": 4,
  "model": "google/gemini-3-flash-preview",
  "num_runs_llm": 1,
  "num_runs_deterministic": 1,
  "max_periods": null,
  "summary": {
    "perfect_score": 100890.0,
    "ratios": {
      "or": 0.7780553077609278,
      "llm": 0.66076915452473,
      "llm_to_or": 0.7462781246902567,
      "or_to_llm": 0.7685697294082664,
      "perfect_score": 1.0
    },
    "warnings": null
  },
  "results": {
    "or": {
      "rewards": [
        78498.0
      ],
      "mean": 78498.0,
      "std": 0.0,
      "min": 78498.0,
      "max": 78498.0,
      "count": 1,
      "ratio_to_perfect": 0.7780553077609278
    },
    "llm": {
      "rewards": [
        66665.0
      ],
      "mean": 66665.0,
      "std": 0.0,
      "min": 66665.0,
      "max": 66665.0,
      "count": 1,
      "ratio_to_perfect": 0.66076915452473
    },
    "llm_to_or": {
      "rewards": [
        75292.0
      ],
      "mean": 75292.0,
      "std": 0.0,
      "min": 75292.0,
      "max": 75292.0,
      "count": 1,
      "ratio_to_perfect": 0.7462781246902567
    },
    "or_to_llm": {
      "rewards": [
        77541.0
      ],
      "mean": 77541.0,
      "std": 0.0,
      "min": 77541.0,
      "max": 77541.0,
      "count": 1,
      "ratio_to_perfect": 0.7685697294082664
    },
    "perfect_score": {
      "rewards": [
        100890.0
      ],
      "mean": 100890.0,
      "std": 0.0,
      "min": 100890.0,
      "max": 100890.0,
      "count": 1,
      "ratio_to_perfect": 1.0
    }
  },
  "errors": {}
}