{
  "instance_dir": "/shared/share_malatown/OR_Agent/examples/benchmark/real_trajectory/lead_time_stochastic/695632001",
  "instance_name": "695632001",
  "promised_lead_time": 2,
  "model": "x-ai/grok-4.1-fast",
  "num_runs_llm": 1,
  "num_runs_deterministic": 1,
  "max_periods": null,
  "summary": {
    "perfect_score": 28060.0,
    "ratios": {
      "or": 0.17765502494654312,
      "llm": 0.4052031361368496,
      "llm_to_or": 0.24258731290092658,
      "or_to_llm": 0.34989308624376336,
      "perfect_score": 1.0
    },
    "warnings": null
  },
  "results": {
    "or": {
      "rewards": [
        4985.0
      ],
      "mean": 4985.0,
      "std": 0.0,
      "min": 4985.0,
      "max": 4985.0,
      "count": 1,
      "ratio_to_perfect": 0.17765502494654312
    },
    "llm": {
      "rewards": [
        11370.0
      ],
      "mean": 11370.0,
      "std": 0.0,
      "min": 11370.0,
      "max": 11370.0,
      "count": 1,
      "ratio_to_perfect": 0.4052031361368496
    },
    "llm_to_or": {
      "rewards": [
        6807.0
      ],
      "mean": 6807.0,
      "std": 0.0,
      "min": 6807.0,
      "max": 6807.0,
      "count": 1,
      "ratio_to_perfect": 0.24258731290092658
    },
    "or_to_llm": {
      "rewards": [
        9818.0
      ],
      "mean": 9818.0,
      "std": 0.0,
      "min": 9818.0,
      "max": 9818.0,
      "count": 1,
      "ratio_to_perfect": 0.34989308624376336
    },
    "perfect_score": {
      "rewards": [
        28060.0
      ],
      "mean": 28060.0,
      "std": 0.0,
      "min": 28060.0,
      "max": 28060.0,
      "count": 1,
      "ratio_to_perfect": 1.0
    }
  },
  "errors": {}
}