{
  "instance_dir": "/shared/share_malatown/OR-Agent-GPT5mini-benchmark/examples/benchmark/real_trajectory/lead_time_0/568597006",
  "instance_name": "568597006",
  "promised_lead_time": 0,
  "model": "openai/gpt-5-mini",
  "num_runs_llm": 1,
  "num_runs_deterministic": 1,
  "max_periods": null,
  "summary": {
    "perfect_score": 23236.0,
    "ratios": {
      "or": 0.7608882768118437,
      "llm": 0.7826217937682906,
      "llm_to_or": 0.7744448269925976,
      "or_to_llm": 0.7873127904975039,
      "perfect_score": 1.0
    },
    "warnings": null
  },
  "results": {
    "or": {
      "rewards": [
        17680.0
      ],
      "mean": 17680.0,
      "std": 0.0,
      "min": 17680.0,
      "max": 17680.0,
      "count": 1,
      "ratio_to_perfect": 0.7608882768118437
    },
    "llm": {
      "rewards": [
        18185.0
      ],
      "mean": 18185.0,
      "std": 0.0,
      "min": 18185.0,
      "max": 18185.0,
      "count": 1,
      "ratio_to_perfect": 0.7826217937682906
    },
    "llm_to_or": {
      "rewards": [
        17995.0
      ],
      "mean": 17995.0,
      "std": 0.0,
      "min": 17995.0,
      "max": 17995.0,
      "count": 1,
      "ratio_to_perfect": 0.7744448269925976
    },
    "or_to_llm": {
      "rewards": [
        18294.0
      ],
      "mean": 18294.0,
      "std": 0.0,
      "min": 18294.0,
      "max": 18294.0,
      "count": 1,
      "ratio_to_perfect": 0.7873127904975039
    },
    "perfect_score": {
      "rewards": [
        23236.0
      ],
      "mean": 23236.0,
      "std": 0.0,
      "min": 23236.0,
      "max": 23236.0,
      "count": 1,
      "ratio_to_perfect": 1.0
    }
  },
  "errors": {}
}