{
  "instance_dir": "D:\\TextArena\\examples\\benchmark\\synthetic_trajectory\\lead_time_4\\p10_autocorrelated\\v4_phi_neg_0_3\\r2_med",
  "instance_name": "r2_med",
  "promised_lead_time": 4,
  "model": "openai/gpt-5-mini",
  "num_runs_llm": 1,
  "num_runs_deterministic": 1,
  "max_periods": null,
  "summary": {
    "perfect_score": 19316.0,
    "ratios": {
      "or": 0.7611306688755436,
      "llm": 0.719041209360116,
      "llm_to_or": 0.765479395319942,
      "or_to_llm": 0.7215779664526817,
      "perfect_score": 1.0
    },
    "warnings": null
  },
  "results": {
    "or": {
      "rewards": [
        14702.0
      ],
      "mean": 14702.0,
      "std": 0.0,
      "min": 14702.0,
      "max": 14702.0,
      "count": 1,
      "ratio_to_perfect": 0.7611306688755436
    },
    "llm": {
      "rewards": [
        13889.0
      ],
      "mean": 13889.0,
      "std": 0.0,
      "min": 13889.0,
      "max": 13889.0,
      "count": 1,
      "ratio_to_perfect": 0.719041209360116
    },
    "llm_to_or": {
      "rewards": [
        14786.0
      ],
      "mean": 14786.0,
      "std": 0.0,
      "min": 14786.0,
      "max": 14786.0,
      "count": 1,
      "ratio_to_perfect": 0.765479395319942
    },
    "or_to_llm": {
      "rewards": [
        13938.0
      ],
      "mean": 13938.0,
      "std": 0.0,
      "min": 13938.0,
      "max": 13938.0,
      "count": 1,
      "ratio_to_perfect": 0.7215779664526817
    },
    "perfect_score": {
      "rewards": [
        19316.0
      ],
      "mean": 19316.0,
      "std": 0.0,
      "min": 19316.0,
      "max": 19316.0,
      "count": 1,
      "ratio_to_perfect": 1.0
    }
  },
  "errors": {}
}