{
  "instance_dir": "/shared/share_malatown/OR_Agent/examples/benchmark/synthetic_trajectory/lead_time_stochastic/p01_stationary_iid/v3_normal_100_15/r2_high",
  "instance_name": "r2_high",
  "promised_lead_time": 2,
  "model": "x-ai/grok-4.1-fast",
  "num_runs_llm": 1,
  "num_runs_deterministic": 1,
  "max_periods": null,
  "summary": {
    "perfect_score": 93993.0,
    "ratios": {
      "or": 0.12742438266679434,
      "llm": 0.6427393529305374,
      "llm_to_or": 0.6114285106337706,
      "or_to_llm": 0.5926505165278265,
      "perfect_score": 1.0
    },
    "warnings": null
  },
  "results": {
    "or": {
      "rewards": [
        11977.0
      ],
      "mean": 11977.0,
      "std": 0.0,
      "min": 11977.0,
      "max": 11977.0,
      "count": 1,
      "ratio_to_perfect": 0.12742438266679434
    },
    "llm": {
      "rewards": [
        60413.0
      ],
      "mean": 60413.0,
      "std": 0.0,
      "min": 60413.0,
      "max": 60413.0,
      "count": 1,
      "ratio_to_perfect": 0.6427393529305374
    },
    "llm_to_or": {
      "rewards": [
        57470.0
      ],
      "mean": 57470.0,
      "std": 0.0,
      "min": 57470.0,
      "max": 57470.0,
      "count": 1,
      "ratio_to_perfect": 0.6114285106337706
    },
    "or_to_llm": {
      "rewards": [
        55705.0
      ],
      "mean": 55705.0,
      "std": 0.0,
      "min": 55705.0,
      "max": 55705.0,
      "count": 1,
      "ratio_to_perfect": 0.5926505165278265
    },
    "perfect_score": {
      "rewards": [
        93993.0
      ],
      "mean": 93993.0,
      "std": 0.0,
      "min": 93993.0,
      "max": 93993.0,
      "count": 1,
      "ratio_to_perfect": 1.0
    }
  },
  "errors": {}
}