{
  "instance_dir": "D:\\TextArena\\examples\\benchmark\\synthetic_trajectory\\lead_time_0\\p04_increasing_trend\\v3_exp_1_05\\r2_med",
  "instance_name": "r2_med",
  "promised_lead_time": 0,
  "model": "openai/gpt-5-mini",
  "num_runs_llm": 1,
  "num_runs_deterministic": 1,
  "max_periods": null,
  "summary": {
    "perfect_score": 87876.0,
    "ratios": {
      "or": 0.6539328144203196,
      "llm": 0.9188060448814238,
      "llm_to_or": 0.8875233283262779,
      "or_to_llm": 0.9062087486913378,
      "perfect_score": 1.0
    },
    "warnings": null
  },
  "results": {
    "or": {
      "rewards": [
        57465.0
      ],
      "mean": 57465.0,
      "std": 0.0,
      "min": 57465.0,
      "max": 57465.0,
      "count": 1,
      "ratio_to_perfect": 0.6539328144203196
    },
    "llm": {
      "rewards": [
        80741.0
      ],
      "mean": 80741.0,
      "std": 0.0,
      "min": 80741.0,
      "max": 80741.0,
      "count": 1,
      "ratio_to_perfect": 0.9188060448814238
    },
    "llm_to_or": {
      "rewards": [
        77992.0
      ],
      "mean": 77992.0,
      "std": 0.0,
      "min": 77992.0,
      "max": 77992.0,
      "count": 1,
      "ratio_to_perfect": 0.8875233283262779
    },
    "or_to_llm": {
      "rewards": [
        79634.0
      ],
      "mean": 79634.0,
      "std": 0.0,
      "min": 79634.0,
      "max": 79634.0,
      "count": 1,
      "ratio_to_perfect": 0.9062087486913378
    },
    "perfect_score": {
      "rewards": [
        87876.0
      ],
      "mean": 87876.0,
      "std": 0.0,
      "min": 87876.0,
      "max": 87876.0,
      "count": 1,
      "ratio_to_perfect": 1.0
    }
  },
  "errors": {}
}