{
  "instance_dir": "/shared/share_malatown/OR-Agent-GPT5mini-benchmark/examples/benchmark/real_trajectory/lead_time_0/561445006",
  "instance_name": "561445006",
  "promised_lead_time": 0,
  "model": "openai/gpt-5-mini",
  "num_runs_llm": 1,
  "num_runs_deterministic": 1,
  "max_periods": null,
  "summary": {
    "perfect_score": 13664.0,
    "ratios": {
      "or": 0.7306059718969555,
      "llm": 0.8596311475409836,
      "llm_to_or": 0.844847775175644,
      "or_to_llm": 0.8655591334894613,
      "perfect_score": 1.0
    },
    "warnings": null
  },
  "results": {
    "or": {
      "rewards": [
        9983.0
      ],
      "mean": 9983.0,
      "std": 0.0,
      "min": 9983.0,
      "max": 9983.0,
      "count": 1,
      "ratio_to_perfect": 0.7306059718969555
    },
    "llm": {
      "rewards": [
        11746.0
      ],
      "mean": 11746.0,
      "std": 0.0,
      "min": 11746.0,
      "max": 11746.0,
      "count": 1,
      "ratio_to_perfect": 0.8596311475409836
    },
    "llm_to_or": {
      "rewards": [
        11544.0
      ],
      "mean": 11544.0,
      "std": 0.0,
      "min": 11544.0,
      "max": 11544.0,
      "count": 1,
      "ratio_to_perfect": 0.844847775175644
    },
    "or_to_llm": {
      "rewards": [
        11827.0
      ],
      "mean": 11827.0,
      "std": 0.0,
      "min": 11827.0,
      "max": 11827.0,
      "count": 1,
      "ratio_to_perfect": 0.8655591334894613
    },
    "perfect_score": {
      "rewards": [
        13664.0
      ],
      "mean": 13664.0,
      "std": 0.0,
      "min": 13664.0,
      "max": 13664.0,
      "count": 1,
      "ratio_to_perfect": 1.0
    }
  },
  "errors": {}
}