{
  "instance_dir": "/shared/share_malatown/OR_Agent/examples/benchmark/real_trajectory/lead_time_4/399256018",
  "instance_name": "399256018",
  "promised_lead_time": 4,
  "model": "x-ai/grok-4.1-fast",
  "num_runs_llm": 1,
  "num_runs_deterministic": 1,
  "max_periods": null,
  "summary": {
    "perfect_score": 3859.0,
    "ratios": {
      "or": -0.8320808499611299,
      "llm": -1.1767297227260949,
      "llm_to_or": -0.4376781549624255,
      "or_to_llm": -0.7590049235553252,
      "perfect_score": 1.0
    },
    "warnings": null
  },
  "results": {
    "or": {
      "rewards": [
        -3211.0
      ],
      "mean": -3211.0,
      "std": 0.0,
      "min": -3211.0,
      "max": -3211.0,
      "count": 1,
      "ratio_to_perfect": -0.8320808499611299
    },
    "llm": {
      "rewards": [
        -4541.0
      ],
      "mean": -4541.0,
      "std": 0.0,
      "min": -4541.0,
      "max": -4541.0,
      "count": 1,
      "ratio_to_perfect": -1.1767297227260949
    },
    "llm_to_or": {
      "rewards": [
        -1689.0
      ],
      "mean": -1689.0,
      "std": 0.0,
      "min": -1689.0,
      "max": -1689.0,
      "count": 1,
      "ratio_to_perfect": -0.4376781549624255
    },
    "or_to_llm": {
      "rewards": [
        -2929.0
      ],
      "mean": -2929.0,
      "std": 0.0,
      "min": -2929.0,
      "max": -2929.0,
      "count": 1,
      "ratio_to_perfect": -0.7590049235553252
    },
    "perfect_score": {
      "rewards": [
        3859.0
      ],
      "mean": 3859.0,
      "std": 0.0,
      "min": 3859.0,
      "max": 3859.0,
      "count": 1,
      "ratio_to_perfect": 1.0
    }
  },
  "errors": {}
}