{
  "instance_dir": "/shared/share_malatown/OR_Agent/examples/benchmark/synthetic_trajectory/lead_time_4/p02_mean_increase/v2_100to150/r2_high",
  "instance_name": "r2_high",
  "promised_lead_time": 4,
  "model": "x-ai/grok-4.1-fast",
  "num_runs_llm": 1,
  "num_runs_deterministic": 1,
  "max_periods": null,
  "summary": {
    "perfect_score": 125894.0,
    "ratios": {
      "or": 0.8659507204473604,
      "llm": 0.765389931211972,
      "llm_to_or": 0.8667688690485646,
      "or_to_llm": 0.8691994852812683,
      "perfect_score": 1.0
    },
    "warnings": null
  },
  "results": {
    "or": {
      "rewards": [
        109018.0
      ],
      "mean": 109018.0,
      "std": 0.0,
      "min": 109018.0,
      "max": 109018.0,
      "count": 1,
      "ratio_to_perfect": 0.8659507204473604
    },
    "llm": {
      "rewards": [
        96358.0
      ],
      "mean": 96358.0,
      "std": 0.0,
      "min": 96358.0,
      "max": 96358.0,
      "count": 1,
      "ratio_to_perfect": 0.765389931211972
    },
    "llm_to_or": {
      "rewards": [
        109121.0
      ],
      "mean": 109121.0,
      "std": 0.0,
      "min": 109121.0,
      "max": 109121.0,
      "count": 1,
      "ratio_to_perfect": 0.8667688690485646
    },
    "or_to_llm": {
      "rewards": [
        109427.0
      ],
      "mean": 109427.0,
      "std": 0.0,
      "min": 109427.0,
      "max": 109427.0,
      "count": 1,
      "ratio_to_perfect": 0.8691994852812683
    },
    "perfect_score": {
      "rewards": [
        125894.0
      ],
      "mean": 125894.0,
      "std": 0.0,
      "min": 125894.0,
      "max": 125894.0,
      "count": 1,
      "ratio_to_perfect": 1.0
    }
  },
  "errors": {}
}