{
  "instance_dir": "/shared/share_malatown/OR_Agent/examples/benchmark/real_trajectory/lead_time_4/538699001",
  "instance_name": "538699001",
  "promised_lead_time": 4,
  "model": "x-ai/grok-4.1-fast",
  "num_runs_llm": 1,
  "num_runs_deterministic": 1,
  "max_periods": null,
  "summary": {
    "perfect_score": 86811.0,
    "ratios": {
      "or": 0.44714379514116875,
      "llm": -0.25737521742636305,
      "llm_to_or": 0.5598829641404891,
      "or_to_llm": 0.46065590766147146,
      "perfect_score": 1.0
    },
    "warnings": null
  },
  "results": {
    "or": {
      "rewards": [
        38817.0
      ],
      "mean": 38817.0,
      "std": 0.0,
      "min": 38817.0,
      "max": 38817.0,
      "count": 1,
      "ratio_to_perfect": 0.44714379514116875
    },
    "llm": {
      "rewards": [
        -22343.0
      ],
      "mean": -22343.0,
      "std": 0.0,
      "min": -22343.0,
      "max": -22343.0,
      "count": 1,
      "ratio_to_perfect": -0.25737521742636305
    },
    "llm_to_or": {
      "rewards": [
        48604.0
      ],
      "mean": 48604.0,
      "std": 0.0,
      "min": 48604.0,
      "max": 48604.0,
      "count": 1,
      "ratio_to_perfect": 0.5598829641404891
    },
    "or_to_llm": {
      "rewards": [
        39990.0
      ],
      "mean": 39990.0,
      "std": 0.0,
      "min": 39990.0,
      "max": 39990.0,
      "count": 1,
      "ratio_to_perfect": 0.46065590766147146
    },
    "perfect_score": {
      "rewards": [
        86811.0
      ],
      "mean": 86811.0,
      "std": 0.0,
      "min": 86811.0,
      "max": 86811.0,
      "count": 1,
      "ratio_to_perfect": 1.0
    }
  },
  "errors": {}
}