{
  "instance_dir": "/shared/share_malatown/OR-Agent-GPT5mini-benchmark/examples/benchmark/real_trajectory/lead_time_4/399223001",
  "instance_name": "399223001",
  "promised_lead_time": 4,
  "model": "openai/gpt-5-mini",
  "num_runs_llm": 1,
  "num_runs_deterministic": 1,
  "max_periods": null,
  "summary": {
    "perfect_score": 186010.0,
    "ratios": {
      "or": 0.7625987850115585,
      "llm": 0.7249395193806785,
      "llm_to_or": 0.7610343529917747,
      "or_to_llm": 0.7268211386484598,
      "perfect_score": 1.0
    },
    "warnings": null
  },
  "results": {
    "or": {
      "rewards": [
        141851.0
      ],
      "mean": 141851.0,
      "std": 0.0,
      "min": 141851.0,
      "max": 141851.0,
      "count": 1,
      "ratio_to_perfect": 0.7625987850115585
    },
    "llm": {
      "rewards": [
        134846.0
      ],
      "mean": 134846.0,
      "std": 0.0,
      "min": 134846.0,
      "max": 134846.0,
      "count": 1,
      "ratio_to_perfect": 0.7249395193806785
    },
    "llm_to_or": {
      "rewards": [
        141560.0
      ],
      "mean": 141560.0,
      "std": 0.0,
      "min": 141560.0,
      "max": 141560.0,
      "count": 1,
      "ratio_to_perfect": 0.7610343529917747
    },
    "or_to_llm": {
      "rewards": [
        135196.0
      ],
      "mean": 135196.0,
      "std": 0.0,
      "min": 135196.0,
      "max": 135196.0,
      "count": 1,
      "ratio_to_perfect": 0.7268211386484598
    },
    "perfect_score": {
      "rewards": [
        186010.0
      ],
      "mean": 186010.0,
      "std": 0.0,
      "min": 186010.0,
      "max": 186010.0,
      "count": 1,
      "ratio_to_perfect": 1.0
    }
  },
  "errors": {}
}