{
  "instance_dir": "D:\\TextArena\\examples\\benchmark\\synthetic_trajectory\\lead_time_0\\p07_seasonal\\v2_period5_amp50\\r1_med",
  "instance_name": "r1_med",
  "promised_lead_time": 0,
  "model": "google/gemini-3-flash-preview",
  "num_runs_llm": 1,
  "num_runs_deterministic": 1,
  "max_periods": null,
  "summary": {
    "perfect_score": 19480.0,
    "ratios": {
      "or": 0.8392710472279261,
      "llm": 0.8023100616016428,
      "llm_to_or": 0.8357289527720739,
      "or_to_llm": 0.833829568788501,
      "perfect_score": 1.0
    },
    "warnings": null
  },
  "results": {
    "or": {
      "rewards": [
        16349.0
      ],
      "mean": 16349.0,
      "std": 0.0,
      "min": 16349.0,
      "max": 16349.0,
      "count": 1,
      "ratio_to_perfect": 0.8392710472279261
    },
    "llm": {
      "rewards": [
        15629.0
      ],
      "mean": 15629.0,
      "std": 0.0,
      "min": 15629.0,
      "max": 15629.0,
      "count": 1,
      "ratio_to_perfect": 0.8023100616016428
    },
    "llm_to_or": {
      "rewards": [
        16280.0
      ],
      "mean": 16280.0,
      "std": 0.0,
      "min": 16280.0,
      "max": 16280.0,
      "count": 1,
      "ratio_to_perfect": 0.8357289527720739
    },
    "or_to_llm": {
      "rewards": [
        16243.0
      ],
      "mean": 16243.0,
      "std": 0.0,
      "min": 16243.0,
      "max": 16243.0,
      "count": 1,
      "ratio_to_perfect": 0.833829568788501
    },
    "perfect_score": {
      "rewards": [
        19480.0
      ],
      "mean": 19480.0,
      "std": 0.0,
      "min": 19480.0,
      "max": 19480.0,
      "count": 1,
      "ratio_to_perfect": 1.0
    }
  },
  "errors": {}
}