{
  "instance_dir": "/shared/share_malatown/OR-Agent-GPT5mini-benchmark/examples/benchmark/real_trajectory/lead_time_0/688432001",
  "instance_name": "688432001",
  "promised_lead_time": 0,
  "model": "openai/gpt-5-mini",
  "num_runs_llm": 1,
  "num_runs_deterministic": 1,
  "max_periods": null,
  "summary": {
    "perfect_score": 3701.0,
    "ratios": {
      "or": 0.5755201296946771,
      "llm": 0.6692785733585518,
      "llm_to_or": 0.6028100513374763,
      "or_to_llm": 0.5709267765468792,
      "perfect_score": 1.0
    },
    "warnings": null
  },
  "results": {
    "or": {
      "rewards": [
        2130.0
      ],
      "mean": 2130.0,
      "std": 0.0,
      "min": 2130.0,
      "max": 2130.0,
      "count": 1,
      "ratio_to_perfect": 0.5755201296946771
    },
    "llm": {
      "rewards": [
        2477.0
      ],
      "mean": 2477.0,
      "std": 0.0,
      "min": 2477.0,
      "max": 2477.0,
      "count": 1,
      "ratio_to_perfect": 0.6692785733585518
    },
    "llm_to_or": {
      "rewards": [
        2231.0
      ],
      "mean": 2231.0,
      "std": 0.0,
      "min": 2231.0,
      "max": 2231.0,
      "count": 1,
      "ratio_to_perfect": 0.6028100513374763
    },
    "or_to_llm": {
      "rewards": [
        2113.0
      ],
      "mean": 2113.0,
      "std": 0.0,
      "min": 2113.0,
      "max": 2113.0,
      "count": 1,
      "ratio_to_perfect": 0.5709267765468792
    },
    "perfect_score": {
      "rewards": [
        3701.0
      ],
      "mean": 3701.0,
      "std": 0.0,
      "min": 3701.0,
      "max": 3701.0,
      "count": 1,
      "ratio_to_perfect": 1.0
    }
  },
  "errors": {}
}