{
  "instance_dir": "D:\\TextArena\\examples\\benchmark\\real_trajectory\\lead_time_0\\679854001",
  "instance_name": "679854001",
  "promised_lead_time": 0,
  "model": "google/gemini-3-flash-preview",
  "num_runs_llm": 1,
  "num_runs_deterministic": 1,
  "max_periods": null,
  "summary": {
    "perfect_score": 4176.0,
    "ratios": {
      "or": 0.5627394636015326,
      "llm": 0.6973180076628352,
      "llm_to_or": 0.7128831417624522,
      "or_to_llm": 0.6784003831417624,
      "perfect_score": 1.0
    },
    "warnings": null
  },
  "results": {
    "or": {
      "rewards": [
        2350.0
      ],
      "mean": 2350.0,
      "std": 0.0,
      "min": 2350.0,
      "max": 2350.0,
      "count": 1,
      "ratio_to_perfect": 0.5627394636015326
    },
    "llm": {
      "rewards": [
        2912.0
      ],
      "mean": 2912.0,
      "std": 0.0,
      "min": 2912.0,
      "max": 2912.0,
      "count": 1,
      "ratio_to_perfect": 0.6973180076628352
    },
    "llm_to_or": {
      "rewards": [
        2977.0
      ],
      "mean": 2977.0,
      "std": 0.0,
      "min": 2977.0,
      "max": 2977.0,
      "count": 1,
      "ratio_to_perfect": 0.7128831417624522
    },
    "or_to_llm": {
      "rewards": [
        2833.0
      ],
      "mean": 2833.0,
      "std": 0.0,
      "min": 2833.0,
      "max": 2833.0,
      "count": 1,
      "ratio_to_perfect": 0.6784003831417624
    },
    "perfect_score": {
      "rewards": [
        4176.0
      ],
      "mean": 4176.0,
      "std": 0.0,
      "min": 4176.0,
      "max": 4176.0,
      "count": 1,
      "ratio_to_perfect": 1.0
    }
  },
  "errors": {}
}