{
  "instance_dir": "D:\\TextArena\\examples\\benchmark\\real_trajectory\\lead_time_4\\610776001",
  "instance_name": "610776001",
  "promised_lead_time": 4,
  "model": "google/gemini-3-flash-preview",
  "num_runs_llm": 1,
  "num_runs_deterministic": 1,
  "max_periods": null,
  "summary": {
    "perfect_score": 158726.0,
    "ratios": {
      "or": 0.6104418935776117,
      "llm": 0.7488880208661467,
      "llm_to_or": 0.7417247331880096,
      "or_to_llm": 0.7216461071280068,
      "perfect_score": 1.0
    },
    "warnings": null
  },
  "results": {
    "or": {
      "rewards": [
        96893.0
      ],
      "mean": 96893.0,
      "std": 0.0,
      "min": 96893.0,
      "max": 96893.0,
      "count": 1,
      "ratio_to_perfect": 0.6104418935776117
    },
    "llm": {
      "rewards": [
        118868.0
      ],
      "mean": 118868.0,
      "std": 0.0,
      "min": 118868.0,
      "max": 118868.0,
      "count": 1,
      "ratio_to_perfect": 0.7488880208661467
    },
    "llm_to_or": {
      "rewards": [
        117731.0
      ],
      "mean": 117731.0,
      "std": 0.0,
      "min": 117731.0,
      "max": 117731.0,
      "count": 1,
      "ratio_to_perfect": 0.7417247331880096
    },
    "or_to_llm": {
      "rewards": [
        114544.0
      ],
      "mean": 114544.0,
      "std": 0.0,
      "min": 114544.0,
      "max": 114544.0,
      "count": 1,
      "ratio_to_perfect": 0.7216461071280068
    },
    "perfect_score": {
      "rewards": [
        158726.0
      ],
      "mean": 158726.0,
      "std": 0.0,
      "min": 158726.0,
      "max": 158726.0,
      "count": 1,
      "ratio_to_perfect": 1.0
    }
  },
  "errors": {}
}