{
  "instance_dir": "D:\\TextArena\\examples\\benchmark\\real_trajectory\\lead_time_stochastic\\189616006",
  "instance_name": "189616006",
  "promised_lead_time": 2,
  "model": "google/gemini-3-flash-preview",
  "num_runs_llm": 1,
  "num_runs_deterministic": 1,
  "max_periods": null,
  "summary": {
    "perfect_score": 80655.0,
    "ratios": {
      "or": 0.18403074824871365,
      "llm": 0.607153927220879,
      "llm_to_or": 0.4493211828156965,
      "or_to_llm": 0.6254292976256897,
      "perfect_score": 1.0
    },
    "warnings": null
  },
  "results": {
    "or": {
      "rewards": [
        14843.0
      ],
      "mean": 14843.0,
      "std": 0.0,
      "min": 14843.0,
      "max": 14843.0,
      "count": 1,
      "ratio_to_perfect": 0.18403074824871365
    },
    "llm": {
      "rewards": [
        48970.0
      ],
      "mean": 48970.0,
      "std": 0.0,
      "min": 48970.0,
      "max": 48970.0,
      "count": 1,
      "ratio_to_perfect": 0.607153927220879
    },
    "llm_to_or": {
      "rewards": [
        36240.0
      ],
      "mean": 36240.0,
      "std": 0.0,
      "min": 36240.0,
      "max": 36240.0,
      "count": 1,
      "ratio_to_perfect": 0.4493211828156965
    },
    "or_to_llm": {
      "rewards": [
        50444.0
      ],
      "mean": 50444.0,
      "std": 0.0,
      "min": 50444.0,
      "max": 50444.0,
      "count": 1,
      "ratio_to_perfect": 0.6254292976256897
    },
    "perfect_score": {
      "rewards": [
        80655.0
      ],
      "mean": 80655.0,
      "std": 0.0,
      "min": 80655.0,
      "max": 80655.0,
      "count": 1,
      "ratio_to_perfect": 1.0
    }
  },
  "errors": {}
}