{
  "instance_dir": "D:\\TextArena\\examples\\benchmark\\synthetic_trajectory\\lead_time_0\\p07_seasonal\\v1_period10_amp30\\r1_high",
  "instance_name": "r1_high",
  "promised_lead_time": 0,
  "model": "google/gemini-3-flash-preview",
  "num_runs_llm": 1,
  "num_runs_deterministic": 1,
  "max_periods": null,
  "summary": {
    "perfect_score": 92815.0,
    "ratios": {
      "or": 0.9675806712277111,
      "llm": 0.9596293702526532,
      "llm_to_or": 0.9615579378333243,
      "or_to_llm": 0.9669773204762161,
      "perfect_score": 1.0
    },
    "warnings": null
  },
  "results": {
    "or": {
      "rewards": [
        89806.0
      ],
      "mean": 89806.0,
      "std": 0.0,
      "min": 89806.0,
      "max": 89806.0,
      "count": 1,
      "ratio_to_perfect": 0.9675806712277111
    },
    "llm": {
      "rewards": [
        89068.0
      ],
      "mean": 89068.0,
      "std": 0.0,
      "min": 89068.0,
      "max": 89068.0,
      "count": 1,
      "ratio_to_perfect": 0.9596293702526532
    },
    "llm_to_or": {
      "rewards": [
        89247.0
      ],
      "mean": 89247.0,
      "std": 0.0,
      "min": 89247.0,
      "max": 89247.0,
      "count": 1,
      "ratio_to_perfect": 0.9615579378333243
    },
    "or_to_llm": {
      "rewards": [
        89750.0
      ],
      "mean": 89750.0,
      "std": 0.0,
      "min": 89750.0,
      "max": 89750.0,
      "count": 1,
      "ratio_to_perfect": 0.9669773204762161
    },
    "perfect_score": {
      "rewards": [
        92815.0
      ],
      "mean": 92815.0,
      "std": 0.0,
      "min": 92815.0,
      "max": 92815.0,
      "count": 1,
      "ratio_to_perfect": 1.0
    }
  },
  "errors": {}
}