{
  "instance_dir": "D:\\TextArena\\examples\\benchmark\\real_trajectory\\lead_time_4\\706016002",
  "instance_name": "706016002",
  "promised_lead_time": 4,
  "model": "google/gemini-3-flash-preview",
  "num_runs_llm": 1,
  "num_runs_deterministic": 1,
  "max_periods": null,
  "summary": {
    "perfect_score": 371564.0,
    "ratios": {
      "or": 0.8153696267668558,
      "llm": 0.6761069425455641,
      "llm_to_or": 0.7513887244189427,
      "or_to_llm": 0.7192731265676976,
      "perfect_score": 1.0
    },
    "warnings": null
  },
  "results": {
    "or": {
      "rewards": [
        302962.0
      ],
      "mean": 302962.0,
      "std": 0.0,
      "min": 302962.0,
      "max": 302962.0,
      "count": 1,
      "ratio_to_perfect": 0.8153696267668558
    },
    "llm": {
      "rewards": [
        251217.0
      ],
      "mean": 251217.0,
      "std": 0.0,
      "min": 251217.0,
      "max": 251217.0,
      "count": 1,
      "ratio_to_perfect": 0.6761069425455641
    },
    "llm_to_or": {
      "rewards": [
        279189.0
      ],
      "mean": 279189.0,
      "std": 0.0,
      "min": 279189.0,
      "max": 279189.0,
      "count": 1,
      "ratio_to_perfect": 0.7513887244189427
    },
    "or_to_llm": {
      "rewards": [
        267256.0
      ],
      "mean": 267256.0,
      "std": 0.0,
      "min": 267256.0,
      "max": 267256.0,
      "count": 1,
      "ratio_to_perfect": 0.7192731265676976
    },
    "perfect_score": {
      "rewards": [
        371564.0
      ],
      "mean": 371564.0,
      "std": 0.0,
      "min": 371564.0,
      "max": 371564.0,
      "count": 1,
      "ratio_to_perfect": 1.0
    }
  },
  "errors": {}
}