{
  "instance_dir": "D:\\TextArena\\examples\\benchmark\\synthetic_trajectory\\lead_time_0\\p10_autocorrelated\\v3_phi_0_3\\r1_med",
  "instance_name": "r1_med",
  "promised_lead_time": 0,
  "model": "google/gemini-3-flash-preview",
  "num_runs_llm": 1,
  "num_runs_deterministic": 1,
  "max_periods": null,
  "summary": {
    "perfect_score": 19984.0,
    "ratios": {
      "or": 0.8930144115292233,
      "llm": 0.869845876701361,
      "llm_to_or": 0.8863090472377902,
      "or_to_llm": 0.8838070456365092,
      "perfect_score": 1.0
    },
    "warnings": null
  },
  "results": {
    "or": {
      "rewards": [
        17846.0
      ],
      "mean": 17846.0,
      "std": 0.0,
      "min": 17846.0,
      "max": 17846.0,
      "count": 1,
      "ratio_to_perfect": 0.8930144115292233
    },
    "llm": {
      "rewards": [
        17383.0
      ],
      "mean": 17383.0,
      "std": 0.0,
      "min": 17383.0,
      "max": 17383.0,
      "count": 1,
      "ratio_to_perfect": 0.869845876701361
    },
    "llm_to_or": {
      "rewards": [
        17712.0
      ],
      "mean": 17712.0,
      "std": 0.0,
      "min": 17712.0,
      "max": 17712.0,
      "count": 1,
      "ratio_to_perfect": 0.8863090472377902
    },
    "or_to_llm": {
      "rewards": [
        17662.0
      ],
      "mean": 17662.0,
      "std": 0.0,
      "min": 17662.0,
      "max": 17662.0,
      "count": 1,
      "ratio_to_perfect": 0.8838070456365092
    },
    "perfect_score": {
      "rewards": [
        19984.0
      ],
      "mean": 19984.0,
      "std": 0.0,
      "min": 19984.0,
      "max": 19984.0,
      "count": 1,
      "ratio_to_perfect": 1.0
    }
  },
  "errors": {}
}