{
  "instance_dir": "D:\\TextArena\\examples\\benchmark\\synthetic_trajectory\\lead_time_4\\p06_variance_change\\v2_var_increase\\r2_med",
  "instance_name": "r2_med",
  "promised_lead_time": 4,
  "model": "openai/gpt-5-mini",
  "num_runs_llm": 1,
  "num_runs_deterministic": 1,
  "max_periods": null,
  "summary": {
    "perfect_score": 20156.0,
    "ratios": {
      "or": 0.5812661242309982,
      "llm": 0.4268207977773368,
      "llm_to_or": 0.5812661242309982,
      "or_to_llm": 0.5720877158166303,
      "perfect_score": 1.0
    },
    "warnings": null
  },
  "results": {
    "or": {
      "rewards": [
        11716.0
      ],
      "mean": 11716.0,
      "std": 0.0,
      "min": 11716.0,
      "max": 11716.0,
      "count": 1,
      "ratio_to_perfect": 0.5812661242309982
    },
    "llm": {
      "rewards": [
        8603.0
      ],
      "mean": 8603.0,
      "std": 0.0,
      "min": 8603.0,
      "max": 8603.0,
      "count": 1,
      "ratio_to_perfect": 0.4268207977773368
    },
    "llm_to_or": {
      "rewards": [
        11716.0
      ],
      "mean": 11716.0,
      "std": 0.0,
      "min": 11716.0,
      "max": 11716.0,
      "count": 1,
      "ratio_to_perfect": 0.5812661242309982
    },
    "or_to_llm": {
      "rewards": [
        11531.0
      ],
      "mean": 11531.0,
      "std": 0.0,
      "min": 11531.0,
      "max": 11531.0,
      "count": 1,
      "ratio_to_perfect": 0.5720877158166303
    },
    "perfect_score": {
      "rewards": [
        20156.0
      ],
      "mean": 20156.0,
      "std": 0.0,
      "min": 20156.0,
      "max": 20156.0,
      "count": 1,
      "ratio_to_perfect": 1.0
    }
  },
  "errors": {}
}