{
  "instance_dir": "/shared/share_malatown/OR-Agent-GPT5mini-benchmark/examples/benchmark/real_trajectory/lead_time_4/605094001",
  "instance_name": "605094001",
  "promised_lead_time": 4,
  "model": "openai/gpt-5-mini",
  "num_runs_llm": 1,
  "num_runs_deterministic": 1,
  "max_periods": null,
  "summary": {
    "perfect_score": 45277.0,
    "ratios": {
      "or": 0.6450736577070035,
      "llm": 0.6444994147138724,
      "llm_to_or": 0.6199173973540649,
      "or_to_llm": 0.6450073989001038,
      "perfect_score": 1.0
    },
    "warnings": null
  },
  "results": {
    "or": {
      "rewards": [
        29207.0
      ],
      "mean": 29207.0,
      "std": 0.0,
      "min": 29207.0,
      "max": 29207.0,
      "count": 1,
      "ratio_to_perfect": 0.6450736577070035
    },
    "llm": {
      "rewards": [
        29181.0
      ],
      "mean": 29181.0,
      "std": 0.0,
      "min": 29181.0,
      "max": 29181.0,
      "count": 1,
      "ratio_to_perfect": 0.6444994147138724
    },
    "llm_to_or": {
      "rewards": [
        28068.0
      ],
      "mean": 28068.0,
      "std": 0.0,
      "min": 28068.0,
      "max": 28068.0,
      "count": 1,
      "ratio_to_perfect": 0.6199173973540649
    },
    "or_to_llm": {
      "rewards": [
        29204.0
      ],
      "mean": 29204.0,
      "std": 0.0,
      "min": 29204.0,
      "max": 29204.0,
      "count": 1,
      "ratio_to_perfect": 0.6450073989001038
    },
    "perfect_score": {
      "rewards": [
        45277.0
      ],
      "mean": 45277.0,
      "std": 0.0,
      "min": 45277.0,
      "max": 45277.0,
      "count": 1,
      "ratio_to_perfect": 1.0
    }
  },
  "errors": {}
}