{
  "instance_dir": "/shared/share_malatown/OR_Agent/examples/benchmark/synthetic_trajectory/lead_time_4/p06_variance_change/v3_var_decrease/r2_high",
  "instance_name": "r2_high",
  "promised_lead_time": 4,
  "model": "x-ai/grok-4.1-fast",
  "num_runs_llm": 1,
  "num_runs_deterministic": 1,
  "max_periods": null,
  "summary": {
    "perfect_score": 95057.0,
    "ratios": {
      "or": 0.7871487633735548,
      "llm": 0.7542842715423378,
      "llm_to_or": 0.7994466478007932,
      "or_to_llm": 0.7844346023964569,
      "perfect_score": 1.0
    },
    "warnings": null
  },
  "results": {
    "or": {
      "rewards": [
        74824.0
      ],
      "mean": 74824.0,
      "std": 0.0,
      "min": 74824.0,
      "max": 74824.0,
      "count": 1,
      "ratio_to_perfect": 0.7871487633735548
    },
    "llm": {
      "rewards": [
        71700.0
      ],
      "mean": 71700.0,
      "std": 0.0,
      "min": 71700.0,
      "max": 71700.0,
      "count": 1,
      "ratio_to_perfect": 0.7542842715423378
    },
    "llm_to_or": {
      "rewards": [
        75993.0
      ],
      "mean": 75993.0,
      "std": 0.0,
      "min": 75993.0,
      "max": 75993.0,
      "count": 1,
      "ratio_to_perfect": 0.7994466478007932
    },
    "or_to_llm": {
      "rewards": [
        74566.0
      ],
      "mean": 74566.0,
      "std": 0.0,
      "min": 74566.0,
      "max": 74566.0,
      "count": 1,
      "ratio_to_perfect": 0.7844346023964569
    },
    "perfect_score": {
      "rewards": [
        95057.0
      ],
      "mean": 95057.0,
      "std": 0.0,
      "min": 95057.0,
      "max": 95057.0,
      "count": 1,
      "ratio_to_perfect": 1.0
    }
  },
  "errors": {}
}