{
  "instance_dir": "D:\\TextArena\\examples\\benchmark\\synthetic_trajectory\\lead_time_0\\p01_stationary_iid\\v1_normal_100_25\\r1_med",
  "instance_name": "r1_med",
  "promised_lead_time": 0,
  "model": "openai/gpt-5-mini",
  "num_runs_llm": 1,
  "num_runs_deterministic": 1,
  "max_periods": null,
  "summary": {
    "perfect_score": 20488.0,
    "ratios": {
      "or": 0.9137055837563451,
      "llm": 0.8738285825849278,
      "llm_to_or": 0.8928641155798516,
      "or_to_llm": 0.8952069504099961,
      "perfect_score": 1.0
    },
    "warnings": null
  },
  "results": {
    "or": {
      "rewards": [
        18720.0
      ],
      "mean": 18720.0,
      "std": 0.0,
      "min": 18720.0,
      "max": 18720.0,
      "count": 1,
      "ratio_to_perfect": 0.9137055837563451
    },
    "llm": {
      "rewards": [
        17903.0
      ],
      "mean": 17903.0,
      "std": 0.0,
      "min": 17903.0,
      "max": 17903.0,
      "count": 1,
      "ratio_to_perfect": 0.8738285825849278
    },
    "llm_to_or": {
      "rewards": [
        18293.0
      ],
      "mean": 18293.0,
      "std": 0.0,
      "min": 18293.0,
      "max": 18293.0,
      "count": 1,
      "ratio_to_perfect": 0.8928641155798516
    },
    "or_to_llm": {
      "rewards": [
        18341.0
      ],
      "mean": 18341.0,
      "std": 0.0,
      "min": 18341.0,
      "max": 18341.0,
      "count": 1,
      "ratio_to_perfect": 0.8952069504099961
    },
    "perfect_score": {
      "rewards": [
        20488.0
      ],
      "mean": 20488.0,
      "std": 0.0,
      "min": 20488.0,
      "max": 20488.0,
      "count": 1,
      "ratio_to_perfect": 1.0
    }
  },
  "errors": {}
}