{
  "instance_dir": "/shared/share_malatown/OR_Agent/examples/benchmark/real_trajectory/lead_time_stochastic/554450019",
  "instance_name": "554450019",
  "promised_lead_time": 2,
  "model": "x-ai/grok-4.1-fast",
  "num_runs_llm": 1,
  "num_runs_deterministic": 1,
  "max_periods": null,
  "summary": {
    "perfect_score": 2717.0,
    "ratios": {
      "or": 0.18181818181818182,
      "llm": -0.9175561280824439,
      "llm_to_or": -6.161575266838425,
      "or_to_llm": -1.4158998895841002,
      "perfect_score": 1.0
    },
    "warnings": null
  },
  "results": {
    "or": {
      "rewards": [
        494.0
      ],
      "mean": 494.0,
      "std": 0.0,
      "min": 494.0,
      "max": 494.0,
      "count": 1,
      "ratio_to_perfect": 0.18181818181818182
    },
    "llm": {
      "rewards": [
        -2493.0
      ],
      "mean": -2493.0,
      "std": 0.0,
      "min": -2493.0,
      "max": -2493.0,
      "count": 1,
      "ratio_to_perfect": -0.9175561280824439
    },
    "llm_to_or": {
      "rewards": [
        -16741.0
      ],
      "mean": -16741.0,
      "std": 0.0,
      "min": -16741.0,
      "max": -16741.0,
      "count": 1,
      "ratio_to_perfect": -6.161575266838425
    },
    "or_to_llm": {
      "rewards": [
        -3847.0
      ],
      "mean": -3847.0,
      "std": 0.0,
      "min": -3847.0,
      "max": -3847.0,
      "count": 1,
      "ratio_to_perfect": -1.4158998895841002
    },
    "perfect_score": {
      "rewards": [
        2717.0
      ],
      "mean": 2717.0,
      "std": 0.0,
      "min": 2717.0,
      "max": 2717.0,
      "count": 1,
      "ratio_to_perfect": 1.0
    }
  },
  "errors": {}
}