{
  "instance_dir": "/shared/share_malatown/OR_Agent/examples/benchmark/real_trajectory/lead_time_0/610776022",
  "instance_name": "610776022",
  "promised_lead_time": 0,
  "model": "x-ai/grok-4.1-fast",
  "num_runs_llm": 1,
  "num_runs_deterministic": 1,
  "max_periods": null,
  "summary": {
    "perfect_score": 5459.0,
    "ratios": {
      "or": 0.1648653599560359,
      "llm": 0.5909507235757465,
      "llm_to_or": 0.6913354094156439,
      "or_to_llm": 0.5460707089210478,
      "perfect_score": 1.0
    },
    "warnings": null
  },
  "results": {
    "or": {
      "rewards": [
        900.0
      ],
      "mean": 900.0,
      "std": 0.0,
      "min": 900.0,
      "max": 900.0,
      "count": 1,
      "ratio_to_perfect": 0.1648653599560359
    },
    "llm": {
      "rewards": [
        3226.0
      ],
      "mean": 3226.0,
      "std": 0.0,
      "min": 3226.0,
      "max": 3226.0,
      "count": 1,
      "ratio_to_perfect": 0.5909507235757465
    },
    "llm_to_or": {
      "rewards": [
        3774.0
      ],
      "mean": 3774.0,
      "std": 0.0,
      "min": 3774.0,
      "max": 3774.0,
      "count": 1,
      "ratio_to_perfect": 0.6913354094156439
    },
    "or_to_llm": {
      "rewards": [
        2981.0
      ],
      "mean": 2981.0,
      "std": 0.0,
      "min": 2981.0,
      "max": 2981.0,
      "count": 1,
      "ratio_to_perfect": 0.5460707089210478
    },
    "perfect_score": {
      "rewards": [
        5459.0
      ],
      "mean": 5459.0,
      "std": 0.0,
      "min": 5459.0,
      "max": 5459.0,
      "count": 1,
      "ratio_to_perfect": 1.0
    }
  },
  "errors": {}
}