{
  "instance_dir": "/shared/share_malatown/OR_Agent/examples/benchmark/real_trajectory/lead_time_4/399061008",
  "instance_name": "399061008",
  "promised_lead_time": 4,
  "model": "x-ai/grok-4.1-fast",
  "num_runs_llm": 1,
  "num_runs_deterministic": 1,
  "max_periods": null,
  "summary": {
    "perfect_score": 77292.0,
    "ratios": {
      "or": 0.4887051700046577,
      "llm": 0.4847073435801894,
      "llm_to_or": 0.6305050975521399,
      "or_to_llm": 0.5290456968379651,
      "perfect_score": 1.0
    },
    "warnings": null
  },
  "results": {
    "or": {
      "rewards": [
        37773.0
      ],
      "mean": 37773.0,
      "std": 0.0,
      "min": 37773.0,
      "max": 37773.0,
      "count": 1,
      "ratio_to_perfect": 0.4887051700046577
    },
    "llm": {
      "rewards": [
        37464.0
      ],
      "mean": 37464.0,
      "std": 0.0,
      "min": 37464.0,
      "max": 37464.0,
      "count": 1,
      "ratio_to_perfect": 0.4847073435801894
    },
    "llm_to_or": {
      "rewards": [
        48733.0
      ],
      "mean": 48733.0,
      "std": 0.0,
      "min": 48733.0,
      "max": 48733.0,
      "count": 1,
      "ratio_to_perfect": 0.6305050975521399
    },
    "or_to_llm": {
      "rewards": [
        40891.0
      ],
      "mean": 40891.0,
      "std": 0.0,
      "min": 40891.0,
      "max": 40891.0,
      "count": 1,
      "ratio_to_perfect": 0.5290456968379651
    },
    "perfect_score": {
      "rewards": [
        77292.0
      ],
      "mean": 77292.0,
      "std": 0.0,
      "min": 77292.0,
      "max": 77292.0,
      "count": 1,
      "ratio_to_perfect": 1.0
    }
  },
  "errors": {}
}