{
  "instance_dir": "D:\\TextArena\\examples\\benchmark\\real_trajectory\\lead_time_0\\636323001",
  "instance_name": "636323001",
  "promised_lead_time": 0,
  "model": "google/gemini-3-flash-preview",
  "num_runs_llm": 1,
  "num_runs_deterministic": 1,
  "max_periods": null,
  "summary": {
    "perfect_score": 29816.0,
    "ratios": {
      "or": 0.7574792057955461,
      "llm": 0.7489602897773008,
      "llm_to_or": 0.762006976120204,
      "or_to_llm": 0.755601019586799,
      "perfect_score": 1.0
    },
    "warnings": null
  },
  "results": {
    "or": {
      "rewards": [
        22585.0
      ],
      "mean": 22585.0,
      "std": 0.0,
      "min": 22585.0,
      "max": 22585.0,
      "count": 1,
      "ratio_to_perfect": 0.7574792057955461
    },
    "llm": {
      "rewards": [
        22331.0
      ],
      "mean": 22331.0,
      "std": 0.0,
      "min": 22331.0,
      "max": 22331.0,
      "count": 1,
      "ratio_to_perfect": 0.7489602897773008
    },
    "llm_to_or": {
      "rewards": [
        22720.0
      ],
      "mean": 22720.0,
      "std": 0.0,
      "min": 22720.0,
      "max": 22720.0,
      "count": 1,
      "ratio_to_perfect": 0.762006976120204
    },
    "or_to_llm": {
      "rewards": [
        22529.0
      ],
      "mean": 22529.0,
      "std": 0.0,
      "min": 22529.0,
      "max": 22529.0,
      "count": 1,
      "ratio_to_perfect": 0.755601019586799
    },
    "perfect_score": {
      "rewards": [
        29816.0
      ],
      "mean": 29816.0,
      "std": 0.0,
      "min": 29816.0,
      "max": 29816.0,
      "count": 1,
      "ratio_to_perfect": 1.0
    }
  },
  "errors": {}
}