{
  "instance_dir": "D:\\TextArena\\examples\\benchmark\\real_trajectory\\lead_time_4\\554792001",
  "instance_name": "554792001",
  "promised_lead_time": 4,
  "model": "google/gemini-3-flash-preview",
  "num_runs_llm": 1,
  "num_runs_deterministic": 1,
  "max_periods": null,
  "summary": {
    "perfect_score": 9516.0,
    "ratios": {
      "or": 0.38083228247162676,
      "llm": -0.10823875577973939,
      "llm_to_or": 0.22814207650273224,
      "or_to_llm": 0.2244640605296343,
      "perfect_score": 1.0
    },
    "warnings": null
  },
  "results": {
    "or": {
      "rewards": [
        3624.0
      ],
      "mean": 3624.0,
      "std": 0.0,
      "min": 3624.0,
      "max": 3624.0,
      "count": 1,
      "ratio_to_perfect": 0.38083228247162676
    },
    "llm": {
      "rewards": [
        -1030.0
      ],
      "mean": -1030.0,
      "std": 0.0,
      "min": -1030.0,
      "max": -1030.0,
      "count": 1,
      "ratio_to_perfect": -0.10823875577973939
    },
    "llm_to_or": {
      "rewards": [
        2171.0
      ],
      "mean": 2171.0,
      "std": 0.0,
      "min": 2171.0,
      "max": 2171.0,
      "count": 1,
      "ratio_to_perfect": 0.22814207650273224
    },
    "or_to_llm": {
      "rewards": [
        2136.0
      ],
      "mean": 2136.0,
      "std": 0.0,
      "min": 2136.0,
      "max": 2136.0,
      "count": 1,
      "ratio_to_perfect": 0.2244640605296343
    },
    "perfect_score": {
      "rewards": [
        9516.0
      ],
      "mean": 9516.0,
      "std": 0.0,
      "min": 9516.0,
      "max": 9516.0,
      "count": 1,
      "ratio_to_perfect": 1.0
    }
  },
  "errors": {}
}