{
  "instance_dir": "D:\\TextArena\\examples\\benchmark\\real_trajectory\\lead_time_0\\678942001",
  "instance_name": "678942001",
  "promised_lead_time": 0,
  "model": "google/gemini-3-flash-preview",
  "num_runs_llm": 1,
  "num_runs_deterministic": 1,
  "max_periods": null,
  "summary": {
    "perfect_score": 5998.0,
    "ratios": {
      "or": 0.41780593531177057,
      "llm": 0.5848616205401801,
      "llm_to_or": 0.5943647882627543,
      "or_to_llm": 0.5625208402800934,
      "perfect_score": 1.0
    },
    "warnings": null
  },
  "results": {
    "or": {
      "rewards": [
        2506.0
      ],
      "mean": 2506.0,
      "std": 0.0,
      "min": 2506.0,
      "max": 2506.0,
      "count": 1,
      "ratio_to_perfect": 0.41780593531177057
    },
    "llm": {
      "rewards": [
        3508.0
      ],
      "mean": 3508.0,
      "std": 0.0,
      "min": 3508.0,
      "max": 3508.0,
      "count": 1,
      "ratio_to_perfect": 0.5848616205401801
    },
    "llm_to_or": {
      "rewards": [
        3565.0
      ],
      "mean": 3565.0,
      "std": 0.0,
      "min": 3565.0,
      "max": 3565.0,
      "count": 1,
      "ratio_to_perfect": 0.5943647882627543
    },
    "or_to_llm": {
      "rewards": [
        3374.0
      ],
      "mean": 3374.0,
      "std": 0.0,
      "min": 3374.0,
      "max": 3374.0,
      "count": 1,
      "ratio_to_perfect": 0.5625208402800934
    },
    "perfect_score": {
      "rewards": [
        5998.0
      ],
      "mean": 5998.0,
      "std": 0.0,
      "min": 5998.0,
      "max": 5998.0,
      "count": 1,
      "ratio_to_perfect": 1.0
    }
  },
  "errors": {}
}