{
  "instance_dir": "/shared/share_malatown/OR-Agent-GPT5mini-benchmark/examples/benchmark/real_trajectory/lead_time_4/687704002",
  "instance_name": "687704002",
  "promised_lead_time": 4,
  "model": "openai/gpt-5-mini",
  "num_runs_llm": 1,
  "num_runs_deterministic": 1,
  "max_periods": null,
  "summary": {
    "perfect_score": 62643.0,
    "ratios": {
      "or": 0.5210957329629807,
      "llm": 0.48484267994827834,
      "llm_to_or": 0.5745095222131763,
      "or_to_llm": 0.5556566575674856,
      "perfect_score": 1.0
    },
    "warnings": null
  },
  "results": {
    "or": {
      "rewards": [
        32643.0
      ],
      "mean": 32643.0,
      "std": 0.0,
      "min": 32643.0,
      "max": 32643.0,
      "count": 1,
      "ratio_to_perfect": 0.5210957329629807
    },
    "llm": {
      "rewards": [
        30372.0
      ],
      "mean": 30372.0,
      "std": 0.0,
      "min": 30372.0,
      "max": 30372.0,
      "count": 1,
      "ratio_to_perfect": 0.48484267994827834
    },
    "llm_to_or": {
      "rewards": [
        35989.0
      ],
      "mean": 35989.0,
      "std": 0.0,
      "min": 35989.0,
      "max": 35989.0,
      "count": 1,
      "ratio_to_perfect": 0.5745095222131763
    },
    "or_to_llm": {
      "rewards": [
        34808.0
      ],
      "mean": 34808.0,
      "std": 0.0,
      "min": 34808.0,
      "max": 34808.0,
      "count": 1,
      "ratio_to_perfect": 0.5556566575674856
    },
    "perfect_score": {
      "rewards": [
        62643.0
      ],
      "mean": 62643.0,
      "std": 0.0,
      "min": 62643.0,
      "max": 62643.0,
      "count": 1,
      "ratio_to_perfect": 1.0
    }
  },
  "errors": {}
}