{
  "instance_dir": "D:\\TextArena\\examples\\benchmark\\synthetic_trajectory\\lead_time_4\\p08_multi_changepoint\\v4_mild_fluctuations\\r2_high",
  "instance_name": "r2_high",
  "promised_lead_time": 4,
  "model": "google/gemini-3-flash-preview",
  "num_runs_llm": 1,
  "num_runs_deterministic": 1,
  "max_periods": null,
  "summary": {
    "perfect_score": 93594.0,
    "ratios": {
      "or": 0.8375109515567237,
      "llm": 0.8354381691134047,
      "llm_to_or": 0.8511443041220591,
      "or_to_llm": 0.8382054405196915,
      "perfect_score": 1.0
    },
    "warnings": null
  },
  "results": {
    "or": {
      "rewards": [
        78386.0
      ],
      "mean": 78386.0,
      "std": 0.0,
      "min": 78386.0,
      "max": 78386.0,
      "count": 1,
      "ratio_to_perfect": 0.8375109515567237
    },
    "llm": {
      "rewards": [
        78192.0
      ],
      "mean": 78192.0,
      "std": 0.0,
      "min": 78192.0,
      "max": 78192.0,
      "count": 1,
      "ratio_to_perfect": 0.8354381691134047
    },
    "llm_to_or": {
      "rewards": [
        79662.0
      ],
      "mean": 79662.0,
      "std": 0.0,
      "min": 79662.0,
      "max": 79662.0,
      "count": 1,
      "ratio_to_perfect": 0.8511443041220591
    },
    "or_to_llm": {
      "rewards": [
        78451.0
      ],
      "mean": 78451.0,
      "std": 0.0,
      "min": 78451.0,
      "max": 78451.0,
      "count": 1,
      "ratio_to_perfect": 0.8382054405196915
    },
    "perfect_score": {
      "rewards": [
        93594.0
      ],
      "mean": 93594.0,
      "std": 0.0,
      "min": 93594.0,
      "max": 93594.0,
      "count": 1,
      "ratio_to_perfect": 1.0
    }
  },
  "errors": {}
}