{
  "instance_dir": "/shared/share_malatown/OR_Agent/examples/benchmark/real_trajectory/lead_time_4/316441001",
  "instance_name": "316441001",
  "promised_lead_time": 4,
  "model": "x-ai/grok-4.1-fast",
  "num_runs_llm": 1,
  "num_runs_deterministic": 1,
  "max_periods": null,
  "summary": {
    "perfect_score": 2394.0,
    "ratios": {
      "or": -2.3028404344193816,
      "llm": -1.913951545530493,
      "llm_to_or": -1.026733500417711,
      "or_to_llm": -1.6666666666666667,
      "perfect_score": 1.0
    },
    "warnings": null
  },
  "results": {
    "or": {
      "rewards": [
        -5513.0
      ],
      "mean": -5513.0,
      "std": 0.0,
      "min": -5513.0,
      "max": -5513.0,
      "count": 1,
      "ratio_to_perfect": -2.3028404344193816
    },
    "llm": {
      "rewards": [
        -4582.0
      ],
      "mean": -4582.0,
      "std": 0.0,
      "min": -4582.0,
      "max": -4582.0,
      "count": 1,
      "ratio_to_perfect": -1.913951545530493
    },
    "llm_to_or": {
      "rewards": [
        -2458.0
      ],
      "mean": -2458.0,
      "std": 0.0,
      "min": -2458.0,
      "max": -2458.0,
      "count": 1,
      "ratio_to_perfect": -1.026733500417711
    },
    "or_to_llm": {
      "rewards": [
        -3990.0
      ],
      "mean": -3990.0,
      "std": 0.0,
      "min": -3990.0,
      "max": -3990.0,
      "count": 1,
      "ratio_to_perfect": -1.6666666666666667
    },
    "perfect_score": {
      "rewards": [
        2394.0
      ],
      "mean": 2394.0,
      "std": 0.0,
      "min": 2394.0,
      "max": 2394.0,
      "count": 1,
      "ratio_to_perfect": 1.0
    }
  },
  "errors": {}
}