{
  "instance_dir": "/shared/share_malatown/OR-Agent-GPT5mini-benchmark/examples/benchmark/real_trajectory/lead_time_0/610776002",
  "instance_name": "610776002",
  "promised_lead_time": 0,
  "model": "openai/gpt-5-mini",
  "num_runs_llm": 1,
  "num_runs_deterministic": 1,
  "max_periods": null,
  "summary": {
    "perfect_score": 10688.0,
    "ratios": {
      "or": 0.41429640718562877,
      "llm": 0.7610404191616766,
      "llm_to_or": 0.7855538922155688,
      "or_to_llm": 0.7692739520958084,
      "perfect_score": 1.0
    },
    "warnings": null
  },
  "results": {
    "or": {
      "rewards": [
        4428.0
      ],
      "mean": 4428.0,
      "std": 0.0,
      "min": 4428.0,
      "max": 4428.0,
      "count": 1,
      "ratio_to_perfect": 0.41429640718562877
    },
    "llm": {
      "rewards": [
        8134.0
      ],
      "mean": 8134.0,
      "std": 0.0,
      "min": 8134.0,
      "max": 8134.0,
      "count": 1,
      "ratio_to_perfect": 0.7610404191616766
    },
    "llm_to_or": {
      "rewards": [
        8396.0
      ],
      "mean": 8396.0,
      "std": 0.0,
      "min": 8396.0,
      "max": 8396.0,
      "count": 1,
      "ratio_to_perfect": 0.7855538922155688
    },
    "or_to_llm": {
      "rewards": [
        8222.0
      ],
      "mean": 8222.0,
      "std": 0.0,
      "min": 8222.0,
      "max": 8222.0,
      "count": 1,
      "ratio_to_perfect": 0.7692739520958084
    },
    "perfect_score": {
      "rewards": [
        10688.0
      ],
      "mean": 10688.0,
      "std": 0.0,
      "min": 10688.0,
      "max": 10688.0,
      "count": 1,
      "ratio_to_perfect": 1.0
    }
  },
  "errors": {}
}