{
  "instance_dir": "D:\\TextArena\\examples\\benchmark\\synthetic_trajectory\\lead_time_0\\p02_mean_increase\\v1_100to200\\r2_high",
  "instance_name": "r2_high",
  "promised_lead_time": 0,
  "model": "google/gemini-3-flash-preview",
  "num_runs_llm": 1,
  "num_runs_deterministic": 1,
  "max_periods": null,
  "summary": {
    "perfect_score": 163856.0,
    "ratios": {
      "or": 0.9492115027829313,
      "llm": 0.9578837515867591,
      "llm_to_or": 0.9561383165706474,
      "or_to_llm": 0.9600197734596231,
      "perfect_score": 1.0
    },
    "warnings": null
  },
  "results": {
    "or": {
      "rewards": [
        155534.0
      ],
      "mean": 155534.0,
      "std": 0.0,
      "min": 155534.0,
      "max": 155534.0,
      "count": 1,
      "ratio_to_perfect": 0.9492115027829313
    },
    "llm": {
      "rewards": [
        156955.0
      ],
      "mean": 156955.0,
      "std": 0.0,
      "min": 156955.0,
      "max": 156955.0,
      "count": 1,
      "ratio_to_perfect": 0.9578837515867591
    },
    "llm_to_or": {
      "rewards": [
        156669.0
      ],
      "mean": 156669.0,
      "std": 0.0,
      "min": 156669.0,
      "max": 156669.0,
      "count": 1,
      "ratio_to_perfect": 0.9561383165706474
    },
    "or_to_llm": {
      "rewards": [
        157305.0
      ],
      "mean": 157305.0,
      "std": 0.0,
      "min": 157305.0,
      "max": 157305.0,
      "count": 1,
      "ratio_to_perfect": 0.9600197734596231
    },
    "perfect_score": {
      "rewards": [
        163856.0
      ],
      "mean": 163856.0,
      "std": 0.0,
      "min": 163856.0,
      "max": 163856.0,
      "count": 1,
      "ratio_to_perfect": 1.0
    }
  },
  "errors": {}
}