{
  "instance_dir": "D:\\TextArena\\examples\\benchmark\\real_trajectory\\lead_time_4\\739953002",
  "instance_name": "739953002",
  "promised_lead_time": 4,
  "model": "google/gemini-3-flash-preview",
  "num_runs_llm": 1,
  "num_runs_deterministic": 1,
  "max_periods": null,
  "summary": {
    "perfect_score": 11244.0,
    "ratios": {
      "or": 0.5561188189256492,
      "llm": 0.35618996798292424,
      "llm_to_or": 0.5216115261472786,
      "or_to_llm": 0.4648701529704731,
      "perfect_score": 1.0
    },
    "warnings": null
  },
  "results": {
    "or": {
      "rewards": [
        6253.0
      ],
      "mean": 6253.0,
      "std": 0.0,
      "min": 6253.0,
      "max": 6253.0,
      "count": 1,
      "ratio_to_perfect": 0.5561188189256492
    },
    "llm": {
      "rewards": [
        4005.0
      ],
      "mean": 4005.0,
      "std": 0.0,
      "min": 4005.0,
      "max": 4005.0,
      "count": 1,
      "ratio_to_perfect": 0.35618996798292424
    },
    "llm_to_or": {
      "rewards": [
        5865.0
      ],
      "mean": 5865.0,
      "std": 0.0,
      "min": 5865.0,
      "max": 5865.0,
      "count": 1,
      "ratio_to_perfect": 0.5216115261472786
    },
    "or_to_llm": {
      "rewards": [
        5227.0
      ],
      "mean": 5227.0,
      "std": 0.0,
      "min": 5227.0,
      "max": 5227.0,
      "count": 1,
      "ratio_to_perfect": 0.4648701529704731
    },
    "perfect_score": {
      "rewards": [
        11244.0
      ],
      "mean": 11244.0,
      "std": 0.0,
      "min": 11244.0,
      "max": 11244.0,
      "count": 1,
      "ratio_to_perfect": 1.0
    }
  },
  "errors": {}
}