{
  "instance_dir": "/shared/share_malatown/OR_Agent/examples/benchmark/real_trajectory/lead_time_0/719655001",
  "instance_name": "719655001",
  "promised_lead_time": 0,
  "model": "x-ai/grok-4.1-fast",
  "num_runs_llm": 1,
  "num_runs_deterministic": 1,
  "max_periods": null,
  "summary": {
    "perfect_score": 6062.0,
    "ratios": {
      "or": 0.7131309798746288,
      "llm": 0.6821181128340482,
      "llm_to_or": 0.6314747608050149,
      "or_to_llm": 0.5560870999670076,
      "perfect_score": 1.0
    },
    "warnings": null
  },
  "results": {
    "or": {
      "rewards": [
        4323.0
      ],
      "mean": 4323.0,
      "std": 0.0,
      "min": 4323.0,
      "max": 4323.0,
      "count": 1,
      "ratio_to_perfect": 0.7131309798746288
    },
    "llm": {
      "rewards": [
        4135.0
      ],
      "mean": 4135.0,
      "std": 0.0,
      "min": 4135.0,
      "max": 4135.0,
      "count": 1,
      "ratio_to_perfect": 0.6821181128340482
    },
    "llm_to_or": {
      "rewards": [
        3828.0
      ],
      "mean": 3828.0,
      "std": 0.0,
      "min": 3828.0,
      "max": 3828.0,
      "count": 1,
      "ratio_to_perfect": 0.6314747608050149
    },
    "or_to_llm": {
      "rewards": [
        3371.0
      ],
      "mean": 3371.0,
      "std": 0.0,
      "min": 3371.0,
      "max": 3371.0,
      "count": 1,
      "ratio_to_perfect": 0.5560870999670076
    },
    "perfect_score": {
      "rewards": [
        6062.0
      ],
      "mean": 6062.0,
      "std": 0.0,
      "min": 6062.0,
      "max": 6062.0,
      "count": 1,
      "ratio_to_perfect": 1.0
    }
  },
  "errors": {}
}