{
  "instance_dir": "D:\\TextArena\\examples\\benchmark\\synthetic_trajectory\\lead_time_0\\p05_decreasing_trend\\v1_200_minus_3t\\r2_high",
  "instance_name": "r2_high",
  "promised_lead_time": 0,
  "model": "google/gemini-3-flash-preview",
  "num_runs_llm": 1,
  "num_runs_deterministic": 1,
  "max_periods": null,
  "summary": {
    "perfect_score": 119491.0,
    "ratios": {
      "or": 0.9566494547706522,
      "llm": 0.9675875170514934,
      "llm_to_or": 0.9726171845578329,
      "or_to_llm": 0.9662066599158096,
      "perfect_score": 1.0
    },
    "warnings": null
  },
  "results": {
    "or": {
      "rewards": [
        114311.0
      ],
      "mean": 114311.0,
      "std": 0.0,
      "min": 114311.0,
      "max": 114311.0,
      "count": 1,
      "ratio_to_perfect": 0.9566494547706522
    },
    "llm": {
      "rewards": [
        115618.0
      ],
      "mean": 115618.0,
      "std": 0.0,
      "min": 115618.0,
      "max": 115618.0,
      "count": 1,
      "ratio_to_perfect": 0.9675875170514934
    },
    "llm_to_or": {
      "rewards": [
        116219.0
      ],
      "mean": 116219.0,
      "std": 0.0,
      "min": 116219.0,
      "max": 116219.0,
      "count": 1,
      "ratio_to_perfect": 0.9726171845578329
    },
    "or_to_llm": {
      "rewards": [
        115453.0
      ],
      "mean": 115453.0,
      "std": 0.0,
      "min": 115453.0,
      "max": 115453.0,
      "count": 1,
      "ratio_to_perfect": 0.9662066599158096
    },
    "perfect_score": {
      "rewards": [
        119491.0
      ],
      "mean": 119491.0,
      "std": 0.0,
      "min": 119491.0,
      "max": 119491.0,
      "count": 1,
      "ratio_to_perfect": 1.0
    }
  },
  "errors": {}
}