{
  "instance_dir": "/shared/share_malatown/OR_Agent/examples/benchmark/real_trajectory/lead_time_4/708021001",
  "instance_name": "708021001",
  "promised_lead_time": 4,
  "model": "x-ai/grok-4.1-fast",
  "num_runs_llm": 1,
  "num_runs_deterministic": 1,
  "max_periods": null,
  "summary": {
    "perfect_score": 51813.0,
    "ratios": {
      "or": 0.7228687781058808,
      "llm": 0.6485824020998591,
      "llm_to_or": 0.6437766583675911,
      "or_to_llm": 0.718294636481192,
      "perfect_score": 1.0
    },
    "warnings": null
  },
  "results": {
    "or": {
      "rewards": [
        37454.0
      ],
      "mean": 37454.0,
      "std": 0.0,
      "min": 37454.0,
      "max": 37454.0,
      "count": 1,
      "ratio_to_perfect": 0.7228687781058808
    },
    "llm": {
      "rewards": [
        33605.0
      ],
      "mean": 33605.0,
      "std": 0.0,
      "min": 33605.0,
      "max": 33605.0,
      "count": 1,
      "ratio_to_perfect": 0.6485824020998591
    },
    "llm_to_or": {
      "rewards": [
        33356.0
      ],
      "mean": 33356.0,
      "std": 0.0,
      "min": 33356.0,
      "max": 33356.0,
      "count": 1,
      "ratio_to_perfect": 0.6437766583675911
    },
    "or_to_llm": {
      "rewards": [
        37217.0
      ],
      "mean": 37217.0,
      "std": 0.0,
      "min": 37217.0,
      "max": 37217.0,
      "count": 1,
      "ratio_to_perfect": 0.718294636481192
    },
    "perfect_score": {
      "rewards": [
        51813.0
      ],
      "mean": 51813.0,
      "std": 0.0,
      "min": 51813.0,
      "max": 51813.0,
      "count": 1,
      "ratio_to_perfect": 1.0
    }
  },
  "errors": {}
}