{
  "instance_dir": "D:\\TextArena\\examples\\benchmark\\synthetic_trajectory\\lead_time_0\\p08_multi_changepoint\\v4_mild_fluctuations\\r2_med",
  "instance_name": "r2_med",
  "promised_lead_time": 0,
  "model": "google/gemini-3-flash-preview",
  "num_runs_llm": 1,
  "num_runs_deterministic": 1,
  "max_periods": null,
  "summary": {
    "perfect_score": 19704.0,
    "ratios": {
      "or": 0.8975334957369062,
      "llm": 0.9144336175395859,
      "llm_to_or": 0.9026593585058871,
      "or_to_llm": 0.9043848964677222,
      "perfect_score": 1.0
    },
    "warnings": null
  },
  "results": {
    "or": {
      "rewards": [
        17685.0
      ],
      "mean": 17685.0,
      "std": 0.0,
      "min": 17685.0,
      "max": 17685.0,
      "count": 1,
      "ratio_to_perfect": 0.8975334957369062
    },
    "llm": {
      "rewards": [
        18018.0
      ],
      "mean": 18018.0,
      "std": 0.0,
      "min": 18018.0,
      "max": 18018.0,
      "count": 1,
      "ratio_to_perfect": 0.9144336175395859
    },
    "llm_to_or": {
      "rewards": [
        17786.0
      ],
      "mean": 17786.0,
      "std": 0.0,
      "min": 17786.0,
      "max": 17786.0,
      "count": 1,
      "ratio_to_perfect": 0.9026593585058871
    },
    "or_to_llm": {
      "rewards": [
        17820.0
      ],
      "mean": 17820.0,
      "std": 0.0,
      "min": 17820.0,
      "max": 17820.0,
      "count": 1,
      "ratio_to_perfect": 0.9043848964677222
    },
    "perfect_score": {
      "rewards": [
        19704.0
      ],
      "mean": 19704.0,
      "std": 0.0,
      "min": 19704.0,
      "max": 19704.0,
      "count": 1,
      "ratio_to_perfect": 1.0
    }
  },
  "errors": {}
}