{
  "instance_dir": "D:\\TextArena\\examples\\benchmark\\real_trajectory\\lead_time_0\\640021005",
  "instance_name": "640021005",
  "promised_lead_time": 0,
  "model": "google/gemini-3-flash-preview",
  "num_runs_llm": 1,
  "num_runs_deterministic": 1,
  "max_periods": null,
  "summary": {
    "perfect_score": 6021.0,
    "ratios": {
      "or": 0.4617173227038698,
      "llm": 0.5105464208603222,
      "llm_to_or": 0.5625311410064773,
      "or_to_llm": 0.41803687095166914,
      "perfect_score": 1.0
    },
    "warnings": null
  },
  "results": {
    "or": {
      "rewards": [
        2780.0
      ],
      "mean": 2780.0,
      "std": 0.0,
      "min": 2780.0,
      "max": 2780.0,
      "count": 1,
      "ratio_to_perfect": 0.4617173227038698
    },
    "llm": {
      "rewards": [
        3074.0
      ],
      "mean": 3074.0,
      "std": 0.0,
      "min": 3074.0,
      "max": 3074.0,
      "count": 1,
      "ratio_to_perfect": 0.5105464208603222
    },
    "llm_to_or": {
      "rewards": [
        3387.0
      ],
      "mean": 3387.0,
      "std": 0.0,
      "min": 3387.0,
      "max": 3387.0,
      "count": 1,
      "ratio_to_perfect": 0.5625311410064773
    },
    "or_to_llm": {
      "rewards": [
        2517.0
      ],
      "mean": 2517.0,
      "std": 0.0,
      "min": 2517.0,
      "max": 2517.0,
      "count": 1,
      "ratio_to_perfect": 0.41803687095166914
    },
    "perfect_score": {
      "rewards": [
        6021.0
      ],
      "mean": 6021.0,
      "std": 0.0,
      "min": 6021.0,
      "max": 6021.0,
      "count": 1,
      "ratio_to_perfect": 1.0
    }
  },
  "errors": {}
}