{
  "instance_dir": "D:\\TextArena\\examples\\benchmark\\real_trajectory\\lead_time_stochastic\\673396002",
  "instance_name": "673396002",
  "promised_lead_time": 2,
  "model": "google/gemini-3-flash-preview",
  "num_runs_llm": 1,
  "num_runs_deterministic": 1,
  "max_periods": null,
  "summary": {
    "perfect_score": 193990.0,
    "ratios": {
      "or": 0.3269601525851848,
      "llm": 0.658719521624826,
      "llm_to_or": 0.5211093355327594,
      "or_to_llm": 0.5616887468426207,
      "perfect_score": 1.0
    },
    "warnings": null
  },
  "results": {
    "or": {
      "rewards": [
        63427.0
      ],
      "mean": 63427.0,
      "std": 0.0,
      "min": 63427.0,
      "max": 63427.0,
      "count": 1,
      "ratio_to_perfect": 0.3269601525851848
    },
    "llm": {
      "rewards": [
        127785.0
      ],
      "mean": 127785.0,
      "std": 0.0,
      "min": 127785.0,
      "max": 127785.0,
      "count": 1,
      "ratio_to_perfect": 0.658719521624826
    },
    "llm_to_or": {
      "rewards": [
        101090.0
      ],
      "mean": 101090.0,
      "std": 0.0,
      "min": 101090.0,
      "max": 101090.0,
      "count": 1,
      "ratio_to_perfect": 0.5211093355327594
    },
    "or_to_llm": {
      "rewards": [
        108962.0
      ],
      "mean": 108962.0,
      "std": 0.0,
      "min": 108962.0,
      "max": 108962.0,
      "count": 1,
      "ratio_to_perfect": 0.5616887468426207
    },
    "perfect_score": {
      "rewards": [
        193990.0
      ],
      "mean": 193990.0,
      "std": 0.0,
      "min": 193990.0,
      "max": 193990.0,
      "count": 1,
      "ratio_to_perfect": 1.0
    }
  },
  "errors": {}
}