{
  "instance_dir": "/shared/share_malatown/OR-Agent-GPT5mini-benchmark/examples/benchmark/real_trajectory/lead_time_stochastic/717490015",
  "instance_name": "717490015",
  "promised_lead_time": 2,
  "model": "openai/gpt-5-mini",
  "num_runs_llm": 1,
  "num_runs_deterministic": 1,
  "max_periods": null,
  "summary": {
    "perfect_score": 51433.0,
    "ratios": {
      "or": 0.3210584644100091,
      "llm": 0.18923648241401436,
      "llm_to_or": 0.12128400054439757,
      "or_to_llm": 0.3398012948884957,
      "perfect_score": 1.0
    },
    "warnings": null
  },
  "results": {
    "or": {
      "rewards": [
        16513.0
      ],
      "mean": 16513.0,
      "std": 0.0,
      "min": 16513.0,
      "max": 16513.0,
      "count": 1,
      "ratio_to_perfect": 0.3210584644100091
    },
    "llm": {
      "rewards": [
        9733.0
      ],
      "mean": 9733.0,
      "std": 0.0,
      "min": 9733.0,
      "max": 9733.0,
      "count": 1,
      "ratio_to_perfect": 0.18923648241401436
    },
    "llm_to_or": {
      "rewards": [
        6238.0
      ],
      "mean": 6238.0,
      "std": 0.0,
      "min": 6238.0,
      "max": 6238.0,
      "count": 1,
      "ratio_to_perfect": 0.12128400054439757
    },
    "or_to_llm": {
      "rewards": [
        17477.0
      ],
      "mean": 17477.0,
      "std": 0.0,
      "min": 17477.0,
      "max": 17477.0,
      "count": 1,
      "ratio_to_perfect": 0.3398012948884957
    },
    "perfect_score": {
      "rewards": [
        51433.0
      ],
      "mean": 51433.0,
      "std": 0.0,
      "min": 51433.0,
      "max": 51433.0,
      "count": 1,
      "ratio_to_perfect": 1.0
    }
  },
  "errors": {}
}