{
  "instance_dir": "D:\\TextArena\\examples\\benchmark\\synthetic_trajectory\\lead_time_4\\p10_autocorrelated\\v2_phi_0_5\\r2_med",
  "instance_name": "r2_med",
  "promised_lead_time": 4,
  "model": "openai/gpt-5-mini",
  "num_runs_llm": 1,
  "num_runs_deterministic": 1,
  "max_periods": null,
  "summary": {
    "perfect_score": 18360.0,
    "ratios": {
      "or": 0.5293572984749455,
      "llm": 0.43790849673202614,
      "llm_to_or": 0.48970588235294116,
      "or_to_llm": 0.47772331154684095,
      "perfect_score": 1.0
    },
    "warnings": null
  },
  "results": {
    "or": {
      "rewards": [
        9719.0
      ],
      "mean": 9719.0,
      "std": 0.0,
      "min": 9719.0,
      "max": 9719.0,
      "count": 1,
      "ratio_to_perfect": 0.5293572984749455
    },
    "llm": {
      "rewards": [
        8040.0
      ],
      "mean": 8040.0,
      "std": 0.0,
      "min": 8040.0,
      "max": 8040.0,
      "count": 1,
      "ratio_to_perfect": 0.43790849673202614
    },
    "llm_to_or": {
      "rewards": [
        8991.0
      ],
      "mean": 8991.0,
      "std": 0.0,
      "min": 8991.0,
      "max": 8991.0,
      "count": 1,
      "ratio_to_perfect": 0.48970588235294116
    },
    "or_to_llm": {
      "rewards": [
        8771.0
      ],
      "mean": 8771.0,
      "std": 0.0,
      "min": 8771.0,
      "max": 8771.0,
      "count": 1,
      "ratio_to_perfect": 0.47772331154684095
    },
    "perfect_score": {
      "rewards": [
        18360.0
      ],
      "mean": 18360.0,
      "std": 0.0,
      "min": 18360.0,
      "max": 18360.0,
      "count": 1,
      "ratio_to_perfect": 1.0
    }
  },
  "errors": {}
}