{
  "instance_dir": "/shared/share_malatown/OR_Agent/examples/benchmark/synthetic_trajectory/lead_time_stochastic/p05_decreasing_trend/v1_200_minus_3t/r1_high",
  "instance_name": "r1_high",
  "promised_lead_time": 2,
  "model": "x-ai/grok-4.1-fast",
  "num_runs_llm": 1,
  "num_runs_deterministic": 1,
  "max_periods": null,
  "summary": {
    "perfect_score": 119700.0,
    "ratios": {
      "or": 0.16548036758563076,
      "llm": 0.7436340852130325,
      "llm_to_or": 0.5971428571428572,
      "or_to_llm": 0.591687552213868,
      "perfect_score": 1.0
    },
    "warnings": null
  },
  "results": {
    "or": {
      "rewards": [
        19808.0
      ],
      "mean": 19808.0,
      "std": 0.0,
      "min": 19808.0,
      "max": 19808.0,
      "count": 1,
      "ratio_to_perfect": 0.16548036758563076
    },
    "llm": {
      "rewards": [
        89013.0
      ],
      "mean": 89013.0,
      "std": 0.0,
      "min": 89013.0,
      "max": 89013.0,
      "count": 1,
      "ratio_to_perfect": 0.7436340852130325
    },
    "llm_to_or": {
      "rewards": [
        71478.0
      ],
      "mean": 71478.0,
      "std": 0.0,
      "min": 71478.0,
      "max": 71478.0,
      "count": 1,
      "ratio_to_perfect": 0.5971428571428572
    },
    "or_to_llm": {
      "rewards": [
        70825.0
      ],
      "mean": 70825.0,
      "std": 0.0,
      "min": 70825.0,
      "max": 70825.0,
      "count": 1,
      "ratio_to_perfect": 0.591687552213868
    },
    "perfect_score": {
      "rewards": [
        119700.0
      ],
      "mean": 119700.0,
      "std": 0.0,
      "min": 119700.0,
      "max": 119700.0,
      "count": 1,
      "ratio_to_perfect": 1.0
    }
  },
  "errors": {}
}