{
  "instance_dir": "D:\\TextArena\\examples\\benchmark\\real_trajectory\\lead_time_4\\554598057",
  "instance_name": "554598057",
  "promised_lead_time": 4,
  "model": "google/gemini-3-flash-preview",
  "num_runs_llm": 1,
  "num_runs_deterministic": 1,
  "max_periods": null,
  "summary": {
    "perfect_score": 3677.0,
    "ratios": {
      "or": -2.296437313026924,
      "llm": -3.039162360620071,
      "llm_to_or": -1.7568670111503943,
      "or_to_llm": -2.284199075333152,
      "perfect_score": 1.0
    },
    "warnings": null
  },
  "results": {
    "or": {
      "rewards": [
        -8444.0
      ],
      "mean": -8444.0,
      "std": 0.0,
      "min": -8444.0,
      "max": -8444.0,
      "count": 1,
      "ratio_to_perfect": -2.296437313026924
    },
    "llm": {
      "rewards": [
        -11175.0
      ],
      "mean": -11175.0,
      "std": 0.0,
      "min": -11175.0,
      "max": -11175.0,
      "count": 1,
      "ratio_to_perfect": -3.039162360620071
    },
    "llm_to_or": {
      "rewards": [
        -6460.0
      ],
      "mean": -6460.0,
      "std": 0.0,
      "min": -6460.0,
      "max": -6460.0,
      "count": 1,
      "ratio_to_perfect": -1.7568670111503943
    },
    "or_to_llm": {
      "rewards": [
        -8399.0
      ],
      "mean": -8399.0,
      "std": 0.0,
      "min": -8399.0,
      "max": -8399.0,
      "count": 1,
      "ratio_to_perfect": -2.284199075333152
    },
    "perfect_score": {
      "rewards": [
        3677.0
      ],
      "mean": 3677.0,
      "std": 0.0,
      "min": 3677.0,
      "max": 3677.0,
      "count": 1,
      "ratio_to_perfect": 1.0
    }
  },
  "errors": {}
}