{
  "instance_dir": "/shared/share_malatown/OR_Agent/examples/benchmark/real_trajectory/lead_time_stochastic/720504001",
  "instance_name": "720504001",
  "promised_lead_time": 2,
  "model": "x-ai/grok-4.1-fast",
  "num_runs_llm": 1,
  "num_runs_deterministic": 1,
  "max_periods": null,
  "summary": {
    "perfect_score": 10676.0,
    "ratios": {
      "or": 0.1981079055826152,
      "llm": 0.445859872611465,
      "llm_to_or": -0.04730236043461971,
      "or_to_llm": 0.4556013488197827,
      "perfect_score": 1.0
    },
    "warnings": null
  },
  "results": {
    "or": {
      "rewards": [
        2115.0
      ],
      "mean": 2115.0,
      "std": 0.0,
      "min": 2115.0,
      "max": 2115.0,
      "count": 1,
      "ratio_to_perfect": 0.1981079055826152
    },
    "llm": {
      "rewards": [
        4760.0
      ],
      "mean": 4760.0,
      "std": 0.0,
      "min": 4760.0,
      "max": 4760.0,
      "count": 1,
      "ratio_to_perfect": 0.445859872611465
    },
    "llm_to_or": {
      "rewards": [
        -505.0
      ],
      "mean": -505.0,
      "std": 0.0,
      "min": -505.0,
      "max": -505.0,
      "count": 1,
      "ratio_to_perfect": -0.04730236043461971
    },
    "or_to_llm": {
      "rewards": [
        4864.0
      ],
      "mean": 4864.0,
      "std": 0.0,
      "min": 4864.0,
      "max": 4864.0,
      "count": 1,
      "ratio_to_perfect": 0.4556013488197827
    },
    "perfect_score": {
      "rewards": [
        10676.0
      ],
      "mean": 10676.0,
      "std": 0.0,
      "min": 10676.0,
      "max": 10676.0,
      "count": 1,
      "ratio_to_perfect": 1.0
    }
  },
  "errors": {}
}