{
  "instance_dir": "/shared/share_malatown/OR_Agent/examples/benchmark/real_trajectory/lead_time_stochastic/448509001",
  "instance_name": "448509001",
  "promised_lead_time": 2,
  "model": "x-ai/grok-4.1-fast",
  "num_runs_llm": 1,
  "num_runs_deterministic": 1,
  "max_periods": null,
  "summary": {
    "perfect_score": 22352.0,
    "ratios": {
      "or": 0.2238725841088046,
      "llm": 0.160567287043665,
      "llm_to_or": 0.16736757337151037,
      "or_to_llm": 0.3682891911238368,
      "perfect_score": 1.0
    },
    "warnings": null
  },
  "results": {
    "or": {
      "rewards": [
        5004.0
      ],
      "mean": 5004.0,
      "std": 0.0,
      "min": 5004.0,
      "max": 5004.0,
      "count": 1,
      "ratio_to_perfect": 0.2238725841088046
    },
    "llm": {
      "rewards": [
        3589.0
      ],
      "mean": 3589.0,
      "std": 0.0,
      "min": 3589.0,
      "max": 3589.0,
      "count": 1,
      "ratio_to_perfect": 0.160567287043665
    },
    "llm_to_or": {
      "rewards": [
        3741.0
      ],
      "mean": 3741.0,
      "std": 0.0,
      "min": 3741.0,
      "max": 3741.0,
      "count": 1,
      "ratio_to_perfect": 0.16736757337151037
    },
    "or_to_llm": {
      "rewards": [
        8232.0
      ],
      "mean": 8232.0,
      "std": 0.0,
      "min": 8232.0,
      "max": 8232.0,
      "count": 1,
      "ratio_to_perfect": 0.3682891911238368
    },
    "perfect_score": {
      "rewards": [
        22352.0
      ],
      "mean": 22352.0,
      "std": 0.0,
      "min": 22352.0,
      "max": 22352.0,
      "count": 1,
      "ratio_to_perfect": 1.0
    }
  },
  "errors": {}
}