{
  "instance_dir": "/shared/share_malatown/OR_Agent/examples/benchmark/synthetic_trajectory/lead_time_4/p09_temp_spike_dip/v3_surge_new_normal/r2_high",
  "instance_name": "r2_high",
  "promised_lead_time": 4,
  "model": "x-ai/grok-4.1-fast",
  "num_runs_llm": 1,
  "num_runs_deterministic": 1,
  "max_periods": null,
  "summary": {
    "perfect_score": 132449.0,
    "ratios": {
      "or": 0.7245052812780769,
      "llm": 0.7059169944657944,
      "llm_to_or": 0.7573028108932495,
      "or_to_llm": 0.7634636728099118,
      "perfect_score": 1.0
    },
    "warnings": null
  },
  "results": {
    "or": {
      "rewards": [
        95960.0
      ],
      "mean": 95960.0,
      "std": 0.0,
      "min": 95960.0,
      "max": 95960.0,
      "count": 1,
      "ratio_to_perfect": 0.7245052812780769
    },
    "llm": {
      "rewards": [
        93498.0
      ],
      "mean": 93498.0,
      "std": 0.0,
      "min": 93498.0,
      "max": 93498.0,
      "count": 1,
      "ratio_to_perfect": 0.7059169944657944
    },
    "llm_to_or": {
      "rewards": [
        100304.0
      ],
      "mean": 100304.0,
      "std": 0.0,
      "min": 100304.0,
      "max": 100304.0,
      "count": 1,
      "ratio_to_perfect": 0.7573028108932495
    },
    "or_to_llm": {
      "rewards": [
        101120.0
      ],
      "mean": 101120.0,
      "std": 0.0,
      "min": 101120.0,
      "max": 101120.0,
      "count": 1,
      "ratio_to_perfect": 0.7634636728099118
    },
    "perfect_score": {
      "rewards": [
        132449.0
      ],
      "mean": 132449.0,
      "std": 0.0,
      "min": 132449.0,
      "max": 132449.0,
      "count": 1,
      "ratio_to_perfect": 1.0
    }
  },
  "errors": {}
}