{
  "instance_dir": "/shared/share_malatown/OR_Agent/examples/benchmark/real_trajectory/lead_time_stochastic/179950001",
  "instance_name": "179950001",
  "promised_lead_time": 2,
  "model": "x-ai/grok-4.1-fast",
  "num_runs_llm": 1,
  "num_runs_deterministic": 1,
  "max_periods": null,
  "summary": {
    "perfect_score": 75753.0,
    "ratios": {
      "or": 0.23292806885535886,
      "llm": 0.6900320779375074,
      "llm_to_or": 0.3389832745897852,
      "or_to_llm": 0.44055020923263766,
      "perfect_score": 1.0
    },
    "warnings": null
  },
  "results": {
    "or": {
      "rewards": [
        17645.0
      ],
      "mean": 17645.0,
      "std": 0.0,
      "min": 17645.0,
      "max": 17645.0,
      "count": 1,
      "ratio_to_perfect": 0.23292806885535886
    },
    "llm": {
      "rewards": [
        52272.0
      ],
      "mean": 52272.0,
      "std": 0.0,
      "min": 52272.0,
      "max": 52272.0,
      "count": 1,
      "ratio_to_perfect": 0.6900320779375074
    },
    "llm_to_or": {
      "rewards": [
        25679.0
      ],
      "mean": 25679.0,
      "std": 0.0,
      "min": 25679.0,
      "max": 25679.0,
      "count": 1,
      "ratio_to_perfect": 0.3389832745897852
    },
    "or_to_llm": {
      "rewards": [
        33373.0
      ],
      "mean": 33373.0,
      "std": 0.0,
      "min": 33373.0,
      "max": 33373.0,
      "count": 1,
      "ratio_to_perfect": 0.44055020923263766
    },
    "perfect_score": {
      "rewards": [
        75753.0
      ],
      "mean": 75753.0,
      "std": 0.0,
      "min": 75753.0,
      "max": 75753.0,
      "count": 1,
      "ratio_to_perfect": 1.0
    }
  },
  "errors": {}
}