{
  "instance_dir": "/shared/share_malatown/OR-Agent-GPT5mini-benchmark/examples/benchmark/real_trajectory/lead_time_0/160442007",
  "instance_name": "160442007",
  "promised_lead_time": 0,
  "model": "openai/gpt-5-mini",
  "num_runs_llm": 1,
  "num_runs_deterministic": 1,
  "max_periods": null,
  "summary": {
    "perfect_score": 8465.0,
    "ratios": {
      "or": 0.6528056704075605,
      "llm": 0.6349675132900178,
      "llm_to_or": 0.6567040756054341,
      "or_to_llm": 0.6616656822209096,
      "perfect_score": 1.0
    },
    "warnings": null
  },
  "results": {
    "or": {
      "rewards": [
        5526.0
      ],
      "mean": 5526.0,
      "std": 0.0,
      "min": 5526.0,
      "max": 5526.0,
      "count": 1,
      "ratio_to_perfect": 0.6528056704075605
    },
    "llm": {
      "rewards": [
        5375.0
      ],
      "mean": 5375.0,
      "std": 0.0,
      "min": 5375.0,
      "max": 5375.0,
      "count": 1,
      "ratio_to_perfect": 0.6349675132900178
    },
    "llm_to_or": {
      "rewards": [
        5559.0
      ],
      "mean": 5559.0,
      "std": 0.0,
      "min": 5559.0,
      "max": 5559.0,
      "count": 1,
      "ratio_to_perfect": 0.6567040756054341
    },
    "or_to_llm": {
      "rewards": [
        5601.0
      ],
      "mean": 5601.0,
      "std": 0.0,
      "min": 5601.0,
      "max": 5601.0,
      "count": 1,
      "ratio_to_perfect": 0.6616656822209096
    },
    "perfect_score": {
      "rewards": [
        8465.0
      ],
      "mean": 8465.0,
      "std": 0.0,
      "min": 8465.0,
      "max": 8465.0,
      "count": 1,
      "ratio_to_perfect": 1.0
    }
  },
  "errors": {}
}