{
  "instance_dir": "/shared/share_malatown/OR-Agent-GPT5mini-benchmark/examples/benchmark/real_trajectory/lead_time_0/660726001",
  "instance_name": "660726001",
  "promised_lead_time": 0,
  "model": "openai/gpt-5-mini",
  "num_runs_llm": 1,
  "num_runs_deterministic": 1,
  "max_periods": null,
  "summary": {
    "perfect_score": 65303.0,
    "ratios": {
      "or": 0.8603739491294428,
      "llm": 0.8041743870878827,
      "llm_to_or": 0.8378481846163269,
      "or_to_llm": 0.8209270630752032,
      "perfect_score": 1.0
    },
    "warnings": null
  },
  "results": {
    "or": {
      "rewards": [
        56185.0
      ],
      "mean": 56185.0,
      "std": 0.0,
      "min": 56185.0,
      "max": 56185.0,
      "count": 1,
      "ratio_to_perfect": 0.8603739491294428
    },
    "llm": {
      "rewards": [
        52515.0
      ],
      "mean": 52515.0,
      "std": 0.0,
      "min": 52515.0,
      "max": 52515.0,
      "count": 1,
      "ratio_to_perfect": 0.8041743870878827
    },
    "llm_to_or": {
      "rewards": [
        54714.0
      ],
      "mean": 54714.0,
      "std": 0.0,
      "min": 54714.0,
      "max": 54714.0,
      "count": 1,
      "ratio_to_perfect": 0.8378481846163269
    },
    "or_to_llm": {
      "rewards": [
        53609.0
      ],
      "mean": 53609.0,
      "std": 0.0,
      "min": 53609.0,
      "max": 53609.0,
      "count": 1,
      "ratio_to_perfect": 0.8209270630752032
    },
    "perfect_score": {
      "rewards": [
        65303.0
      ],
      "mean": 65303.0,
      "std": 0.0,
      "min": 65303.0,
      "max": 65303.0,
      "count": 1,
      "ratio_to_perfect": 1.0
    }
  },
  "errors": {}
}