{
  "instance_dir": "D:\\TextArena\\examples\\benchmark\\real_trajectory\\lead_time_stochastic\\678942001",
  "instance_name": "678942001",
  "promised_lead_time": 2,
  "model": "google/gemini-3-flash-preview",
  "num_runs_llm": 1,
  "num_runs_deterministic": 1,
  "max_periods": null,
  "summary": {
    "perfect_score": 5998.0,
    "ratios": {
      "or": 0.13487829276425475,
      "llm": -0.5526842280760254,
      "llm_to_or": 0.10353451150383461,
      "or_to_llm": 0.059853284428142715,
      "perfect_score": 1.0
    },
    "warnings": null
  },
  "results": {
    "or": {
      "rewards": [
        809.0
      ],
      "mean": 809.0,
      "std": 0.0,
      "min": 809.0,
      "max": 809.0,
      "count": 1,
      "ratio_to_perfect": 0.13487829276425475
    },
    "llm": {
      "rewards": [
        -3315.0
      ],
      "mean": -3315.0,
      "std": 0.0,
      "min": -3315.0,
      "max": -3315.0,
      "count": 1,
      "ratio_to_perfect": -0.5526842280760254
    },
    "llm_to_or": {
      "rewards": [
        621.0
      ],
      "mean": 621.0,
      "std": 0.0,
      "min": 621.0,
      "max": 621.0,
      "count": 1,
      "ratio_to_perfect": 0.10353451150383461
    },
    "or_to_llm": {
      "rewards": [
        359.0
      ],
      "mean": 359.0,
      "std": 0.0,
      "min": 359.0,
      "max": 359.0,
      "count": 1,
      "ratio_to_perfect": 0.059853284428142715
    },
    "perfect_score": {
      "rewards": [
        5998.0
      ],
      "mean": 5998.0,
      "std": 0.0,
      "min": 5998.0,
      "max": 5998.0,
      "count": 1,
      "ratio_to_perfect": 1.0
    }
  },
  "errors": {}
}