{
  "instance_dir": "D:\\TextArena\\examples\\benchmark\\real_trajectory\\lead_time_stochastic\\160442007",
  "instance_name": "160442007",
  "promised_lead_time": 2,
  "model": "google/gemini-3-flash-preview",
  "num_runs_llm": 1,
  "num_runs_deterministic": 1,
  "max_periods": null,
  "summary": {
    "perfect_score": 33860.0,
    "ratios": {
      "or": 0.15233313644418192,
      "llm": 0.3053455404607206,
      "llm_to_or": 0.31653868871825164,
      "or_to_llm": 0.39881866509155345,
      "perfect_score": 1.0
    },
    "warnings": null
  },
  "results": {
    "or": {
      "rewards": [
        5158.0
      ],
      "mean": 5158.0,
      "std": 0.0,
      "min": 5158.0,
      "max": 5158.0,
      "count": 1,
      "ratio_to_perfect": 0.15233313644418192
    },
    "llm": {
      "rewards": [
        10339.0
      ],
      "mean": 10339.0,
      "std": 0.0,
      "min": 10339.0,
      "max": 10339.0,
      "count": 1,
      "ratio_to_perfect": 0.3053455404607206
    },
    "llm_to_or": {
      "rewards": [
        10718.0
      ],
      "mean": 10718.0,
      "std": 0.0,
      "min": 10718.0,
      "max": 10718.0,
      "count": 1,
      "ratio_to_perfect": 0.31653868871825164
    },
    "or_to_llm": {
      "rewards": [
        13504.0
      ],
      "mean": 13504.0,
      "std": 0.0,
      "min": 13504.0,
      "max": 13504.0,
      "count": 1,
      "ratio_to_perfect": 0.39881866509155345
    },
    "perfect_score": {
      "rewards": [
        33860.0
      ],
      "mean": 33860.0,
      "std": 0.0,
      "min": 33860.0,
      "max": 33860.0,
      "count": 1,
      "ratio_to_perfect": 1.0
    }
  },
  "errors": {}
}