{
  "instance_dir": "D:\\TextArena\\examples\\benchmark\\synthetic_trajectory\\lead_time_4\\p01_stationary_iid\\v4_uniform_50_150\\r2_high",
  "instance_name": "r2_high",
  "promised_lead_time": 4,
  "model": "openai/gpt-5-mini",
  "num_runs_llm": 1,
  "num_runs_deterministic": 1,
  "max_periods": null,
  "summary": {
    "perfect_score": 86659.0,
    "ratios": {
      "or": 0.8595068025248387,
      "llm": 0.8009554691376545,
      "llm_to_or": 0.8540601668609146,
      "or_to_llm": 0.820918773583817,
      "perfect_score": 1.0
    },
    "warnings": null
  },
  "results": {
    "or": {
      "rewards": [
        74484.0
      ],
      "mean": 74484.0,
      "std": 0.0,
      "min": 74484.0,
      "max": 74484.0,
      "count": 1,
      "ratio_to_perfect": 0.8595068025248387
    },
    "llm": {
      "rewards": [
        69410.0
      ],
      "mean": 69410.0,
      "std": 0.0,
      "min": 69410.0,
      "max": 69410.0,
      "count": 1,
      "ratio_to_perfect": 0.8009554691376545
    },
    "llm_to_or": {
      "rewards": [
        74012.0
      ],
      "mean": 74012.0,
      "std": 0.0,
      "min": 74012.0,
      "max": 74012.0,
      "count": 1,
      "ratio_to_perfect": 0.8540601668609146
    },
    "or_to_llm": {
      "rewards": [
        71140.0
      ],
      "mean": 71140.0,
      "std": 0.0,
      "min": 71140.0,
      "max": 71140.0,
      "count": 1,
      "ratio_to_perfect": 0.820918773583817
    },
    "perfect_score": {
      "rewards": [
        86659.0
      ],
      "mean": 86659.0,
      "std": 0.0,
      "min": 86659.0,
      "max": 86659.0,
      "count": 1,
      "ratio_to_perfect": 1.0
    }
  },
  "errors": {}
}