{
  "instance_dir": "/shared/share_malatown/OR_Agent/examples/benchmark/synthetic_trajectory/lead_time_0/p06_variance_change/v2_var_increase/r1_high",
  "instance_name": "r1_high",
  "promised_lead_time": 0,
  "model": "x-ai/grok-4.1-fast",
  "num_runs_llm": 1,
  "num_runs_deterministic": 1,
  "max_periods": null,
  "summary": {
    "perfect_score": 99541.0,
    "ratios": {
      "or": 0.9506133151163842,
      "llm": 0.9436513597412122,
      "llm_to_or": 0.954400699209371,
      "or_to_llm": 0.9492570900432987,
      "perfect_score": 1.0
    },
    "warnings": null
  },
  "results": {
    "or": {
      "rewards": [
        94625.0
      ],
      "mean": 94625.0,
      "std": 0.0,
      "min": 94625.0,
      "max": 94625.0,
      "count": 1,
      "ratio_to_perfect": 0.9506133151163842
    },
    "llm": {
      "rewards": [
        93932.0
      ],
      "mean": 93932.0,
      "std": 0.0,
      "min": 93932.0,
      "max": 93932.0,
      "count": 1,
      "ratio_to_perfect": 0.9436513597412122
    },
    "llm_to_or": {
      "rewards": [
        95002.0
      ],
      "mean": 95002.0,
      "std": 0.0,
      "min": 95002.0,
      "max": 95002.0,
      "count": 1,
      "ratio_to_perfect": 0.954400699209371
    },
    "or_to_llm": {
      "rewards": [
        94490.0
      ],
      "mean": 94490.0,
      "std": 0.0,
      "min": 94490.0,
      "max": 94490.0,
      "count": 1,
      "ratio_to_perfect": 0.9492570900432987
    },
    "perfect_score": {
      "rewards": [
        99541.0
      ],
      "mean": 99541.0,
      "std": 0.0,
      "min": 99541.0,
      "max": 99541.0,
      "count": 1,
      "ratio_to_perfect": 1.0
    }
  },
  "errors": {}
}