{
  "instance_dir": "/shared/share_malatown/OR_Agent/examples/benchmark/synthetic_trajectory/lead_time_4/p04_increasing_trend/v1_linear_100t/r2_low",
  "instance_name": "r2_low",
  "promised_lead_time": 4,
  "model": "x-ai/grok-4.1-fast",
  "num_runs_llm": 1,
  "num_runs_deterministic": 1,
  "max_periods": null,
  "summary": {
    "perfect_score": 127942.0,
    "ratios": {
      "or": 0.4102249456785106,
      "llm": 0.49488049272326523,
      "llm_to_or": 0.8150959028309703,
      "or_to_llm": 0.7792280877272514,
      "perfect_score": 1.0
    },
    "warnings": null
  },
  "results": {
    "or": {
      "rewards": [
        52485.0
      ],
      "mean": 52485.0,
      "std": 0.0,
      "min": 52485.0,
      "max": 52485.0,
      "count": 1,
      "ratio_to_perfect": 0.4102249456785106
    },
    "llm": {
      "rewards": [
        63316.0
      ],
      "mean": 63316.0,
      "std": 0.0,
      "min": 63316.0,
      "max": 63316.0,
      "count": 1,
      "ratio_to_perfect": 0.49488049272326523
    },
    "llm_to_or": {
      "rewards": [
        104285.0
      ],
      "mean": 104285.0,
      "std": 0.0,
      "min": 104285.0,
      "max": 104285.0,
      "count": 1,
      "ratio_to_perfect": 0.8150959028309703
    },
    "or_to_llm": {
      "rewards": [
        99696.0
      ],
      "mean": 99696.0,
      "std": 0.0,
      "min": 99696.0,
      "max": 99696.0,
      "count": 1,
      "ratio_to_perfect": 0.7792280877272514
    },
    "perfect_score": {
      "rewards": [
        127942.0
      ],
      "mean": 127942.0,
      "std": 0.0,
      "min": 127942.0,
      "max": 127942.0,
      "count": 1,
      "ratio_to_perfect": 1.0
    }
  },
  "errors": {}
}