{
  "instance_dir": "D:\\TextArena\\examples\\benchmark\\synthetic_trajectory\\lead_time_0\\p04_increasing_trend\\v3_exp_1_05\\r1_low",
  "instance_name": "r1_low",
  "promised_lead_time": 0,
  "model": "openai/gpt-5-mini",
  "num_runs_llm": 1,
  "num_runs_deterministic": 1,
  "max_periods": null,
  "summary": {
    "perfect_score": 21818.0,
    "ratios": {
      "or": 0.4644330369419745,
      "llm": 0.8892657438811991,
      "llm_to_or": 0.6344761206343387,
      "or_to_llm": 0.8826656888807407,
      "perfect_score": 1.0
    },
    "warnings": null
  },
  "results": {
    "or": {
      "rewards": [
        10133.0
      ],
      "mean": 10133.0,
      "std": 0.0,
      "min": 10133.0,
      "max": 10133.0,
      "count": 1,
      "ratio_to_perfect": 0.4644330369419745
    },
    "llm": {
      "rewards": [
        19402.0
      ],
      "mean": 19402.0,
      "std": 0.0,
      "min": 19402.0,
      "max": 19402.0,
      "count": 1,
      "ratio_to_perfect": 0.8892657438811991
    },
    "llm_to_or": {
      "rewards": [
        13843.0
      ],
      "mean": 13843.0,
      "std": 0.0,
      "min": 13843.0,
      "max": 13843.0,
      "count": 1,
      "ratio_to_perfect": 0.6344761206343387
    },
    "or_to_llm": {
      "rewards": [
        19258.0
      ],
      "mean": 19258.0,
      "std": 0.0,
      "min": 19258.0,
      "max": 19258.0,
      "count": 1,
      "ratio_to_perfect": 0.8826656888807407
    },
    "perfect_score": {
      "rewards": [
        21818.0
      ],
      "mean": 21818.0,
      "std": 0.0,
      "min": 21818.0,
      "max": 21818.0,
      "count": 1,
      "ratio_to_perfect": 1.0
    }
  },
  "errors": {}
}