{
  "instance_dir": "/shared/share_malatown/OR-Agent-GPT5mini-benchmark/examples/benchmark/real_trajectory/lead_time_stochastic/554772002",
  "instance_name": "554772002",
  "promised_lead_time": 2,
  "model": "openai/gpt-5-mini",
  "num_runs_llm": 1,
  "num_runs_deterministic": 1,
  "max_periods": null,
  "summary": {
    "perfect_score": 12920.0,
    "ratios": {
      "or": 0.1571981424148607,
      "llm": -0.01609907120743034,
      "llm_to_or": 0.06137770897832817,
      "or_to_llm": 0.32190402476780183,
      "perfect_score": 1.0
    },
    "warnings": null
  },
  "results": {
    "or": {
      "rewards": [
        2031.0
      ],
      "mean": 2031.0,
      "std": 0.0,
      "min": 2031.0,
      "max": 2031.0,
      "count": 1,
      "ratio_to_perfect": 0.1571981424148607
    },
    "llm": {
      "rewards": [
        -208.0
      ],
      "mean": -208.0,
      "std": 0.0,
      "min": -208.0,
      "max": -208.0,
      "count": 1,
      "ratio_to_perfect": -0.01609907120743034
    },
    "llm_to_or": {
      "rewards": [
        793.0
      ],
      "mean": 793.0,
      "std": 0.0,
      "min": 793.0,
      "max": 793.0,
      "count": 1,
      "ratio_to_perfect": 0.06137770897832817
    },
    "or_to_llm": {
      "rewards": [
        4159.0
      ],
      "mean": 4159.0,
      "std": 0.0,
      "min": 4159.0,
      "max": 4159.0,
      "count": 1,
      "ratio_to_perfect": 0.32190402476780183
    },
    "perfect_score": {
      "rewards": [
        12920.0
      ],
      "mean": 12920.0,
      "std": 0.0,
      "min": 12920.0,
      "max": 12920.0,
      "count": 1,
      "ratio_to_perfect": 1.0
    }
  },
  "errors": {}
}