{
  "instance_dir": "D:\\TextArena\\examples\\benchmark\\synthetic_trajectory\\lead_time_stochastic\\p01_stationary_iid\\v1_normal_100_25\\r1_med",
  "instance_name": "r1_med",
  "promised_lead_time": 2,
  "model": "openai/gpt-5-mini",
  "num_runs_llm": 1,
  "num_runs_deterministic": 1,
  "max_periods": null,
  "summary": {
    "perfect_score": 20488.0,
    "ratios": {
      "or": 0.09620265521280749,
      "llm": 0.25424638812963685,
      "llm_to_or": 0.17307692307692307,
      "or_to_llm": 0.12451190941038656,
      "perfect_score": 1.0
    },
    "warnings": null
  },
  "results": {
    "or": {
      "rewards": [
        1971.0
      ],
      "mean": 1971.0,
      "std": 0.0,
      "min": 1971.0,
      "max": 1971.0,
      "count": 1,
      "ratio_to_perfect": 0.09620265521280749
    },
    "llm": {
      "rewards": [
        5209.0
      ],
      "mean": 5209.0,
      "std": 0.0,
      "min": 5209.0,
      "max": 5209.0,
      "count": 1,
      "ratio_to_perfect": 0.25424638812963685
    },
    "llm_to_or": {
      "rewards": [
        3546.0
      ],
      "mean": 3546.0,
      "std": 0.0,
      "min": 3546.0,
      "max": 3546.0,
      "count": 1,
      "ratio_to_perfect": 0.17307692307692307
    },
    "or_to_llm": {
      "rewards": [
        2551.0
      ],
      "mean": 2551.0,
      "std": 0.0,
      "min": 2551.0,
      "max": 2551.0,
      "count": 1,
      "ratio_to_perfect": 0.12451190941038656
    },
    "perfect_score": {
      "rewards": [
        20488.0
      ],
      "mean": 20488.0,
      "std": 0.0,
      "min": 20488.0,
      "max": 20488.0,
      "count": 1,
      "ratio_to_perfect": 1.0
    }
  },
  "errors": {}
}