{
  "instance_dir": "/shared/share_malatown/OR_Agent/examples/benchmark/synthetic_trajectory/lead_time_4/p09_temp_spike_dip/v2_temp_dip/r1_med",
  "instance_name": "r1_med",
  "promised_lead_time": 4,
  "model": "x-ai/grok-4.1-fast",
  "num_runs_llm": 1,
  "num_runs_deterministic": 1,
  "max_periods": null,
  "summary": {
    "perfect_score": 18552.0,
    "ratios": {
      "or": 0.6537839586028461,
      "llm": 0.25296463993100476,
      "llm_to_or": 0.6217658473479948,
      "or_to_llm": 0.5938982319965502,
      "perfect_score": 1.0
    },
    "warnings": null
  },
  "results": {
    "or": {
      "rewards": [
        12129.0
      ],
      "mean": 12129.0,
      "std": 0.0,
      "min": 12129.0,
      "max": 12129.0,
      "count": 1,
      "ratio_to_perfect": 0.6537839586028461
    },
    "llm": {
      "rewards": [
        4693.0
      ],
      "mean": 4693.0,
      "std": 0.0,
      "min": 4693.0,
      "max": 4693.0,
      "count": 1,
      "ratio_to_perfect": 0.25296463993100476
    },
    "llm_to_or": {
      "rewards": [
        11535.0
      ],
      "mean": 11535.0,
      "std": 0.0,
      "min": 11535.0,
      "max": 11535.0,
      "count": 1,
      "ratio_to_perfect": 0.6217658473479948
    },
    "or_to_llm": {
      "rewards": [
        11018.0
      ],
      "mean": 11018.0,
      "std": 0.0,
      "min": 11018.0,
      "max": 11018.0,
      "count": 1,
      "ratio_to_perfect": 0.5938982319965502
    },
    "perfect_score": {
      "rewards": [
        18552.0
      ],
      "mean": 18552.0,
      "std": 0.0,
      "min": 18552.0,
      "max": 18552.0,
      "count": 1,
      "ratio_to_perfect": 1.0
    }
  },
  "errors": {}
}