{
  "instance_dir": "/shared/share_malatown/OR_Agent/examples/benchmark/real_trajectory/lead_time_stochastic/573716012",
  "instance_name": "573716012",
  "promised_lead_time": 2,
  "model": "x-ai/grok-4.1-fast",
  "num_runs_llm": 1,
  "num_runs_deterministic": 1,
  "max_periods": null,
  "summary": {
    "perfect_score": 10164.0,
    "ratios": {
      "or": 0.18083431719795356,
      "llm": -0.5890397481306572,
      "llm_to_or": -3.225108225108225,
      "or_to_llm": 0.2547225501770956,
      "perfect_score": 1.0
    },
    "warnings": null
  },
  "results": {
    "or": {
      "rewards": [
        1838.0
      ],
      "mean": 1838.0,
      "std": 0.0,
      "min": 1838.0,
      "max": 1838.0,
      "count": 1,
      "ratio_to_perfect": 0.18083431719795356
    },
    "llm": {
      "rewards": [
        -5987.0
      ],
      "mean": -5987.0,
      "std": 0.0,
      "min": -5987.0,
      "max": -5987.0,
      "count": 1,
      "ratio_to_perfect": -0.5890397481306572
    },
    "llm_to_or": {
      "rewards": [
        -32780.0
      ],
      "mean": -32780.0,
      "std": 0.0,
      "min": -32780.0,
      "max": -32780.0,
      "count": 1,
      "ratio_to_perfect": -3.225108225108225
    },
    "or_to_llm": {
      "rewards": [
        2589.0
      ],
      "mean": 2589.0,
      "std": 0.0,
      "min": 2589.0,
      "max": 2589.0,
      "count": 1,
      "ratio_to_perfect": 0.2547225501770956
    },
    "perfect_score": {
      "rewards": [
        10164.0
      ],
      "mean": 10164.0,
      "std": 0.0,
      "min": 10164.0,
      "max": 10164.0,
      "count": 1,
      "ratio_to_perfect": 1.0
    }
  },
  "errors": {}
}