{
  "instance_dir": "/shared/share_malatown/OR_Agent/examples/benchmark/real_trajectory/lead_time_4/561445006",
  "instance_name": "561445006",
  "promised_lead_time": 4,
  "model": "x-ai/grok-4.1-fast",
  "num_runs_llm": 1,
  "num_runs_deterministic": 1,
  "max_periods": null,
  "summary": {
    "perfect_score": 13664.0,
    "ratios": {
      "or": 0.10985070257611242,
      "llm": -0.06469555035128806,
      "llm_to_or": 0.43823185011709603,
      "or_to_llm": 0.4555766978922717,
      "perfect_score": 1.0
    },
    "warnings": null
  },
  "results": {
    "or": {
      "rewards": [
        1501.0
      ],
      "mean": 1501.0,
      "std": 0.0,
      "min": 1501.0,
      "max": 1501.0,
      "count": 1,
      "ratio_to_perfect": 0.10985070257611242
    },
    "llm": {
      "rewards": [
        -884.0
      ],
      "mean": -884.0,
      "std": 0.0,
      "min": -884.0,
      "max": -884.0,
      "count": 1,
      "ratio_to_perfect": -0.06469555035128806
    },
    "llm_to_or": {
      "rewards": [
        5988.0
      ],
      "mean": 5988.0,
      "std": 0.0,
      "min": 5988.0,
      "max": 5988.0,
      "count": 1,
      "ratio_to_perfect": 0.43823185011709603
    },
    "or_to_llm": {
      "rewards": [
        6225.0
      ],
      "mean": 6225.0,
      "std": 0.0,
      "min": 6225.0,
      "max": 6225.0,
      "count": 1,
      "ratio_to_perfect": 0.4555766978922717
    },
    "perfect_score": {
      "rewards": [
        13664.0
      ],
      "mean": 13664.0,
      "std": 0.0,
      "min": 13664.0,
      "max": 13664.0,
      "count": 1,
      "ratio_to_perfect": 1.0
    }
  },
  "errors": {}
}