{
  "instance_dir": "/shared/share_malatown/OR_Agent/examples/benchmark/synthetic_trajectory/lead_time_0/p05_decreasing_trend/v1_200_minus_3t/r2_high",
  "instance_name": "r2_high",
  "promised_lead_time": 0,
  "model": "x-ai/grok-4.1-fast",
  "num_runs_llm": 1,
  "num_runs_deterministic": 1,
  "max_periods": null,
  "summary": {
    "perfect_score": 119491.0,
    "ratios": {
      "or": 0.9566494547706522,
      "llm": 0.968374187177277,
      "llm_to_or": 0.9758977663589726,
      "or_to_llm": 0.9682319170481459,
      "perfect_score": 1.0
    },
    "warnings": null
  },
  "results": {
    "or": {
      "rewards": [
        114311.0
      ],
      "mean": 114311.0,
      "std": 0.0,
      "min": 114311.0,
      "max": 114311.0,
      "count": 1,
      "ratio_to_perfect": 0.9566494547706522
    },
    "llm": {
      "rewards": [
        115712.0
      ],
      "mean": 115712.0,
      "std": 0.0,
      "min": 115712.0,
      "max": 115712.0,
      "count": 1,
      "ratio_to_perfect": 0.968374187177277
    },
    "llm_to_or": {
      "rewards": [
        116611.0
      ],
      "mean": 116611.0,
      "std": 0.0,
      "min": 116611.0,
      "max": 116611.0,
      "count": 1,
      "ratio_to_perfect": 0.9758977663589726
    },
    "or_to_llm": {
      "rewards": [
        115695.0
      ],
      "mean": 115695.0,
      "std": 0.0,
      "min": 115695.0,
      "max": 115695.0,
      "count": 1,
      "ratio_to_perfect": 0.9682319170481459
    },
    "perfect_score": {
      "rewards": [
        119491.0
      ],
      "mean": 119491.0,
      "std": 0.0,
      "min": 119491.0,
      "max": 119491.0,
      "count": 1,
      "ratio_to_perfect": 1.0
    }
  },
  "errors": {}
}