{
  "instance_dir": "D:\\TextArena\\examples\\benchmark\\real_trajectory\\lead_time_stochastic\\621381012",
  "instance_name": "621381012",
  "promised_lead_time": 2,
  "model": "google/gemini-3-flash-preview",
  "num_runs_llm": 1,
  "num_runs_deterministic": 1,
  "max_periods": null,
  "summary": {
    "perfect_score": 14520.0,
    "ratios": {
      "or": 0.2940082644628099,
      "llm": 0.38388429752066117,
      "llm_to_or": 0.038774104683195594,
      "or_to_llm": 0.36012396694214877,
      "perfect_score": 1.0
    },
    "warnings": null
  },
  "results": {
    "or": {
      "rewards": [
        4269.0
      ],
      "mean": 4269.0,
      "std": 0.0,
      "min": 4269.0,
      "max": 4269.0,
      "count": 1,
      "ratio_to_perfect": 0.2940082644628099
    },
    "llm": {
      "rewards": [
        5574.0
      ],
      "mean": 5574.0,
      "std": 0.0,
      "min": 5574.0,
      "max": 5574.0,
      "count": 1,
      "ratio_to_perfect": 0.38388429752066117
    },
    "llm_to_or": {
      "rewards": [
        563.0
      ],
      "mean": 563.0,
      "std": 0.0,
      "min": 563.0,
      "max": 563.0,
      "count": 1,
      "ratio_to_perfect": 0.038774104683195594
    },
    "or_to_llm": {
      "rewards": [
        5229.0
      ],
      "mean": 5229.0,
      "std": 0.0,
      "min": 5229.0,
      "max": 5229.0,
      "count": 1,
      "ratio_to_perfect": 0.36012396694214877
    },
    "perfect_score": {
      "rewards": [
        14520.0
      ],
      "mean": 14520.0,
      "std": 0.0,
      "min": 14520.0,
      "max": 14520.0,
      "count": 1,
      "ratio_to_perfect": 1.0
    }
  },
  "errors": {}
}