{
  "instance_dir": "/shared/share_malatown/OR_Agent/examples/benchmark/synthetic_trajectory/lead_time_4/p09_temp_spike_dip/v1_temp_surge/r1_high",
  "instance_name": "r1_high",
  "promised_lead_time": 4,
  "model": "x-ai/grok-4.1-fast",
  "num_runs_llm": 1,
  "num_runs_deterministic": 1,
  "max_periods": null,
  "summary": {
    "perfect_score": 117876.0,
    "ratios": {
      "or": 0.7391411313583766,
      "llm": 0.4639536462044861,
      "llm_to_or": 0.7774356103023516,
      "or_to_llm": 0.7878618208965353,
      "perfect_score": 1.0
    },
    "warnings": null
  },
  "results": {
    "or": {
      "rewards": [
        87127.0
      ],
      "mean": 87127.0,
      "std": 0.0,
      "min": 87127.0,
      "max": 87127.0,
      "count": 1,
      "ratio_to_perfect": 0.7391411313583766
    },
    "llm": {
      "rewards": [
        54689.0
      ],
      "mean": 54689.0,
      "std": 0.0,
      "min": 54689.0,
      "max": 54689.0,
      "count": 1,
      "ratio_to_perfect": 0.4639536462044861
    },
    "llm_to_or": {
      "rewards": [
        91641.0
      ],
      "mean": 91641.0,
      "std": 0.0,
      "min": 91641.0,
      "max": 91641.0,
      "count": 1,
      "ratio_to_perfect": 0.7774356103023516
    },
    "or_to_llm": {
      "rewards": [
        92870.0
      ],
      "mean": 92870.0,
      "std": 0.0,
      "min": 92870.0,
      "max": 92870.0,
      "count": 1,
      "ratio_to_perfect": 0.7878618208965353
    },
    "perfect_score": {
      "rewards": [
        117876.0
      ],
      "mean": 117876.0,
      "std": 0.0,
      "min": 117876.0,
      "max": 117876.0,
      "count": 1,
      "ratio_to_perfect": 1.0
    }
  },
  "errors": {}
}