{
  "instance_dir": "/shared/share_malatown/OR-Agent-GPT5mini-benchmark/examples/benchmark/real_trajectory/lead_time_stochastic/108775044",
  "instance_name": "108775044",
  "promised_lead_time": 2,
  "model": "openai/gpt-5-mini",
  "num_runs_llm": 1,
  "num_runs_deterministic": 1,
  "max_periods": null,
  "summary": {
    "perfect_score": 4194.0,
    "ratios": {
      "or": 0.24439675727229376,
      "llm": -0.9909394372913686,
      "llm_to_or": 0.2701478302336671,
      "or_to_llm": 0.03814973772055317,
      "perfect_score": 1.0
    },
    "warnings": null
  },
  "results": {
    "or": {
      "rewards": [
        1025.0
      ],
      "mean": 1025.0,
      "std": 0.0,
      "min": 1025.0,
      "max": 1025.0,
      "count": 1,
      "ratio_to_perfect": 0.24439675727229376
    },
    "llm": {
      "rewards": [
        -4156.0
      ],
      "mean": -4156.0,
      "std": 0.0,
      "min": -4156.0,
      "max": -4156.0,
      "count": 1,
      "ratio_to_perfect": -0.9909394372913686
    },
    "llm_to_or": {
      "rewards": [
        1133.0
      ],
      "mean": 1133.0,
      "std": 0.0,
      "min": 1133.0,
      "max": 1133.0,
      "count": 1,
      "ratio_to_perfect": 0.2701478302336671
    },
    "or_to_llm": {
      "rewards": [
        160.0
      ],
      "mean": 160.0,
      "std": 0.0,
      "min": 160.0,
      "max": 160.0,
      "count": 1,
      "ratio_to_perfect": 0.03814973772055317
    },
    "perfect_score": {
      "rewards": [
        4194.0
      ],
      "mean": 4194.0,
      "std": 0.0,
      "min": 4194.0,
      "max": 4194.0,
      "count": 1,
      "ratio_to_perfect": 1.0
    }
  },
  "errors": {}
}