{
  "instance_dir": "D:\\TextArena\\examples\\benchmark\\real_trajectory\\lead_time_0\\732842002",
  "instance_name": "732842002",
  "promised_lead_time": 0,
  "model": "google/gemini-3-flash-preview",
  "num_runs_llm": 1,
  "num_runs_deterministic": 1,
  "max_periods": null,
  "summary": {
    "perfect_score": 3549.0,
    "ratios": {
      "or": 0.48605240912933223,
      "llm": 0.3440405748098056,
      "llm_to_or": 0.5700197238658777,
      "or_to_llm": 0.5063398140321217,
      "perfect_score": 1.0
    },
    "warnings": null
  },
  "results": {
    "or": {
      "rewards": [
        1725.0
      ],
      "mean": 1725.0,
      "std": 0.0,
      "min": 1725.0,
      "max": 1725.0,
      "count": 1,
      "ratio_to_perfect": 0.48605240912933223
    },
    "llm": {
      "rewards": [
        1221.0
      ],
      "mean": 1221.0,
      "std": 0.0,
      "min": 1221.0,
      "max": 1221.0,
      "count": 1,
      "ratio_to_perfect": 0.3440405748098056
    },
    "llm_to_or": {
      "rewards": [
        2023.0
      ],
      "mean": 2023.0,
      "std": 0.0,
      "min": 2023.0,
      "max": 2023.0,
      "count": 1,
      "ratio_to_perfect": 0.5700197238658777
    },
    "or_to_llm": {
      "rewards": [
        1797.0
      ],
      "mean": 1797.0,
      "std": 0.0,
      "min": 1797.0,
      "max": 1797.0,
      "count": 1,
      "ratio_to_perfect": 0.5063398140321217
    },
    "perfect_score": {
      "rewards": [
        3549.0
      ],
      "mean": 3549.0,
      "std": 0.0,
      "min": 3549.0,
      "max": 3549.0,
      "count": 1,
      "ratio_to_perfect": 1.0
    }
  },
  "errors": {}
}