{
  "instance_dir": "D:\\TextArena\\examples\\benchmark\\real_trajectory\\lead_time_4\\568808001",
  "instance_name": "568808001",
  "promised_lead_time": 4,
  "model": "google/gemini-3-flash-preview",
  "num_runs_llm": 1,
  "num_runs_deterministic": 1,
  "max_periods": null,
  "summary": {
    "perfect_score": 2896.0,
    "ratios": {
      "or": 0.40400552486187846,
      "llm": -0.5075966850828729,
      "llm_to_or": 0.26312154696132595,
      "or_to_llm": 0.1408839779005525,
      "perfect_score": 1.0
    },
    "warnings": null
  },
  "results": {
    "or": {
      "rewards": [
        1170.0
      ],
      "mean": 1170.0,
      "std": 0.0,
      "min": 1170.0,
      "max": 1170.0,
      "count": 1,
      "ratio_to_perfect": 0.40400552486187846
    },
    "llm": {
      "rewards": [
        -1470.0
      ],
      "mean": -1470.0,
      "std": 0.0,
      "min": -1470.0,
      "max": -1470.0,
      "count": 1,
      "ratio_to_perfect": -0.5075966850828729
    },
    "llm_to_or": {
      "rewards": [
        762.0
      ],
      "mean": 762.0,
      "std": 0.0,
      "min": 762.0,
      "max": 762.0,
      "count": 1,
      "ratio_to_perfect": 0.26312154696132595
    },
    "or_to_llm": {
      "rewards": [
        408.0
      ],
      "mean": 408.0,
      "std": 0.0,
      "min": 408.0,
      "max": 408.0,
      "count": 1,
      "ratio_to_perfect": 0.1408839779005525
    },
    "perfect_score": {
      "rewards": [
        2896.0
      ],
      "mean": 2896.0,
      "std": 0.0,
      "min": 2896.0,
      "max": 2896.0,
      "count": 1,
      "ratio_to_perfect": 1.0
    }
  },
  "errors": {}
}