{
  "instance_dir": "/shared/share_malatown/OR-Agent-GPT5mini-benchmark/examples/benchmark/real_trajectory/lead_time_0/457892003",
  "instance_name": "457892003",
  "promised_lead_time": 0,
  "model": "openai/gpt-5-mini",
  "num_runs_llm": 1,
  "num_runs_deterministic": 1,
  "max_periods": null,
  "summary": {
    "perfect_score": 8732.0,
    "ratios": {
      "or": 0.7916857535501604,
      "llm": 0.8323408153916628,
      "llm_to_or": 0.8136738433348603,
      "or_to_llm": 0.8269583142464498,
      "perfect_score": 1.0
    },
    "warnings": null
  },
  "results": {
    "or": {
      "rewards": [
        6913.0
      ],
      "mean": 6913.0,
      "std": 0.0,
      "min": 6913.0,
      "max": 6913.0,
      "count": 1,
      "ratio_to_perfect": 0.7916857535501604
    },
    "llm": {
      "rewards": [
        7268.0
      ],
      "mean": 7268.0,
      "std": 0.0,
      "min": 7268.0,
      "max": 7268.0,
      "count": 1,
      "ratio_to_perfect": 0.8323408153916628
    },
    "llm_to_or": {
      "rewards": [
        7105.0
      ],
      "mean": 7105.0,
      "std": 0.0,
      "min": 7105.0,
      "max": 7105.0,
      "count": 1,
      "ratio_to_perfect": 0.8136738433348603
    },
    "or_to_llm": {
      "rewards": [
        7221.0
      ],
      "mean": 7221.0,
      "std": 0.0,
      "min": 7221.0,
      "max": 7221.0,
      "count": 1,
      "ratio_to_perfect": 0.8269583142464498
    },
    "perfect_score": {
      "rewards": [
        8732.0
      ],
      "mean": 8732.0,
      "std": 0.0,
      "min": 8732.0,
      "max": 8732.0,
      "count": 1,
      "ratio_to_perfect": 1.0
    }
  },
  "errors": {}
}