{
  "instance_dir": "D:\\TextArena\\examples\\benchmark\\synthetic_trajectory\\lead_time_stochastic\\p05_decreasing_trend\\v2_exp_decay_0_97\\r2_high",
  "instance_name": "r2_high",
  "promised_lead_time": 2,
  "model": "google/gemini-3-flash-preview",
  "num_runs_llm": 1,
  "num_runs_deterministic": 1,
  "max_periods": null,
  "summary": {
    "perfect_score": 96007.0,
    "ratios": {
      "or": 0.20640161654879333,
      "llm": 0.5492203693480684,
      "llm_to_or": 0.3694313956274022,
      "or_to_llm": 0.624183653275282,
      "perfect_score": 1.0
    },
    "warnings": null
  },
  "results": {
    "or": {
      "rewards": [
        19816.0
      ],
      "mean": 19816.0,
      "std": 0.0,
      "min": 19816.0,
      "max": 19816.0,
      "count": 1,
      "ratio_to_perfect": 0.20640161654879333
    },
    "llm": {
      "rewards": [
        52729.0
      ],
      "mean": 52729.0,
      "std": 0.0,
      "min": 52729.0,
      "max": 52729.0,
      "count": 1,
      "ratio_to_perfect": 0.5492203693480684
    },
    "llm_to_or": {
      "rewards": [
        35468.0
      ],
      "mean": 35468.0,
      "std": 0.0,
      "min": 35468.0,
      "max": 35468.0,
      "count": 1,
      "ratio_to_perfect": 0.3694313956274022
    },
    "or_to_llm": {
      "rewards": [
        59926.0
      ],
      "mean": 59926.0,
      "std": 0.0,
      "min": 59926.0,
      "max": 59926.0,
      "count": 1,
      "ratio_to_perfect": 0.624183653275282
    },
    "perfect_score": {
      "rewards": [
        96007.0
      ],
      "mean": 96007.0,
      "std": 0.0,
      "min": 96007.0,
      "max": 96007.0,
      "count": 1,
      "ratio_to_perfect": 1.0
    }
  },
  "errors": {}
}