{
  "instance_dir": "D:\\TextArena\\examples\\benchmark\\synthetic_trajectory\\lead_time_4\\p03_mean_decrease\\v4_150to80\\r2_med",
  "instance_name": "r2_med",
  "promised_lead_time": 4,
  "model": "google/gemini-3-flash-preview",
  "num_runs_llm": 1,
  "num_runs_deterministic": 1,
  "max_periods": null,
  "summary": {
    "perfect_score": 20116.0,
    "ratios": {
      "or": 0.3471863193477829,
      "llm": 0.4375621395903758,
      "llm_to_or": 0.5663153708490754,
      "or_to_llm": 0.5049214555577649,
      "perfect_score": 1.0
    },
    "warnings": null
  },
  "results": {
    "or": {
      "rewards": [
        6984.0
      ],
      "mean": 6984.0,
      "std": 0.0,
      "min": 6984.0,
      "max": 6984.0,
      "count": 1,
      "ratio_to_perfect": 0.3471863193477829
    },
    "llm": {
      "rewards": [
        8802.0
      ],
      "mean": 8802.0,
      "std": 0.0,
      "min": 8802.0,
      "max": 8802.0,
      "count": 1,
      "ratio_to_perfect": 0.4375621395903758
    },
    "llm_to_or": {
      "rewards": [
        11392.0
      ],
      "mean": 11392.0,
      "std": 0.0,
      "min": 11392.0,
      "max": 11392.0,
      "count": 1,
      "ratio_to_perfect": 0.5663153708490754
    },
    "or_to_llm": {
      "rewards": [
        10157.0
      ],
      "mean": 10157.0,
      "std": 0.0,
      "min": 10157.0,
      "max": 10157.0,
      "count": 1,
      "ratio_to_perfect": 0.5049214555577649
    },
    "perfect_score": {
      "rewards": [
        20116.0
      ],
      "mean": 20116.0,
      "std": 0.0,
      "min": 20116.0,
      "max": 20116.0,
      "count": 1,
      "ratio_to_perfect": 1.0
    }
  },
  "errors": {}
}