{
  "instance_dir": "/shared/share_malatown/OR-Agent-GPT5mini-benchmark/examples/benchmark/real_trajectory/lead_time_stochastic/706016015",
  "instance_name": "706016015",
  "promised_lead_time": 2,
  "model": "openai/gpt-5-mini",
  "num_runs_llm": 1,
  "num_runs_deterministic": 1,
  "max_periods": null,
  "summary": {
    "perfect_score": 33488.0,
    "ratios": {
      "or": 0.10532130912565695,
      "llm": -0.018334925943621596,
      "llm_to_or": 0.07193621595795509,
      "or_to_llm": 0.2781294792164357,
      "perfect_score": 1.0
    },
    "warnings": null
  },
  "results": {
    "or": {
      "rewards": [
        3527.0
      ],
      "mean": 3527.0,
      "std": 0.0,
      "min": 3527.0,
      "max": 3527.0,
      "count": 1,
      "ratio_to_perfect": 0.10532130912565695
    },
    "llm": {
      "rewards": [
        -614.0
      ],
      "mean": -614.0,
      "std": 0.0,
      "min": -614.0,
      "max": -614.0,
      "count": 1,
      "ratio_to_perfect": -0.018334925943621596
    },
    "llm_to_or": {
      "rewards": [
        2409.0
      ],
      "mean": 2409.0,
      "std": 0.0,
      "min": 2409.0,
      "max": 2409.0,
      "count": 1,
      "ratio_to_perfect": 0.07193621595795509
    },
    "or_to_llm": {
      "rewards": [
        9314.0
      ],
      "mean": 9314.0,
      "std": 0.0,
      "min": 9314.0,
      "max": 9314.0,
      "count": 1,
      "ratio_to_perfect": 0.2781294792164357
    },
    "perfect_score": {
      "rewards": [
        33488.0
      ],
      "mean": 33488.0,
      "std": 0.0,
      "min": 33488.0,
      "max": 33488.0,
      "count": 1,
      "ratio_to_perfect": 1.0
    }
  },
  "errors": {}
}