{
  "instance_dir": "/shared/share_malatown/OR_Agent/examples/benchmark/synthetic_trajectory/lead_time_4/p05_decreasing_trend/v3_150_minus_2t/r2_med",
  "instance_name": "r2_med",
  "promised_lead_time": 4,
  "model": "x-ai/grok-4.1-fast",
  "num_runs_llm": 1,
  "num_runs_deterministic": 1,
  "max_periods": null,
  "summary": {
    "perfect_score": 20092.0,
    "ratios": {
      "or": 0.4775034839737209,
      "llm": 0.3649711327891698,
      "llm_to_or": 0.6665837149114076,
      "or_to_llm": 0.5439976109894485,
      "perfect_score": 1.0
    },
    "warnings": null
  },
  "results": {
    "or": {
      "rewards": [
        9594.0
      ],
      "mean": 9594.0,
      "std": 0.0,
      "min": 9594.0,
      "max": 9594.0,
      "count": 1,
      "ratio_to_perfect": 0.4775034839737209
    },
    "llm": {
      "rewards": [
        7333.0
      ],
      "mean": 7333.0,
      "std": 0.0,
      "min": 7333.0,
      "max": 7333.0,
      "count": 1,
      "ratio_to_perfect": 0.3649711327891698
    },
    "llm_to_or": {
      "rewards": [
        13393.0
      ],
      "mean": 13393.0,
      "std": 0.0,
      "min": 13393.0,
      "max": 13393.0,
      "count": 1,
      "ratio_to_perfect": 0.6665837149114076
    },
    "or_to_llm": {
      "rewards": [
        10930.0
      ],
      "mean": 10930.0,
      "std": 0.0,
      "min": 10930.0,
      "max": 10930.0,
      "count": 1,
      "ratio_to_perfect": 0.5439976109894485
    },
    "perfect_score": {
      "rewards": [
        20092.0
      ],
      "mean": 20092.0,
      "std": 0.0,
      "min": 20092.0,
      "max": 20092.0,
      "count": 1,
      "ratio_to_perfect": 1.0
    }
  },
  "errors": {}
}