{
  "instance_dir": "/shared/share_malatown/OR_Agent/examples/benchmark/synthetic_trajectory/lead_time_0/p02_mean_increase/v1_100to200/r2_high",
  "instance_name": "r2_high",
  "promised_lead_time": 0,
  "model": "x-ai/grok-4.1-fast",
  "num_runs_llm": 1,
  "num_runs_deterministic": 1,
  "max_periods": null,
  "summary": {
    "perfect_score": 163856.0,
    "ratios": {
      "or": 0.9492115027829313,
      "llm": 0.9555585392051558,
      "llm_to_or": 0.9553693486964163,
      "or_to_llm": 0.9485340787032517,
      "perfect_score": 1.0
    },
    "warnings": null
  },
  "results": {
    "or": {
      "rewards": [
        155534.0
      ],
      "mean": 155534.0,
      "std": 0.0,
      "min": 155534.0,
      "max": 155534.0,
      "count": 1,
      "ratio_to_perfect": 0.9492115027829313
    },
    "llm": {
      "rewards": [
        156574.0
      ],
      "mean": 156574.0,
      "std": 0.0,
      "min": 156574.0,
      "max": 156574.0,
      "count": 1,
      "ratio_to_perfect": 0.9555585392051558
    },
    "llm_to_or": {
      "rewards": [
        156543.0
      ],
      "mean": 156543.0,
      "std": 0.0,
      "min": 156543.0,
      "max": 156543.0,
      "count": 1,
      "ratio_to_perfect": 0.9553693486964163
    },
    "or_to_llm": {
      "rewards": [
        155423.0
      ],
      "mean": 155423.0,
      "std": 0.0,
      "min": 155423.0,
      "max": 155423.0,
      "count": 1,
      "ratio_to_perfect": 0.9485340787032517
    },
    "perfect_score": {
      "rewards": [
        163856.0
      ],
      "mean": 163856.0,
      "std": 0.0,
      "min": 163856.0,
      "max": 163856.0,
      "count": 1,
      "ratio_to_perfect": 1.0
    }
  },
  "errors": {}
}