{
  "instance_dir": "D:\\TextArena\\examples\\benchmark\\real_trajectory\\lead_time_0\\507883014",
  "instance_name": "507883014",
  "promised_lead_time": 0,
  "model": "google/gemini-3-flash-preview",
  "num_runs_llm": 1,
  "num_runs_deterministic": 1,
  "max_periods": null,
  "summary": {
    "perfect_score": 52573.0,
    "ratios": {
      "or": 0.9378007722595249,
      "llm": 0.9516862267703955,
      "llm_to_or": 0.9416810910543435,
      "or_to_llm": 0.9438875468396325,
      "perfect_score": 1.0
    },
    "warnings": null
  },
  "results": {
    "or": {
      "rewards": [
        49303.0
      ],
      "mean": 49303.0,
      "std": 0.0,
      "min": 49303.0,
      "max": 49303.0,
      "count": 1,
      "ratio_to_perfect": 0.9378007722595249
    },
    "llm": {
      "rewards": [
        50033.0
      ],
      "mean": 50033.0,
      "std": 0.0,
      "min": 50033.0,
      "max": 50033.0,
      "count": 1,
      "ratio_to_perfect": 0.9516862267703955
    },
    "llm_to_or": {
      "rewards": [
        49507.0
      ],
      "mean": 49507.0,
      "std": 0.0,
      "min": 49507.0,
      "max": 49507.0,
      "count": 1,
      "ratio_to_perfect": 0.9416810910543435
    },
    "or_to_llm": {
      "rewards": [
        49623.0
      ],
      "mean": 49623.0,
      "std": 0.0,
      "min": 49623.0,
      "max": 49623.0,
      "count": 1,
      "ratio_to_perfect": 0.9438875468396325
    },
    "perfect_score": {
      "rewards": [
        52573.0
      ],
      "mean": 52573.0,
      "std": 0.0,
      "min": 52573.0,
      "max": 52573.0,
      "count": 1,
      "ratio_to_perfect": 1.0
    }
  },
  "errors": {}
}