{
  "instance_dir": "/shared/share_malatown/OR_Agent/examples/benchmark/synthetic_trajectory/lead_time_0/p09_temp_spike_dip/v1_temp_surge/r2_med",
  "instance_name": "r2_med",
  "promised_lead_time": 0,
  "model": "x-ai/grok-4.1-fast",
  "num_runs_llm": 1,
  "num_runs_deterministic": 1,
  "max_periods": null,
  "summary": {
    "perfect_score": 24212.0,
    "ratios": {
      "or": 0.8391706591772675,
      "llm": 0.8681645465058648,
      "llm_to_or": 0.8683710556748719,
      "or_to_llm": 0.8830745085081778,
      "perfect_score": 1.0
    },
    "warnings": null
  },
  "results": {
    "or": {
      "rewards": [
        20318.0
      ],
      "mean": 20318.0,
      "std": 0.0,
      "min": 20318.0,
      "max": 20318.0,
      "count": 1,
      "ratio_to_perfect": 0.8391706591772675
    },
    "llm": {
      "rewards": [
        21020.0
      ],
      "mean": 21020.0,
      "std": 0.0,
      "min": 21020.0,
      "max": 21020.0,
      "count": 1,
      "ratio_to_perfect": 0.8681645465058648
    },
    "llm_to_or": {
      "rewards": [
        21025.0
      ],
      "mean": 21025.0,
      "std": 0.0,
      "min": 21025.0,
      "max": 21025.0,
      "count": 1,
      "ratio_to_perfect": 0.8683710556748719
    },
    "or_to_llm": {
      "rewards": [
        21381.0
      ],
      "mean": 21381.0,
      "std": 0.0,
      "min": 21381.0,
      "max": 21381.0,
      "count": 1,
      "ratio_to_perfect": 0.8830745085081778
    },
    "perfect_score": {
      "rewards": [
        24212.0
      ],
      "mean": 24212.0,
      "std": 0.0,
      "min": 24212.0,
      "max": 24212.0,
      "count": 1,
      "ratio_to_perfect": 1.0
    }
  },
  "errors": {}
}