{
  "instance_dir": "/shared/share_malatown/OR_Agent/examples/benchmark/real_trajectory/lead_time_4/399256023",
  "instance_name": "399256023",
  "promised_lead_time": 4,
  "model": "x-ai/grok-4.1-fast",
  "num_runs_llm": 1,
  "num_runs_deterministic": 1,
  "max_periods": null,
  "summary": {
    "perfect_score": 3960.0,
    "ratios": {
      "or": -0.4068181818181818,
      "llm": -1.4467171717171716,
      "llm_to_or": -0.19545454545454546,
      "or_to_llm": -0.6287878787878788,
      "perfect_score": 1.0
    },
    "warnings": null
  },
  "results": {
    "or": {
      "rewards": [
        -1611.0
      ],
      "mean": -1611.0,
      "std": 0.0,
      "min": -1611.0,
      "max": -1611.0,
      "count": 1,
      "ratio_to_perfect": -0.4068181818181818
    },
    "llm": {
      "rewards": [
        -5729.0
      ],
      "mean": -5729.0,
      "std": 0.0,
      "min": -5729.0,
      "max": -5729.0,
      "count": 1,
      "ratio_to_perfect": -1.4467171717171716
    },
    "llm_to_or": {
      "rewards": [
        -774.0
      ],
      "mean": -774.0,
      "std": 0.0,
      "min": -774.0,
      "max": -774.0,
      "count": 1,
      "ratio_to_perfect": -0.19545454545454546
    },
    "or_to_llm": {
      "rewards": [
        -2490.0
      ],
      "mean": -2490.0,
      "std": 0.0,
      "min": -2490.0,
      "max": -2490.0,
      "count": 1,
      "ratio_to_perfect": -0.6287878787878788
    },
    "perfect_score": {
      "rewards": [
        3960.0
      ],
      "mean": 3960.0,
      "std": 0.0,
      "min": 3960.0,
      "max": 3960.0,
      "count": 1,
      "ratio_to_perfect": 1.0
    }
  },
  "errors": {}
}