{
  "instance_dir": "/shared/share_malatown/OR-Agent-GPT5mini-benchmark/examples/benchmark/real_trajectory/lead_time_0/720504001",
  "instance_name": "720504001",
  "promised_lead_time": 0,
  "model": "openai/gpt-5-mini",
  "num_runs_llm": 1,
  "num_runs_deterministic": 1,
  "max_periods": null,
  "summary": {
    "perfect_score": 50711.0,
    "ratios": {
      "or": 0.8908718029618821,
      "llm": 0.8788625741949478,
      "llm_to_or": 0.9268797696752183,
      "or_to_llm": 0.88538975764627,
      "perfect_score": 1.0
    },
    "warnings": null
  },
  "results": {
    "or": {
      "rewards": [
        45177.0
      ],
      "mean": 45177.0,
      "std": 0.0,
      "min": 45177.0,
      "max": 45177.0,
      "count": 1,
      "ratio_to_perfect": 0.8908718029618821
    },
    "llm": {
      "rewards": [
        44568.0
      ],
      "mean": 44568.0,
      "std": 0.0,
      "min": 44568.0,
      "max": 44568.0,
      "count": 1,
      "ratio_to_perfect": 0.8788625741949478
    },
    "llm_to_or": {
      "rewards": [
        47003.0
      ],
      "mean": 47003.0,
      "std": 0.0,
      "min": 47003.0,
      "max": 47003.0,
      "count": 1,
      "ratio_to_perfect": 0.9268797696752183
    },
    "or_to_llm": {
      "rewards": [
        44899.0
      ],
      "mean": 44899.0,
      "std": 0.0,
      "min": 44899.0,
      "max": 44899.0,
      "count": 1,
      "ratio_to_perfect": 0.88538975764627
    },
    "perfect_score": {
      "rewards": [
        50711.0
      ],
      "mean": 50711.0,
      "std": 0.0,
      "min": 50711.0,
      "max": 50711.0,
      "count": 1,
      "ratio_to_perfect": 1.0
    }
  },
  "errors": {}
}