{
  "instance_dir": "D:\\TextArena\\examples\\benchmark\\synthetic_trajectory\\lead_time_stochastic\\p02_mean_increase\\v3_100to300\\r1_high",
  "instance_name": "r1_high",
  "promised_lead_time": 2,
  "model": "google/gemini-3-flash-preview",
  "num_runs_llm": 1,
  "num_runs_deterministic": 1,
  "max_periods": null,
  "summary": {
    "perfect_score": 222585.0,
    "ratios": {
      "or": 0.08204955410292697,
      "llm": 0.6345306287485679,
      "llm_to_or": 0.2800907518476088,
      "or_to_llm": 0.47986611856144845,
      "perfect_score": 1.0
    },
    "warnings": null
  },
  "results": {
    "or": {
      "rewards": [
        18263.0
      ],
      "mean": 18263.0,
      "std": 0.0,
      "min": 18263.0,
      "max": 18263.0,
      "count": 1,
      "ratio_to_perfect": 0.08204955410292697
    },
    "llm": {
      "rewards": [
        141237.0
      ],
      "mean": 141237.0,
      "std": 0.0,
      "min": 141237.0,
      "max": 141237.0,
      "count": 1,
      "ratio_to_perfect": 0.6345306287485679
    },
    "llm_to_or": {
      "rewards": [
        62344.0
      ],
      "mean": 62344.0,
      "std": 0.0,
      "min": 62344.0,
      "max": 62344.0,
      "count": 1,
      "ratio_to_perfect": 0.2800907518476088
    },
    "or_to_llm": {
      "rewards": [
        106811.0
      ],
      "mean": 106811.0,
      "std": 0.0,
      "min": 106811.0,
      "max": 106811.0,
      "count": 1,
      "ratio_to_perfect": 0.47986611856144845
    },
    "perfect_score": {
      "rewards": [
        222585.0
      ],
      "mean": 222585.0,
      "std": 0.0,
      "min": 222585.0,
      "max": 222585.0,
      "count": 1,
      "ratio_to_perfect": 1.0
    }
  },
  "errors": {}
}