{
  "instance_dir": "/shared/share_malatown/OR_Agent/examples/benchmark/synthetic_trajectory/lead_time_stochastic/p03_mean_decrease/v2_100to70/r1_high",
  "instance_name": "r1_high",
  "promised_lead_time": 2,
  "model": "x-ai/grok-4.1-fast",
  "num_runs_llm": 1,
  "num_runs_deterministic": 1,
  "max_periods": null,
  "summary": {
    "perfect_score": 75297.0,
    "ratios": {
      "or": 0.1353440376110602,
      "llm": 0.7420481559690293,
      "llm_to_or": 0.5563435462236211,
      "or_to_llm": 0.6281923582612853,
      "perfect_score": 1.0
    },
    "warnings": null
  },
  "results": {
    "or": {
      "rewards": [
        10191.0
      ],
      "mean": 10191.0,
      "std": 0.0,
      "min": 10191.0,
      "max": 10191.0,
      "count": 1,
      "ratio_to_perfect": 0.1353440376110602
    },
    "llm": {
      "rewards": [
        55874.0
      ],
      "mean": 55874.0,
      "std": 0.0,
      "min": 55874.0,
      "max": 55874.0,
      "count": 1,
      "ratio_to_perfect": 0.7420481559690293
    },
    "llm_to_or": {
      "rewards": [
        41891.0
      ],
      "mean": 41891.0,
      "std": 0.0,
      "min": 41891.0,
      "max": 41891.0,
      "count": 1,
      "ratio_to_perfect": 0.5563435462236211
    },
    "or_to_llm": {
      "rewards": [
        47301.0
      ],
      "mean": 47301.0,
      "std": 0.0,
      "min": 47301.0,
      "max": 47301.0,
      "count": 1,
      "ratio_to_perfect": 0.6281923582612853
    },
    "perfect_score": {
      "rewards": [
        75297.0
      ],
      "mean": 75297.0,
      "std": 0.0,
      "min": 75297.0,
      "max": 75297.0,
      "count": 1,
      "ratio_to_perfect": 1.0
    }
  },
  "errors": {}
}