{
  "instance_dir": "/shared/share_malatown/OR_Agent/examples/benchmark/real_trajectory/lead_time_stochastic/554479001",
  "instance_name": "554479001",
  "promised_lead_time": 2,
  "model": "x-ai/grok-4.1-fast",
  "num_runs_llm": 1,
  "num_runs_deterministic": 1,
  "max_periods": null,
  "summary": {
    "perfect_score": 7317.0,
    "ratios": {
      "or": 0.07913079130791308,
      "llm": -3.3511001776684433,
      "llm_to_or": -21.292879595462622,
      "or_to_llm": -1.3066830668306684,
      "perfect_score": 1.0
    },
    "warnings": null
  },
  "results": {
    "or": {
      "rewards": [
        579.0
      ],
      "mean": 579.0,
      "std": 0.0,
      "min": 579.0,
      "max": 579.0,
      "count": 1,
      "ratio_to_perfect": 0.07913079130791308
    },
    "llm": {
      "rewards": [
        -24520.0
      ],
      "mean": -24520.0,
      "std": 0.0,
      "min": -24520.0,
      "max": -24520.0,
      "count": 1,
      "ratio_to_perfect": -3.3511001776684433
    },
    "llm_to_or": {
      "rewards": [
        -155800.0
      ],
      "mean": -155800.0,
      "std": 0.0,
      "min": -155800.0,
      "max": -155800.0,
      "count": 1,
      "ratio_to_perfect": -21.292879595462622
    },
    "or_to_llm": {
      "rewards": [
        -9561.0
      ],
      "mean": -9561.0,
      "std": 0.0,
      "min": -9561.0,
      "max": -9561.0,
      "count": 1,
      "ratio_to_perfect": -1.3066830668306684
    },
    "perfect_score": {
      "rewards": [
        7317.0
      ],
      "mean": 7317.0,
      "std": 0.0,
      "min": 7317.0,
      "max": 7317.0,
      "count": 1,
      "ratio_to_perfect": 1.0
    }
  },
  "errors": {}
}