{
  "instance_dir": "/shared/share_malatown/OR_Agent/examples/benchmark/synthetic_trajectory/lead_time_stochastic/p02_mean_increase/v3_100to300/r1_med",
  "instance_name": "r1_med",
  "promised_lead_time": 2,
  "model": "x-ai/grok-4.1-fast",
  "num_runs_llm": 1,
  "num_runs_deterministic": 1,
  "max_periods": null,
  "summary": {
    "perfect_score": 46860.0,
    "ratios": {
      "or": 0.0678617157490397,
      "llm": 0.5046094750320103,
      "llm_to_or": -0.20606060606060606,
      "or_to_llm": 0.5279129321382843,
      "perfect_score": 1.0
    },
    "warnings": null
  },
  "results": {
    "or": {
      "rewards": [
        3180.0
      ],
      "mean": 3180.0,
      "std": 0.0,
      "min": 3180.0,
      "max": 3180.0,
      "count": 1,
      "ratio_to_perfect": 0.0678617157490397
    },
    "llm": {
      "rewards": [
        23646.0
      ],
      "mean": 23646.0,
      "std": 0.0,
      "min": 23646.0,
      "max": 23646.0,
      "count": 1,
      "ratio_to_perfect": 0.5046094750320103
    },
    "llm_to_or": {
      "rewards": [
        -9656.0
      ],
      "mean": -9656.0,
      "std": 0.0,
      "min": -9656.0,
      "max": -9656.0,
      "count": 1,
      "ratio_to_perfect": -0.20606060606060606
    },
    "or_to_llm": {
      "rewards": [
        24738.0
      ],
      "mean": 24738.0,
      "std": 0.0,
      "min": 24738.0,
      "max": 24738.0,
      "count": 1,
      "ratio_to_perfect": 0.5279129321382843
    },
    "perfect_score": {
      "rewards": [
        46860.0
      ],
      "mean": 46860.0,
      "std": 0.0,
      "min": 46860.0,
      "max": 46860.0,
      "count": 1,
      "ratio_to_perfect": 1.0
    }
  },
  "errors": {}
}