{
  "instance_dir": "D:\\TextArena\\examples\\benchmark\\real_trajectory\\lead_time_4\\711440001",
  "instance_name": "711440001",
  "promised_lead_time": 4,
  "model": "google/gemini-3-flash-preview",
  "num_runs_llm": 1,
  "num_runs_deterministic": 1,
  "max_periods": null,
  "summary": {
    "perfect_score": 10424.0,
    "ratios": {
      "or": 0.12097083653108212,
      "llm": -0.5973714504988488,
      "llm_to_or": -0.17709132770529548,
      "or_to_llm": -0.12058710667689947,
      "perfect_score": 1.0
    },
    "warnings": null
  },
  "results": {
    "or": {
      "rewards": [
        1261.0
      ],
      "mean": 1261.0,
      "std": 0.0,
      "min": 1261.0,
      "max": 1261.0,
      "count": 1,
      "ratio_to_perfect": 0.12097083653108212
    },
    "llm": {
      "rewards": [
        -6227.0
      ],
      "mean": -6227.0,
      "std": 0.0,
      "min": -6227.0,
      "max": -6227.0,
      "count": 1,
      "ratio_to_perfect": -0.5973714504988488
    },
    "llm_to_or": {
      "rewards": [
        -1846.0
      ],
      "mean": -1846.0,
      "std": 0.0,
      "min": -1846.0,
      "max": -1846.0,
      "count": 1,
      "ratio_to_perfect": -0.17709132770529548
    },
    "or_to_llm": {
      "rewards": [
        -1257.0
      ],
      "mean": -1257.0,
      "std": 0.0,
      "min": -1257.0,
      "max": -1257.0,
      "count": 1,
      "ratio_to_perfect": -0.12058710667689947
    },
    "perfect_score": {
      "rewards": [
        10424.0
      ],
      "mean": 10424.0,
      "std": 0.0,
      "min": 10424.0,
      "max": 10424.0,
      "count": 1,
      "ratio_to_perfect": 1.0
    }
  },
  "errors": {}
}