{
  "instance_dir": "D:\\TextArena\\examples\\benchmark\\real_trajectory\\lead_time_4\\470789001",
  "instance_name": "470789001",
  "promised_lead_time": 4,
  "model": "google/gemini-3-flash-preview",
  "num_runs_llm": 1,
  "num_runs_deterministic": 1,
  "max_periods": null,
  "summary": {
    "perfect_score": 3959.0,
    "ratios": {
      "or": -0.41929780247537257,
      "llm": -1.4162667340237434,
      "llm_to_or": -0.33745895428138417,
      "or_to_llm": -0.6102551149280121,
      "perfect_score": 1.0
    },
    "warnings": null
  },
  "results": {
    "or": {
      "rewards": [
        -1660.0
      ],
      "mean": -1660.0,
      "std": 0.0,
      "min": -1660.0,
      "max": -1660.0,
      "count": 1,
      "ratio_to_perfect": -0.41929780247537257
    },
    "llm": {
      "rewards": [
        -5607.0
      ],
      "mean": -5607.0,
      "std": 0.0,
      "min": -5607.0,
      "max": -5607.0,
      "count": 1,
      "ratio_to_perfect": -1.4162667340237434
    },
    "llm_to_or": {
      "rewards": [
        -1336.0
      ],
      "mean": -1336.0,
      "std": 0.0,
      "min": -1336.0,
      "max": -1336.0,
      "count": 1,
      "ratio_to_perfect": -0.33745895428138417
    },
    "or_to_llm": {
      "rewards": [
        -2416.0
      ],
      "mean": -2416.0,
      "std": 0.0,
      "min": -2416.0,
      "max": -2416.0,
      "count": 1,
      "ratio_to_perfect": -0.6102551149280121
    },
    "perfect_score": {
      "rewards": [
        3959.0
      ],
      "mean": 3959.0,
      "std": 0.0,
      "min": 3959.0,
      "max": 3959.0,
      "count": 1,
      "ratio_to_perfect": 1.0
    }
  },
  "errors": {}
}