{
  "instance_dir": "/shared/share_malatown/OR_Agent/examples/benchmark/synthetic_trajectory/lead_time_0/p09_temp_spike_dip/v4_dip_partial_recovery/r1_high",
  "instance_name": "r1_high",
  "promised_lead_time": 0,
  "model": "x-ai/grok-4.1-fast",
  "num_runs_llm": 1,
  "num_runs_deterministic": 1,
  "max_periods": null,
  "summary": {
    "perfect_score": 74423.0,
    "ratios": {
      "or": 0.9582387165258052,
      "llm": 0.9566128750520673,
      "llm_to_or": 0.9534418123429584,
      "or_to_llm": 0.9612754121709687,
      "perfect_score": 1.0
    },
    "warnings": null
  },
  "results": {
    "or": {
      "rewards": [
        71315.0
      ],
      "mean": 71315.0,
      "std": 0.0,
      "min": 71315.0,
      "max": 71315.0,
      "count": 1,
      "ratio_to_perfect": 0.9582387165258052
    },
    "llm": {
      "rewards": [
        71194.0
      ],
      "mean": 71194.0,
      "std": 0.0,
      "min": 71194.0,
      "max": 71194.0,
      "count": 1,
      "ratio_to_perfect": 0.9566128750520673
    },
    "llm_to_or": {
      "rewards": [
        70958.0
      ],
      "mean": 70958.0,
      "std": 0.0,
      "min": 70958.0,
      "max": 70958.0,
      "count": 1,
      "ratio_to_perfect": 0.9534418123429584
    },
    "or_to_llm": {
      "rewards": [
        71541.0
      ],
      "mean": 71541.0,
      "std": 0.0,
      "min": 71541.0,
      "max": 71541.0,
      "count": 1,
      "ratio_to_perfect": 0.9612754121709687
    },
    "perfect_score": {
      "rewards": [
        74423.0
      ],
      "mean": 74423.0,
      "std": 0.0,
      "min": 74423.0,
      "max": 74423.0,
      "count": 1,
      "ratio_to_perfect": 1.0
    }
  },
  "errors": {}
}