{
  "instance_dir": "/shared/share_malatown/OR_Agent/examples/benchmark/real_trajectory/lead_time_stochastic/678696001",
  "instance_name": "678696001",
  "promised_lead_time": 2,
  "model": "x-ai/grok-4.1-fast",
  "num_runs_llm": 1,
  "num_runs_deterministic": 1,
  "max_periods": null,
  "summary": {
    "perfect_score": 45790.0,
    "ratios": {
      "or": 0.5286088665647521,
      "llm": 0.5598820703210308,
      "llm_to_or": 0.4453592487442673,
      "or_to_llm": 0.7094998908058529,
      "perfect_score": 1.0
    },
    "warnings": null
  },
  "results": {
    "or": {
      "rewards": [
        24205.0
      ],
      "mean": 24205.0,
      "std": 0.0,
      "min": 24205.0,
      "max": 24205.0,
      "count": 1,
      "ratio_to_perfect": 0.5286088665647521
    },
    "llm": {
      "rewards": [
        25637.0
      ],
      "mean": 25637.0,
      "std": 0.0,
      "min": 25637.0,
      "max": 25637.0,
      "count": 1,
      "ratio_to_perfect": 0.5598820703210308
    },
    "llm_to_or": {
      "rewards": [
        20393.0
      ],
      "mean": 20393.0,
      "std": 0.0,
      "min": 20393.0,
      "max": 20393.0,
      "count": 1,
      "ratio_to_perfect": 0.4453592487442673
    },
    "or_to_llm": {
      "rewards": [
        32488.0
      ],
      "mean": 32488.0,
      "std": 0.0,
      "min": 32488.0,
      "max": 32488.0,
      "count": 1,
      "ratio_to_perfect": 0.7094998908058529
    },
    "perfect_score": {
      "rewards": [
        45790.0
      ],
      "mean": 45790.0,
      "std": 0.0,
      "min": 45790.0,
      "max": 45790.0,
      "count": 1,
      "ratio_to_perfect": 1.0
    }
  },
  "errors": {}
}