{
  "instance_dir": "/shared/share_malatown/OR_Agent/examples/benchmark/real_trajectory/lead_time_0/554598001",
  "instance_name": "554598001",
  "promised_lead_time": 0,
  "model": "x-ai/grok-4.1-fast",
  "num_runs_llm": 1,
  "num_runs_deterministic": 1,
  "max_periods": null,
  "summary": {
    "perfect_score": 3600.0,
    "ratios": {
      "or": 0.5208333333333334,
      "llm": 0.6105555555555555,
      "llm_to_or": 0.6633333333333333,
      "or_to_llm": 0.6322222222222222,
      "perfect_score": 1.0
    },
    "warnings": null
  },
  "results": {
    "or": {
      "rewards": [
        1875.0
      ],
      "mean": 1875.0,
      "std": 0.0,
      "min": 1875.0,
      "max": 1875.0,
      "count": 1,
      "ratio_to_perfect": 0.5208333333333334
    },
    "llm": {
      "rewards": [
        2198.0
      ],
      "mean": 2198.0,
      "std": 0.0,
      "min": 2198.0,
      "max": 2198.0,
      "count": 1,
      "ratio_to_perfect": 0.6105555555555555
    },
    "llm_to_or": {
      "rewards": [
        2388.0
      ],
      "mean": 2388.0,
      "std": 0.0,
      "min": 2388.0,
      "max": 2388.0,
      "count": 1,
      "ratio_to_perfect": 0.6633333333333333
    },
    "or_to_llm": {
      "rewards": [
        2276.0
      ],
      "mean": 2276.0,
      "std": 0.0,
      "min": 2276.0,
      "max": 2276.0,
      "count": 1,
      "ratio_to_perfect": 0.6322222222222222
    },
    "perfect_score": {
      "rewards": [
        3600.0
      ],
      "mean": 3600.0,
      "std": 0.0,
      "min": 3600.0,
      "max": 3600.0,
      "count": 1,
      "ratio_to_perfect": 1.0
    }
  },
  "errors": {}
}