{
  "instance_dir": "/shared/share_malatown/OR_Agent/examples/benchmark/real_trajectory/lead_time_stochastic/717464001",
  "instance_name": "717464001",
  "promised_lead_time": 2,
  "model": "x-ai/grok-4.1-fast",
  "num_runs_llm": 1,
  "num_runs_deterministic": 1,
  "max_periods": null,
  "summary": {
    "perfect_score": 21240.0,
    "ratios": {
      "or": 0.21822033898305085,
      "llm": 0.03677024482109228,
      "llm_to_or": -2.2834274952919023,
      "or_to_llm": 0.48912429378531075,
      "perfect_score": 1.0
    },
    "warnings": null
  },
  "results": {
    "or": {
      "rewards": [
        4635.0
      ],
      "mean": 4635.0,
      "std": 0.0,
      "min": 4635.0,
      "max": 4635.0,
      "count": 1,
      "ratio_to_perfect": 0.21822033898305085
    },
    "llm": {
      "rewards": [
        781.0
      ],
      "mean": 781.0,
      "std": 0.0,
      "min": 781.0,
      "max": 781.0,
      "count": 1,
      "ratio_to_perfect": 0.03677024482109228
    },
    "llm_to_or": {
      "rewards": [
        -48500.0
      ],
      "mean": -48500.0,
      "std": 0.0,
      "min": -48500.0,
      "max": -48500.0,
      "count": 1,
      "ratio_to_perfect": -2.2834274952919023
    },
    "or_to_llm": {
      "rewards": [
        10389.0
      ],
      "mean": 10389.0,
      "std": 0.0,
      "min": 10389.0,
      "max": 10389.0,
      "count": 1,
      "ratio_to_perfect": 0.48912429378531075
    },
    "perfect_score": {
      "rewards": [
        21240.0
      ],
      "mean": 21240.0,
      "std": 0.0,
      "min": 21240.0,
      "max": 21240.0,
      "count": 1,
      "ratio_to_perfect": 1.0
    }
  },
  "errors": {}
}