{
  "instance_dir": "/shared/share_malatown/OR_Agent/examples/benchmark/real_trajectory/lead_time_0/554450036",
  "instance_name": "554450036",
  "promised_lead_time": 0,
  "model": "x-ai/grok-4.1-fast",
  "num_runs_llm": 1,
  "num_runs_deterministic": 1,
  "max_periods": null,
  "summary": {
    "perfect_score": 65474.0,
    "ratios": {
      "or": 0.8961114335461404,
      "llm": 0.8729572043864741,
      "llm_to_or": 0.8836179246723891,
      "or_to_llm": 0.9002963008217002,
      "perfect_score": 1.0
    },
    "warnings": null
  },
  "results": {
    "or": {
      "rewards": [
        58672.0
      ],
      "mean": 58672.0,
      "std": 0.0,
      "min": 58672.0,
      "max": 58672.0,
      "count": 1,
      "ratio_to_perfect": 0.8961114335461404
    },
    "llm": {
      "rewards": [
        57156.0
      ],
      "mean": 57156.0,
      "std": 0.0,
      "min": 57156.0,
      "max": 57156.0,
      "count": 1,
      "ratio_to_perfect": 0.8729572043864741
    },
    "llm_to_or": {
      "rewards": [
        57854.0
      ],
      "mean": 57854.0,
      "std": 0.0,
      "min": 57854.0,
      "max": 57854.0,
      "count": 1,
      "ratio_to_perfect": 0.8836179246723891
    },
    "or_to_llm": {
      "rewards": [
        58946.0
      ],
      "mean": 58946.0,
      "std": 0.0,
      "min": 58946.0,
      "max": 58946.0,
      "count": 1,
      "ratio_to_perfect": 0.9002963008217002
    },
    "perfect_score": {
      "rewards": [
        65474.0
      ],
      "mean": 65474.0,
      "std": 0.0,
      "min": 65474.0,
      "max": 65474.0,
      "count": 1,
      "ratio_to_perfect": 1.0
    }
  },
  "errors": {}
}