{
  "instance_dir": "D:\\TextArena\\examples\\benchmark\\synthetic_trajectory\\lead_time_4\\p10_autocorrelated\\v3_phi_0_3\\r1_high",
  "instance_name": "r1_high",
  "promised_lead_time": 4,
  "model": "openai/gpt-5-mini",
  "num_runs_llm": 1,
  "num_runs_deterministic": 1,
  "max_periods": null,
  "summary": {
    "perfect_score": 94924.0,
    "ratios": {
      "or": 0.8364902448274409,
      "llm": 0.7680776199907294,
      "llm_to_or": 0.836679870211959,
      "or_to_llm": 0.8166533226581265,
      "perfect_score": 1.0
    },
    "warnings": null
  },
  "results": {
    "or": {
      "rewards": [
        79403.0
      ],
      "mean": 79403.0,
      "std": 0.0,
      "min": 79403.0,
      "max": 79403.0,
      "count": 1,
      "ratio_to_perfect": 0.8364902448274409
    },
    "llm": {
      "rewards": [
        72909.0
      ],
      "mean": 72909.0,
      "std": 0.0,
      "min": 72909.0,
      "max": 72909.0,
      "count": 1,
      "ratio_to_perfect": 0.7680776199907294
    },
    "llm_to_or": {
      "rewards": [
        79421.0
      ],
      "mean": 79421.0,
      "std": 0.0,
      "min": 79421.0,
      "max": 79421.0,
      "count": 1,
      "ratio_to_perfect": 0.836679870211959
    },
    "or_to_llm": {
      "rewards": [
        77520.0
      ],
      "mean": 77520.0,
      "std": 0.0,
      "min": 77520.0,
      "max": 77520.0,
      "count": 1,
      "ratio_to_perfect": 0.8166533226581265
    },
    "perfect_score": {
      "rewards": [
        94924.0
      ],
      "mean": 94924.0,
      "std": 0.0,
      "min": 94924.0,
      "max": 94924.0,
      "count": 1,
      "ratio_to_perfect": 1.0
    }
  },
  "errors": {}
}