{
  "instance_dir": "/shared/share_malatown/OR_Agent/examples/benchmark/synthetic_trajectory/lead_time_0/p09_temp_spike_dip/v3_surge_new_normal/r1_high",
  "instance_name": "r1_high",
  "promised_lead_time": 0,
  "model": "x-ai/grok-4.1-fast",
  "num_runs_llm": 1,
  "num_runs_deterministic": 1,
  "max_periods": null,
  "summary": {
    "perfect_score": 136401.0,
    "ratios": {
      "or": 0.9250958570684966,
      "llm": 0.9434608250672649,
      "llm_to_or": 0.9547364022257901,
      "or_to_llm": 0.9487173847699064,
      "perfect_score": 1.0
    },
    "warnings": null
  },
  "results": {
    "or": {
      "rewards": [
        126184.0
      ],
      "mean": 126184.0,
      "std": 0.0,
      "min": 126184.0,
      "max": 126184.0,
      "count": 1,
      "ratio_to_perfect": 0.9250958570684966
    },
    "llm": {
      "rewards": [
        128689.0
      ],
      "mean": 128689.0,
      "std": 0.0,
      "min": 128689.0,
      "max": 128689.0,
      "count": 1,
      "ratio_to_perfect": 0.9434608250672649
    },
    "llm_to_or": {
      "rewards": [
        130227.0
      ],
      "mean": 130227.0,
      "std": 0.0,
      "min": 130227.0,
      "max": 130227.0,
      "count": 1,
      "ratio_to_perfect": 0.9547364022257901
    },
    "or_to_llm": {
      "rewards": [
        129406.0
      ],
      "mean": 129406.0,
      "std": 0.0,
      "min": 129406.0,
      "max": 129406.0,
      "count": 1,
      "ratio_to_perfect": 0.9487173847699064
    },
    "perfect_score": {
      "rewards": [
        136401.0
      ],
      "mean": 136401.0,
      "std": 0.0,
      "min": 136401.0,
      "max": 136401.0,
      "count": 1,
      "ratio_to_perfect": 1.0
    }
  },
  "errors": {}
}