{
  "instance_dir": "D:\\TextArena\\examples\\benchmark\\synthetic_trajectory\\lead_time_0\\p05_decreasing_trend\\v1_200_minus_3t\\r2_med",
  "instance_name": "r2_med",
  "promised_lead_time": 0,
  "model": "openai/gpt-5-mini",
  "num_runs_llm": 1,
  "num_runs_deterministic": 1,
  "max_periods": null,
  "summary": {
    "perfect_score": 25156.0,
    "ratios": {
      "or": 0.8534345682938465,
      "llm": 0.916004134202576,
      "llm_to_or": 0.9020512005088249,
      "or_to_llm": 0.913062490062013,
      "perfect_score": 1.0
    },
    "warnings": null
  },
  "results": {
    "or": {
      "rewards": [
        21469.0
      ],
      "mean": 21469.0,
      "std": 0.0,
      "min": 21469.0,
      "max": 21469.0,
      "count": 1,
      "ratio_to_perfect": 0.8534345682938465
    },
    "llm": {
      "rewards": [
        23043.0
      ],
      "mean": 23043.0,
      "std": 0.0,
      "min": 23043.0,
      "max": 23043.0,
      "count": 1,
      "ratio_to_perfect": 0.916004134202576
    },
    "llm_to_or": {
      "rewards": [
        22692.0
      ],
      "mean": 22692.0,
      "std": 0.0,
      "min": 22692.0,
      "max": 22692.0,
      "count": 1,
      "ratio_to_perfect": 0.9020512005088249
    },
    "or_to_llm": {
      "rewards": [
        22969.0
      ],
      "mean": 22969.0,
      "std": 0.0,
      "min": 22969.0,
      "max": 22969.0,
      "count": 1,
      "ratio_to_perfect": 0.913062490062013
    },
    "perfect_score": {
      "rewards": [
        25156.0
      ],
      "mean": 25156.0,
      "std": 0.0,
      "min": 25156.0,
      "max": 25156.0,
      "count": 1,
      "ratio_to_perfect": 1.0
    }
  },
  "errors": {}
}