{
  "instance_dir": "/shared/share_malatown/OR_Agent/examples/benchmark/synthetic_trajectory/lead_time_0/p08_multi_changepoint/v2_down_then_up/r2_med",
  "instance_name": "r2_med",
  "promised_lead_time": 0,
  "model": "x-ai/grok-4.1-fast",
  "num_runs_llm": 1,
  "num_runs_deterministic": 1,
  "max_periods": null,
  "summary": {
    "perfect_score": 18996.0,
    "ratios": {
      "or": 0.8249631501368709,
      "llm": 0.8517056222362602,
      "llm_to_or": 0.8707622657401558,
      "or_to_llm": 0.8622341545588545,
      "perfect_score": 1.0
    },
    "warnings": null
  },
  "results": {
    "or": {
      "rewards": [
        15671.0
      ],
      "mean": 15671.0,
      "std": 0.0,
      "min": 15671.0,
      "max": 15671.0,
      "count": 1,
      "ratio_to_perfect": 0.8249631501368709
    },
    "llm": {
      "rewards": [
        16179.0
      ],
      "mean": 16179.0,
      "std": 0.0,
      "min": 16179.0,
      "max": 16179.0,
      "count": 1,
      "ratio_to_perfect": 0.8517056222362602
    },
    "llm_to_or": {
      "rewards": [
        16541.0
      ],
      "mean": 16541.0,
      "std": 0.0,
      "min": 16541.0,
      "max": 16541.0,
      "count": 1,
      "ratio_to_perfect": 0.8707622657401558
    },
    "or_to_llm": {
      "rewards": [
        16379.0
      ],
      "mean": 16379.0,
      "std": 0.0,
      "min": 16379.0,
      "max": 16379.0,
      "count": 1,
      "ratio_to_perfect": 0.8622341545588545
    },
    "perfect_score": {
      "rewards": [
        18996.0
      ],
      "mean": 18996.0,
      "std": 0.0,
      "min": 18996.0,
      "max": 18996.0,
      "count": 1,
      "ratio_to_perfect": 1.0
    }
  },
  "errors": {}
}