{
  "instance_dir": "D:\\TextArena\\examples\\benchmark\\real_trajectory\\lead_time_stochastic\\111586001",
  "instance_name": "111586001",
  "promised_lead_time": 2,
  "model": "google/gemini-3-flash-preview",
  "num_runs_llm": 1,
  "num_runs_deterministic": 1,
  "max_periods": null,
  "summary": {
    "perfect_score": 7661.0,
    "ratios": {
      "or": 0.08836966453465606,
      "llm": -0.0019579689335595873,
      "llm_to_or": 0.11525910455554106,
      "or_to_llm": 0.18940086150633076,
      "perfect_score": 1.0
    },
    "warnings": null
  },
  "results": {
    "or": {
      "rewards": [
        677.0
      ],
      "mean": 677.0,
      "std": 0.0,
      "min": 677.0,
      "max": 677.0,
      "count": 1,
      "ratio_to_perfect": 0.08836966453465606
    },
    "llm": {
      "rewards": [
        -15.0
      ],
      "mean": -15.0,
      "std": 0.0,
      "min": -15.0,
      "max": -15.0,
      "count": 1,
      "ratio_to_perfect": -0.0019579689335595873
    },
    "llm_to_or": {
      "rewards": [
        883.0
      ],
      "mean": 883.0,
      "std": 0.0,
      "min": 883.0,
      "max": 883.0,
      "count": 1,
      "ratio_to_perfect": 0.11525910455554106
    },
    "or_to_llm": {
      "rewards": [
        1451.0
      ],
      "mean": 1451.0,
      "std": 0.0,
      "min": 1451.0,
      "max": 1451.0,
      "count": 1,
      "ratio_to_perfect": 0.18940086150633076
    },
    "perfect_score": {
      "rewards": [
        7661.0
      ],
      "mean": 7661.0,
      "std": 0.0,
      "min": 7661.0,
      "max": 7661.0,
      "count": 1,
      "ratio_to_perfect": 1.0
    }
  },
  "errors": {}
}