{
  "instance_dir": "/shared/share_malatown/OR-Agent-GPT5mini-benchmark/examples/benchmark/real_trajectory/lead_time_0/448509001",
  "instance_name": "448509001",
  "promised_lead_time": 0,
  "model": "openai/gpt-5-mini",
  "num_runs_llm": 1,
  "num_runs_deterministic": 1,
  "max_periods": null,
  "summary": {
    "perfect_score": 106172.0,
    "ratios": {
      "or": 0.9167577138982029,
      "llm": 0.8358512602192668,
      "llm_to_or": 0.9195079682025393,
      "or_to_llm": 0.9020174810684549,
      "perfect_score": 1.0
    },
    "warnings": null
  },
  "results": {
    "or": {
      "rewards": [
        97334.0
      ],
      "mean": 97334.0,
      "std": 0.0,
      "min": 97334.0,
      "max": 97334.0,
      "count": 1,
      "ratio_to_perfect": 0.9167577138982029
    },
    "llm": {
      "rewards": [
        88744.0
      ],
      "mean": 88744.0,
      "std": 0.0,
      "min": 88744.0,
      "max": 88744.0,
      "count": 1,
      "ratio_to_perfect": 0.8358512602192668
    },
    "llm_to_or": {
      "rewards": [
        97626.0
      ],
      "mean": 97626.0,
      "std": 0.0,
      "min": 97626.0,
      "max": 97626.0,
      "count": 1,
      "ratio_to_perfect": 0.9195079682025393
    },
    "or_to_llm": {
      "rewards": [
        95769.0
      ],
      "mean": 95769.0,
      "std": 0.0,
      "min": 95769.0,
      "max": 95769.0,
      "count": 1,
      "ratio_to_perfect": 0.9020174810684549
    },
    "perfect_score": {
      "rewards": [
        106172.0
      ],
      "mean": 106172.0,
      "std": 0.0,
      "min": 106172.0,
      "max": 106172.0,
      "count": 1,
      "ratio_to_perfect": 1.0
    }
  },
  "errors": {}
}