{
  "instance_dir": "D:\\TextArena\\examples\\benchmark\\synthetic_trajectory\\lead_time_stochastic\\p03_mean_decrease\\v3_100to30\\r2_high",
  "instance_name": "r2_high",
  "promised_lead_time": 2,
  "model": "google/gemini-3-flash-preview",
  "num_runs_llm": 1,
  "num_runs_deterministic": 1,
  "max_periods": null,
  "summary": {
    "perfect_score": 49780.0,
    "ratios": {
      "or": 0.24343109682603456,
      "llm": 0.6540176777822418,
      "llm_to_or": 0.6532944957814383,
      "or_to_llm": 0.5577541181197267,
      "perfect_score": 1.0
    },
    "warnings": null
  },
  "results": {
    "or": {
      "rewards": [
        12118.0
      ],
      "mean": 12118.0,
      "std": 0.0,
      "min": 12118.0,
      "max": 12118.0,
      "count": 1,
      "ratio_to_perfect": 0.24343109682603456
    },
    "llm": {
      "rewards": [
        32557.0
      ],
      "mean": 32557.0,
      "std": 0.0,
      "min": 32557.0,
      "max": 32557.0,
      "count": 1,
      "ratio_to_perfect": 0.6540176777822418
    },
    "llm_to_or": {
      "rewards": [
        32521.0
      ],
      "mean": 32521.0,
      "std": 0.0,
      "min": 32521.0,
      "max": 32521.0,
      "count": 1,
      "ratio_to_perfect": 0.6532944957814383
    },
    "or_to_llm": {
      "rewards": [
        27765.0
      ],
      "mean": 27765.0,
      "std": 0.0,
      "min": 27765.0,
      "max": 27765.0,
      "count": 1,
      "ratio_to_perfect": 0.5577541181197267
    },
    "perfect_score": {
      "rewards": [
        49780.0
      ],
      "mean": 49780.0,
      "std": 0.0,
      "min": 49780.0,
      "max": 49780.0,
      "count": 1,
      "ratio_to_perfect": 1.0
    }
  },
  "errors": {}
}