{
  "instance_dir": "D:\\TextArena\\examples\\benchmark\\real_trajectory\\lead_time_stochastic\\743098002",
  "instance_name": "743098002",
  "promised_lead_time": 2,
  "model": "google/gemini-3-flash-preview",
  "num_runs_llm": 1,
  "num_runs_deterministic": 1,
  "max_periods": null,
  "summary": {
    "perfect_score": 45771.0,
    "ratios": {
      "or": 0.29839854929977494,
      "llm": 0.5606825282384043,
      "llm_to_or": 0.4481003255336348,
      "or_to_llm": 0.5610320945576893,
      "perfect_score": 1.0
    },
    "warnings": null
  },
  "results": {
    "or": {
      "rewards": [
        13658.0
      ],
      "mean": 13658.0,
      "std": 0.0,
      "min": 13658.0,
      "max": 13658.0,
      "count": 1,
      "ratio_to_perfect": 0.29839854929977494
    },
    "llm": {
      "rewards": [
        25663.0
      ],
      "mean": 25663.0,
      "std": 0.0,
      "min": 25663.0,
      "max": 25663.0,
      "count": 1,
      "ratio_to_perfect": 0.5606825282384043
    },
    "llm_to_or": {
      "rewards": [
        20510.0
      ],
      "mean": 20510.0,
      "std": 0.0,
      "min": 20510.0,
      "max": 20510.0,
      "count": 1,
      "ratio_to_perfect": 0.4481003255336348
    },
    "or_to_llm": {
      "rewards": [
        25679.0
      ],
      "mean": 25679.0,
      "std": 0.0,
      "min": 25679.0,
      "max": 25679.0,
      "count": 1,
      "ratio_to_perfect": 0.5610320945576893
    },
    "perfect_score": {
      "rewards": [
        45771.0
      ],
      "mean": 45771.0,
      "std": 0.0,
      "min": 45771.0,
      "max": 45771.0,
      "count": 1,
      "ratio_to_perfect": 1.0
    }
  },
  "errors": {}
}