{
  "instance_dir": "D:\\TextArena\\examples\\benchmark\\synthetic_trajectory\\lead_time_0\\p02_mean_increase\\v3_100to300\\r1_med",
  "instance_name": "r1_med",
  "promised_lead_time": 0,
  "model": "openai/gpt-5-mini",
  "num_runs_llm": 1,
  "num_runs_deterministic": 1,
  "max_periods": null,
  "summary": {
    "perfect_score": 46860.0,
    "ratios": {
      "or": 0.8583226632522407,
      "llm": 0.9033504054630815,
      "llm_to_or": 0.914127187366624,
      "or_to_llm": 0.9021766965428937,
      "perfect_score": 1.0
    },
    "warnings": null
  },
  "results": {
    "or": {
      "rewards": [
        40221.0
      ],
      "mean": 40221.0,
      "std": 0.0,
      "min": 40221.0,
      "max": 40221.0,
      "count": 1,
      "ratio_to_perfect": 0.8583226632522407
    },
    "llm": {
      "rewards": [
        42331.0
      ],
      "mean": 42331.0,
      "std": 0.0,
      "min": 42331.0,
      "max": 42331.0,
      "count": 1,
      "ratio_to_perfect": 0.9033504054630815
    },
    "llm_to_or": {
      "rewards": [
        42836.0
      ],
      "mean": 42836.0,
      "std": 0.0,
      "min": 42836.0,
      "max": 42836.0,
      "count": 1,
      "ratio_to_perfect": 0.914127187366624
    },
    "or_to_llm": {
      "rewards": [
        42276.0
      ],
      "mean": 42276.0,
      "std": 0.0,
      "min": 42276.0,
      "max": 42276.0,
      "count": 1,
      "ratio_to_perfect": 0.9021766965428937
    },
    "perfect_score": {
      "rewards": [
        46860.0
      ],
      "mean": 46860.0,
      "std": 0.0,
      "min": 46860.0,
      "max": 46860.0,
      "count": 1,
      "ratio_to_perfect": 1.0
    }
  },
  "errors": {}
}