{
  "instance_dir": "/shared/share_malatown/OR_Agent/examples/benchmark/real_trajectory/lead_time_0/316441001",
  "instance_name": "316441001",
  "promised_lead_time": 0,
  "model": "x-ai/grok-4.1-fast",
  "num_runs_llm": 1,
  "num_runs_deterministic": 1,
  "max_periods": null,
  "summary": {
    "perfect_score": 2394.0,
    "ratios": {
      "or": 0.2719298245614035,
      "llm": 0.38721804511278196,
      "llm_to_or": 0.6140350877192983,
      "or_to_llm": 0.2827903091060986,
      "perfect_score": 1.0
    },
    "warnings": null
  },
  "results": {
    "or": {
      "rewards": [
        651.0
      ],
      "mean": 651.0,
      "std": 0.0,
      "min": 651.0,
      "max": 651.0,
      "count": 1,
      "ratio_to_perfect": 0.2719298245614035
    },
    "llm": {
      "rewards": [
        927.0
      ],
      "mean": 927.0,
      "std": 0.0,
      "min": 927.0,
      "max": 927.0,
      "count": 1,
      "ratio_to_perfect": 0.38721804511278196
    },
    "llm_to_or": {
      "rewards": [
        1470.0
      ],
      "mean": 1470.0,
      "std": 0.0,
      "min": 1470.0,
      "max": 1470.0,
      "count": 1,
      "ratio_to_perfect": 0.6140350877192983
    },
    "or_to_llm": {
      "rewards": [
        677.0
      ],
      "mean": 677.0,
      "std": 0.0,
      "min": 677.0,
      "max": 677.0,
      "count": 1,
      "ratio_to_perfect": 0.2827903091060986
    },
    "perfect_score": {
      "rewards": [
        2394.0
      ],
      "mean": 2394.0,
      "std": 0.0,
      "min": 2394.0,
      "max": 2394.0,
      "count": 1,
      "ratio_to_perfect": 1.0
    }
  },
  "errors": {}
}