{
  "instance_dir": "/shared/share_malatown/OR-Agent-GPT5mini-benchmark/examples/benchmark/real_trajectory/lead_time_0/396135007",
  "instance_name": "396135007",
  "promised_lead_time": 0,
  "model": "openai/gpt-5-mini",
  "num_runs_llm": 1,
  "num_runs_deterministic": 1,
  "max_periods": null,
  "summary": {
    "perfect_score": 2922.0,
    "ratios": {
      "or": 0.3672142368240931,
      "llm": 0.6252566735112937,
      "llm_to_or": 0.5722108145106092,
      "or_to_llm": 0.6112251882272416,
      "perfect_score": 1.0
    },
    "warnings": null
  },
  "results": {
    "or": {
      "rewards": [
        1073.0
      ],
      "mean": 1073.0,
      "std": 0.0,
      "min": 1073.0,
      "max": 1073.0,
      "count": 1,
      "ratio_to_perfect": 0.3672142368240931
    },
    "llm": {
      "rewards": [
        1827.0
      ],
      "mean": 1827.0,
      "std": 0.0,
      "min": 1827.0,
      "max": 1827.0,
      "count": 1,
      "ratio_to_perfect": 0.6252566735112937
    },
    "llm_to_or": {
      "rewards": [
        1672.0
      ],
      "mean": 1672.0,
      "std": 0.0,
      "min": 1672.0,
      "max": 1672.0,
      "count": 1,
      "ratio_to_perfect": 0.5722108145106092
    },
    "or_to_llm": {
      "rewards": [
        1786.0
      ],
      "mean": 1786.0,
      "std": 0.0,
      "min": 1786.0,
      "max": 1786.0,
      "count": 1,
      "ratio_to_perfect": 0.6112251882272416
    },
    "perfect_score": {
      "rewards": [
        2922.0
      ],
      "mean": 2922.0,
      "std": 0.0,
      "min": 2922.0,
      "max": 2922.0,
      "count": 1,
      "ratio_to_perfect": 1.0
    }
  },
  "errors": {}
}