{
  "instance_dir": "D:\\TextArena\\examples\\benchmark\\synthetic_trajectory\\lead_time_0\\p04_increasing_trend\\v2_linear_50_3t\\r2_high",
  "instance_name": "r2_high",
  "promised_lead_time": 0,
  "model": "google/gemini-3-flash-preview",
  "num_runs_llm": 1,
  "num_runs_deterministic": 1,
  "max_periods": null,
  "summary": {
    "perfect_score": 122816.0,
    "ratios": {
      "or": 0.9545580380406462,
      "llm": 0.9691326862949453,
      "llm_to_or": 0.9740831813444503,
      "or_to_llm": 0.9690105523710266,
      "perfect_score": 1.0
    },
    "warnings": null
  },
  "results": {
    "or": {
      "rewards": [
        117235.0
      ],
      "mean": 117235.0,
      "std": 0.0,
      "min": 117235.0,
      "max": 117235.0,
      "count": 1,
      "ratio_to_perfect": 0.9545580380406462
    },
    "llm": {
      "rewards": [
        119025.0
      ],
      "mean": 119025.0,
      "std": 0.0,
      "min": 119025.0,
      "max": 119025.0,
      "count": 1,
      "ratio_to_perfect": 0.9691326862949453
    },
    "llm_to_or": {
      "rewards": [
        119633.0
      ],
      "mean": 119633.0,
      "std": 0.0,
      "min": 119633.0,
      "max": 119633.0,
      "count": 1,
      "ratio_to_perfect": 0.9740831813444503
    },
    "or_to_llm": {
      "rewards": [
        119010.0
      ],
      "mean": 119010.0,
      "std": 0.0,
      "min": 119010.0,
      "max": 119010.0,
      "count": 1,
      "ratio_to_perfect": 0.9690105523710266
    },
    "perfect_score": {
      "rewards": [
        122816.0
      ],
      "mean": 122816.0,
      "std": 0.0,
      "min": 122816.0,
      "max": 122816.0,
      "count": 1,
      "ratio_to_perfect": 1.0
    }
  },
  "errors": {}
}