{
  "instance_dir": "/shared/share_malatown/OR_Agent/examples/benchmark/real_trajectory/lead_time_stochastic/372860024",
  "instance_name": "372860024",
  "promised_lead_time": 2,
  "model": "x-ai/grok-4.1-fast",
  "num_runs_llm": 1,
  "num_runs_deterministic": 1,
  "max_periods": null,
  "summary": {
    "perfect_score": 56810.0,
    "ratios": {
      "or": 0.31584228128850556,
      "llm": 0.757190635451505,
      "llm_to_or": 0.6498679809892625,
      "or_to_llm": 0.6521563105087133,
      "perfect_score": 1.0
    },
    "warnings": null
  },
  "results": {
    "or": {
      "rewards": [
        17943.0
      ],
      "mean": 17943.0,
      "std": 0.0,
      "min": 17943.0,
      "max": 17943.0,
      "count": 1,
      "ratio_to_perfect": 0.31584228128850556
    },
    "llm": {
      "rewards": [
        43016.0
      ],
      "mean": 43016.0,
      "std": 0.0,
      "min": 43016.0,
      "max": 43016.0,
      "count": 1,
      "ratio_to_perfect": 0.757190635451505
    },
    "llm_to_or": {
      "rewards": [
        36919.0
      ],
      "mean": 36919.0,
      "std": 0.0,
      "min": 36919.0,
      "max": 36919.0,
      "count": 1,
      "ratio_to_perfect": 0.6498679809892625
    },
    "or_to_llm": {
      "rewards": [
        37049.0
      ],
      "mean": 37049.0,
      "std": 0.0,
      "min": 37049.0,
      "max": 37049.0,
      "count": 1,
      "ratio_to_perfect": 0.6521563105087133
    },
    "perfect_score": {
      "rewards": [
        56810.0
      ],
      "mean": 56810.0,
      "std": 0.0,
      "min": 56810.0,
      "max": 56810.0,
      "count": 1,
      "ratio_to_perfect": 1.0
    }
  },
  "errors": {}
}