{
  "instance_dir": "D:\\TextArena\\examples\\benchmark\\real_trajectory\\lead_time_0\\536139010",
  "instance_name": "536139010",
  "promised_lead_time": 0,
  "model": "google/gemini-3-flash-preview",
  "num_runs_llm": 1,
  "num_runs_deterministic": 1,
  "max_periods": null,
  "summary": {
    "perfect_score": 2606.0,
    "ratios": {
      "or": 0.6412125863392172,
      "llm": 0.5095932463545664,
      "llm_to_or": 0.6162701458173446,
      "or_to_llm": 0.6155026861089793,
      "perfect_score": 1.0
    },
    "warnings": null
  },
  "results": {
    "or": {
      "rewards": [
        1671.0
      ],
      "mean": 1671.0,
      "std": 0.0,
      "min": 1671.0,
      "max": 1671.0,
      "count": 1,
      "ratio_to_perfect": 0.6412125863392172
    },
    "llm": {
      "rewards": [
        1328.0
      ],
      "mean": 1328.0,
      "std": 0.0,
      "min": 1328.0,
      "max": 1328.0,
      "count": 1,
      "ratio_to_perfect": 0.5095932463545664
    },
    "llm_to_or": {
      "rewards": [
        1606.0
      ],
      "mean": 1606.0,
      "std": 0.0,
      "min": 1606.0,
      "max": 1606.0,
      "count": 1,
      "ratio_to_perfect": 0.6162701458173446
    },
    "or_to_llm": {
      "rewards": [
        1604.0
      ],
      "mean": 1604.0,
      "std": 0.0,
      "min": 1604.0,
      "max": 1604.0,
      "count": 1,
      "ratio_to_perfect": 0.6155026861089793
    },
    "perfect_score": {
      "rewards": [
        2606.0
      ],
      "mean": 2606.0,
      "std": 0.0,
      "min": 2606.0,
      "max": 2606.0,
      "count": 1,
      "ratio_to_perfect": 1.0
    }
  },
  "errors": {}
}