{
  "instance_dir": "D:\\TextArena\\examples\\benchmark\\synthetic_trajectory\\lead_time_4\\p06_variance_change\\v4_uniform_to_normal\\r1_high",
  "instance_name": "r1_high",
  "promised_lead_time": 4,
  "model": "google/gemini-3-flash-preview",
  "num_runs_llm": 1,
  "num_runs_deterministic": 1,
  "max_periods": null,
  "summary": {
    "perfect_score": 97584.0,
    "ratios": {
      "or": 0.8471573208722741,
      "llm": 0.7981636333825217,
      "llm_to_or": 0.8436116576487949,
      "or_to_llm": 0.8470958353828496,
      "perfect_score": 1.0
    },
    "warnings": null
  },
  "results": {
    "or": {
      "rewards": [
        82669.0
      ],
      "mean": 82669.0,
      "std": 0.0,
      "min": 82669.0,
      "max": 82669.0,
      "count": 1,
      "ratio_to_perfect": 0.8471573208722741
    },
    "llm": {
      "rewards": [
        77888.0
      ],
      "mean": 77888.0,
      "std": 0.0,
      "min": 77888.0,
      "max": 77888.0,
      "count": 1,
      "ratio_to_perfect": 0.7981636333825217
    },
    "llm_to_or": {
      "rewards": [
        82323.0
      ],
      "mean": 82323.0,
      "std": 0.0,
      "min": 82323.0,
      "max": 82323.0,
      "count": 1,
      "ratio_to_perfect": 0.8436116576487949
    },
    "or_to_llm": {
      "rewards": [
        82663.0
      ],
      "mean": 82663.0,
      "std": 0.0,
      "min": 82663.0,
      "max": 82663.0,
      "count": 1,
      "ratio_to_perfect": 0.8470958353828496
    },
    "perfect_score": {
      "rewards": [
        97584.0
      ],
      "mean": 97584.0,
      "std": 0.0,
      "min": 97584.0,
      "max": 97584.0,
      "count": 1,
      "ratio_to_perfect": 1.0
    }
  },
  "errors": {}
}