{
  "instance_dir": "/shared/share_malatown/OR-Agent-GPT5mini-benchmark/examples/benchmark/real_trajectory/lead_time_4/658030006",
  "instance_name": "658030006",
  "promised_lead_time": 4,
  "model": "openai/gpt-5-mini",
  "num_runs_llm": 1,
  "num_runs_deterministic": 1,
  "max_periods": null,
  "summary": {
    "perfect_score": 58235.0,
    "ratios": {
      "or": 0.5938524942045161,
      "llm": 0.6213617240491114,
      "llm_to_or": 0.6754185627200138,
      "or_to_llm": 0.5871898342920924,
      "perfect_score": 1.0
    },
    "warnings": null
  },
  "results": {
    "or": {
      "rewards": [
        34583.0
      ],
      "mean": 34583.0,
      "std": 0.0,
      "min": 34583.0,
      "max": 34583.0,
      "count": 1,
      "ratio_to_perfect": 0.5938524942045161
    },
    "llm": {
      "rewards": [
        36185.0
      ],
      "mean": 36185.0,
      "std": 0.0,
      "min": 36185.0,
      "max": 36185.0,
      "count": 1,
      "ratio_to_perfect": 0.6213617240491114
    },
    "llm_to_or": {
      "rewards": [
        39333.0
      ],
      "mean": 39333.0,
      "std": 0.0,
      "min": 39333.0,
      "max": 39333.0,
      "count": 1,
      "ratio_to_perfect": 0.6754185627200138
    },
    "or_to_llm": {
      "rewards": [
        34195.0
      ],
      "mean": 34195.0,
      "std": 0.0,
      "min": 34195.0,
      "max": 34195.0,
      "count": 1,
      "ratio_to_perfect": 0.5871898342920924
    },
    "perfect_score": {
      "rewards": [
        58235.0
      ],
      "mean": 58235.0,
      "std": 0.0,
      "min": 58235.0,
      "max": 58235.0,
      "count": 1,
      "ratio_to_perfect": 1.0
    }
  },
  "errors": {}
}