{
  "instance_dir": "D:\\TextArena\\examples\\benchmark\\real_trajectory\\lead_time_0\\399223034",
  "instance_name": "399223034",
  "promised_lead_time": 0,
  "model": "google/gemini-3-flash-preview",
  "num_runs_llm": 1,
  "num_runs_deterministic": 1,
  "max_periods": null,
  "summary": {
    "perfect_score": 11688.0,
    "ratios": {
      "or": 0.6232032854209446,
      "llm": 0.7265571526351814,
      "llm_to_or": 0.715520191649555,
      "or_to_llm": 0.7421286789869952,
      "perfect_score": 1.0
    },
    "warnings": null
  },
  "results": {
    "or": {
      "rewards": [
        7284.0
      ],
      "mean": 7284.0,
      "std": 0.0,
      "min": 7284.0,
      "max": 7284.0,
      "count": 1,
      "ratio_to_perfect": 0.6232032854209446
    },
    "llm": {
      "rewards": [
        8492.0
      ],
      "mean": 8492.0,
      "std": 0.0,
      "min": 8492.0,
      "max": 8492.0,
      "count": 1,
      "ratio_to_perfect": 0.7265571526351814
    },
    "llm_to_or": {
      "rewards": [
        8363.0
      ],
      "mean": 8363.0,
      "std": 0.0,
      "min": 8363.0,
      "max": 8363.0,
      "count": 1,
      "ratio_to_perfect": 0.715520191649555
    },
    "or_to_llm": {
      "rewards": [
        8674.0
      ],
      "mean": 8674.0,
      "std": 0.0,
      "min": 8674.0,
      "max": 8674.0,
      "count": 1,
      "ratio_to_perfect": 0.7421286789869952
    },
    "perfect_score": {
      "rewards": [
        11688.0
      ],
      "mean": 11688.0,
      "std": 0.0,
      "min": 11688.0,
      "max": 11688.0,
      "count": 1,
      "ratio_to_perfect": 1.0
    }
  },
  "errors": {}
}