{
  "instance_dir": "D:\\TextArena\\examples\\benchmark\\real_trajectory\\lead_time_0\\554450004",
  "instance_name": "554450004",
  "promised_lead_time": 0,
  "model": "google/gemini-3-flash-preview",
  "num_runs_llm": 1,
  "num_runs_deterministic": 1,
  "max_periods": null,
  "summary": {
    "perfect_score": 87571.0,
    "ratios": {
      "or": 0.9162508136255153,
      "llm": 0.9014628130317114,
      "llm_to_or": 0.9111806419933539,
      "or_to_llm": 0.9158968151557022,
      "perfect_score": 1.0
    },
    "warnings": null
  },
  "results": {
    "or": {
      "rewards": [
        80237.0
      ],
      "mean": 80237.0,
      "std": 0.0,
      "min": 80237.0,
      "max": 80237.0,
      "count": 1,
      "ratio_to_perfect": 0.9162508136255153
    },
    "llm": {
      "rewards": [
        78942.0
      ],
      "mean": 78942.0,
      "std": 0.0,
      "min": 78942.0,
      "max": 78942.0,
      "count": 1,
      "ratio_to_perfect": 0.9014628130317114
    },
    "llm_to_or": {
      "rewards": [
        79793.0
      ],
      "mean": 79793.0,
      "std": 0.0,
      "min": 79793.0,
      "max": 79793.0,
      "count": 1,
      "ratio_to_perfect": 0.9111806419933539
    },
    "or_to_llm": {
      "rewards": [
        80206.0
      ],
      "mean": 80206.0,
      "std": 0.0,
      "min": 80206.0,
      "max": 80206.0,
      "count": 1,
      "ratio_to_perfect": 0.9158968151557022
    },
    "perfect_score": {
      "rewards": [
        87571.0
      ],
      "mean": 87571.0,
      "std": 0.0,
      "min": 87571.0,
      "max": 87571.0,
      "count": 1,
      "ratio_to_perfect": 1.0
    }
  },
  "errors": {}
}