{
  "instance_dir": "D:\\TextArena\\examples\\benchmark\\synthetic_trajectory\\lead_time_4\\p02_mean_increase\\v2_100to150\\r2_high",
  "instance_name": "r2_high",
  "promised_lead_time": 4,
  "model": "openai/gpt-5-mini",
  "num_runs_llm": 1,
  "num_runs_deterministic": 1,
  "max_periods": null,
  "summary": {
    "perfect_score": 125894.0,
    "ratios": {
      "or": 0.8659507204473604,
      "llm": 0.7999110362686069,
      "llm_to_or": 0.8648386738049471,
      "or_to_llm": 0.7547619425866204,
      "perfect_score": 1.0
    },
    "warnings": null
  },
  "results": {
    "or": {
      "rewards": [
        109018.0
      ],
      "mean": 109018.0,
      "std": 0.0,
      "min": 109018.0,
      "max": 109018.0,
      "count": 1,
      "ratio_to_perfect": 0.8659507204473604
    },
    "llm": {
      "rewards": [
        100704.0
      ],
      "mean": 100704.0,
      "std": 0.0,
      "min": 100704.0,
      "max": 100704.0,
      "count": 1,
      "ratio_to_perfect": 0.7999110362686069
    },
    "llm_to_or": {
      "rewards": [
        108878.0
      ],
      "mean": 108878.0,
      "std": 0.0,
      "min": 108878.0,
      "max": 108878.0,
      "count": 1,
      "ratio_to_perfect": 0.8648386738049471
    },
    "or_to_llm": {
      "rewards": [
        95020.0
      ],
      "mean": 95020.0,
      "std": 0.0,
      "min": 95020.0,
      "max": 95020.0,
      "count": 1,
      "ratio_to_perfect": 0.7547619425866204
    },
    "perfect_score": {
      "rewards": [
        125894.0
      ],
      "mean": 125894.0,
      "std": 0.0,
      "min": 125894.0,
      "max": 125894.0,
      "count": 1,
      "ratio_to_perfect": 1.0
    }
  },
  "errors": {}
}