{
  "instance_dir": "D:\\TextArena\\examples\\benchmark\\real_trajectory\\lead_time_stochastic\\697054014",
  "instance_name": "697054014",
  "promised_lead_time": 2,
  "model": "google/gemini-3-flash-preview",
  "num_runs_llm": 1,
  "num_runs_deterministic": 1,
  "max_periods": null,
  "summary": {
    "perfect_score": 88882.0,
    "ratios": {
      "or": 0.1846155577057222,
      "llm": 0.7174231002902725,
      "llm_to_or": 0.4291082558898315,
      "or_to_llm": 0.6455862829369277,
      "perfect_score": 1.0
    },
    "warnings": null
  },
  "results": {
    "or": {
      "rewards": [
        16409.0
      ],
      "mean": 16409.0,
      "std": 0.0,
      "min": 16409.0,
      "max": 16409.0,
      "count": 1,
      "ratio_to_perfect": 0.1846155577057222
    },
    "llm": {
      "rewards": [
        63766.0
      ],
      "mean": 63766.0,
      "std": 0.0,
      "min": 63766.0,
      "max": 63766.0,
      "count": 1,
      "ratio_to_perfect": 0.7174231002902725
    },
    "llm_to_or": {
      "rewards": [
        38140.0
      ],
      "mean": 38140.0,
      "std": 0.0,
      "min": 38140.0,
      "max": 38140.0,
      "count": 1,
      "ratio_to_perfect": 0.4291082558898315
    },
    "or_to_llm": {
      "rewards": [
        57381.0
      ],
      "mean": 57381.0,
      "std": 0.0,
      "min": 57381.0,
      "max": 57381.0,
      "count": 1,
      "ratio_to_perfect": 0.6455862829369277
    },
    "perfect_score": {
      "rewards": [
        88882.0
      ],
      "mean": 88882.0,
      "std": 0.0,
      "min": 88882.0,
      "max": 88882.0,
      "count": 1,
      "ratio_to_perfect": 1.0
    }
  },
  "errors": {}
}