{
  "instance_dir": "/shared/share_malatown/OR-Agent-GPT5mini-benchmark/examples/benchmark/real_trajectory/lead_time_4/729928001",
  "instance_name": "729928001",
  "promised_lead_time": 4,
  "model": "openai/gpt-5-mini",
  "num_runs_llm": 1,
  "num_runs_deterministic": 1,
  "max_periods": null,
  "summary": {
    "perfect_score": 78413.0,
    "ratios": {
      "or": 0.7849081147258745,
      "llm": 0.6865060640455026,
      "llm_to_or": 0.7829441546682311,
      "or_to_llm": 0.6964151352454312,
      "perfect_score": 1.0
    },
    "warnings": null
  },
  "results": {
    "or": {
      "rewards": [
        61547.0
      ],
      "mean": 61547.0,
      "std": 0.0,
      "min": 61547.0,
      "max": 61547.0,
      "count": 1,
      "ratio_to_perfect": 0.7849081147258745
    },
    "llm": {
      "rewards": [
        53831.0
      ],
      "mean": 53831.0,
      "std": 0.0,
      "min": 53831.0,
      "max": 53831.0,
      "count": 1,
      "ratio_to_perfect": 0.6865060640455026
    },
    "llm_to_or": {
      "rewards": [
        61393.0
      ],
      "mean": 61393.0,
      "std": 0.0,
      "min": 61393.0,
      "max": 61393.0,
      "count": 1,
      "ratio_to_perfect": 0.7829441546682311
    },
    "or_to_llm": {
      "rewards": [
        54608.0
      ],
      "mean": 54608.0,
      "std": 0.0,
      "min": 54608.0,
      "max": 54608.0,
      "count": 1,
      "ratio_to_perfect": 0.6964151352454312
    },
    "perfect_score": {
      "rewards": [
        78413.0
      ],
      "mean": 78413.0,
      "std": 0.0,
      "min": 78413.0,
      "max": 78413.0,
      "count": 1,
      "ratio_to_perfect": 1.0
    }
  },
  "errors": {}
}