{
  "instance_dir": "/shared/share_malatown/OR_Agent/examples/benchmark/synthetic_trajectory/lead_time_4/p04_increasing_trend/v2_linear_50_3t/r2_med",
  "instance_name": "r2_med",
  "promised_lead_time": 4,
  "model": "x-ai/grok-4.1-fast",
  "num_runs_llm": 1,
  "num_runs_deterministic": 1,
  "max_periods": null,
  "summary": {
    "perfect_score": 25856.0,
    "ratios": {
      "or": 0.686301051980198,
      "llm": 0.7169322400990099,
      "llm_to_or": 0.8406172648514851,
      "or_to_llm": 0.8019028465346535,
      "perfect_score": 1.0
    },
    "warnings": null
  },
  "results": {
    "or": {
      "rewards": [
        17745.0
      ],
      "mean": 17745.0,
      "std": 0.0,
      "min": 17745.0,
      "max": 17745.0,
      "count": 1,
      "ratio_to_perfect": 0.686301051980198
    },
    "llm": {
      "rewards": [
        18537.0
      ],
      "mean": 18537.0,
      "std": 0.0,
      "min": 18537.0,
      "max": 18537.0,
      "count": 1,
      "ratio_to_perfect": 0.7169322400990099
    },
    "llm_to_or": {
      "rewards": [
        21735.0
      ],
      "mean": 21735.0,
      "std": 0.0,
      "min": 21735.0,
      "max": 21735.0,
      "count": 1,
      "ratio_to_perfect": 0.8406172648514851
    },
    "or_to_llm": {
      "rewards": [
        20734.0
      ],
      "mean": 20734.0,
      "std": 0.0,
      "min": 20734.0,
      "max": 20734.0,
      "count": 1,
      "ratio_to_perfect": 0.8019028465346535
    },
    "perfect_score": {
      "rewards": [
        25856.0
      ],
      "mean": 25856.0,
      "std": 0.0,
      "min": 25856.0,
      "max": 25856.0,
      "count": 1,
      "ratio_to_perfect": 1.0
    }
  },
  "errors": {}
}