{
  "instance_dir": "/shared/share_malatown/OR-Agent-GPT5mini-benchmark/examples/benchmark/real_trajectory/lead_time_stochastic/372860002",
  "instance_name": "372860002",
  "promised_lead_time": 2,
  "model": "openai/gpt-5-mini",
  "num_runs_llm": 1,
  "num_runs_deterministic": 1,
  "max_periods": null,
  "summary": {
    "perfect_score": 11359.0,
    "ratios": {
      "or": 0.21313495906329782,
      "llm": 0.1331983449247293,
      "llm_to_or": 0.22651641869882913,
      "or_to_llm": 0.09261378642486134,
      "perfect_score": 1.0
    },
    "warnings": null
  },
  "results": {
    "or": {
      "rewards": [
        2421.0
      ],
      "mean": 2421.0,
      "std": 0.0,
      "min": 2421.0,
      "max": 2421.0,
      "count": 1,
      "ratio_to_perfect": 0.21313495906329782
    },
    "llm": {
      "rewards": [
        1513.0
      ],
      "mean": 1513.0,
      "std": 0.0,
      "min": 1513.0,
      "max": 1513.0,
      "count": 1,
      "ratio_to_perfect": 0.1331983449247293
    },
    "llm_to_or": {
      "rewards": [
        2573.0
      ],
      "mean": 2573.0,
      "std": 0.0,
      "min": 2573.0,
      "max": 2573.0,
      "count": 1,
      "ratio_to_perfect": 0.22651641869882913
    },
    "or_to_llm": {
      "rewards": [
        1052.0
      ],
      "mean": 1052.0,
      "std": 0.0,
      "min": 1052.0,
      "max": 1052.0,
      "count": 1,
      "ratio_to_perfect": 0.09261378642486134
    },
    "perfect_score": {
      "rewards": [
        11359.0
      ],
      "mean": 11359.0,
      "std": 0.0,
      "min": 11359.0,
      "max": 11359.0,
      "count": 1,
      "ratio_to_perfect": 1.0
    }
  },
  "errors": {}
}