{
  "instance_dir": "/shared/share_malatown/OR-Agent-GPT5mini-benchmark/examples/benchmark/synthetic_trajectory/lead_time_stochastic/p03_mean_decrease/v4_150to80/r2_high",
  "instance_name": "r2_high",
  "promised_lead_time": 2,
  "model": "openai/gpt-5-mini",
  "num_runs_llm": 1,
  "num_runs_deterministic": 1,
  "max_periods": null,
  "summary": {
    "perfect_score": 95551.0,
    "ratios": {
      "or": 0.17297568837584118,
      "llm": 0.5271739699218219,
      "llm_to_or": 0.23554960178334083,
      "or_to_llm": 0.4513924501051794,
      "perfect_score": 1.0
    },
    "warnings": null
  },
  "results": {
    "or": {
      "rewards": [
        16528.0
      ],
      "mean": 16528.0,
      "std": 0.0,
      "min": 16528.0,
      "max": 16528.0,
      "count": 1,
      "ratio_to_perfect": 0.17297568837584118
    },
    "llm": {
      "rewards": [
        50372.0
      ],
      "mean": 50372.0,
      "std": 0.0,
      "min": 50372.0,
      "max": 50372.0,
      "count": 1,
      "ratio_to_perfect": 0.5271739699218219
    },
    "llm_to_or": {
      "rewards": [
        22507.0
      ],
      "mean": 22507.0,
      "std": 0.0,
      "min": 22507.0,
      "max": 22507.0,
      "count": 1,
      "ratio_to_perfect": 0.23554960178334083
    },
    "or_to_llm": {
      "rewards": [
        43131.0
      ],
      "mean": 43131.0,
      "std": 0.0,
      "min": 43131.0,
      "max": 43131.0,
      "count": 1,
      "ratio_to_perfect": 0.4513924501051794
    },
    "perfect_score": {
      "rewards": [
        95551.0
      ],
      "mean": 95551.0,
      "std": 0.0,
      "min": 95551.0,
      "max": 95551.0,
      "count": 1,
      "ratio_to_perfect": 1.0
    }
  },
  "errors": {}
}