{
  "instance_dir": "/shared/share_malatown/OR_Agent/examples/benchmark/synthetic_trajectory/lead_time_0/p04_increasing_trend/v2_linear_50_3t/r1_med",
  "instance_name": "r1_med",
  "promised_lead_time": 0,
  "model": "x-ai/grok-4.1-fast",
  "num_runs_llm": 1,
  "num_runs_deterministic": 1,
  "max_periods": null,
  "summary": {
    "perfect_score": 24112.0,
    "ratios": {
      "or": 0.8190942269409422,
      "llm": 0.9122843397478434,
      "llm_to_or": 0.9194177173191772,
      "or_to_llm": 0.8948241539482416,
      "perfect_score": 1.0
    },
    "warnings": null
  },
  "results": {
    "or": {
      "rewards": [
        19750.0
      ],
      "mean": 19750.0,
      "std": 0.0,
      "min": 19750.0,
      "max": 19750.0,
      "count": 1,
      "ratio_to_perfect": 0.8190942269409422
    },
    "llm": {
      "rewards": [
        21997.0
      ],
      "mean": 21997.0,
      "std": 0.0,
      "min": 21997.0,
      "max": 21997.0,
      "count": 1,
      "ratio_to_perfect": 0.9122843397478434
    },
    "llm_to_or": {
      "rewards": [
        22169.0
      ],
      "mean": 22169.0,
      "std": 0.0,
      "min": 22169.0,
      "max": 22169.0,
      "count": 1,
      "ratio_to_perfect": 0.9194177173191772
    },
    "or_to_llm": {
      "rewards": [
        21576.0
      ],
      "mean": 21576.0,
      "std": 0.0,
      "min": 21576.0,
      "max": 21576.0,
      "count": 1,
      "ratio_to_perfect": 0.8948241539482416
    },
    "perfect_score": {
      "rewards": [
        24112.0
      ],
      "mean": 24112.0,
      "std": 0.0,
      "min": 24112.0,
      "max": 24112.0,
      "count": 1,
      "ratio_to_perfect": 1.0
    }
  },
  "errors": {}
}