{
  "instance_dir": "D:\\TextArena\\examples\\benchmark\\synthetic_trajectory\\lead_time_4\\p07_seasonal\\v2_period5_amp50\\r2_med",
  "instance_name": "r2_med",
  "promised_lead_time": 4,
  "model": "openai/gpt-5-mini",
  "num_runs_llm": 1,
  "num_runs_deterministic": 1,
  "max_periods": null,
  "summary": {
    "perfect_score": 19172.0,
    "ratios": {
      "or": 0.6986751512622574,
      "llm": 0.6398915084498227,
      "llm_to_or": 0.6986751512622574,
      "or_to_llm": 0.7196432297099937,
      "perfect_score": 1.0
    },
    "warnings": null
  },
  "results": {
    "or": {
      "rewards": [
        13395.0
      ],
      "mean": 13395.0,
      "std": 0.0,
      "min": 13395.0,
      "max": 13395.0,
      "count": 1,
      "ratio_to_perfect": 0.6986751512622574
    },
    "llm": {
      "rewards": [
        12268.0
      ],
      "mean": 12268.0,
      "std": 0.0,
      "min": 12268.0,
      "max": 12268.0,
      "count": 1,
      "ratio_to_perfect": 0.6398915084498227
    },
    "llm_to_or": {
      "rewards": [
        13395.0
      ],
      "mean": 13395.0,
      "std": 0.0,
      "min": 13395.0,
      "max": 13395.0,
      "count": 1,
      "ratio_to_perfect": 0.6986751512622574
    },
    "or_to_llm": {
      "rewards": [
        13797.0
      ],
      "mean": 13797.0,
      "std": 0.0,
      "min": 13797.0,
      "max": 13797.0,
      "count": 1,
      "ratio_to_perfect": 0.7196432297099937
    },
    "perfect_score": {
      "rewards": [
        19172.0
      ],
      "mean": 19172.0,
      "std": 0.0,
      "min": 19172.0,
      "max": 19172.0,
      "count": 1,
      "ratio_to_perfect": 1.0
    }
  },
  "errors": {}
}