{
  "instance_dir": "/shared/share_malatown/OR-Agent-GPT5mini-benchmark/examples/benchmark/real_trajectory/lead_time_4/372860001",
  "instance_name": "372860001",
  "promised_lead_time": 4,
  "model": "openai/gpt-5-mini",
  "num_runs_llm": 1,
  "num_runs_deterministic": 1,
  "max_periods": null,
  "summary": {
    "perfect_score": 269762.0,
    "ratios": {
      "or": 0.8281633439846976,
      "llm": 0.8169386347965985,
      "llm_to_or": 0.8280298930168074,
      "or_to_llm": 0.7555956732230633,
      "perfect_score": 1.0
    },
    "warnings": null
  },
  "results": {
    "or": {
      "rewards": [
        223407.0
      ],
      "mean": 223407.0,
      "std": 0.0,
      "min": 223407.0,
      "max": 223407.0,
      "count": 1,
      "ratio_to_perfect": 0.8281633439846976
    },
    "llm": {
      "rewards": [
        220379.0
      ],
      "mean": 220379.0,
      "std": 0.0,
      "min": 220379.0,
      "max": 220379.0,
      "count": 1,
      "ratio_to_perfect": 0.8169386347965985
    },
    "llm_to_or": {
      "rewards": [
        223371.0
      ],
      "mean": 223371.0,
      "std": 0.0,
      "min": 223371.0,
      "max": 223371.0,
      "count": 1,
      "ratio_to_perfect": 0.8280298930168074
    },
    "or_to_llm": {
      "rewards": [
        203831.0
      ],
      "mean": 203831.0,
      "std": 0.0,
      "min": 203831.0,
      "max": 203831.0,
      "count": 1,
      "ratio_to_perfect": 0.7555956732230633
    },
    "perfect_score": {
      "rewards": [
        269762.0
      ],
      "mean": 269762.0,
      "std": 0.0,
      "min": 269762.0,
      "max": 269762.0,
      "count": 1,
      "ratio_to_perfect": 1.0
    }
  },
  "errors": {}
}