{
  "instance_dir": "/shared/share_malatown/OR-Agent-GPT5mini-benchmark/examples/benchmark/synthetic_trajectory/lead_time_stochastic/p03_mean_decrease/v4_150to80/r1_high",
  "instance_name": "r1_high",
  "promised_lead_time": 2,
  "model": "openai/gpt-5-mini",
  "num_runs_llm": 1,
  "num_runs_deterministic": 1,
  "max_periods": null,
  "summary": {
    "perfect_score": 95779.0,
    "ratios": {
      "or": 0.15838544983764707,
      "llm": 0.267762244333309,
      "llm_to_or": 0.24517900583635244,
      "or_to_llm": 0.3720752983430606,
      "perfect_score": 1.0
    },
    "warnings": null
  },
  "results": {
    "or": {
      "rewards": [
        15170.0
      ],
      "mean": 15170.0,
      "std": 0.0,
      "min": 15170.0,
      "max": 15170.0,
      "count": 1,
      "ratio_to_perfect": 0.15838544983764707
    },
    "llm": {
      "rewards": [
        25646.0
      ],
      "mean": 25646.0,
      "std": 0.0,
      "min": 25646.0,
      "max": 25646.0,
      "count": 1,
      "ratio_to_perfect": 0.267762244333309
    },
    "llm_to_or": {
      "rewards": [
        23483.0
      ],
      "mean": 23483.0,
      "std": 0.0,
      "min": 23483.0,
      "max": 23483.0,
      "count": 1,
      "ratio_to_perfect": 0.24517900583635244
    },
    "or_to_llm": {
      "rewards": [
        35637.0
      ],
      "mean": 35637.0,
      "std": 0.0,
      "min": 35637.0,
      "max": 35637.0,
      "count": 1,
      "ratio_to_perfect": 0.3720752983430606
    },
    "perfect_score": {
      "rewards": [
        95779.0
      ],
      "mean": 95779.0,
      "std": 0.0,
      "min": 95779.0,
      "max": 95779.0,
      "count": 1,
      "ratio_to_perfect": 1.0
    }
  },
  "errors": {}
}