{
  "instance_dir": "/shared/share_malatown/OR_Agent/examples/benchmark/real_trajectory/lead_time_stochastic/561445005",
  "instance_name": "561445005",
  "promised_lead_time": 2,
  "model": "x-ai/grok-4.1-fast",
  "num_runs_llm": 1,
  "num_runs_deterministic": 1,
  "max_periods": null,
  "summary": {
    "perfect_score": 4968.0,
    "ratios": {
      "or": 0.21578099838969403,
      "llm": -0.13144122383252818,
      "llm_to_or": 0.11151368760064412,
      "or_to_llm": 0.1288244766505636,
      "perfect_score": 1.0
    },
    "warnings": null
  },
  "results": {
    "or": {
      "rewards": [
        1072.0
      ],
      "mean": 1072.0,
      "std": 0.0,
      "min": 1072.0,
      "max": 1072.0,
      "count": 1,
      "ratio_to_perfect": 0.21578099838969403
    },
    "llm": {
      "rewards": [
        -653.0
      ],
      "mean": -653.0,
      "std": 0.0,
      "min": -653.0,
      "max": -653.0,
      "count": 1,
      "ratio_to_perfect": -0.13144122383252818
    },
    "llm_to_or": {
      "rewards": [
        554.0
      ],
      "mean": 554.0,
      "std": 0.0,
      "min": 554.0,
      "max": 554.0,
      "count": 1,
      "ratio_to_perfect": 0.11151368760064412
    },
    "or_to_llm": {
      "rewards": [
        640.0
      ],
      "mean": 640.0,
      "std": 0.0,
      "min": 640.0,
      "max": 640.0,
      "count": 1,
      "ratio_to_perfect": 0.1288244766505636
    },
    "perfect_score": {
      "rewards": [
        4968.0
      ],
      "mean": 4968.0,
      "std": 0.0,
      "min": 4968.0,
      "max": 4968.0,
      "count": 1,
      "ratio_to_perfect": 1.0
    }
  },
  "errors": {}
}