{
  "instance_dir": "/shared/share_malatown/OR_Agent/examples/benchmark/real_trajectory/lead_time_stochastic/554450027",
  "instance_name": "554450027",
  "promised_lead_time": 2,
  "model": "x-ai/grok-4.1-fast",
  "num_runs_llm": 1,
  "num_runs_deterministic": 1,
  "max_periods": null,
  "summary": {
    "perfect_score": 17092.0,
    "ratios": {
      "or": 0.12807161245026913,
      "llm": 0.48929323660191903,
      "llm_to_or": 0.4247016147905453,
      "or_to_llm": 0.31903814650128715,
      "perfect_score": 1.0
    },
    "warnings": null
  },
  "results": {
    "or": {
      "rewards": [
        2189.0
      ],
      "mean": 2189.0,
      "std": 0.0,
      "min": 2189.0,
      "max": 2189.0,
      "count": 1,
      "ratio_to_perfect": 0.12807161245026913
    },
    "llm": {
      "rewards": [
        8363.0
      ],
      "mean": 8363.0,
      "std": 0.0,
      "min": 8363.0,
      "max": 8363.0,
      "count": 1,
      "ratio_to_perfect": 0.48929323660191903
    },
    "llm_to_or": {
      "rewards": [
        7259.0
      ],
      "mean": 7259.0,
      "std": 0.0,
      "min": 7259.0,
      "max": 7259.0,
      "count": 1,
      "ratio_to_perfect": 0.4247016147905453
    },
    "or_to_llm": {
      "rewards": [
        5453.0
      ],
      "mean": 5453.0,
      "std": 0.0,
      "min": 5453.0,
      "max": 5453.0,
      "count": 1,
      "ratio_to_perfect": 0.31903814650128715
    },
    "perfect_score": {
      "rewards": [
        17092.0
      ],
      "mean": 17092.0,
      "std": 0.0,
      "min": 17092.0,
      "max": 17092.0,
      "count": 1,
      "ratio_to_perfect": 1.0
    }
  },
  "errors": {}
}