{
  "instance_dir": "D:\\TextArena\\examples\\benchmark\\real_trajectory\\lead_time_4\\591334019",
  "instance_name": "591334019",
  "promised_lead_time": 4,
  "model": "google/gemini-3-flash-preview",
  "num_runs_llm": 1,
  "num_runs_deterministic": 1,
  "max_periods": null,
  "summary": {
    "perfect_score": 3322.0,
    "ratios": {
      "or": -1.477423239012643,
      "llm": -4.8564118001204095,
      "llm_to_or": -1.942203491872366,
      "or_to_llm": -1.306742925948224,
      "perfect_score": 1.0
    },
    "warnings": null
  },
  "results": {
    "or": {
      "rewards": [
        -4908.0
      ],
      "mean": -4908.0,
      "std": 0.0,
      "min": -4908.0,
      "max": -4908.0,
      "count": 1,
      "ratio_to_perfect": -1.477423239012643
    },
    "llm": {
      "rewards": [
        -16133.0
      ],
      "mean": -16133.0,
      "std": 0.0,
      "min": -16133.0,
      "max": -16133.0,
      "count": 1,
      "ratio_to_perfect": -4.8564118001204095
    },
    "llm_to_or": {
      "rewards": [
        -6452.0
      ],
      "mean": -6452.0,
      "std": 0.0,
      "min": -6452.0,
      "max": -6452.0,
      "count": 1,
      "ratio_to_perfect": -1.942203491872366
    },
    "or_to_llm": {
      "rewards": [
        -4341.0
      ],
      "mean": -4341.0,
      "std": 0.0,
      "min": -4341.0,
      "max": -4341.0,
      "count": 1,
      "ratio_to_perfect": -1.306742925948224
    },
    "perfect_score": {
      "rewards": [
        3322.0
      ],
      "mean": 3322.0,
      "std": 0.0,
      "min": 3322.0,
      "max": 3322.0,
      "count": 1,
      "ratio_to_perfect": 1.0
    }
  },
  "errors": {}
}