{
  "instance_dir": "D:\\TextArena\\examples\\benchmark\\real_trajectory\\lead_time_0\\253448001",
  "instance_name": "253448001",
  "promised_lead_time": 0,
  "model": "google/gemini-3-flash-preview",
  "num_runs_llm": 1,
  "num_runs_deterministic": 1,
  "max_periods": null,
  "summary": {
    "perfect_score": 9720.0,
    "ratios": {
      "or": 0.812037037037037,
      "llm": 0.8597736625514403,
      "llm_to_or": 0.8157407407407408,
      "or_to_llm": 0.8258230452674897,
      "perfect_score": 1.0
    },
    "warnings": null
  },
  "results": {
    "or": {
      "rewards": [
        7893.0
      ],
      "mean": 7893.0,
      "std": 0.0,
      "min": 7893.0,
      "max": 7893.0,
      "count": 1,
      "ratio_to_perfect": 0.812037037037037
    },
    "llm": {
      "rewards": [
        8357.0
      ],
      "mean": 8357.0,
      "std": 0.0,
      "min": 8357.0,
      "max": 8357.0,
      "count": 1,
      "ratio_to_perfect": 0.8597736625514403
    },
    "llm_to_or": {
      "rewards": [
        7929.0
      ],
      "mean": 7929.0,
      "std": 0.0,
      "min": 7929.0,
      "max": 7929.0,
      "count": 1,
      "ratio_to_perfect": 0.8157407407407408
    },
    "or_to_llm": {
      "rewards": [
        8027.0
      ],
      "mean": 8027.0,
      "std": 0.0,
      "min": 8027.0,
      "max": 8027.0,
      "count": 1,
      "ratio_to_perfect": 0.8258230452674897
    },
    "perfect_score": {
      "rewards": [
        9720.0
      ],
      "mean": 9720.0,
      "std": 0.0,
      "min": 9720.0,
      "max": 9720.0,
      "count": 1,
      "ratio_to_perfect": 1.0
    }
  },
  "errors": {}
}