{
  "instance_dir": "D:\\TextArena\\examples\\benchmark\\synthetic_trajectory\\lead_time_4\\p01_stationary_iid\\v2_normal_100_40\\r1_med",
  "instance_name": "r1_med",
  "promised_lead_time": 4,
  "model": "google/gemini-3-flash-preview",
  "num_runs_llm": 1,
  "num_runs_deterministic": 1,
  "max_periods": null,
  "summary": {
    "perfect_score": 18624.0,
    "ratios": {
      "or": 0.7625107388316151,
      "llm": 0.6347723367697594,
      "llm_to_or": 0.7353414948453608,
      "or_to_llm": 0.7498389175257731,
      "perfect_score": 1.0
    },
    "warnings": null
  },
  "results": {
    "or": {
      "rewards": [
        14201.0
      ],
      "mean": 14201.0,
      "std": 0.0,
      "min": 14201.0,
      "max": 14201.0,
      "count": 1,
      "ratio_to_perfect": 0.7625107388316151
    },
    "llm": {
      "rewards": [
        11822.0
      ],
      "mean": 11822.0,
      "std": 0.0,
      "min": 11822.0,
      "max": 11822.0,
      "count": 1,
      "ratio_to_perfect": 0.6347723367697594
    },
    "llm_to_or": {
      "rewards": [
        13695.0
      ],
      "mean": 13695.0,
      "std": 0.0,
      "min": 13695.0,
      "max": 13695.0,
      "count": 1,
      "ratio_to_perfect": 0.7353414948453608
    },
    "or_to_llm": {
      "rewards": [
        13965.0
      ],
      "mean": 13965.0,
      "std": 0.0,
      "min": 13965.0,
      "max": 13965.0,
      "count": 1,
      "ratio_to_perfect": 0.7498389175257731
    },
    "perfect_score": {
      "rewards": [
        18624.0
      ],
      "mean": 18624.0,
      "std": 0.0,
      "min": 18624.0,
      "max": 18624.0,
      "count": 1,
      "ratio_to_perfect": 1.0
    }
  },
  "errors": {}
}