{
  "instance_dir": "/shared/share_malatown/OR_Agent/examples/benchmark/synthetic_trajectory/lead_time_stochastic/p04_increasing_trend/v3_exp_1_05/r2_med",
  "instance_name": "r2_med",
  "promised_lead_time": 2,
  "model": "x-ai/grok-4.1-fast",
  "num_runs_llm": 1,
  "num_runs_deterministic": 1,
  "max_periods": null,
  "summary": {
    "perfect_score": 87876.0,
    "ratios": {
      "or": 0.07018981291820292,
      "llm": 0.4719946287951204,
      "llm_to_or": -0.3246165050753334,
      "or_to_llm": 0.5016045336610678,
      "perfect_score": 1.0
    },
    "warnings": null
  },
  "results": {
    "or": {
      "rewards": [
        6168.0
      ],
      "mean": 6168.0,
      "std": 0.0,
      "min": 6168.0,
      "max": 6168.0,
      "count": 1,
      "ratio_to_perfect": 0.07018981291820292
    },
    "llm": {
      "rewards": [
        41477.0
      ],
      "mean": 41477.0,
      "std": 0.0,
      "min": 41477.0,
      "max": 41477.0,
      "count": 1,
      "ratio_to_perfect": 0.4719946287951204
    },
    "llm_to_or": {
      "rewards": [
        -28526.0
      ],
      "mean": -28526.0,
      "std": 0.0,
      "min": -28526.0,
      "max": -28526.0,
      "count": 1,
      "ratio_to_perfect": -0.3246165050753334
    },
    "or_to_llm": {
      "rewards": [
        44079.0
      ],
      "mean": 44079.0,
      "std": 0.0,
      "min": 44079.0,
      "max": 44079.0,
      "count": 1,
      "ratio_to_perfect": 0.5016045336610678
    },
    "perfect_score": {
      "rewards": [
        87876.0
      ],
      "mean": 87876.0,
      "std": 0.0,
      "min": 87876.0,
      "max": 87876.0,
      "count": 1,
      "ratio_to_perfect": 1.0
    }
  },
  "errors": {}
}