{
  "instance_dir": "/shared/share_malatown/OR_Agent/examples/benchmark/synthetic_trajectory/lead_time_4/p05_decreasing_trend/v3_150_minus_2t/r2_high",
  "instance_name": "r2_high",
  "promised_lead_time": 4,
  "model": "x-ai/grok-4.1-fast",
  "num_runs_llm": 1,
  "num_runs_deterministic": 1,
  "max_periods": null,
  "summary": {
    "perfect_score": 95437.0,
    "ratios": {
      "or": 0.782872470844641,
      "llm": 0.5234133512159854,
      "llm_to_or": 0.8289971394742082,
      "or_to_llm": 0.7975732682293031,
      "perfect_score": 1.0
    },
    "warnings": null
  },
  "results": {
    "or": {
      "rewards": [
        74715.0
      ],
      "mean": 74715.0,
      "std": 0.0,
      "min": 74715.0,
      "max": 74715.0,
      "count": 1,
      "ratio_to_perfect": 0.782872470844641
    },
    "llm": {
      "rewards": [
        49953.0
      ],
      "mean": 49953.0,
      "std": 0.0,
      "min": 49953.0,
      "max": 49953.0,
      "count": 1,
      "ratio_to_perfect": 0.5234133512159854
    },
    "llm_to_or": {
      "rewards": [
        79117.0
      ],
      "mean": 79117.0,
      "std": 0.0,
      "min": 79117.0,
      "max": 79117.0,
      "count": 1,
      "ratio_to_perfect": 0.8289971394742082
    },
    "or_to_llm": {
      "rewards": [
        76118.0
      ],
      "mean": 76118.0,
      "std": 0.0,
      "min": 76118.0,
      "max": 76118.0,
      "count": 1,
      "ratio_to_perfect": 0.7975732682293031
    },
    "perfect_score": {
      "rewards": [
        95437.0
      ],
      "mean": 95437.0,
      "std": 0.0,
      "min": 95437.0,
      "max": 95437.0,
      "count": 1,
      "ratio_to_perfect": 1.0
    }
  },
  "errors": {}
}