{
  "instance_dir": "/shared/share_malatown/OR_Agent/examples/benchmark/real_trajectory/lead_time_stochastic/678687001",
  "instance_name": "678687001",
  "promised_lead_time": 2,
  "model": "x-ai/grok-4.1-fast",
  "num_runs_llm": 1,
  "num_runs_deterministic": 1,
  "max_periods": null,
  "summary": {
    "perfect_score": 16296.0,
    "ratios": {
      "or": 0.202626411389298,
      "llm": 0.36174521354933725,
      "llm_to_or": -0.2188880706921944,
      "or_to_llm": 0.4161143838978891,
      "perfect_score": 1.0
    },
    "warnings": null
  },
  "results": {
    "or": {
      "rewards": [
        3302.0
      ],
      "mean": 3302.0,
      "std": 0.0,
      "min": 3302.0,
      "max": 3302.0,
      "count": 1,
      "ratio_to_perfect": 0.202626411389298
    },
    "llm": {
      "rewards": [
        5895.0
      ],
      "mean": 5895.0,
      "std": 0.0,
      "min": 5895.0,
      "max": 5895.0,
      "count": 1,
      "ratio_to_perfect": 0.36174521354933725
    },
    "llm_to_or": {
      "rewards": [
        -3567.0
      ],
      "mean": -3567.0,
      "std": 0.0,
      "min": -3567.0,
      "max": -3567.0,
      "count": 1,
      "ratio_to_perfect": -0.2188880706921944
    },
    "or_to_llm": {
      "rewards": [
        6781.0
      ],
      "mean": 6781.0,
      "std": 0.0,
      "min": 6781.0,
      "max": 6781.0,
      "count": 1,
      "ratio_to_perfect": 0.4161143838978891
    },
    "perfect_score": {
      "rewards": [
        16296.0
      ],
      "mean": 16296.0,
      "std": 0.0,
      "min": 16296.0,
      "max": 16296.0,
      "count": 1,
      "ratio_to_perfect": 1.0
    }
  },
  "errors": {}
}