{
  "instance_dir": "/shared/share_malatown/OR_Agent/examples/benchmark/synthetic_trajectory/lead_time_0/p04_increasing_trend/v4_linear_100_2t/r1_high",
  "instance_name": "r1_high",
  "promised_lead_time": 0,
  "model": "x-ai/grok-4.1-fast",
  "num_runs_llm": 1,
  "num_runs_deterministic": 1,
  "max_periods": null,
  "summary": {
    "perfect_score": 154413.0,
    "ratios": {
      "or": 0.8665785911807944,
      "llm": 0.8790063012829231,
      "llm_to_or": 0.867433441484849,
      "or_to_llm": 0.8819011352671083,
      "perfect_score": 1.0
    },
    "warnings": null
  },
  "results": {
    "or": {
      "rewards": [
        133811.0
      ],
      "mean": 133811.0,
      "std": 0.0,
      "min": 133811.0,
      "max": 133811.0,
      "count": 1,
      "ratio_to_perfect": 0.8665785911807944
    },
    "llm": {
      "rewards": [
        135730.0
      ],
      "mean": 135730.0,
      "std": 0.0,
      "min": 135730.0,
      "max": 135730.0,
      "count": 1,
      "ratio_to_perfect": 0.8790063012829231
    },
    "llm_to_or": {
      "rewards": [
        133943.0
      ],
      "mean": 133943.0,
      "std": 0.0,
      "min": 133943.0,
      "max": 133943.0,
      "count": 1,
      "ratio_to_perfect": 0.867433441484849
    },
    "or_to_llm": {
      "rewards": [
        136177.0
      ],
      "mean": 136177.0,
      "std": 0.0,
      "min": 136177.0,
      "max": 136177.0,
      "count": 1,
      "ratio_to_perfect": 0.8819011352671083
    },
    "perfect_score": {
      "rewards": [
        154413.0
      ],
      "mean": 154413.0,
      "std": 0.0,
      "min": 154413.0,
      "max": 154413.0,
      "count": 1,
      "ratio_to_perfect": 1.0
    }
  },
  "errors": {}
}