{
  "instance_dir": "/shared/share_malatown/OR-Agent-GPT5mini-benchmark/examples/benchmark/real_trajectory/lead_time_0/636323003",
  "instance_name": "636323003",
  "promised_lead_time": 0,
  "model": "openai/gpt-5-mini",
  "num_runs_llm": 1,
  "num_runs_deterministic": 1,
  "max_periods": null,
  "summary": {
    "perfect_score": 61655.0,
    "ratios": {
      "or": 0.9071932527775525,
      "llm": 0.8434352445057173,
      "llm_to_or": 0.8981591111831968,
      "or_to_llm": 0.8750790690130565,
      "perfect_score": 1.0
    },
    "warnings": null
  },
  "results": {
    "or": {
      "rewards": [
        55933.0
      ],
      "mean": 55933.0,
      "std": 0.0,
      "min": 55933.0,
      "max": 55933.0,
      "count": 1,
      "ratio_to_perfect": 0.9071932527775525
    },
    "llm": {
      "rewards": [
        52002.0
      ],
      "mean": 52002.0,
      "std": 0.0,
      "min": 52002.0,
      "max": 52002.0,
      "count": 1,
      "ratio_to_perfect": 0.8434352445057173
    },
    "llm_to_or": {
      "rewards": [
        55376.0
      ],
      "mean": 55376.0,
      "std": 0.0,
      "min": 55376.0,
      "max": 55376.0,
      "count": 1,
      "ratio_to_perfect": 0.8981591111831968
    },
    "or_to_llm": {
      "rewards": [
        53953.0
      ],
      "mean": 53953.0,
      "std": 0.0,
      "min": 53953.0,
      "max": 53953.0,
      "count": 1,
      "ratio_to_perfect": 0.8750790690130565
    },
    "perfect_score": {
      "rewards": [
        61655.0
      ],
      "mean": 61655.0,
      "std": 0.0,
      "min": 61655.0,
      "max": 61655.0,
      "count": 1,
      "ratio_to_perfect": 1.0
    }
  },
  "errors": {}
}