{
  "instance_dir": "/shared/share_malatown/OR_Agent/examples/benchmark/real_trajectory/lead_time_4/111586001",
  "instance_name": "111586001",
  "promised_lead_time": 4,
  "model": "x-ai/grok-4.1-fast",
  "num_runs_llm": 1,
  "num_runs_deterministic": 1,
  "max_periods": null,
  "summary": {
    "perfect_score": 7661.0,
    "ratios": {
      "or": -0.35543662707218376,
      "llm": -2.615063307662185,
      "llm_to_or": 0.026106252447461165,
      "or_to_llm": -0.19971283122307792,
      "perfect_score": 1.0
    },
    "warnings": null
  },
  "results": {
    "or": {
      "rewards": [
        -2723.0
      ],
      "mean": -2723.0,
      "std": 0.0,
      "min": -2723.0,
      "max": -2723.0,
      "count": 1,
      "ratio_to_perfect": -0.35543662707218376
    },
    "llm": {
      "rewards": [
        -20034.0
      ],
      "mean": -20034.0,
      "std": 0.0,
      "min": -20034.0,
      "max": -20034.0,
      "count": 1,
      "ratio_to_perfect": -2.615063307662185
    },
    "llm_to_or": {
      "rewards": [
        200.0
      ],
      "mean": 200.0,
      "std": 0.0,
      "min": 200.0,
      "max": 200.0,
      "count": 1,
      "ratio_to_perfect": 0.026106252447461165
    },
    "or_to_llm": {
      "rewards": [
        -1530.0
      ],
      "mean": -1530.0,
      "std": 0.0,
      "min": -1530.0,
      "max": -1530.0,
      "count": 1,
      "ratio_to_perfect": -0.19971283122307792
    },
    "perfect_score": {
      "rewards": [
        7661.0
      ],
      "mean": 7661.0,
      "std": 0.0,
      "min": 7661.0,
      "max": 7661.0,
      "count": 1,
      "ratio_to_perfect": 1.0
    }
  },
  "errors": {}
}