{
  "instance_dir": "D:\\TextArena\\examples\\benchmark\\real_trajectory\\lead_time_4\\688105002",
  "instance_name": "688105002",
  "promised_lead_time": 4,
  "model": "google/gemini-3-flash-preview",
  "num_runs_llm": 1,
  "num_runs_deterministic": 1,
  "max_periods": null,
  "summary": {
    "perfect_score": 3693.0,
    "ratios": {
      "or": -0.694828053073382,
      "llm": -3.513132954237747,
      "llm_to_or": -0.8304901164365015,
      "or_to_llm": -1.059301380991064,
      "perfect_score": 1.0
    },
    "warnings": null
  },
  "results": {
    "or": {
      "rewards": [
        -2566.0
      ],
      "mean": -2566.0,
      "std": 0.0,
      "min": -2566.0,
      "max": -2566.0,
      "count": 1,
      "ratio_to_perfect": -0.694828053073382
    },
    "llm": {
      "rewards": [
        -12974.0
      ],
      "mean": -12974.0,
      "std": 0.0,
      "min": -12974.0,
      "max": -12974.0,
      "count": 1,
      "ratio_to_perfect": -3.513132954237747
    },
    "llm_to_or": {
      "rewards": [
        -3067.0
      ],
      "mean": -3067.0,
      "std": 0.0,
      "min": -3067.0,
      "max": -3067.0,
      "count": 1,
      "ratio_to_perfect": -0.8304901164365015
    },
    "or_to_llm": {
      "rewards": [
        -3912.0
      ],
      "mean": -3912.0,
      "std": 0.0,
      "min": -3912.0,
      "max": -3912.0,
      "count": 1,
      "ratio_to_perfect": -1.059301380991064
    },
    "perfect_score": {
      "rewards": [
        3693.0
      ],
      "mean": 3693.0,
      "std": 0.0,
      "min": 3693.0,
      "max": 3693.0,
      "count": 1,
      "ratio_to_perfect": 1.0
    }
  },
  "errors": {}
}