{
  "instance_dir": "/shared/share_malatown/OR_Agent/examples/benchmark/real_trajectory/lead_time_4/697564010",
  "instance_name": "697564010",
  "promised_lead_time": 4,
  "model": "x-ai/grok-4.1-fast",
  "num_runs_llm": 1,
  "num_runs_deterministic": 1,
  "max_periods": null,
  "summary": {
    "perfect_score": 72599.0,
    "ratios": {
      "or": 0.3925811650298213,
      "llm": 0.40652075097453133,
      "llm_to_or": 0.4748274769624926,
      "or_to_llm": 0.5040014325266188,
      "perfect_score": 1.0
    },
    "warnings": null
  },
  "results": {
    "or": {
      "rewards": [
        28501.0
      ],
      "mean": 28501.0,
      "std": 0.0,
      "min": 28501.0,
      "max": 28501.0,
      "count": 1,
      "ratio_to_perfect": 0.3925811650298213
    },
    "llm": {
      "rewards": [
        29513.0
      ],
      "mean": 29513.0,
      "std": 0.0,
      "min": 29513.0,
      "max": 29513.0,
      "count": 1,
      "ratio_to_perfect": 0.40652075097453133
    },
    "llm_to_or": {
      "rewards": [
        34472.0
      ],
      "mean": 34472.0,
      "std": 0.0,
      "min": 34472.0,
      "max": 34472.0,
      "count": 1,
      "ratio_to_perfect": 0.4748274769624926
    },
    "or_to_llm": {
      "rewards": [
        36590.0
      ],
      "mean": 36590.0,
      "std": 0.0,
      "min": 36590.0,
      "max": 36590.0,
      "count": 1,
      "ratio_to_perfect": 0.5040014325266188
    },
    "perfect_score": {
      "rewards": [
        72599.0
      ],
      "mean": 72599.0,
      "std": 0.0,
      "min": 72599.0,
      "max": 72599.0,
      "count": 1,
      "ratio_to_perfect": 1.0
    }
  },
  "errors": {}
}