{
  "instance_dir": "D:\\TextArena\\examples\\benchmark\\synthetic_trajectory\\lead_time_4\\p04_increasing_trend\\v1_linear_100t\\r1_med",
  "instance_name": "r1_med",
  "promised_lead_time": 4,
  "model": "google/gemini-3-flash-preview",
  "num_runs_llm": 1,
  "num_runs_deterministic": 1,
  "max_periods": null,
  "summary": {
    "perfect_score": 504124.0,
    "ratios": {
      "or": 0.5162856757464434,
      "llm": 0.8379505835865779,
      "llm_to_or": 0.8955118185208402,
      "or_to_llm": 0.7942093611889138,
      "perfect_score": 1.0
    },
    "warnings": null
  },
  "results": {
    "or": {
      "rewards": [
        260272.0
      ],
      "mean": 260272.0,
      "std": 0.0,
      "min": 260272.0,
      "max": 260272.0,
      "count": 1,
      "ratio_to_perfect": 0.5162856757464434
    },
    "llm": {
      "rewards": [
        422431.0
      ],
      "mean": 422431.0,
      "std": 0.0,
      "min": 422431.0,
      "max": 422431.0,
      "count": 1,
      "ratio_to_perfect": 0.8379505835865779
    },
    "llm_to_or": {
      "rewards": [
        451449.0
      ],
      "mean": 451449.0,
      "std": 0.0,
      "min": 451449.0,
      "max": 451449.0,
      "count": 1,
      "ratio_to_perfect": 0.8955118185208402
    },
    "or_to_llm": {
      "rewards": [
        400380.0
      ],
      "mean": 400380.0,
      "std": 0.0,
      "min": 400380.0,
      "max": 400380.0,
      "count": 1,
      "ratio_to_perfect": 0.7942093611889138
    },
    "perfect_score": {
      "rewards": [
        504124.0
      ],
      "mean": 504124.0,
      "std": 0.0,
      "min": 504124.0,
      "max": 504124.0,
      "count": 1,
      "ratio_to_perfect": 1.0
    }
  },
  "errors": {}
}