{
  "instance_dir": "D:\\TextArena\\examples\\benchmark\\real_trajectory\\lead_time_0\\120129001",
  "instance_name": "120129001",
  "promised_lead_time": 0,
  "model": "google/gemini-3-flash-preview",
  "num_runs_llm": 1,
  "num_runs_deterministic": 1,
  "max_periods": null,
  "summary": {
    "perfect_score": 2974.0,
    "ratios": {
      "or": 0.7279757901815737,
      "llm": 0.6593813046402152,
      "llm_to_or": 0.7303295225285811,
      "or_to_llm": 0.699058507061197,
      "perfect_score": 1.0
    },
    "warnings": null
  },
  "results": {
    "or": {
      "rewards": [
        2165.0
      ],
      "mean": 2165.0,
      "std": 0.0,
      "min": 2165.0,
      "max": 2165.0,
      "count": 1,
      "ratio_to_perfect": 0.7279757901815737
    },
    "llm": {
      "rewards": [
        1961.0
      ],
      "mean": 1961.0,
      "std": 0.0,
      "min": 1961.0,
      "max": 1961.0,
      "count": 1,
      "ratio_to_perfect": 0.6593813046402152
    },
    "llm_to_or": {
      "rewards": [
        2172.0
      ],
      "mean": 2172.0,
      "std": 0.0,
      "min": 2172.0,
      "max": 2172.0,
      "count": 1,
      "ratio_to_perfect": 0.7303295225285811
    },
    "or_to_llm": {
      "rewards": [
        2079.0
      ],
      "mean": 2079.0,
      "std": 0.0,
      "min": 2079.0,
      "max": 2079.0,
      "count": 1,
      "ratio_to_perfect": 0.699058507061197
    },
    "perfect_score": {
      "rewards": [
        2974.0
      ],
      "mean": 2974.0,
      "std": 0.0,
      "min": 2974.0,
      "max": 2974.0,
      "count": 1,
      "ratio_to_perfect": 1.0
    }
  },
  "errors": {}
}