{
  "instance_dir": "D:\\TextArena\\examples\\benchmark\\synthetic_trajectory\\lead_time_0\\p08_multi_changepoint\\v1_up_then_down\\r2_med",
  "instance_name": "r2_med",
  "promised_lead_time": 0,
  "model": "google/gemini-3-flash-preview",
  "num_runs_llm": 1,
  "num_runs_deterministic": 1,
  "max_periods": null,
  "summary": {
    "perfect_score": 21436.0,
    "ratios": {
      "or": 0.8600951670087703,
      "llm": 0.8660197798096659,
      "llm_to_or": 0.8871058033215152,
      "or_to_llm": 0.8726441500279903,
      "perfect_score": 1.0
    },
    "warnings": null
  },
  "results": {
    "or": {
      "rewards": [
        18437.0
      ],
      "mean": 18437.0,
      "std": 0.0,
      "min": 18437.0,
      "max": 18437.0,
      "count": 1,
      "ratio_to_perfect": 0.8600951670087703
    },
    "llm": {
      "rewards": [
        18564.0
      ],
      "mean": 18564.0,
      "std": 0.0,
      "min": 18564.0,
      "max": 18564.0,
      "count": 1,
      "ratio_to_perfect": 0.8660197798096659
    },
    "llm_to_or": {
      "rewards": [
        19016.0
      ],
      "mean": 19016.0,
      "std": 0.0,
      "min": 19016.0,
      "max": 19016.0,
      "count": 1,
      "ratio_to_perfect": 0.8871058033215152
    },
    "or_to_llm": {
      "rewards": [
        18706.0
      ],
      "mean": 18706.0,
      "std": 0.0,
      "min": 18706.0,
      "max": 18706.0,
      "count": 1,
      "ratio_to_perfect": 0.8726441500279903
    },
    "perfect_score": {
      "rewards": [
        21436.0
      ],
      "mean": 21436.0,
      "std": 0.0,
      "min": 21436.0,
      "max": 21436.0,
      "count": 1,
      "ratio_to_perfect": 1.0
    }
  },
  "errors": {}
}