{
  "instance_dir": "/shared/share_malatown/OR_Agent/examples/benchmark/synthetic_trajectory/lead_time_4/p05_decreasing_trend/v2_exp_decay_0_97/r2_high",
  "instance_name": "r2_high",
  "promised_lead_time": 4,
  "model": "x-ai/grok-4.1-fast",
  "num_runs_llm": 1,
  "num_runs_deterministic": 1,
  "max_periods": null,
  "summary": {
    "perfect_score": 96007.0,
    "ratios": {
      "or": 0.6474527899007364,
      "llm": 0.10555480329559302,
      "llm_to_or": 0.7752663868259606,
      "or_to_llm": 0.7589134125636672,
      "perfect_score": 1.0
    },
    "warnings": null
  },
  "results": {
    "or": {
      "rewards": [
        62160.0
      ],
      "mean": 62160.0,
      "std": 0.0,
      "min": 62160.0,
      "max": 62160.0,
      "count": 1,
      "ratio_to_perfect": 0.6474527899007364
    },
    "llm": {
      "rewards": [
        10134.0
      ],
      "mean": 10134.0,
      "std": 0.0,
      "min": 10134.0,
      "max": 10134.0,
      "count": 1,
      "ratio_to_perfect": 0.10555480329559302
    },
    "llm_to_or": {
      "rewards": [
        74431.0
      ],
      "mean": 74431.0,
      "std": 0.0,
      "min": 74431.0,
      "max": 74431.0,
      "count": 1,
      "ratio_to_perfect": 0.7752663868259606
    },
    "or_to_llm": {
      "rewards": [
        72861.0
      ],
      "mean": 72861.0,
      "std": 0.0,
      "min": 72861.0,
      "max": 72861.0,
      "count": 1,
      "ratio_to_perfect": 0.7589134125636672
    },
    "perfect_score": {
      "rewards": [
        96007.0
      ],
      "mean": 96007.0,
      "std": 0.0,
      "min": 96007.0,
      "max": 96007.0,
      "count": 1,
      "ratio_to_perfect": 1.0
    }
  },
  "errors": {}
}