{
  "instance_dir": "D:\\TextArena\\examples\\benchmark\\synthetic_trajectory\\lead_time_stochastic\\p04_increasing_trend\\v4_linear_100_2t\\r2_high",
  "instance_name": "r2_high",
  "promised_lead_time": 2,
  "model": "google/gemini-3-flash-preview",
  "num_runs_llm": 1,
  "num_runs_deterministic": 1,
  "max_periods": null,
  "summary": {
    "perfect_score": 151905.0,
    "ratios": {
      "or": 0.15564991277443138,
      "llm": 0.5906718014548566,
      "llm_to_or": 0.41806392152990357,
      "or_to_llm": 0.4457259471380139,
      "perfect_score": 1.0
    },
    "warnings": null
  },
  "results": {
    "or": {
      "rewards": [
        23644.0
      ],
      "mean": 23644.0,
      "std": 0.0,
      "min": 23644.0,
      "max": 23644.0,
      "count": 1,
      "ratio_to_perfect": 0.15564991277443138
    },
    "llm": {
      "rewards": [
        89726.0
      ],
      "mean": 89726.0,
      "std": 0.0,
      "min": 89726.0,
      "max": 89726.0,
      "count": 1,
      "ratio_to_perfect": 0.5906718014548566
    },
    "llm_to_or": {
      "rewards": [
        63506.0
      ],
      "mean": 63506.0,
      "std": 0.0,
      "min": 63506.0,
      "max": 63506.0,
      "count": 1,
      "ratio_to_perfect": 0.41806392152990357
    },
    "or_to_llm": {
      "rewards": [
        67708.0
      ],
      "mean": 67708.0,
      "std": 0.0,
      "min": 67708.0,
      "max": 67708.0,
      "count": 1,
      "ratio_to_perfect": 0.4457259471380139
    },
    "perfect_score": {
      "rewards": [
        151905.0
      ],
      "mean": 151905.0,
      "std": 0.0,
      "min": 151905.0,
      "max": 151905.0,
      "count": 1,
      "ratio_to_perfect": 1.0
    }
  },
  "errors": {}
}