{
  "instance_dir": "/shared/share_malatown/OR_Agent/examples/benchmark/synthetic_trajectory/lead_time_4/p02_mean_increase/v3_100to300/r1_low",
  "instance_name": "r1_low",
  "promised_lead_time": 4,
  "model": "x-ai/grok-4.1-fast",
  "num_runs_llm": 1,
  "num_runs_deterministic": 1,
  "max_periods": null,
  "summary": {
    "perfect_score": 11715.0,
    "ratios": {
      "or": 0.5826717883055911,
      "llm": 0.24447289799402475,
      "llm_to_or": 0.6568501920614597,
      "or_to_llm": 0.45036278275714897,
      "perfect_score": 1.0
    },
    "warnings": null
  },
  "results": {
    "or": {
      "rewards": [
        6826.0
      ],
      "mean": 6826.0,
      "std": 0.0,
      "min": 6826.0,
      "max": 6826.0,
      "count": 1,
      "ratio_to_perfect": 0.5826717883055911
    },
    "llm": {
      "rewards": [
        2864.0
      ],
      "mean": 2864.0,
      "std": 0.0,
      "min": 2864.0,
      "max": 2864.0,
      "count": 1,
      "ratio_to_perfect": 0.24447289799402475
    },
    "llm_to_or": {
      "rewards": [
        7695.0
      ],
      "mean": 7695.0,
      "std": 0.0,
      "min": 7695.0,
      "max": 7695.0,
      "count": 1,
      "ratio_to_perfect": 0.6568501920614597
    },
    "or_to_llm": {
      "rewards": [
        5276.0
      ],
      "mean": 5276.0,
      "std": 0.0,
      "min": 5276.0,
      "max": 5276.0,
      "count": 1,
      "ratio_to_perfect": 0.45036278275714897
    },
    "perfect_score": {
      "rewards": [
        11715.0
      ],
      "mean": 11715.0,
      "std": 0.0,
      "min": 11715.0,
      "max": 11715.0,
      "count": 1,
      "ratio_to_perfect": 1.0
    }
  },
  "errors": {}
}