{
  "instance_dir": "D:\\TextArena\\examples\\benchmark\\synthetic_trajectory\\lead_time_0\\p03_mean_decrease\\v2_100to70\\r1_med",
  "instance_name": "r1_med",
  "promised_lead_time": 0,
  "model": "openai/gpt-5-mini",
  "num_runs_llm": 1,
  "num_runs_deterministic": 1,
  "max_periods": null,
  "summary": {
    "perfect_score": 15852.0,
    "ratios": {
      "or": 0.8908024224072673,
      "llm": 0.876924047438809,
      "llm_to_or": 0.8925056775170326,
      "or_to_llm": 0.8899823366136765,
      "perfect_score": 1.0
    },
    "warnings": null
  },
  "results": {
    "or": {
      "rewards": [
        14121.0
      ],
      "mean": 14121.0,
      "std": 0.0,
      "min": 14121.0,
      "max": 14121.0,
      "count": 1,
      "ratio_to_perfect": 0.8908024224072673
    },
    "llm": {
      "rewards": [
        13901.0
      ],
      "mean": 13901.0,
      "std": 0.0,
      "min": 13901.0,
      "max": 13901.0,
      "count": 1,
      "ratio_to_perfect": 0.876924047438809
    },
    "llm_to_or": {
      "rewards": [
        14148.0
      ],
      "mean": 14148.0,
      "std": 0.0,
      "min": 14148.0,
      "max": 14148.0,
      "count": 1,
      "ratio_to_perfect": 0.8925056775170326
    },
    "or_to_llm": {
      "rewards": [
        14108.0
      ],
      "mean": 14108.0,
      "std": 0.0,
      "min": 14108.0,
      "max": 14108.0,
      "count": 1,
      "ratio_to_perfect": 0.8899823366136765
    },
    "perfect_score": {
      "rewards": [
        15852.0
      ],
      "mean": 15852.0,
      "std": 0.0,
      "min": 15852.0,
      "max": 15852.0,
      "count": 1,
      "ratio_to_perfect": 1.0
    }
  },
  "errors": {}
}