{
  "instance_dir": "/shared/share_malatown/OR_Agent/examples/benchmark/synthetic_trajectory/lead_time_0/p08_multi_changepoint/v1_up_then_down/r1_med",
  "instance_name": "r1_med",
  "promised_lead_time": 0,
  "model": "x-ai/grok-4.1-fast",
  "num_runs_llm": 1,
  "num_runs_deterministic": 1,
  "max_periods": null,
  "summary": {
    "perfect_score": 23744.0,
    "ratios": {
      "or": 0.8616913746630728,
      "llm": 0.8394541778975741,
      "llm_to_or": 0.887592654986523,
      "or_to_llm": 0.862407345013477,
      "perfect_score": 1.0
    },
    "warnings": null
  },
  "results": {
    "or": {
      "rewards": [
        20460.0
      ],
      "mean": 20460.0,
      "std": 0.0,
      "min": 20460.0,
      "max": 20460.0,
      "count": 1,
      "ratio_to_perfect": 0.8616913746630728
    },
    "llm": {
      "rewards": [
        19932.0
      ],
      "mean": 19932.0,
      "std": 0.0,
      "min": 19932.0,
      "max": 19932.0,
      "count": 1,
      "ratio_to_perfect": 0.8394541778975741
    },
    "llm_to_or": {
      "rewards": [
        21075.0
      ],
      "mean": 21075.0,
      "std": 0.0,
      "min": 21075.0,
      "max": 21075.0,
      "count": 1,
      "ratio_to_perfect": 0.887592654986523
    },
    "or_to_llm": {
      "rewards": [
        20477.0
      ],
      "mean": 20477.0,
      "std": 0.0,
      "min": 20477.0,
      "max": 20477.0,
      "count": 1,
      "ratio_to_perfect": 0.862407345013477
    },
    "perfect_score": {
      "rewards": [
        23744.0
      ],
      "mean": 23744.0,
      "std": 0.0,
      "min": 23744.0,
      "max": 23744.0,
      "count": 1,
      "ratio_to_perfect": 1.0
    }
  },
  "errors": {}
}