{
  "instance_dir": "/shared/share_malatown/OR_Agent/examples/benchmark/real_trajectory/lead_time_stochastic/717490002",
  "instance_name": "717490002",
  "promised_lead_time": 2,
  "model": "x-ai/grok-4.1-fast",
  "num_runs_llm": 1,
  "num_runs_deterministic": 1,
  "max_periods": null,
  "summary": {
    "perfect_score": 86241.0,
    "ratios": {
      "or": 0.39727043981400956,
      "llm": 0.7148687979035494,
      "llm_to_or": 0.5275796894748438,
      "or_to_llm": 0.40993263065131436,
      "perfect_score": 1.0
    },
    "warnings": null
  },
  "results": {
    "or": {
      "rewards": [
        34261.0
      ],
      "mean": 34261.0,
      "std": 0.0,
      "min": 34261.0,
      "max": 34261.0,
      "count": 1,
      "ratio_to_perfect": 0.39727043981400956
    },
    "llm": {
      "rewards": [
        61651.0
      ],
      "mean": 61651.0,
      "std": 0.0,
      "min": 61651.0,
      "max": 61651.0,
      "count": 1,
      "ratio_to_perfect": 0.7148687979035494
    },
    "llm_to_or": {
      "rewards": [
        45499.0
      ],
      "mean": 45499.0,
      "std": 0.0,
      "min": 45499.0,
      "max": 45499.0,
      "count": 1,
      "ratio_to_perfect": 0.5275796894748438
    },
    "or_to_llm": {
      "rewards": [
        35353.0
      ],
      "mean": 35353.0,
      "std": 0.0,
      "min": 35353.0,
      "max": 35353.0,
      "count": 1,
      "ratio_to_perfect": 0.40993263065131436
    },
    "perfect_score": {
      "rewards": [
        86241.0
      ],
      "mean": 86241.0,
      "std": 0.0,
      "min": 86241.0,
      "max": 86241.0,
      "count": 1,
      "ratio_to_perfect": 1.0
    }
  },
  "errors": {}
}