{
  "instance_dir": "/shared/share_malatown/OR-Agent-GPT5mini-benchmark/examples/benchmark/real_trajectory/lead_time_0/224606019",
  "instance_name": "224606019",
  "promised_lead_time": 0,
  "model": "openai/gpt-5-mini",
  "num_runs_llm": 1,
  "num_runs_deterministic": 1,
  "max_periods": null,
  "summary": {
    "perfect_score": 2925.0,
    "ratios": {
      "or": 0.6758974358974359,
      "llm": 0.601025641025641,
      "llm_to_or": 0.6252991452991453,
      "or_to_llm": 0.6304273504273504,
      "perfect_score": 1.0
    },
    "warnings": null
  },
  "results": {
    "or": {
      "rewards": [
        1977.0
      ],
      "mean": 1977.0,
      "std": 0.0,
      "min": 1977.0,
      "max": 1977.0,
      "count": 1,
      "ratio_to_perfect": 0.6758974358974359
    },
    "llm": {
      "rewards": [
        1758.0
      ],
      "mean": 1758.0,
      "std": 0.0,
      "min": 1758.0,
      "max": 1758.0,
      "count": 1,
      "ratio_to_perfect": 0.601025641025641
    },
    "llm_to_or": {
      "rewards": [
        1829.0
      ],
      "mean": 1829.0,
      "std": 0.0,
      "min": 1829.0,
      "max": 1829.0,
      "count": 1,
      "ratio_to_perfect": 0.6252991452991453
    },
    "or_to_llm": {
      "rewards": [
        1844.0
      ],
      "mean": 1844.0,
      "std": 0.0,
      "min": 1844.0,
      "max": 1844.0,
      "count": 1,
      "ratio_to_perfect": 0.6304273504273504
    },
    "perfect_score": {
      "rewards": [
        2925.0
      ],
      "mean": 2925.0,
      "std": 0.0,
      "min": 2925.0,
      "max": 2925.0,
      "count": 1,
      "ratio_to_perfect": 1.0
    }
  },
  "errors": {}
}