{
  "instance_dir": "D:\\TextArena\\examples\\benchmark\\real_trajectory\\lead_time_stochastic\\717490015",
  "instance_name": "717490015",
  "promised_lead_time": 2,
  "model": "google/gemini-3-flash-preview",
  "num_runs_llm": 1,
  "num_runs_deterministic": 1,
  "max_periods": null,
  "summary": {
    "perfect_score": 51433.0,
    "ratios": {
      "or": 0.3210584644100091,
      "llm": 0.6310345498026558,
      "llm_to_or": 0.01405712285886493,
      "or_to_llm": 0.5722396127000176,
      "perfect_score": 1.0
    },
    "warnings": null
  },
  "results": {
    "or": {
      "rewards": [
        16513.0
      ],
      "mean": 16513.0,
      "std": 0.0,
      "min": 16513.0,
      "max": 16513.0,
      "count": 1,
      "ratio_to_perfect": 0.3210584644100091
    },
    "llm": {
      "rewards": [
        32456.0
      ],
      "mean": 32456.0,
      "std": 0.0,
      "min": 32456.0,
      "max": 32456.0,
      "count": 1,
      "ratio_to_perfect": 0.6310345498026558
    },
    "llm_to_or": {
      "rewards": [
        723.0
      ],
      "mean": 723.0,
      "std": 0.0,
      "min": 723.0,
      "max": 723.0,
      "count": 1,
      "ratio_to_perfect": 0.01405712285886493
    },
    "or_to_llm": {
      "rewards": [
        29432.0
      ],
      "mean": 29432.0,
      "std": 0.0,
      "min": 29432.0,
      "max": 29432.0,
      "count": 1,
      "ratio_to_perfect": 0.5722396127000176
    },
    "perfect_score": {
      "rewards": [
        51433.0
      ],
      "mean": 51433.0,
      "std": 0.0,
      "min": 51433.0,
      "max": 51433.0,
      "count": 1,
      "ratio_to_perfect": 1.0
    }
  },
  "errors": {}
}