{
  "instance_dir": "/shared/share_malatown/OR_Agent/examples/benchmark/real_trajectory/lead_time_4/554792001",
  "instance_name": "554792001",
  "promised_lead_time": 4,
  "model": "x-ai/grok-4.1-fast",
  "num_runs_llm": 1,
  "num_runs_deterministic": 1,
  "max_periods": null,
  "summary": {
    "perfect_score": 9516.0,
    "ratios": {
      "or": 0.38083228247162676,
      "llm": -1.3261874737284574,
      "llm_to_or": 0.24180327868852458,
      "or_to_llm": 0.22068095838587642,
      "perfect_score": 1.0
    },
    "warnings": null
  },
  "results": {
    "or": {
      "rewards": [
        3624.0
      ],
      "mean": 3624.0,
      "std": 0.0,
      "min": 3624.0,
      "max": 3624.0,
      "count": 1,
      "ratio_to_perfect": 0.38083228247162676
    },
    "llm": {
      "rewards": [
        -12620.0
      ],
      "mean": -12620.0,
      "std": 0.0,
      "min": -12620.0,
      "max": -12620.0,
      "count": 1,
      "ratio_to_perfect": -1.3261874737284574
    },
    "llm_to_or": {
      "rewards": [
        2301.0
      ],
      "mean": 2301.0,
      "std": 0.0,
      "min": 2301.0,
      "max": 2301.0,
      "count": 1,
      "ratio_to_perfect": 0.24180327868852458
    },
    "or_to_llm": {
      "rewards": [
        2100.0
      ],
      "mean": 2100.0,
      "std": 0.0,
      "min": 2100.0,
      "max": 2100.0,
      "count": 1,
      "ratio_to_perfect": 0.22068095838587642
    },
    "perfect_score": {
      "rewards": [
        9516.0
      ],
      "mean": 9516.0,
      "std": 0.0,
      "min": 9516.0,
      "max": 9516.0,
      "count": 1,
      "ratio_to_perfect": 1.0
    }
  },
  "errors": {}
}