{
  "instance_dir": "D:\\TextArena\\examples\\benchmark\\synthetic_trajectory\\lead_time_4\\p01_stationary_iid\\v4_uniform_50_150\\r2_med",
  "instance_name": "r2_med",
  "promised_lead_time": 4,
  "model": "google/gemini-3-flash-preview",
  "num_runs_llm": 1,
  "num_runs_deterministic": 1,
  "max_periods": null,
  "summary": {
    "perfect_score": 18244.0,
    "ratios": {
      "or": 0.7218811664108749,
      "llm": 0.5875904406928305,
      "llm_to_or": 0.6572023679017759,
      "or_to_llm": 0.7114667836000877,
      "perfect_score": 1.0
    },
    "warnings": null
  },
  "results": {
    "or": {
      "rewards": [
        13170.0
      ],
      "mean": 13170.0,
      "std": 0.0,
      "min": 13170.0,
      "max": 13170.0,
      "count": 1,
      "ratio_to_perfect": 0.7218811664108749
    },
    "llm": {
      "rewards": [
        10720.0
      ],
      "mean": 10720.0,
      "std": 0.0,
      "min": 10720.0,
      "max": 10720.0,
      "count": 1,
      "ratio_to_perfect": 0.5875904406928305
    },
    "llm_to_or": {
      "rewards": [
        11990.0
      ],
      "mean": 11990.0,
      "std": 0.0,
      "min": 11990.0,
      "max": 11990.0,
      "count": 1,
      "ratio_to_perfect": 0.6572023679017759
    },
    "or_to_llm": {
      "rewards": [
        12980.0
      ],
      "mean": 12980.0,
      "std": 0.0,
      "min": 12980.0,
      "max": 12980.0,
      "count": 1,
      "ratio_to_perfect": 0.7114667836000877
    },
    "perfect_score": {
      "rewards": [
        18244.0
      ],
      "mean": 18244.0,
      "std": 0.0,
      "min": 18244.0,
      "max": 18244.0,
      "count": 1,
      "ratio_to_perfect": 1.0
    }
  },
  "errors": {}
}