{
  "instance_dir": "/shared/share_malatown/OR_Agent/examples/benchmark/real_trajectory/lead_time_stochastic/675068002",
  "instance_name": "675068002",
  "promised_lead_time": 2,
  "model": "x-ai/grok-4.1-fast",
  "num_runs_llm": 1,
  "num_runs_deterministic": 1,
  "max_periods": null,
  "summary": {
    "perfect_score": 20644.0,
    "ratios": {
      "or": 0.20349738422786282,
      "llm": 0.15089130013563262,
      "llm_to_or": -0.294225925208293,
      "or_to_llm": 0.10962022863786088,
      "perfect_score": 1.0
    },
    "warnings": null
  },
  "results": {
    "or": {
      "rewards": [
        4201.0
      ],
      "mean": 4201.0,
      "std": 0.0,
      "min": 4201.0,
      "max": 4201.0,
      "count": 1,
      "ratio_to_perfect": 0.20349738422786282
    },
    "llm": {
      "rewards": [
        3115.0
      ],
      "mean": 3115.0,
      "std": 0.0,
      "min": 3115.0,
      "max": 3115.0,
      "count": 1,
      "ratio_to_perfect": 0.15089130013563262
    },
    "llm_to_or": {
      "rewards": [
        -6074.0
      ],
      "mean": -6074.0,
      "std": 0.0,
      "min": -6074.0,
      "max": -6074.0,
      "count": 1,
      "ratio_to_perfect": -0.294225925208293
    },
    "or_to_llm": {
      "rewards": [
        2263.0
      ],
      "mean": 2263.0,
      "std": 0.0,
      "min": 2263.0,
      "max": 2263.0,
      "count": 1,
      "ratio_to_perfect": 0.10962022863786088
    },
    "perfect_score": {
      "rewards": [
        20644.0
      ],
      "mean": 20644.0,
      "std": 0.0,
      "min": 20644.0,
      "max": 20644.0,
      "count": 1,
      "ratio_to_perfect": 1.0
    }
  },
  "errors": {}
}