{
  "overall_score": 0.44471016183446377,
  "total_instances": 1320,
  "batches": {
    "real_trajectory/lead_time_0": {
      "num_instances": 200,
      "score": 0.6707651566811217,
      "normalized_reward_stats": {
        "mean": 0.6707651566811217,
        "median": 0.7400999594219737,
        "std": 0.23630697796627695,
        "min": 0.0,
        "max": 0.9467665844803821
      },
      "service_level_mean": 0.8605992501168251
    },
    "real_trajectory/lead_time_4": {
      "num_instances": 200,
      "score": 0.3016505878966069,
      "normalized_reward_stats": {
        "mean": 0.3016505878966069,
        "median": 0.25129068463108967,
        "std": 0.29661580768197116,
        "min": 0.0,
        "max": 0.8281633439846976
      },
      "service_level_mean": 0.7212066521321178
    },
    "real_trajectory/lead_time_stochastic": {
      "num_instances": 200,
      "score": 0.20999269536182397,
      "normalized_reward_stats": {
        "mean": 0.20999269536182397,
        "median": 0.20306189780858042,
        "std": 0.08780609324522066,
        "min": 0.0,
        "max": 0.5286088665647521
      },
      "service_level_mean": 0.23218744003279185
    },
    "synthetic_trajectory/lead_time_0": {
      "num_instances": 240,
      "score": 0.8178760214638596,
      "normalized_reward_stats": {
        "mean": 0.8178760214638596,
        "median": 0.858854136541539,
        "std": 0.14777894709447975,
        "min": 0.15914684167350288,
        "max": 0.9845626801995894
      },
      "service_level_mean": 0.9193447495991258
    },
    "synthetic_trajectory/lead_time_4": {
      "num_instances": 240,
      "score": 0.5358551158660099,
      "normalized_reward_stats": {
        "mean": 0.5358551158660099,
        "median": 0.5885010010233211,
        "std": 0.28076636410870864,
        "min": 0.0,
        "max": 0.9000096848131369
      },
      "service_level_mean": 0.8235114248112857
    },
    "synthetic_trajectory/lead_time_stochastic": {
      "num_instances": 240,
      "score": 0.10683438614338746,
      "normalized_reward_stats": {
        "mean": 0.10683438614338746,
        "median": 0.10137209647647456,
        "std": 0.04240413436257897,
        "min": 0.012027491408934709,
        "max": 0.30582572351088483
      },
      "service_level_mean": 0.12097995185443328
    }
  },
  "overall_stats": {
    "mean": 0.44471016183446377,
    "median": 0.41527343112893744,
    "std": 0.32918978660470444,
    "min": 0.0,
    "max": 0.9845626801995894
  }
}