{
  "overall_score": 0.5008995394490682,
  "total_instances": 1320,
  "batches": {
    "real_trajectory/lead_time_0": {
      "num_instances": 200,
      "score": 0.7715707133841261,
      "normalized_reward_stats": {
        "mean": 0.7715707133841261,
        "median": 0.7966378880039406,
        "std": 0.1324467268606452,
        "min": 0.3640514736405147,
        "max": 0.9595835802402629
      },
      "service_level_mean": 0.8974072343511237
    },
    "real_trajectory/lead_time_4": {
      "num_instances": 200,
      "score": 0.30325424834877124,
      "normalized_reward_stats": {
        "mean": 0.30325424834877124,
        "median": 0.26704014508541996,
        "std": 0.30356198381923394,
        "min": 0.0,
        "max": 0.8337163870374626
      },
      "service_level_mean": 0.7459656485804967
    },
    "real_trajectory/lead_time_stochastic": {
      "num_instances": 200,
      "score": 0.23750047108856237,
      "normalized_reward_stats": {
        "mean": 0.23750047108856237,
        "median": 0.22411316150832977,
        "std": 0.18721442399650334,
        "min": 0.0,
        "max": 0.6883529894971543
      },
      "service_level_mean": 0.4547830019279457
    },
    "synthetic_trajectory/lead_time_0": {
      "num_instances": 240,
      "score": 0.8603580898845128,
      "normalized_reward_stats": {
        "mean": 0.8603580898845128,
        "median": 0.8873492702667709,
        "std": 0.1094580179013478,
        "min": 0.3832395247029393,
        "max": 0.9841371165937889
      },
      "service_level_mean": 0.9423268052040297
    },
    "synthetic_trajectory/lead_time_4": {
      "num_instances": 240,
      "score": 0.5576053726008235,
      "normalized_reward_stats": {
        "mean": 0.5576053726008235,
        "median": 0.6537383312863112,
        "std": 0.28772155407901623,
        "min": 0.0,
        "max": 0.8955118185208402
      },
      "service_level_mean": 0.847156492569672
    },
    "synthetic_trajectory/lead_time_stochastic": {
      "num_instances": 240,
      "score": 0.24337947713332195,
      "normalized_reward_stats": {
        "mean": 0.24337947713332195,
        "median": 0.25139687104032216,
        "std": 0.15191930186701033,
        "min": 0.0,
        "max": 0.6532944957814383
      },
      "service_level_mean": 0.39071611152813673
    }
  },
  "overall_stats": {
    "mean": 0.5008995394490682,
    "median": 0.5320981405171444,
    "std": 0.327143522969099,
    "min": 0.0,
    "max": 0.9841371165937889
  }
}