{
  "instance_dir": "D:\\TextArena\\examples\\benchmark\\synthetic_trajectory\\lead_time_stochastic\\p02_mean_increase\\v2_100to150\\r1_high",
  "instance_name": "r1_high",
  "promised_lead_time": 2,
  "model": "google/gemini-3-flash-preview",
  "num_runs_llm": 1,
  "num_runs_deterministic": 1,
  "max_periods": null,
  "summary": {
    "perfect_score": 134767.0,
    "ratios": {
      "or": 0.09814717252739914,
      "llm": 0.6350664480176897,
      "llm_to_or": 0.3926035305378913,
      "or_to_llm": 0.5383365363924403,
      "perfect_score": 1.0
    },
    "warnings": null
  },
  "results": {
    "or": {
      "rewards": [
        13227.0
      ],
      "mean": 13227.0,
      "std": 0.0,
      "min": 13227.0,
      "max": 13227.0,
      "count": 1,
      "ratio_to_perfect": 0.09814717252739914
    },
    "llm": {
      "rewards": [
        85586.0
      ],
      "mean": 85586.0,
      "std": 0.0,
      "min": 85586.0,
      "max": 85586.0,
      "count": 1,
      "ratio_to_perfect": 0.6350664480176897
    },
    "llm_to_or": {
      "rewards": [
        52910.0
      ],
      "mean": 52910.0,
      "std": 0.0,
      "min": 52910.0,
      "max": 52910.0,
      "count": 1,
      "ratio_to_perfect": 0.3926035305378913
    },
    "or_to_llm": {
      "rewards": [
        72550.0
      ],
      "mean": 72550.0,
      "std": 0.0,
      "min": 72550.0,
      "max": 72550.0,
      "count": 1,
      "ratio_to_perfect": 0.5383365363924403
    },
    "perfect_score": {
      "rewards": [
        134767.0
      ],
      "mean": 134767.0,
      "std": 0.0,
      "min": 134767.0,
      "max": 134767.0,
      "count": 1,
      "ratio_to_perfect": 1.0
    }
  },
  "errors": {}
}