{
  "instance_dir": "/shared/share_malatown/OR-Agent-GPT5mini-benchmark/examples/benchmark/real_trajectory/lead_time_stochastic/621381012",
  "instance_name": "621381012",
  "promised_lead_time": 2,
  "model": "openai/gpt-5-mini",
  "num_runs_llm": 1,
  "num_runs_deterministic": 1,
  "max_periods": null,
  "summary": {
    "perfect_score": 14520.0,
    "ratios": {
      "or": 0.2940082644628099,
      "llm": 0.16287878787878787,
      "llm_to_or": 0.3119146005509642,
      "or_to_llm": 0.237465564738292,
      "perfect_score": 1.0
    },
    "warnings": null
  },
  "results": {
    "or": {
      "rewards": [
        4269.0
      ],
      "mean": 4269.0,
      "std": 0.0,
      "min": 4269.0,
      "max": 4269.0,
      "count": 1,
      "ratio_to_perfect": 0.2940082644628099
    },
    "llm": {
      "rewards": [
        2365.0
      ],
      "mean": 2365.0,
      "std": 0.0,
      "min": 2365.0,
      "max": 2365.0,
      "count": 1,
      "ratio_to_perfect": 0.16287878787878787
    },
    "llm_to_or": {
      "rewards": [
        4529.0
      ],
      "mean": 4529.0,
      "std": 0.0,
      "min": 4529.0,
      "max": 4529.0,
      "count": 1,
      "ratio_to_perfect": 0.3119146005509642
    },
    "or_to_llm": {
      "rewards": [
        3448.0
      ],
      "mean": 3448.0,
      "std": 0.0,
      "min": 3448.0,
      "max": 3448.0,
      "count": 1,
      "ratio_to_perfect": 0.237465564738292
    },
    "perfect_score": {
      "rewards": [
        14520.0
      ],
      "mean": 14520.0,
      "std": 0.0,
      "min": 14520.0,
      "max": 14520.0,
      "count": 1,
      "ratio_to_perfect": 1.0
    }
  },
  "errors": {}
}