{
  "instance_dir": "D:\\TextArena\\examples\\benchmark\\synthetic_trajectory\\lead_time_4\\p03_mean_decrease\\v3_100to30\\r1_med",
  "instance_name": "r1_med",
  "promised_lead_time": 4,
  "model": "openai/gpt-5-mini",
  "num_runs_llm": 1,
  "num_runs_deterministic": 1,
  "max_periods": null,
  "summary": {
    "perfect_score": 10420.0,
    "ratios": {
      "or": -0.20825335892514396,
      "llm": 0.29088291746641076,
      "llm_to_or": -0.20355086372360845,
      "or_to_llm": -0.1523992322456814,
      "perfect_score": 1.0
    },
    "warnings": null
  },
  "results": {
    "or": {
      "rewards": [
        -2170.0
      ],
      "mean": -2170.0,
      "std": 0.0,
      "min": -2170.0,
      "max": -2170.0,
      "count": 1,
      "ratio_to_perfect": -0.20825335892514396
    },
    "llm": {
      "rewards": [
        3031.0
      ],
      "mean": 3031.0,
      "std": 0.0,
      "min": 3031.0,
      "max": 3031.0,
      "count": 1,
      "ratio_to_perfect": 0.29088291746641076
    },
    "llm_to_or": {
      "rewards": [
        -2121.0
      ],
      "mean": -2121.0,
      "std": 0.0,
      "min": -2121.0,
      "max": -2121.0,
      "count": 1,
      "ratio_to_perfect": -0.20355086372360845
    },
    "or_to_llm": {
      "rewards": [
        -1588.0
      ],
      "mean": -1588.0,
      "std": 0.0,
      "min": -1588.0,
      "max": -1588.0,
      "count": 1,
      "ratio_to_perfect": -0.1523992322456814
    },
    "perfect_score": {
      "rewards": [
        10420.0
      ],
      "mean": 10420.0,
      "std": 0.0,
      "min": 10420.0,
      "max": 10420.0,
      "count": 1,
      "ratio_to_perfect": 1.0
    }
  },
  "errors": {}
}