{
  "instance_dir": "D:\\TextArena\\examples\\benchmark\\synthetic_trajectory\\lead_time_0\\p08_multi_changepoint\\v3_var_high_then_low\\r2_med",
  "instance_name": "r2_med",
  "promised_lead_time": 0,
  "model": "openai/gpt-5-mini",
  "num_runs_llm": 1,
  "num_runs_deterministic": 1,
  "max_periods": null,
  "summary": {
    "perfect_score": 20416.0,
    "ratios": {
      "or": 0.8763714733542319,
      "llm": 0.8470807210031348,
      "llm_to_or": 0.8782327586206896,
      "or_to_llm": 0.8806818181818182,
      "perfect_score": 1.0
    },
    "warnings": null
  },
  "results": {
    "or": {
      "rewards": [
        17892.0
      ],
      "mean": 17892.0,
      "std": 0.0,
      "min": 17892.0,
      "max": 17892.0,
      "count": 1,
      "ratio_to_perfect": 0.8763714733542319
    },
    "llm": {
      "rewards": [
        17294.0
      ],
      "mean": 17294.0,
      "std": 0.0,
      "min": 17294.0,
      "max": 17294.0,
      "count": 1,
      "ratio_to_perfect": 0.8470807210031348
    },
    "llm_to_or": {
      "rewards": [
        17930.0
      ],
      "mean": 17930.0,
      "std": 0.0,
      "min": 17930.0,
      "max": 17930.0,
      "count": 1,
      "ratio_to_perfect": 0.8782327586206896
    },
    "or_to_llm": {
      "rewards": [
        17980.0
      ],
      "mean": 17980.0,
      "std": 0.0,
      "min": 17980.0,
      "max": 17980.0,
      "count": 1,
      "ratio_to_perfect": 0.8806818181818182
    },
    "perfect_score": {
      "rewards": [
        20416.0
      ],
      "mean": 20416.0,
      "std": 0.0,
      "min": 20416.0,
      "max": 20416.0,
      "count": 1,
      "ratio_to_perfect": 1.0
    }
  },
  "errors": {}
}