{
  "instance_dir": "/shared/share_malatown/OR_Agent/examples/benchmark/real_trajectory/lead_time_0/673396002",
  "instance_name": "673396002",
  "promised_lead_time": 0,
  "model": "x-ai/grok-4.1-fast",
  "num_runs_llm": 1,
  "num_runs_deterministic": 1,
  "max_periods": null,
  "summary": {
    "perfect_score": 193990.0,
    "ratios": {
      "or": 0.917392649105624,
      "llm": 0.8679004072374865,
      "llm_to_or": 0.8871488221042322,
      "or_to_llm": 0.9038764884787875,
      "perfect_score": 1.0
    },
    "warnings": null
  },
  "results": {
    "or": {
      "rewards": [
        177965.0
      ],
      "mean": 177965.0,
      "std": 0.0,
      "min": 177965.0,
      "max": 177965.0,
      "count": 1,
      "ratio_to_perfect": 0.917392649105624
    },
    "llm": {
      "rewards": [
        168364.0
      ],
      "mean": 168364.0,
      "std": 0.0,
      "min": 168364.0,
      "max": 168364.0,
      "count": 1,
      "ratio_to_perfect": 0.8679004072374865
    },
    "llm_to_or": {
      "rewards": [
        172098.0
      ],
      "mean": 172098.0,
      "std": 0.0,
      "min": 172098.0,
      "max": 172098.0,
      "count": 1,
      "ratio_to_perfect": 0.8871488221042322
    },
    "or_to_llm": {
      "rewards": [
        175343.0
      ],
      "mean": 175343.0,
      "std": 0.0,
      "min": 175343.0,
      "max": 175343.0,
      "count": 1,
      "ratio_to_perfect": 0.9038764884787875
    },
    "perfect_score": {
      "rewards": [
        193990.0
      ],
      "mean": 193990.0,
      "std": 0.0,
      "min": 193990.0,
      "max": 193990.0,
      "count": 1,
      "ratio_to_perfect": 1.0
    }
  },
  "errors": {}
}