{
  "instance_dir": "/shared/share_malatown/OR-Agent-GPT5mini-benchmark/examples/benchmark/real_trajectory/lead_time_0/685814001",
  "instance_name": "685814001",
  "promised_lead_time": 0,
  "model": "openai/gpt-5-mini",
  "num_runs_llm": 1,
  "num_runs_deterministic": 1,
  "max_periods": null,
  "summary": {
    "perfect_score": 23800.0,
    "ratios": {
      "or": 0.6613025210084034,
      "llm": 0.7071428571428572,
      "llm_to_or": 0.6785714285714286,
      "or_to_llm": 0.7298319327731092,
      "perfect_score": 1.0
    },
    "warnings": null
  },
  "results": {
    "or": {
      "rewards": [
        15739.0
      ],
      "mean": 15739.0,
      "std": 0.0,
      "min": 15739.0,
      "max": 15739.0,
      "count": 1,
      "ratio_to_perfect": 0.6613025210084034
    },
    "llm": {
      "rewards": [
        16830.0
      ],
      "mean": 16830.0,
      "std": 0.0,
      "min": 16830.0,
      "max": 16830.0,
      "count": 1,
      "ratio_to_perfect": 0.7071428571428572
    },
    "llm_to_or": {
      "rewards": [
        16150.0
      ],
      "mean": 16150.0,
      "std": 0.0,
      "min": 16150.0,
      "max": 16150.0,
      "count": 1,
      "ratio_to_perfect": 0.6785714285714286
    },
    "or_to_llm": {
      "rewards": [
        17370.0
      ],
      "mean": 17370.0,
      "std": 0.0,
      "min": 17370.0,
      "max": 17370.0,
      "count": 1,
      "ratio_to_perfect": 0.7298319327731092
    },
    "perfect_score": {
      "rewards": [
        23800.0
      ],
      "mean": 23800.0,
      "std": 0.0,
      "min": 23800.0,
      "max": 23800.0,
      "count": 1,
      "ratio_to_perfect": 1.0
    }
  },
  "errors": {}
}