{
  "instance_dir": "D:\\TextArena\\examples\\benchmark\\synthetic_trajectory\\lead_time_4\\p03_mean_decrease\\v3_100to30\\r1_high",
  "instance_name": "r1_high",
  "promised_lead_time": 4,
  "model": "google/gemini-3-flash-preview",
  "num_runs_llm": 1,
  "num_runs_deterministic": 1,
  "max_periods": null,
  "summary": {
    "perfect_score": 49495.0,
    "ratios": {
      "or": 0.5527427012829579,
      "llm": 0.6440448530154561,
      "llm_to_or": 0.6738458430144459,
      "or_to_llm": 0.676755227800788,
      "perfect_score": 1.0
    },
    "warnings": null
  },
  "results": {
    "or": {
      "rewards": [
        27358.0
      ],
      "mean": 27358.0,
      "std": 0.0,
      "min": 27358.0,
      "max": 27358.0,
      "count": 1,
      "ratio_to_perfect": 0.5527427012829579
    },
    "llm": {
      "rewards": [
        31877.0
      ],
      "mean": 31877.0,
      "std": 0.0,
      "min": 31877.0,
      "max": 31877.0,
      "count": 1,
      "ratio_to_perfect": 0.6440448530154561
    },
    "llm_to_or": {
      "rewards": [
        33352.0
      ],
      "mean": 33352.0,
      "std": 0.0,
      "min": 33352.0,
      "max": 33352.0,
      "count": 1,
      "ratio_to_perfect": 0.6738458430144459
    },
    "or_to_llm": {
      "rewards": [
        33496.0
      ],
      "mean": 33496.0,
      "std": 0.0,
      "min": 33496.0,
      "max": 33496.0,
      "count": 1,
      "ratio_to_perfect": 0.676755227800788
    },
    "perfect_score": {
      "rewards": [
        49495.0
      ],
      "mean": 49495.0,
      "std": 0.0,
      "min": 49495.0,
      "max": 49495.0,
      "count": 1,
      "ratio_to_perfect": 1.0
    }
  },
  "errors": {}
}