{
  "instance_dir": "/shared/share_malatown/OR_Agent/examples/benchmark/real_trajectory/lead_time_4/148033001",
  "instance_name": "148033001",
  "promised_lead_time": 4,
  "model": "x-ai/grok-4.1-fast",
  "num_runs_llm": 1,
  "num_runs_deterministic": 1,
  "max_periods": null,
  "summary": {
    "perfect_score": 2819.0,
    "ratios": {
      "or": -0.13657325292656972,
      "llm": -3.8903866619368572,
      "llm_to_or": 0.23448031216743526,
      "or_to_llm": -0.031216743526073076,
      "perfect_score": 1.0
    },
    "warnings": null
  },
  "results": {
    "or": {
      "rewards": [
        -385.0
      ],
      "mean": -385.0,
      "std": 0.0,
      "min": -385.0,
      "max": -385.0,
      "count": 1,
      "ratio_to_perfect": -0.13657325292656972
    },
    "llm": {
      "rewards": [
        -10967.0
      ],
      "mean": -10967.0,
      "std": 0.0,
      "min": -10967.0,
      "max": -10967.0,
      "count": 1,
      "ratio_to_perfect": -3.8903866619368572
    },
    "llm_to_or": {
      "rewards": [
        661.0
      ],
      "mean": 661.0,
      "std": 0.0,
      "min": 661.0,
      "max": 661.0,
      "count": 1,
      "ratio_to_perfect": 0.23448031216743526
    },
    "or_to_llm": {
      "rewards": [
        -88.0
      ],
      "mean": -88.0,
      "std": 0.0,
      "min": -88.0,
      "max": -88.0,
      "count": 1,
      "ratio_to_perfect": -0.031216743526073076
    },
    "perfect_score": {
      "rewards": [
        2819.0
      ],
      "mean": 2819.0,
      "std": 0.0,
      "min": 2819.0,
      "max": 2819.0,
      "count": 1,
      "ratio_to_perfect": 1.0
    }
  },
  "errors": {}
}