{
  "instance_dir": "/shared/share_malatown/OR_Agent/examples/benchmark/synthetic_trajectory/lead_time_4/p02_mean_increase/v2_100to150/r2_med",
  "instance_name": "r2_med",
  "promised_lead_time": 4,
  "model": "x-ai/grok-4.1-fast",
  "num_runs_llm": 1,
  "num_runs_deterministic": 1,
  "max_periods": null,
  "summary": {
    "perfect_score": 26504.0,
    "ratios": {
      "or": 0.7864095985511621,
      "llm": -0.06700875339571385,
      "llm_to_or": 0.7734304255961364,
      "or_to_llm": 0.7985209779655901,
      "perfect_score": 1.0
    },
    "warnings": null
  },
  "results": {
    "or": {
      "rewards": [
        20843.0
      ],
      "mean": 20843.0,
      "std": 0.0,
      "min": 20843.0,
      "max": 20843.0,
      "count": 1,
      "ratio_to_perfect": 0.7864095985511621
    },
    "llm": {
      "rewards": [
        -1776.0
      ],
      "mean": -1776.0,
      "std": 0.0,
      "min": -1776.0,
      "max": -1776.0,
      "count": 1,
      "ratio_to_perfect": -0.06700875339571385
    },
    "llm_to_or": {
      "rewards": [
        20499.0
      ],
      "mean": 20499.0,
      "std": 0.0,
      "min": 20499.0,
      "max": 20499.0,
      "count": 1,
      "ratio_to_perfect": 0.7734304255961364
    },
    "or_to_llm": {
      "rewards": [
        21164.0
      ],
      "mean": 21164.0,
      "std": 0.0,
      "min": 21164.0,
      "max": 21164.0,
      "count": 1,
      "ratio_to_perfect": 0.7985209779655901
    },
    "perfect_score": {
      "rewards": [
        26504.0
      ],
      "mean": 26504.0,
      "std": 0.0,
      "min": 26504.0,
      "max": 26504.0,
      "count": 1,
      "ratio_to_perfect": 1.0
    }
  },
  "errors": {}
}