{
  "instance_dir": "/shared/share_malatown/OR_Agent/examples/benchmark/real_trajectory/lead_time_stochastic/729928001",
  "instance_name": "729928001",
  "promised_lead_time": 2,
  "model": "x-ai/grok-4.1-fast",
  "num_runs_llm": 1,
  "num_runs_deterministic": 1,
  "max_periods": null,
  "summary": {
    "perfect_score": 16508.0,
    "ratios": {
      "or": 0.09976980857765931,
      "llm": 0.429367579355464,
      "llm_to_or": -0.8942936757935547,
      "or_to_llm": 0.3125151441725224,
      "perfect_score": 1.0
    },
    "warnings": null
  },
  "results": {
    "or": {
      "rewards": [
        1647.0
      ],
      "mean": 1647.0,
      "std": 0.0,
      "min": 1647.0,
      "max": 1647.0,
      "count": 1,
      "ratio_to_perfect": 0.09976980857765931
    },
    "llm": {
      "rewards": [
        7088.0
      ],
      "mean": 7088.0,
      "std": 0.0,
      "min": 7088.0,
      "max": 7088.0,
      "count": 1,
      "ratio_to_perfect": 0.429367579355464
    },
    "llm_to_or": {
      "rewards": [
        -14763.0
      ],
      "mean": -14763.0,
      "std": 0.0,
      "min": -14763.0,
      "max": -14763.0,
      "count": 1,
      "ratio_to_perfect": -0.8942936757935547
    },
    "or_to_llm": {
      "rewards": [
        5159.0
      ],
      "mean": 5159.0,
      "std": 0.0,
      "min": 5159.0,
      "max": 5159.0,
      "count": 1,
      "ratio_to_perfect": 0.3125151441725224
    },
    "perfect_score": {
      "rewards": [
        16508.0
      ],
      "mean": 16508.0,
      "std": 0.0,
      "min": 16508.0,
      "max": 16508.0,
      "count": 1,
      "ratio_to_perfect": 1.0
    }
  },
  "errors": {}
}