{
  "instance_dir": "D:\\TextArena\\examples\\benchmark\\synthetic_trajectory\\lead_time_4\\p07_seasonal\\v1_period10_amp30\\r2_high",
  "instance_name": "r2_high",
  "promised_lead_time": 4,
  "model": "google/gemini-3-flash-preview",
  "num_runs_llm": 1,
  "num_runs_deterministic": 1,
  "max_periods": null,
  "summary": {
    "perfect_score": 91276.0,
    "ratios": {
      "or": 0.8202923002760857,
      "llm": 0.7662912485209694,
      "llm_to_or": 0.7839957929795346,
      "or_to_llm": 0.7819470616591437,
      "perfect_score": 1.0
    },
    "warnings": null
  },
  "results": {
    "or": {
      "rewards": [
        74873.0
      ],
      "mean": 74873.0,
      "std": 0.0,
      "min": 74873.0,
      "max": 74873.0,
      "count": 1,
      "ratio_to_perfect": 0.8202923002760857
    },
    "llm": {
      "rewards": [
        69944.0
      ],
      "mean": 69944.0,
      "std": 0.0,
      "min": 69944.0,
      "max": 69944.0,
      "count": 1,
      "ratio_to_perfect": 0.7662912485209694
    },
    "llm_to_or": {
      "rewards": [
        71560.0
      ],
      "mean": 71560.0,
      "std": 0.0,
      "min": 71560.0,
      "max": 71560.0,
      "count": 1,
      "ratio_to_perfect": 0.7839957929795346
    },
    "or_to_llm": {
      "rewards": [
        71373.0
      ],
      "mean": 71373.0,
      "std": 0.0,
      "min": 71373.0,
      "max": 71373.0,
      "count": 1,
      "ratio_to_perfect": 0.7819470616591437
    },
    "perfect_score": {
      "rewards": [
        91276.0
      ],
      "mean": 91276.0,
      "std": 0.0,
      "min": 91276.0,
      "max": 91276.0,
      "count": 1,
      "ratio_to_perfect": 1.0
    }
  },
  "errors": {}
}