{
  "instance_dir": "/shared/share_malatown/OR_Agent/examples/benchmark/real_trajectory/lead_time_4/562245018",
  "instance_name": "562245018",
  "promised_lead_time": 4,
  "model": "x-ai/grok-4.1-fast",
  "num_runs_llm": 1,
  "num_runs_deterministic": 1,
  "max_periods": null,
  "summary": {
    "perfect_score": 27244.0,
    "ratios": {
      "or": 0.2040082219938335,
      "llm": -0.37560563793862867,
      "llm_to_or": 0.2928718249889884,
      "or_to_llm": 0.2214065482308031,
      "perfect_score": 1.0
    },
    "warnings": null
  },
  "results": {
    "or": {
      "rewards": [
        5558.0
      ],
      "mean": 5558.0,
      "std": 0.0,
      "min": 5558.0,
      "max": 5558.0,
      "count": 1,
      "ratio_to_perfect": 0.2040082219938335
    },
    "llm": {
      "rewards": [
        -10233.0
      ],
      "mean": -10233.0,
      "std": 0.0,
      "min": -10233.0,
      "max": -10233.0,
      "count": 1,
      "ratio_to_perfect": -0.37560563793862867
    },
    "llm_to_or": {
      "rewards": [
        7979.0
      ],
      "mean": 7979.0,
      "std": 0.0,
      "min": 7979.0,
      "max": 7979.0,
      "count": 1,
      "ratio_to_perfect": 0.2928718249889884
    },
    "or_to_llm": {
      "rewards": [
        6032.0
      ],
      "mean": 6032.0,
      "std": 0.0,
      "min": 6032.0,
      "max": 6032.0,
      "count": 1,
      "ratio_to_perfect": 0.2214065482308031
    },
    "perfect_score": {
      "rewards": [
        27244.0
      ],
      "mean": 27244.0,
      "std": 0.0,
      "min": 27244.0,
      "max": 27244.0,
      "count": 1,
      "ratio_to_perfect": 1.0
    }
  },
  "errors": {}
}