{
  "instance_dir": "D:\\TextArena\\examples\\benchmark\\synthetic_trajectory\\lead_time_4\\p02_mean_increase\\v3_100to300\\r1_med",
  "instance_name": "r1_med",
  "promised_lead_time": 4,
  "model": "openai/gpt-5-mini",
  "num_runs_llm": 1,
  "num_runs_deterministic": 1,
  "max_periods": null,
  "summary": {
    "perfect_score": 46860.0,
    "ratios": {
      "or": 0.7032010243277849,
      "llm": 0.7221510883482715,
      "llm_to_or": 0.75917626973965,
      "or_to_llm": 0.7070209133589416,
      "perfect_score": 1.0
    },
    "warnings": null
  },
  "results": {
    "or": {
      "rewards": [
        32952.0
      ],
      "mean": 32952.0,
      "std": 0.0,
      "min": 32952.0,
      "max": 32952.0,
      "count": 1,
      "ratio_to_perfect": 0.7032010243277849
    },
    "llm": {
      "rewards": [
        33840.0
      ],
      "mean": 33840.0,
      "std": 0.0,
      "min": 33840.0,
      "max": 33840.0,
      "count": 1,
      "ratio_to_perfect": 0.7221510883482715
    },
    "llm_to_or": {
      "rewards": [
        35575.0
      ],
      "mean": 35575.0,
      "std": 0.0,
      "min": 35575.0,
      "max": 35575.0,
      "count": 1,
      "ratio_to_perfect": 0.75917626973965
    },
    "or_to_llm": {
      "rewards": [
        33131.0
      ],
      "mean": 33131.0,
      "std": 0.0,
      "min": 33131.0,
      "max": 33131.0,
      "count": 1,
      "ratio_to_perfect": 0.7070209133589416
    },
    "perfect_score": {
      "rewards": [
        46860.0
      ],
      "mean": 46860.0,
      "std": 0.0,
      "min": 46860.0,
      "max": 46860.0,
      "count": 1,
      "ratio_to_perfect": 1.0
    }
  },
  "errors": {}
}