{
  "instance_dir": "D:\\TextArena\\examples\\benchmark\\synthetic_trajectory\\lead_time_0\\p08_multi_changepoint\\v2_down_then_up\\r1_high",
  "instance_name": "r1_high",
  "promised_lead_time": 0,
  "model": "openai/gpt-5-mini",
  "num_runs_llm": 1,
  "num_runs_deterministic": 1,
  "max_periods": null,
  "summary": {
    "perfect_score": 83961.0,
    "ratios": {
      "or": 0.9467729064684794,
      "llm": 0.8827908195471708,
      "llm_to_or": 0.9465823418015508,
      "or_to_llm": 0.9287288145686687,
      "perfect_score": 1.0
    },
    "warnings": null
  },
  "results": {
    "or": {
      "rewards": [
        79492.0
      ],
      "mean": 79492.0,
      "std": 0.0,
      "min": 79492.0,
      "max": 79492.0,
      "count": 1,
      "ratio_to_perfect": 0.9467729064684794
    },
    "llm": {
      "rewards": [
        74120.0
      ],
      "mean": 74120.0,
      "std": 0.0,
      "min": 74120.0,
      "max": 74120.0,
      "count": 1,
      "ratio_to_perfect": 0.8827908195471708
    },
    "llm_to_or": {
      "rewards": [
        79476.0
      ],
      "mean": 79476.0,
      "std": 0.0,
      "min": 79476.0,
      "max": 79476.0,
      "count": 1,
      "ratio_to_perfect": 0.9465823418015508
    },
    "or_to_llm": {
      "rewards": [
        77977.0
      ],
      "mean": 77977.0,
      "std": 0.0,
      "min": 77977.0,
      "max": 77977.0,
      "count": 1,
      "ratio_to_perfect": 0.9287288145686687
    },
    "perfect_score": {
      "rewards": [
        83961.0
      ],
      "mean": 83961.0,
      "std": 0.0,
      "min": 83961.0,
      "max": 83961.0,
      "count": 1,
      "ratio_to_perfect": 1.0
    }
  },
  "errors": {}
}