{
  "instance_dir": "/shared/share_malatown/OR_Agent/examples/benchmark/real_trajectory/lead_time_0/688432001",
  "instance_name": "688432001",
  "promised_lead_time": 0,
  "model": "x-ai/grok-4.1-fast",
  "num_runs_llm": 1,
  "num_runs_deterministic": 1,
  "max_periods": null,
  "summary": {
    "perfect_score": 3701.0,
    "ratios": {
      "or": 0.5755201296946771,
      "llm": 0.5214806808970549,
      "llm_to_or": 0.6309105647122399,
      "or_to_llm": 0.48149148878681436,
      "perfect_score": 1.0
    },
    "warnings": null
  },
  "results": {
    "or": {
      "rewards": [
        2130.0
      ],
      "mean": 2130.0,
      "std": 0.0,
      "min": 2130.0,
      "max": 2130.0,
      "count": 1,
      "ratio_to_perfect": 0.5755201296946771
    },
    "llm": {
      "rewards": [
        1930.0
      ],
      "mean": 1930.0,
      "std": 0.0,
      "min": 1930.0,
      "max": 1930.0,
      "count": 1,
      "ratio_to_perfect": 0.5214806808970549
    },
    "llm_to_or": {
      "rewards": [
        2335.0
      ],
      "mean": 2335.0,
      "std": 0.0,
      "min": 2335.0,
      "max": 2335.0,
      "count": 1,
      "ratio_to_perfect": 0.6309105647122399
    },
    "or_to_llm": {
      "rewards": [
        1782.0
      ],
      "mean": 1782.0,
      "std": 0.0,
      "min": 1782.0,
      "max": 1782.0,
      "count": 1,
      "ratio_to_perfect": 0.48149148878681436
    },
    "perfect_score": {
      "rewards": [
        3701.0
      ],
      "mean": 3701.0,
      "std": 0.0,
      "min": 3701.0,
      "max": 3701.0,
      "count": 1,
      "ratio_to_perfect": 1.0
    }
  },
  "errors": {}
}