{
  "instance_dir": "/shared/share_malatown/OR-Agent-GPT5mini-benchmark/examples/benchmark/real_trajectory/lead_time_0/516903005",
  "instance_name": "516903005",
  "promised_lead_time": 0,
  "model": "openai/gpt-5-mini",
  "num_runs_llm": 1,
  "num_runs_deterministic": 1,
  "max_periods": null,
  "summary": {
    "perfect_score": 13260.0,
    "ratios": {
      "or": 0.5896681749622926,
      "llm": 0.6242835595776772,
      "llm_to_or": 0.635972850678733,
      "or_to_llm": 0.657843137254902,
      "perfect_score": 1.0
    },
    "warnings": null
  },
  "results": {
    "or": {
      "rewards": [
        7819.0
      ],
      "mean": 7819.0,
      "std": 0.0,
      "min": 7819.0,
      "max": 7819.0,
      "count": 1,
      "ratio_to_perfect": 0.5896681749622926
    },
    "llm": {
      "rewards": [
        8278.0
      ],
      "mean": 8278.0,
      "std": 0.0,
      "min": 8278.0,
      "max": 8278.0,
      "count": 1,
      "ratio_to_perfect": 0.6242835595776772
    },
    "llm_to_or": {
      "rewards": [
        8433.0
      ],
      "mean": 8433.0,
      "std": 0.0,
      "min": 8433.0,
      "max": 8433.0,
      "count": 1,
      "ratio_to_perfect": 0.635972850678733
    },
    "or_to_llm": {
      "rewards": [
        8723.0
      ],
      "mean": 8723.0,
      "std": 0.0,
      "min": 8723.0,
      "max": 8723.0,
      "count": 1,
      "ratio_to_perfect": 0.657843137254902
    },
    "perfect_score": {
      "rewards": [
        13260.0
      ],
      "mean": 13260.0,
      "std": 0.0,
      "min": 13260.0,
      "max": 13260.0,
      "count": 1,
      "ratio_to_perfect": 1.0
    }
  },
  "errors": {}
}