{
  "instance_dir": "/shared/share_malatown/OR_Agent/examples/benchmark/real_trajectory/lead_time_4/610776028",
  "instance_name": "610776028",
  "promised_lead_time": 4,
  "model": "x-ai/grok-4.1-fast",
  "num_runs_llm": 1,
  "num_runs_deterministic": 1,
  "max_periods": null,
  "summary": {
    "perfect_score": 4469.0,
    "ratios": {
      "or": -0.8854329827701947,
      "llm": -6.407697471470128,
      "llm_to_or": -1.1441038263593646,
      "or_to_llm": -0.9297381964645335,
      "perfect_score": 1.0
    },
    "warnings": null
  },
  "results": {
    "or": {
      "rewards": [
        -3957.0
      ],
      "mean": -3957.0,
      "std": 0.0,
      "min": -3957.0,
      "max": -3957.0,
      "count": 1,
      "ratio_to_perfect": -0.8854329827701947
    },
    "llm": {
      "rewards": [
        -28636.0
      ],
      "mean": -28636.0,
      "std": 0.0,
      "min": -28636.0,
      "max": -28636.0,
      "count": 1,
      "ratio_to_perfect": -6.407697471470128
    },
    "llm_to_or": {
      "rewards": [
        -5113.0
      ],
      "mean": -5113.0,
      "std": 0.0,
      "min": -5113.0,
      "max": -5113.0,
      "count": 1,
      "ratio_to_perfect": -1.1441038263593646
    },
    "or_to_llm": {
      "rewards": [
        -4155.0
      ],
      "mean": -4155.0,
      "std": 0.0,
      "min": -4155.0,
      "max": -4155.0,
      "count": 1,
      "ratio_to_perfect": -0.9297381964645335
    },
    "perfect_score": {
      "rewards": [
        4469.0
      ],
      "mean": 4469.0,
      "std": 0.0,
      "min": 4469.0,
      "max": 4469.0,
      "count": 1,
      "ratio_to_perfect": 1.0
    }
  },
  "errors": {}
}