{
  "instance_dir": "/shared/share_malatown/OR_Agent/examples/benchmark/synthetic_trajectory/lead_time_0/p04_increasing_trend/v1_linear_100t/r1_low",
  "instance_name": "r1_low",
  "promised_lead_time": 0,
  "model": "x-ai/grok-4.1-fast",
  "num_runs_llm": 1,
  "num_runs_deterministic": 1,
  "max_periods": null,
  "summary": {
    "perfect_score": 126031.0,
    "ratios": {
      "or": 0.45121438376272505,
      "llm": 0.9315089144734232,
      "llm_to_or": 0.891606033436218,
      "or_to_llm": 0.9242249922638082,
      "perfect_score": 1.0
    },
    "warnings": null
  },
  "results": {
    "or": {
      "rewards": [
        56867.0
      ],
      "mean": 56867.0,
      "std": 0.0,
      "min": 56867.0,
      "max": 56867.0,
      "count": 1,
      "ratio_to_perfect": 0.45121438376272505
    },
    "llm": {
      "rewards": [
        117399.0
      ],
      "mean": 117399.0,
      "std": 0.0,
      "min": 117399.0,
      "max": 117399.0,
      "count": 1,
      "ratio_to_perfect": 0.9315089144734232
    },
    "llm_to_or": {
      "rewards": [
        112370.0
      ],
      "mean": 112370.0,
      "std": 0.0,
      "min": 112370.0,
      "max": 112370.0,
      "count": 1,
      "ratio_to_perfect": 0.891606033436218
    },
    "or_to_llm": {
      "rewards": [
        116481.0
      ],
      "mean": 116481.0,
      "std": 0.0,
      "min": 116481.0,
      "max": 116481.0,
      "count": 1,
      "ratio_to_perfect": 0.9242249922638082
    },
    "perfect_score": {
      "rewards": [
        126031.0
      ],
      "mean": 126031.0,
      "std": 0.0,
      "min": 126031.0,
      "max": 126031.0,
      "count": 1,
      "ratio_to_perfect": 1.0
    }
  },
  "errors": {}
}