{
  "instance_dir": "/shared/share_malatown/OR_Agent/examples/benchmark/synthetic_trajectory/lead_time_stochastic/p02_mean_increase/v4_100to200_samevar/r2_med",
  "instance_name": "r2_med",
  "promised_lead_time": 2,
  "model": "x-ai/grok-4.1-fast",
  "num_runs_llm": 1,
  "num_runs_deterministic": 1,
  "max_periods": null,
  "summary": {
    "perfect_score": 33396.0,
    "ratios": {
      "or": 0.0850700682716493,
      "llm": 0.5384177745837825,
      "llm_to_or": 0.3738471673254282,
      "or_to_llm": 0.41136663073421964,
      "perfect_score": 1.0
    },
    "warnings": null
  },
  "results": {
    "or": {
      "rewards": [
        2841.0
      ],
      "mean": 2841.0,
      "std": 0.0,
      "min": 2841.0,
      "max": 2841.0,
      "count": 1,
      "ratio_to_perfect": 0.0850700682716493
    },
    "llm": {
      "rewards": [
        17981.0
      ],
      "mean": 17981.0,
      "std": 0.0,
      "min": 17981.0,
      "max": 17981.0,
      "count": 1,
      "ratio_to_perfect": 0.5384177745837825
    },
    "llm_to_or": {
      "rewards": [
        12485.0
      ],
      "mean": 12485.0,
      "std": 0.0,
      "min": 12485.0,
      "max": 12485.0,
      "count": 1,
      "ratio_to_perfect": 0.3738471673254282
    },
    "or_to_llm": {
      "rewards": [
        13738.0
      ],
      "mean": 13738.0,
      "std": 0.0,
      "min": 13738.0,
      "max": 13738.0,
      "count": 1,
      "ratio_to_perfect": 0.41136663073421964
    },
    "perfect_score": {
      "rewards": [
        33396.0
      ],
      "mean": 33396.0,
      "std": 0.0,
      "min": 33396.0,
      "max": 33396.0,
      "count": 1,
      "ratio_to_perfect": 1.0
    }
  },
  "errors": {}
}