{
  "instance_dir": "/shared/share_malatown/OR-Agent-GPT5mini-benchmark/examples/benchmark/synthetic_trajectory/lead_time_stochastic/p08_multi_changepoint/v1_up_then_down/r1_high",
  "instance_name": "r1_high",
  "promised_lead_time": 2,
  "model": "openai/gpt-5-mini",
  "num_runs_llm": 1,
  "num_runs_deterministic": 1,
  "max_periods": null,
  "summary": {
    "perfect_score": 112784.0,
    "ratios": {
      "or": 0.1074620513548021,
      "llm": 0.24744644630444035,
      "llm_to_or": 0.1533994183572138,
      "or_to_llm": 0.16677010923535254,
      "perfect_score": 1.0
    },
    "warnings": null
  },
  "results": {
    "or": {
      "rewards": [
        12120.0
      ],
      "mean": 12120.0,
      "std": 0.0,
      "min": 12120.0,
      "max": 12120.0,
      "count": 1,
      "ratio_to_perfect": 0.1074620513548021
    },
    "llm": {
      "rewards": [
        27908.0
      ],
      "mean": 27908.0,
      "std": 0.0,
      "min": 27908.0,
      "max": 27908.0,
      "count": 1,
      "ratio_to_perfect": 0.24744644630444035
    },
    "llm_to_or": {
      "rewards": [
        17301.0
      ],
      "mean": 17301.0,
      "std": 0.0,
      "min": 17301.0,
      "max": 17301.0,
      "count": 1,
      "ratio_to_perfect": 0.1533994183572138
    },
    "or_to_llm": {
      "rewards": [
        18809.0
      ],
      "mean": 18809.0,
      "std": 0.0,
      "min": 18809.0,
      "max": 18809.0,
      "count": 1,
      "ratio_to_perfect": 0.16677010923535254
    },
    "perfect_score": {
      "rewards": [
        112784.0
      ],
      "mean": 112784.0,
      "std": 0.0,
      "min": 112784.0,
      "max": 112784.0,
      "count": 1,
      "ratio_to_perfect": 1.0
    }
  },
  "errors": {}
}