{
  "instance_dir": "/shared/share_malatown/OR_Agent/examples/benchmark/real_trajectory/lead_time_stochastic/695632002",
  "instance_name": "695632002",
  "promised_lead_time": 2,
  "model": "x-ai/grok-4.1-fast",
  "num_runs_llm": 1,
  "num_runs_deterministic": 1,
  "max_periods": null,
  "summary": {
    "perfect_score": 133551.0,
    "ratios": {
      "or": 0.24132353932205675,
      "llm": 0.7084484578924906,
      "llm_to_or": 0.49432800952445133,
      "or_to_llm": 0.5300372142477405,
      "perfect_score": 1.0
    },
    "warnings": null
  },
  "results": {
    "or": {
      "rewards": [
        32229.0
      ],
      "mean": 32229.0,
      "std": 0.0,
      "min": 32229.0,
      "max": 32229.0,
      "count": 1,
      "ratio_to_perfect": 0.24132353932205675
    },
    "llm": {
      "rewards": [
        94614.0
      ],
      "mean": 94614.0,
      "std": 0.0,
      "min": 94614.0,
      "max": 94614.0,
      "count": 1,
      "ratio_to_perfect": 0.7084484578924906
    },
    "llm_to_or": {
      "rewards": [
        66018.0
      ],
      "mean": 66018.0,
      "std": 0.0,
      "min": 66018.0,
      "max": 66018.0,
      "count": 1,
      "ratio_to_perfect": 0.49432800952445133
    },
    "or_to_llm": {
      "rewards": [
        70787.0
      ],
      "mean": 70787.0,
      "std": 0.0,
      "min": 70787.0,
      "max": 70787.0,
      "count": 1,
      "ratio_to_perfect": 0.5300372142477405
    },
    "perfect_score": {
      "rewards": [
        133551.0
      ],
      "mean": 133551.0,
      "std": 0.0,
      "min": 133551.0,
      "max": 133551.0,
      "count": 1,
      "ratio_to_perfect": 1.0
    }
  },
  "errors": {}
}