{
  "instance_dir": "/shared/share_malatown/OR-Agent-GPT5mini-benchmark/examples/benchmark/real_trajectory/lead_time_0/658030020",
  "instance_name": "658030020",
  "promised_lead_time": 0,
  "model": "openai/gpt-5-mini",
  "num_runs_llm": 1,
  "num_runs_deterministic": 1,
  "max_periods": null,
  "summary": {
    "perfect_score": 64106.0,
    "ratios": {
      "or": 0.929975353321062,
      "llm": 0.8678906810594952,
      "llm_to_or": 0.9263563472997848,
      "or_to_llm": 0.9296165725517113,
      "perfect_score": 1.0
    },
    "warnings": null
  },
  "results": {
    "or": {
      "rewards": [
        59617.0
      ],
      "mean": 59617.0,
      "std": 0.0,
      "min": 59617.0,
      "max": 59617.0,
      "count": 1,
      "ratio_to_perfect": 0.929975353321062
    },
    "llm": {
      "rewards": [
        55637.0
      ],
      "mean": 55637.0,
      "std": 0.0,
      "min": 55637.0,
      "max": 55637.0,
      "count": 1,
      "ratio_to_perfect": 0.8678906810594952
    },
    "llm_to_or": {
      "rewards": [
        59385.0
      ],
      "mean": 59385.0,
      "std": 0.0,
      "min": 59385.0,
      "max": 59385.0,
      "count": 1,
      "ratio_to_perfect": 0.9263563472997848
    },
    "or_to_llm": {
      "rewards": [
        59594.0
      ],
      "mean": 59594.0,
      "std": 0.0,
      "min": 59594.0,
      "max": 59594.0,
      "count": 1,
      "ratio_to_perfect": 0.9296165725517113
    },
    "perfect_score": {
      "rewards": [
        64106.0
      ],
      "mean": 64106.0,
      "std": 0.0,
      "min": 64106.0,
      "max": 64106.0,
      "count": 1,
      "ratio_to_perfect": 1.0
    }
  },
  "errors": {}
}