{
  "instance_dir": "/shared/share_malatown/OR_Agent/examples/benchmark/synthetic_trajectory/lead_time_4/p10_autocorrelated/v4_phi_neg_0_3/r2_high",
  "instance_name": "r2_high",
  "promised_lead_time": 4,
  "model": "x-ai/grok-4.1-fast",
  "num_runs_llm": 1,
  "num_runs_deterministic": 1,
  "max_periods": null,
  "summary": {
    "perfect_score": 91751.0,
    "ratios": {
      "or": 0.8682957133982191,
      "llm": 0.5312094691066037,
      "llm_to_or": 0.8591731970223758,
      "or_to_llm": 0.8682957133982191,
      "perfect_score": 1.0
    },
    "warnings": null
  },
  "results": {
    "or": {
      "rewards": [
        79667.0
      ],
      "mean": 79667.0,
      "std": 0.0,
      "min": 79667.0,
      "max": 79667.0,
      "count": 1,
      "ratio_to_perfect": 0.8682957133982191
    },
    "llm": {
      "rewards": [
        48739.0
      ],
      "mean": 48739.0,
      "std": 0.0,
      "min": 48739.0,
      "max": 48739.0,
      "count": 1,
      "ratio_to_perfect": 0.5312094691066037
    },
    "llm_to_or": {
      "rewards": [
        78830.0
      ],
      "mean": 78830.0,
      "std": 0.0,
      "min": 78830.0,
      "max": 78830.0,
      "count": 1,
      "ratio_to_perfect": 0.8591731970223758
    },
    "or_to_llm": {
      "rewards": [
        79667.0
      ],
      "mean": 79667.0,
      "std": 0.0,
      "min": 79667.0,
      "max": 79667.0,
      "count": 1,
      "ratio_to_perfect": 0.8682957133982191
    },
    "perfect_score": {
      "rewards": [
        91751.0
      ],
      "mean": 91751.0,
      "std": 0.0,
      "min": 91751.0,
      "max": 91751.0,
      "count": 1,
      "ratio_to_perfect": 1.0
    }
  },
  "errors": {}
}