{
  "instance_dir": "/shared/share_malatown/OR_Agent/examples/benchmark/real_trajectory/lead_time_0/621381001",
  "instance_name": "621381001",
  "promised_lead_time": 0,
  "model": "x-ai/grok-4.1-fast",
  "num_runs_llm": 1,
  "num_runs_deterministic": 1,
  "max_periods": null,
  "summary": {
    "perfect_score": 49248.0,
    "ratios": {
      "or": 0.920585607537362,
      "llm": 0.9364238141650423,
      "llm_to_or": 0.9510843079922028,
      "or_to_llm": 0.945703378817414,
      "perfect_score": 1.0
    },
    "warnings": null
  },
  "results": {
    "or": {
      "rewards": [
        45337.0
      ],
      "mean": 45337.0,
      "std": 0.0,
      "min": 45337.0,
      "max": 45337.0,
      "count": 1,
      "ratio_to_perfect": 0.920585607537362
    },
    "llm": {
      "rewards": [
        46117.0
      ],
      "mean": 46117.0,
      "std": 0.0,
      "min": 46117.0,
      "max": 46117.0,
      "count": 1,
      "ratio_to_perfect": 0.9364238141650423
    },
    "llm_to_or": {
      "rewards": [
        46839.0
      ],
      "mean": 46839.0,
      "std": 0.0,
      "min": 46839.0,
      "max": 46839.0,
      "count": 1,
      "ratio_to_perfect": 0.9510843079922028
    },
    "or_to_llm": {
      "rewards": [
        46574.0
      ],
      "mean": 46574.0,
      "std": 0.0,
      "min": 46574.0,
      "max": 46574.0,
      "count": 1,
      "ratio_to_perfect": 0.945703378817414
    },
    "perfect_score": {
      "rewards": [
        49248.0
      ],
      "mean": 49248.0,
      "std": 0.0,
      "min": 49248.0,
      "max": 49248.0,
      "count": 1,
      "ratio_to_perfect": 1.0
    }
  },
  "errors": {}
}