{
  "instance_dir": "D:\\TextArena\\examples\\benchmark\\real_trajectory\\lead_time_0\\148033001",
  "instance_name": "148033001",
  "promised_lead_time": 0,
  "model": "google/gemini-3-flash-preview",
  "num_runs_llm": 1,
  "num_runs_deterministic": 1,
  "max_periods": null,
  "summary": {
    "perfect_score": 53561.0,
    "ratios": {
      "or": 0.8719590746998749,
      "llm": 0.9317413789884431,
      "llm_to_or": 0.926495024364743,
      "or_to_llm": 0.91721588469222,
      "perfect_score": 1.0
    },
    "warnings": null
  },
  "results": {
    "or": {
      "rewards": [
        46703.0
      ],
      "mean": 46703.0,
      "std": 0.0,
      "min": 46703.0,
      "max": 46703.0,
      "count": 1,
      "ratio_to_perfect": 0.8719590746998749
    },
    "llm": {
      "rewards": [
        49905.0
      ],
      "mean": 49905.0,
      "std": 0.0,
      "min": 49905.0,
      "max": 49905.0,
      "count": 1,
      "ratio_to_perfect": 0.9317413789884431
    },
    "llm_to_or": {
      "rewards": [
        49624.0
      ],
      "mean": 49624.0,
      "std": 0.0,
      "min": 49624.0,
      "max": 49624.0,
      "count": 1,
      "ratio_to_perfect": 0.926495024364743
    },
    "or_to_llm": {
      "rewards": [
        49127.0
      ],
      "mean": 49127.0,
      "std": 0.0,
      "min": 49127.0,
      "max": 49127.0,
      "count": 1,
      "ratio_to_perfect": 0.91721588469222
    },
    "perfect_score": {
      "rewards": [
        53561.0
      ],
      "mean": 53561.0,
      "std": 0.0,
      "min": 53561.0,
      "max": 53561.0,
      "count": 1,
      "ratio_to_perfect": 1.0
    }
  },
  "errors": {}
}