{
  "instance_dir": "/shared/share_malatown/OR_Agent/examples/benchmark/synthetic_trajectory/lead_time_0/p05_decreasing_trend/v4_200_div_sqrt_t/r2_high",
  "instance_name": "r2_high",
  "promised_lead_time": 0,
  "model": "x-ai/grok-4.1-fast",
  "num_runs_llm": 1,
  "num_runs_deterministic": 1,
  "max_periods": null,
  "summary": {
    "perfect_score": 50483.0,
    "ratios": {
      "or": 0.8894875502644455,
      "llm": 0.934334330368639,
      "llm_to_or": 0.9531525464017591,
      "or_to_llm": 0.9382762514113662,
      "perfect_score": 1.0
    },
    "warnings": null
  },
  "results": {
    "or": {
      "rewards": [
        44904.0
      ],
      "mean": 44904.0,
      "std": 0.0,
      "min": 44904.0,
      "max": 44904.0,
      "count": 1,
      "ratio_to_perfect": 0.8894875502644455
    },
    "llm": {
      "rewards": [
        47168.0
      ],
      "mean": 47168.0,
      "std": 0.0,
      "min": 47168.0,
      "max": 47168.0,
      "count": 1,
      "ratio_to_perfect": 0.934334330368639
    },
    "llm_to_or": {
      "rewards": [
        48118.0
      ],
      "mean": 48118.0,
      "std": 0.0,
      "min": 48118.0,
      "max": 48118.0,
      "count": 1,
      "ratio_to_perfect": 0.9531525464017591
    },
    "or_to_llm": {
      "rewards": [
        47367.0
      ],
      "mean": 47367.0,
      "std": 0.0,
      "min": 47367.0,
      "max": 47367.0,
      "count": 1,
      "ratio_to_perfect": 0.9382762514113662
    },
    "perfect_score": {
      "rewards": [
        50483.0
      ],
      "mean": 50483.0,
      "std": 0.0,
      "min": 50483.0,
      "max": 50483.0,
      "count": 1,
      "ratio_to_perfect": 1.0
    }
  },
  "errors": {}
}