{
  "instance_dir": "/shared/share_malatown/OR-Agent-GPT5mini-benchmark/examples/benchmark/real_trajectory/lead_time_0/723469001",
  "instance_name": "723469001",
  "promised_lead_time": 0,
  "model": "openai/gpt-5-mini",
  "num_runs_llm": 1,
  "num_runs_deterministic": 1,
  "max_periods": null,
  "summary": {
    "perfect_score": 4223.0,
    "ratios": {
      "or": 0.5735259294340517,
      "llm": 0.6137816717973005,
      "llm_to_or": 0.5332701870708028,
      "or_to_llm": 0.5607388112716079,
      "perfect_score": 1.0
    },
    "warnings": null
  },
  "results": {
    "or": {
      "rewards": [
        2422.0
      ],
      "mean": 2422.0,
      "std": 0.0,
      "min": 2422.0,
      "max": 2422.0,
      "count": 1,
      "ratio_to_perfect": 0.5735259294340517
    },
    "llm": {
      "rewards": [
        2592.0
      ],
      "mean": 2592.0,
      "std": 0.0,
      "min": 2592.0,
      "max": 2592.0,
      "count": 1,
      "ratio_to_perfect": 0.6137816717973005
    },
    "llm_to_or": {
      "rewards": [
        2252.0
      ],
      "mean": 2252.0,
      "std": 0.0,
      "min": 2252.0,
      "max": 2252.0,
      "count": 1,
      "ratio_to_perfect": 0.5332701870708028
    },
    "or_to_llm": {
      "rewards": [
        2368.0
      ],
      "mean": 2368.0,
      "std": 0.0,
      "min": 2368.0,
      "max": 2368.0,
      "count": 1,
      "ratio_to_perfect": 0.5607388112716079
    },
    "perfect_score": {
      "rewards": [
        4223.0
      ],
      "mean": 4223.0,
      "std": 0.0,
      "min": 4223.0,
      "max": 4223.0,
      "count": 1,
      "ratio_to_perfect": 1.0
    }
  },
  "errors": {}
}