{
  "instance_dir": "/shared/share_malatown/OR_Agent/examples/benchmark/real_trajectory/lead_time_4/583534002",
  "instance_name": "583534002",
  "promised_lead_time": 4,
  "model": "x-ai/grok-4.1-fast",
  "num_runs_llm": 1,
  "num_runs_deterministic": 1,
  "max_periods": null,
  "summary": {
    "perfect_score": 5864.0,
    "ratios": {
      "or": -3.764495225102319,
      "llm": -5.759379263301501,
      "llm_to_or": -2.1660982264665756,
      "or_to_llm": -3.6425648021828105,
      "perfect_score": 1.0
    },
    "warnings": null
  },
  "results": {
    "or": {
      "rewards": [
        -22075.0
      ],
      "mean": -22075.0,
      "std": 0.0,
      "min": -22075.0,
      "max": -22075.0,
      "count": 1,
      "ratio_to_perfect": -3.764495225102319
    },
    "llm": {
      "rewards": [
        -33773.0
      ],
      "mean": -33773.0,
      "std": 0.0,
      "min": -33773.0,
      "max": -33773.0,
      "count": 1,
      "ratio_to_perfect": -5.759379263301501
    },
    "llm_to_or": {
      "rewards": [
        -12702.0
      ],
      "mean": -12702.0,
      "std": 0.0,
      "min": -12702.0,
      "max": -12702.0,
      "count": 1,
      "ratio_to_perfect": -2.1660982264665756
    },
    "or_to_llm": {
      "rewards": [
        -21360.0
      ],
      "mean": -21360.0,
      "std": 0.0,
      "min": -21360.0,
      "max": -21360.0,
      "count": 1,
      "ratio_to_perfect": -3.6425648021828105
    },
    "perfect_score": {
      "rewards": [
        5864.0
      ],
      "mean": 5864.0,
      "std": 0.0,
      "min": 5864.0,
      "max": 5864.0,
      "count": 1,
      "ratio_to_perfect": 1.0
    }
  },
  "errors": {}
}