{
  "instance_dir": "/shared/share_malatown/OR-Agent-GPT5mini-benchmark/examples/benchmark/real_trajectory/lead_time_0/554450036",
  "instance_name": "554450036",
  "promised_lead_time": 0,
  "model": "openai/gpt-5-mini",
  "num_runs_llm": 1,
  "num_runs_deterministic": 1,
  "max_periods": null,
  "summary": {
    "perfect_score": 65474.0,
    "ratios": {
      "or": 0.8961114335461404,
      "llm": 0.8288175458960809,
      "llm_to_or": 0.8887955524330269,
      "or_to_llm": 0.8821669670403519,
      "perfect_score": 1.0
    },
    "warnings": null
  },
  "results": {
    "or": {
      "rewards": [
        58672.0
      ],
      "mean": 58672.0,
      "std": 0.0,
      "min": 58672.0,
      "max": 58672.0,
      "count": 1,
      "ratio_to_perfect": 0.8961114335461404
    },
    "llm": {
      "rewards": [
        54266.0
      ],
      "mean": 54266.0,
      "std": 0.0,
      "min": 54266.0,
      "max": 54266.0,
      "count": 1,
      "ratio_to_perfect": 0.8288175458960809
    },
    "llm_to_or": {
      "rewards": [
        58193.0
      ],
      "mean": 58193.0,
      "std": 0.0,
      "min": 58193.0,
      "max": 58193.0,
      "count": 1,
      "ratio_to_perfect": 0.8887955524330269
    },
    "or_to_llm": {
      "rewards": [
        57759.0
      ],
      "mean": 57759.0,
      "std": 0.0,
      "min": 57759.0,
      "max": 57759.0,
      "count": 1,
      "ratio_to_perfect": 0.8821669670403519
    },
    "perfect_score": {
      "rewards": [
        65474.0
      ],
      "mean": 65474.0,
      "std": 0.0,
      "min": 65474.0,
      "max": 65474.0,
      "count": 1,
      "ratio_to_perfect": 1.0
    }
  },
  "errors": {}
}