{
  "instance_dir": "D:\\TextArena\\examples\\benchmark\\real_trajectory\\lead_time_4\\399256005",
  "instance_name": "399256005",
  "promised_lead_time": 4,
  "model": "google/gemini-3-flash-preview",
  "num_runs_llm": 1,
  "num_runs_deterministic": 1,
  "max_periods": null,
  "summary": {
    "perfect_score": 7014.0,
    "ratios": {
      "or": -0.8297690333618477,
      "llm": -1.310664385514685,
      "llm_to_or": -0.24037639007698888,
      "or_to_llm": -0.1936127744510978,
      "perfect_score": 1.0
    },
    "warnings": null
  },
  "results": {
    "or": {
      "rewards": [
        -5820.0
      ],
      "mean": -5820.0,
      "std": 0.0,
      "min": -5820.0,
      "max": -5820.0,
      "count": 1,
      "ratio_to_perfect": -0.8297690333618477
    },
    "llm": {
      "rewards": [
        -9193.0
      ],
      "mean": -9193.0,
      "std": 0.0,
      "min": -9193.0,
      "max": -9193.0,
      "count": 1,
      "ratio_to_perfect": -1.310664385514685
    },
    "llm_to_or": {
      "rewards": [
        -1686.0
      ],
      "mean": -1686.0,
      "std": 0.0,
      "min": -1686.0,
      "max": -1686.0,
      "count": 1,
      "ratio_to_perfect": -0.24037639007698888
    },
    "or_to_llm": {
      "rewards": [
        -1358.0
      ],
      "mean": -1358.0,
      "std": 0.0,
      "min": -1358.0,
      "max": -1358.0,
      "count": 1,
      "ratio_to_perfect": -0.1936127744510978
    },
    "perfect_score": {
      "rewards": [
        7014.0
      ],
      "mean": 7014.0,
      "std": 0.0,
      "min": 7014.0,
      "max": 7014.0,
      "count": 1,
      "ratio_to_perfect": 1.0
    }
  },
  "errors": {}
}