{
  "instance_dir": "/shared/share_malatown/OR-Agent-GPT5mini-benchmark/examples/benchmark/synthetic_trajectory/lead_time_stochastic/p07_seasonal/v3_period25_amp40/r2_high",
  "instance_name": "r2_high",
  "promised_lead_time": 2,
  "model": "openai/gpt-5-mini",
  "num_runs_llm": 1,
  "num_runs_deterministic": 1,
  "max_periods": null,
  "summary": {
    "perfect_score": 95817.0,
    "ratios": {
      "or": 0.16125530960059278,
      "llm": 0.31883694960184517,
      "llm_to_or": 0.2278196979659142,
      "or_to_llm": 0.281401003997203,
      "perfect_score": 1.0
    },
    "warnings": null
  },
  "results": {
    "or": {
      "rewards": [
        15451.0
      ],
      "mean": 15451.0,
      "std": 0.0,
      "min": 15451.0,
      "max": 15451.0,
      "count": 1,
      "ratio_to_perfect": 0.16125530960059278
    },
    "llm": {
      "rewards": [
        30550.0
      ],
      "mean": 30550.0,
      "std": 0.0,
      "min": 30550.0,
      "max": 30550.0,
      "count": 1,
      "ratio_to_perfect": 0.31883694960184517
    },
    "llm_to_or": {
      "rewards": [
        21829.0
      ],
      "mean": 21829.0,
      "std": 0.0,
      "min": 21829.0,
      "max": 21829.0,
      "count": 1,
      "ratio_to_perfect": 0.2278196979659142
    },
    "or_to_llm": {
      "rewards": [
        26963.0
      ],
      "mean": 26963.0,
      "std": 0.0,
      "min": 26963.0,
      "max": 26963.0,
      "count": 1,
      "ratio_to_perfect": 0.281401003997203
    },
    "perfect_score": {
      "rewards": [
        95817.0
      ],
      "mean": 95817.0,
      "std": 0.0,
      "min": 95817.0,
      "max": 95817.0,
      "count": 1,
      "ratio_to_perfect": 1.0
    }
  },
  "errors": {}
}