{
  "instance_dir": "/shared/share_malatown/OR-Agent-GPT5mini-benchmark/examples/benchmark/real_trajectory/lead_time_stochastic/708021001",
  "instance_name": "708021001",
  "promised_lead_time": 2,
  "model": "openai/gpt-5-mini",
  "num_runs_llm": 1,
  "num_runs_deterministic": 1,
  "max_periods": null,
  "summary": {
    "perfect_score": 51813.0,
    "ratios": {
      "or": 0.39297087603497194,
      "llm": 0.13728214926755833,
      "llm_to_or": 0.43907899561886016,
      "or_to_llm": 0.29913342211414123,
      "perfect_score": 1.0
    },
    "warnings": null
  },
  "results": {
    "or": {
      "rewards": [
        20361.0
      ],
      "mean": 20361.0,
      "std": 0.0,
      "min": 20361.0,
      "max": 20361.0,
      "count": 1,
      "ratio_to_perfect": 0.39297087603497194
    },
    "llm": {
      "rewards": [
        7113.0
      ],
      "mean": 7113.0,
      "std": 0.0,
      "min": 7113.0,
      "max": 7113.0,
      "count": 1,
      "ratio_to_perfect": 0.13728214926755833
    },
    "llm_to_or": {
      "rewards": [
        22750.0
      ],
      "mean": 22750.0,
      "std": 0.0,
      "min": 22750.0,
      "max": 22750.0,
      "count": 1,
      "ratio_to_perfect": 0.43907899561886016
    },
    "or_to_llm": {
      "rewards": [
        15499.0
      ],
      "mean": 15499.0,
      "std": 0.0,
      "min": 15499.0,
      "max": 15499.0,
      "count": 1,
      "ratio_to_perfect": 0.29913342211414123
    },
    "perfect_score": {
      "rewards": [
        51813.0
      ],
      "mean": 51813.0,
      "std": 0.0,
      "min": 51813.0,
      "max": 51813.0,
      "count": 1,
      "ratio_to_perfect": 1.0
    }
  },
  "errors": {}
}