{
  "instance_dir": "D:\\TextArena\\examples\\benchmark\\synthetic_trajectory\\lead_time_0\\p04_increasing_trend\\v3_exp_1_05\\r1_high",
  "instance_name": "r1_high",
  "promised_lead_time": 0,
  "model": "openai/gpt-5-mini",
  "num_runs_llm": 1,
  "num_runs_deterministic": 1,
  "max_periods": null,
  "summary": {
    "perfect_score": 414542.0,
    "ratios": {
      "or": 0.8317926772196785,
      "llm": 0.9336930877932754,
      "llm_to_or": 0.9539154054353962,
      "or_to_llm": 0.9043016147941584,
      "perfect_score": 1.0
    },
    "warnings": null
  },
  "results": {
    "or": {
      "rewards": [
        344813.0
      ],
      "mean": 344813.0,
      "std": 0.0,
      "min": 344813.0,
      "max": 344813.0,
      "count": 1,
      "ratio_to_perfect": 0.8317926772196785
    },
    "llm": {
      "rewards": [
        387055.0
      ],
      "mean": 387055.0,
      "std": 0.0,
      "min": 387055.0,
      "max": 387055.0,
      "count": 1,
      "ratio_to_perfect": 0.9336930877932754
    },
    "llm_to_or": {
      "rewards": [
        395438.0
      ],
      "mean": 395438.0,
      "std": 0.0,
      "min": 395438.0,
      "max": 395438.0,
      "count": 1,
      "ratio_to_perfect": 0.9539154054353962
    },
    "or_to_llm": {
      "rewards": [
        374871.0
      ],
      "mean": 374871.0,
      "std": 0.0,
      "min": 374871.0,
      "max": 374871.0,
      "count": 1,
      "ratio_to_perfect": 0.9043016147941584
    },
    "perfect_score": {
      "rewards": [
        414542.0
      ],
      "mean": 414542.0,
      "std": 0.0,
      "min": 414542.0,
      "max": 414542.0,
      "count": 1,
      "ratio_to_perfect": 1.0
    }
  },
  "errors": {}
}