{
  "instance_dir": "/shared/share_malatown/OR_Agent/examples/benchmark/synthetic_trajectory/lead_time_0/p08_multi_changepoint/v4_mild_fluctuations/r2_high",
  "instance_name": "r2_high",
  "promised_lead_time": 0,
  "model": "x-ai/grok-4.1-fast",
  "num_runs_llm": 1,
  "num_runs_deterministic": 1,
  "max_periods": null,
  "summary": {
    "perfect_score": 93594.0,
    "ratios": {
      "or": 0.9598799068316345,
      "llm": 0.9595166356817745,
      "llm_to_or": 0.9718358014402633,
      "or_to_llm": 0.9647626984635768,
      "perfect_score": 1.0
    },
    "warnings": null
  },
  "results": {
    "or": {
      "rewards": [
        89839.0
      ],
      "mean": 89839.0,
      "std": 0.0,
      "min": 89839.0,
      "max": 89839.0,
      "count": 1,
      "ratio_to_perfect": 0.9598799068316345
    },
    "llm": {
      "rewards": [
        89805.0
      ],
      "mean": 89805.0,
      "std": 0.0,
      "min": 89805.0,
      "max": 89805.0,
      "count": 1,
      "ratio_to_perfect": 0.9595166356817745
    },
    "llm_to_or": {
      "rewards": [
        90958.0
      ],
      "mean": 90958.0,
      "std": 0.0,
      "min": 90958.0,
      "max": 90958.0,
      "count": 1,
      "ratio_to_perfect": 0.9718358014402633
    },
    "or_to_llm": {
      "rewards": [
        90296.0
      ],
      "mean": 90296.0,
      "std": 0.0,
      "min": 90296.0,
      "max": 90296.0,
      "count": 1,
      "ratio_to_perfect": 0.9647626984635768
    },
    "perfect_score": {
      "rewards": [
        93594.0
      ],
      "mean": 93594.0,
      "std": 0.0,
      "min": 93594.0,
      "max": 93594.0,
      "count": 1,
      "ratio_to_perfect": 1.0
    }
  },
  "errors": {}
}