{
  "instance_dir": "/shared/share_malatown/OR-Agent-GPT5mini-benchmark/examples/benchmark/real_trajectory/lead_time_0/554479001",
  "instance_name": "554479001",
  "promised_lead_time": 0,
  "model": "openai/gpt-5-mini",
  "num_runs_llm": 1,
  "num_runs_deterministic": 1,
  "max_periods": null,
  "summary": {
    "perfect_score": 139023.0,
    "ratios": {
      "or": 0.7548463203930285,
      "llm": 0.7809571078166923,
      "llm_to_or": 0.791120893665077,
      "or_to_llm": 0.7947318069671925,
      "perfect_score": 1.0
    },
    "warnings": null
  },
  "results": {
    "or": {
      "rewards": [
        104941.0
      ],
      "mean": 104941.0,
      "std": 0.0,
      "min": 104941.0,
      "max": 104941.0,
      "count": 1,
      "ratio_to_perfect": 0.7548463203930285
    },
    "llm": {
      "rewards": [
        108571.0
      ],
      "mean": 108571.0,
      "std": 0.0,
      "min": 108571.0,
      "max": 108571.0,
      "count": 1,
      "ratio_to_perfect": 0.7809571078166923
    },
    "llm_to_or": {
      "rewards": [
        109984.0
      ],
      "mean": 109984.0,
      "std": 0.0,
      "min": 109984.0,
      "max": 109984.0,
      "count": 1,
      "ratio_to_perfect": 0.791120893665077
    },
    "or_to_llm": {
      "rewards": [
        110486.0
      ],
      "mean": 110486.0,
      "std": 0.0,
      "min": 110486.0,
      "max": 110486.0,
      "count": 1,
      "ratio_to_perfect": 0.7947318069671925
    },
    "perfect_score": {
      "rewards": [
        139023.0
      ],
      "mean": 139023.0,
      "std": 0.0,
      "min": 139023.0,
      "max": 139023.0,
      "count": 1,
      "ratio_to_perfect": 1.0
    }
  },
  "errors": {}
}