{
  "instance_dir": "/shared/share_malatown/OR_Agent/examples/benchmark/synthetic_trajectory/lead_time_0/p02_mean_increase/v4_100to200_samevar/r2_med",
  "instance_name": "r2_med",
  "promised_lead_time": 0,
  "model": "x-ai/grok-4.1-fast",
  "num_runs_llm": 1,
  "num_runs_deterministic": 1,
  "max_periods": null,
  "summary": {
    "perfect_score": 33396.0,
    "ratios": {
      "or": 0.890406036651096,
      "llm": 0.9130734219667026,
      "llm_to_or": 0.9262486525332375,
      "or_to_llm": 0.910767756617559,
      "perfect_score": 1.0
    },
    "warnings": null
  },
  "results": {
    "or": {
      "rewards": [
        29736.0
      ],
      "mean": 29736.0,
      "std": 0.0,
      "min": 29736.0,
      "max": 29736.0,
      "count": 1,
      "ratio_to_perfect": 0.890406036651096
    },
    "llm": {
      "rewards": [
        30493.0
      ],
      "mean": 30493.0,
      "std": 0.0,
      "min": 30493.0,
      "max": 30493.0,
      "count": 1,
      "ratio_to_perfect": 0.9130734219667026
    },
    "llm_to_or": {
      "rewards": [
        30933.0
      ],
      "mean": 30933.0,
      "std": 0.0,
      "min": 30933.0,
      "max": 30933.0,
      "count": 1,
      "ratio_to_perfect": 0.9262486525332375
    },
    "or_to_llm": {
      "rewards": [
        30416.0
      ],
      "mean": 30416.0,
      "std": 0.0,
      "min": 30416.0,
      "max": 30416.0,
      "count": 1,
      "ratio_to_perfect": 0.910767756617559
    },
    "perfect_score": {
      "rewards": [
        33396.0
      ],
      "mean": 33396.0,
      "std": 0.0,
      "min": 33396.0,
      "max": 33396.0,
      "count": 1,
      "ratio_to_perfect": 1.0
    }
  },
  "errors": {}
}