{
  "instance_dir": "D:\\TextArena\\examples\\benchmark\\real_trajectory\\lead_time_4\\664074001",
  "instance_name": "664074001",
  "promised_lead_time": 4,
  "model": "google/gemini-3-flash-preview",
  "num_runs_llm": 1,
  "num_runs_deterministic": 1,
  "max_periods": null,
  "summary": {
    "perfect_score": 18596.0,
    "ratios": {
      "or": 0.46273392127339213,
      "llm": 0.23897612389761239,
      "llm_to_or": 0.5236610023661002,
      "or_to_llm": 0.49360077436007743,
      "perfect_score": 1.0
    },
    "warnings": null
  },
  "results": {
    "or": {
      "rewards": [
        8605.0
      ],
      "mean": 8605.0,
      "std": 0.0,
      "min": 8605.0,
      "max": 8605.0,
      "count": 1,
      "ratio_to_perfect": 0.46273392127339213
    },
    "llm": {
      "rewards": [
        4444.0
      ],
      "mean": 4444.0,
      "std": 0.0,
      "min": 4444.0,
      "max": 4444.0,
      "count": 1,
      "ratio_to_perfect": 0.23897612389761239
    },
    "llm_to_or": {
      "rewards": [
        9738.0
      ],
      "mean": 9738.0,
      "std": 0.0,
      "min": 9738.0,
      "max": 9738.0,
      "count": 1,
      "ratio_to_perfect": 0.5236610023661002
    },
    "or_to_llm": {
      "rewards": [
        9179.0
      ],
      "mean": 9179.0,
      "std": 0.0,
      "min": 9179.0,
      "max": 9179.0,
      "count": 1,
      "ratio_to_perfect": 0.49360077436007743
    },
    "perfect_score": {
      "rewards": [
        18596.0
      ],
      "mean": 18596.0,
      "std": 0.0,
      "min": 18596.0,
      "max": 18596.0,
      "count": 1,
      "ratio_to_perfect": 1.0
    }
  },
  "errors": {}
}