{
  "instance_dir": "/shared/share_malatown/OR-Agent-GPT5mini-benchmark/examples/benchmark/real_trajectory/lead_time_4/448509014",
  "instance_name": "448509014",
  "promised_lead_time": 4,
  "model": "openai/gpt-5-mini",
  "num_runs_llm": 1,
  "num_runs_deterministic": 1,
  "max_periods": null,
  "summary": {
    "perfect_score": 9028.0,
    "ratios": {
      "or": -0.7535445281346921,
      "llm": -1.2904297740363315,
      "llm_to_or": -1.2236375719982278,
      "or_to_llm": -1.1311475409836065,
      "perfect_score": 1.0
    },
    "warnings": null
  },
  "results": {
    "or": {
      "rewards": [
        -6803.0
      ],
      "mean": -6803.0,
      "std": 0.0,
      "min": -6803.0,
      "max": -6803.0,
      "count": 1,
      "ratio_to_perfect": -0.7535445281346921
    },
    "llm": {
      "rewards": [
        -11650.0
      ],
      "mean": -11650.0,
      "std": 0.0,
      "min": -11650.0,
      "max": -11650.0,
      "count": 1,
      "ratio_to_perfect": -1.2904297740363315
    },
    "llm_to_or": {
      "rewards": [
        -11047.0
      ],
      "mean": -11047.0,
      "std": 0.0,
      "min": -11047.0,
      "max": -11047.0,
      "count": 1,
      "ratio_to_perfect": -1.2236375719982278
    },
    "or_to_llm": {
      "rewards": [
        -10212.0
      ],
      "mean": -10212.0,
      "std": 0.0,
      "min": -10212.0,
      "max": -10212.0,
      "count": 1,
      "ratio_to_perfect": -1.1311475409836065
    },
    "perfect_score": {
      "rewards": [
        9028.0
      ],
      "mean": 9028.0,
      "std": 0.0,
      "min": 9028.0,
      "max": 9028.0,
      "count": 1,
      "ratio_to_perfect": 1.0
    }
  },
  "errors": {}
}