{
  "instance_dir": "/shared/share_malatown/OR-Agent-GPT5mini-benchmark/examples/benchmark/real_trajectory/lead_time_4/399087014",
  "instance_name": "399087014",
  "promised_lead_time": 4,
  "model": "openai/gpt-5-mini",
  "num_runs_llm": 1,
  "num_runs_deterministic": 1,
  "max_periods": null,
  "summary": {
    "perfect_score": 15904.0,
    "ratios": {
      "or": 0.40669014084507044,
      "llm": 0.43215543259557343,
      "llm_to_or": 0.4283827967806841,
      "or_to_llm": 0.4021001006036217,
      "perfect_score": 1.0
    },
    "warnings": null
  },
  "results": {
    "or": {
      "rewards": [
        6468.0
      ],
      "mean": 6468.0,
      "std": 0.0,
      "min": 6468.0,
      "max": 6468.0,
      "count": 1,
      "ratio_to_perfect": 0.40669014084507044
    },
    "llm": {
      "rewards": [
        6873.0
      ],
      "mean": 6873.0,
      "std": 0.0,
      "min": 6873.0,
      "max": 6873.0,
      "count": 1,
      "ratio_to_perfect": 0.43215543259557343
    },
    "llm_to_or": {
      "rewards": [
        6813.0
      ],
      "mean": 6813.0,
      "std": 0.0,
      "min": 6813.0,
      "max": 6813.0,
      "count": 1,
      "ratio_to_perfect": 0.4283827967806841
    },
    "or_to_llm": {
      "rewards": [
        6395.0
      ],
      "mean": 6395.0,
      "std": 0.0,
      "min": 6395.0,
      "max": 6395.0,
      "count": 1,
      "ratio_to_perfect": 0.4021001006036217
    },
    "perfect_score": {
      "rewards": [
        15904.0
      ],
      "mean": 15904.0,
      "std": 0.0,
      "min": 15904.0,
      "max": 15904.0,
      "count": 1,
      "ratio_to_perfect": 1.0
    }
  },
  "errors": {}
}