{
  "instance_dir": "/shared/share_malatown/OR_Agent/examples/benchmark/synthetic_trajectory/lead_time_4/p04_increasing_trend/v3_exp_1_05/r1_high",
  "instance_name": "r1_high",
  "promised_lead_time": 4,
  "model": "x-ai/grok-4.1-fast",
  "num_runs_llm": 1,
  "num_runs_deterministic": 1,
  "max_periods": null,
  "summary": {
    "perfect_score": 414542.0,
    "ratios": {
      "or": 0.5742723294623946,
      "llm": 0.9314834202565723,
      "llm_to_or": 0.8008211471937705,
      "or_to_llm": 0.7825383193982757,
      "perfect_score": 1.0
    },
    "warnings": null
  },
  "results": {
    "or": {
      "rewards": [
        238060.0
      ],
      "mean": 238060.0,
      "std": 0.0,
      "min": 238060.0,
      "max": 238060.0,
      "count": 1,
      "ratio_to_perfect": 0.5742723294623946
    },
    "llm": {
      "rewards": [
        386139.0
      ],
      "mean": 386139.0,
      "std": 0.0,
      "min": 386139.0,
      "max": 386139.0,
      "count": 1,
      "ratio_to_perfect": 0.9314834202565723
    },
    "llm_to_or": {
      "rewards": [
        331974.0
      ],
      "mean": 331974.0,
      "std": 0.0,
      "min": 331974.0,
      "max": 331974.0,
      "count": 1,
      "ratio_to_perfect": 0.8008211471937705
    },
    "or_to_llm": {
      "rewards": [
        324395.0
      ],
      "mean": 324395.0,
      "std": 0.0,
      "min": 324395.0,
      "max": 324395.0,
      "count": 1,
      "ratio_to_perfect": 0.7825383193982757
    },
    "perfect_score": {
      "rewards": [
        414542.0
      ],
      "mean": 414542.0,
      "std": 0.0,
      "min": 414542.0,
      "max": 414542.0,
      "count": 1,
      "ratio_to_perfect": 1.0
    }
  },
  "errors": {}
}