{
  "instance_dir": "D:\\TextArena\\examples\\benchmark\\real_trajectory\\lead_time_stochastic\\179950001",
  "instance_name": "179950001",
  "promised_lead_time": 2,
  "model": "google/gemini-3-flash-preview",
  "num_runs_llm": 1,
  "num_runs_deterministic": 1,
  "max_periods": null,
  "summary": {
    "perfect_score": 75753.0,
    "ratios": {
      "or": 0.23292806885535886,
      "llm": 0.5067258062386968,
      "llm_to_or": 0.41582511583699655,
      "or_to_llm": 0.6013095190949533,
      "perfect_score": 1.0
    },
    "warnings": null
  },
  "results": {
    "or": {
      "rewards": [
        17645.0
      ],
      "mean": 17645.0,
      "std": 0.0,
      "min": 17645.0,
      "max": 17645.0,
      "count": 1,
      "ratio_to_perfect": 0.23292806885535886
    },
    "llm": {
      "rewards": [
        38386.0
      ],
      "mean": 38386.0,
      "std": 0.0,
      "min": 38386.0,
      "max": 38386.0,
      "count": 1,
      "ratio_to_perfect": 0.5067258062386968
    },
    "llm_to_or": {
      "rewards": [
        31500.0
      ],
      "mean": 31500.0,
      "std": 0.0,
      "min": 31500.0,
      "max": 31500.0,
      "count": 1,
      "ratio_to_perfect": 0.41582511583699655
    },
    "or_to_llm": {
      "rewards": [
        45551.0
      ],
      "mean": 45551.0,
      "std": 0.0,
      "min": 45551.0,
      "max": 45551.0,
      "count": 1,
      "ratio_to_perfect": 0.6013095190949533
    },
    "perfect_score": {
      "rewards": [
        75753.0
      ],
      "mean": 75753.0,
      "std": 0.0,
      "min": 75753.0,
      "max": 75753.0,
      "count": 1,
      "ratio_to_perfect": 1.0
    }
  },
  "errors": {}
}