{
  "instance_dir": "/shared/share_malatown/OR_Agent/examples/benchmark/real_trajectory/lead_time_0/573085028",
  "instance_name": "573085028",
  "promised_lead_time": 0,
  "model": "x-ai/grok-4.1-fast",
  "num_runs_llm": 1,
  "num_runs_deterministic": 1,
  "max_periods": null,
  "summary": {
    "perfect_score": 106381.0,
    "ratios": {
      "or": 0.8260497645256202,
      "llm": 0.8751092770325528,
      "llm_to_or": 0.890704167097508,
      "or_to_llm": 0.8741222586740114,
      "perfect_score": 1.0
    },
    "warnings": null
  },
  "results": {
    "or": {
      "rewards": [
        87876.0
      ],
      "mean": 87876.0,
      "std": 0.0,
      "min": 87876.0,
      "max": 87876.0,
      "count": 1,
      "ratio_to_perfect": 0.8260497645256202
    },
    "llm": {
      "rewards": [
        93095.0
      ],
      "mean": 93095.0,
      "std": 0.0,
      "min": 93095.0,
      "max": 93095.0,
      "count": 1,
      "ratio_to_perfect": 0.8751092770325528
    },
    "llm_to_or": {
      "rewards": [
        94754.0
      ],
      "mean": 94754.0,
      "std": 0.0,
      "min": 94754.0,
      "max": 94754.0,
      "count": 1,
      "ratio_to_perfect": 0.890704167097508
    },
    "or_to_llm": {
      "rewards": [
        92990.0
      ],
      "mean": 92990.0,
      "std": 0.0,
      "min": 92990.0,
      "max": 92990.0,
      "count": 1,
      "ratio_to_perfect": 0.8741222586740114
    },
    "perfect_score": {
      "rewards": [
        106381.0
      ],
      "mean": 106381.0,
      "std": 0.0,
      "min": 106381.0,
      "max": 106381.0,
      "count": 1,
      "ratio_to_perfect": 1.0
    }
  },
  "errors": {}
}