{
  "instance_dir": "D:\\TextArena\\examples\\benchmark\\real_trajectory\\lead_time_4\\516903005",
  "instance_name": "516903005",
  "promised_lead_time": 4,
  "model": "google/gemini-3-flash-preview",
  "num_runs_llm": 1,
  "num_runs_deterministic": 1,
  "max_periods": null,
  "summary": {
    "perfect_score": 62985.0,
    "ratios": {
      "or": 0.493530205604509,
      "llm": 0.5308089227593872,
      "llm_to_or": 0.42616495991108994,
      "or_to_llm": 0.5364610621576565,
      "perfect_score": 1.0
    },
    "warnings": null
  },
  "results": {
    "or": {
      "rewards": [
        31085.0
      ],
      "mean": 31085.0,
      "std": 0.0,
      "min": 31085.0,
      "max": 31085.0,
      "count": 1,
      "ratio_to_perfect": 0.493530205604509
    },
    "llm": {
      "rewards": [
        33433.0
      ],
      "mean": 33433.0,
      "std": 0.0,
      "min": 33433.0,
      "max": 33433.0,
      "count": 1,
      "ratio_to_perfect": 0.5308089227593872
    },
    "llm_to_or": {
      "rewards": [
        26842.0
      ],
      "mean": 26842.0,
      "std": 0.0,
      "min": 26842.0,
      "max": 26842.0,
      "count": 1,
      "ratio_to_perfect": 0.42616495991108994
    },
    "or_to_llm": {
      "rewards": [
        33789.0
      ],
      "mean": 33789.0,
      "std": 0.0,
      "min": 33789.0,
      "max": 33789.0,
      "count": 1,
      "ratio_to_perfect": 0.5364610621576565
    },
    "perfect_score": {
      "rewards": [
        62985.0
      ],
      "mean": 62985.0,
      "std": 0.0,
      "min": 62985.0,
      "max": 62985.0,
      "count": 1,
      "ratio_to_perfect": 1.0
    }
  },
  "errors": {}
}