{
  "instance_dir": "/shared/share_malatown/OR_Agent/examples/benchmark/real_trajectory/lead_time_stochastic/688537004",
  "instance_name": "688537004",
  "promised_lead_time": 2,
  "model": "x-ai/grok-4.1-fast",
  "num_runs_llm": 1,
  "num_runs_deterministic": 1,
  "max_periods": null,
  "summary": {
    "perfect_score": 40616.0,
    "ratios": {
      "or": 0.2469470159543037,
      "llm": -0.03451841638763049,
      "llm_to_or": -0.177688595627339,
      "or_to_llm": 0.3913974788260784,
      "perfect_score": 1.0
    },
    "warnings": null
  },
  "results": {
    "or": {
      "rewards": [
        10030.0
      ],
      "mean": 10030.0,
      "std": 0.0,
      "min": 10030.0,
      "max": 10030.0,
      "count": 1,
      "ratio_to_perfect": 0.2469470159543037
    },
    "llm": {
      "rewards": [
        -1402.0
      ],
      "mean": -1402.0,
      "std": 0.0,
      "min": -1402.0,
      "max": -1402.0,
      "count": 1,
      "ratio_to_perfect": -0.03451841638763049
    },
    "llm_to_or": {
      "rewards": [
        -7217.0
      ],
      "mean": -7217.0,
      "std": 0.0,
      "min": -7217.0,
      "max": -7217.0,
      "count": 1,
      "ratio_to_perfect": -0.177688595627339
    },
    "or_to_llm": {
      "rewards": [
        15897.0
      ],
      "mean": 15897.0,
      "std": 0.0,
      "min": 15897.0,
      "max": 15897.0,
      "count": 1,
      "ratio_to_perfect": 0.3913974788260784
    },
    "perfect_score": {
      "rewards": [
        40616.0
      ],
      "mean": 40616.0,
      "std": 0.0,
      "min": 40616.0,
      "max": 40616.0,
      "count": 1,
      "ratio_to_perfect": 1.0
    }
  },
  "errors": {}
}