{
  "instance_dir": "/shared/share_malatown/OR_Agent/examples/benchmark/synthetic_trajectory/lead_time_4/p02_mean_increase/v1_100to200/r1_med",
  "instance_name": "r1_med",
  "promised_lead_time": 4,
  "model": "x-ai/grok-4.1-fast",
  "num_runs_llm": 1,
  "num_runs_deterministic": 1,
  "max_periods": null,
  "summary": {
    "perfect_score": 33552.0,
    "ratios": {
      "or": 0.7204041487839771,
      "llm": 0.35765379113018597,
      "llm_to_or": 0.769969003338102,
      "or_to_llm": 0.78370886981402,
      "perfect_score": 1.0
    },
    "warnings": null
  },
  "results": {
    "or": {
      "rewards": [
        24171.0
      ],
      "mean": 24171.0,
      "std": 0.0,
      "min": 24171.0,
      "max": 24171.0,
      "count": 1,
      "ratio_to_perfect": 0.7204041487839771
    },
    "llm": {
      "rewards": [
        12000.0
      ],
      "mean": 12000.0,
      "std": 0.0,
      "min": 12000.0,
      "max": 12000.0,
      "count": 1,
      "ratio_to_perfect": 0.35765379113018597
    },
    "llm_to_or": {
      "rewards": [
        25834.0
      ],
      "mean": 25834.0,
      "std": 0.0,
      "min": 25834.0,
      "max": 25834.0,
      "count": 1,
      "ratio_to_perfect": 0.769969003338102
    },
    "or_to_llm": {
      "rewards": [
        26295.0
      ],
      "mean": 26295.0,
      "std": 0.0,
      "min": 26295.0,
      "max": 26295.0,
      "count": 1,
      "ratio_to_perfect": 0.78370886981402
    },
    "perfect_score": {
      "rewards": [
        33552.0
      ],
      "mean": 33552.0,
      "std": 0.0,
      "min": 33552.0,
      "max": 33552.0,
      "count": 1,
      "ratio_to_perfect": 1.0
    }
  },
  "errors": {}
}