{
  "instance_dir": "D:\\TextArena\\examples\\benchmark\\synthetic_trajectory\\lead_time_0\\p06_variance_change\\v2_var_increase\\r1_high",
  "instance_name": "r1_high",
  "promised_lead_time": 0,
  "model": "openai/gpt-5-mini",
  "num_runs_llm": 1,
  "num_runs_deterministic": 1,
  "max_periods": null,
  "summary": {
    "perfect_score": 99541.0,
    "ratios": {
      "or": 0.9506133151163842,
      "llm": 0.8948975798917029,
      "llm_to_or": 0.9482625249897028,
      "or_to_llm": 0.9313247807436131,
      "perfect_score": 1.0
    },
    "warnings": null
  },
  "results": {
    "or": {
      "rewards": [
        94625.0
      ],
      "mean": 94625.0,
      "std": 0.0,
      "min": 94625.0,
      "max": 94625.0,
      "count": 1,
      "ratio_to_perfect": 0.9506133151163842
    },
    "llm": {
      "rewards": [
        89079.0
      ],
      "mean": 89079.0,
      "std": 0.0,
      "min": 89079.0,
      "max": 89079.0,
      "count": 1,
      "ratio_to_perfect": 0.8948975798917029
    },
    "llm_to_or": {
      "rewards": [
        94391.0
      ],
      "mean": 94391.0,
      "std": 0.0,
      "min": 94391.0,
      "max": 94391.0,
      "count": 1,
      "ratio_to_perfect": 0.9482625249897028
    },
    "or_to_llm": {
      "rewards": [
        92705.0
      ],
      "mean": 92705.0,
      "std": 0.0,
      "min": 92705.0,
      "max": 92705.0,
      "count": 1,
      "ratio_to_perfect": 0.9313247807436131
    },
    "perfect_score": {
      "rewards": [
        99541.0
      ],
      "mean": 99541.0,
      "std": 0.0,
      "min": 99541.0,
      "max": 99541.0,
      "count": 1,
      "ratio_to_perfect": 1.0
    }
  },
  "errors": {}
}