{
  "instance_dir": "D:\\TextArena\\examples\\benchmark\\synthetic_trajectory\\lead_time_0\\p05_decreasing_trend\\v1_200_minus_3t\\r2_med",
  "instance_name": "r2_med",
  "promised_lead_time": 0,
  "model": "google/gemini-3-flash-preview",
  "num_runs_llm": 1,
  "num_runs_deterministic": 1,
  "max_periods": null,
  "summary": {
    "perfect_score": 25156.0,
    "ratios": {
      "or": 0.8534345682938465,
      "llm": 0.8985927810462713,
      "llm_to_or": 0.9120289394180315,
      "or_to_llm": 0.8753776435045317,
      "perfect_score": 1.0
    },
    "warnings": null
  },
  "results": {
    "or": {
      "rewards": [
        21469.0
      ],
      "mean": 21469.0,
      "std": 0.0,
      "min": 21469.0,
      "max": 21469.0,
      "count": 1,
      "ratio_to_perfect": 0.8534345682938465
    },
    "llm": {
      "rewards": [
        22605.0
      ],
      "mean": 22605.0,
      "std": 0.0,
      "min": 22605.0,
      "max": 22605.0,
      "count": 1,
      "ratio_to_perfect": 0.8985927810462713
    },
    "llm_to_or": {
      "rewards": [
        22943.0
      ],
      "mean": 22943.0,
      "std": 0.0,
      "min": 22943.0,
      "max": 22943.0,
      "count": 1,
      "ratio_to_perfect": 0.9120289394180315
    },
    "or_to_llm": {
      "rewards": [
        22021.0
      ],
      "mean": 22021.0,
      "std": 0.0,
      "min": 22021.0,
      "max": 22021.0,
      "count": 1,
      "ratio_to_perfect": 0.8753776435045317
    },
    "perfect_score": {
      "rewards": [
        25156.0
      ],
      "mean": 25156.0,
      "std": 0.0,
      "min": 25156.0,
      "max": 25156.0,
      "count": 1,
      "ratio_to_perfect": 1.0
    }
  },
  "errors": {}
}