{
  "instance_dir": "/shared/share_malatown/OR_Agent/examples/benchmark/synthetic_trajectory/lead_time_0/p10_autocorrelated/v2_phi_0_5/r2_high",
  "instance_name": "r2_high",
  "promised_lead_time": 0,
  "model": "x-ai/grok-4.1-fast",
  "num_runs_llm": 1,
  "num_runs_deterministic": 1,
  "max_periods": null,
  "summary": {
    "perfect_score": 87210.0,
    "ratios": {
      "or": 0.9611971104231166,
      "llm": 0.9192753124641669,
      "llm_to_or": 0.9394450177731911,
      "or_to_llm": 0.9425983258800597,
      "perfect_score": 1.0
    },
    "warnings": null
  },
  "results": {
    "or": {
      "rewards": [
        83826.0
      ],
      "mean": 83826.0,
      "std": 0.0,
      "min": 83826.0,
      "max": 83826.0,
      "count": 1,
      "ratio_to_perfect": 0.9611971104231166
    },
    "llm": {
      "rewards": [
        80170.0
      ],
      "mean": 80170.0,
      "std": 0.0,
      "min": 80170.0,
      "max": 80170.0,
      "count": 1,
      "ratio_to_perfect": 0.9192753124641669
    },
    "llm_to_or": {
      "rewards": [
        81929.0
      ],
      "mean": 81929.0,
      "std": 0.0,
      "min": 81929.0,
      "max": 81929.0,
      "count": 1,
      "ratio_to_perfect": 0.9394450177731911
    },
    "or_to_llm": {
      "rewards": [
        82204.0
      ],
      "mean": 82204.0,
      "std": 0.0,
      "min": 82204.0,
      "max": 82204.0,
      "count": 1,
      "ratio_to_perfect": 0.9425983258800597
    },
    "perfect_score": {
      "rewards": [
        87210.0
      ],
      "mean": 87210.0,
      "std": 0.0,
      "min": 87210.0,
      "max": 87210.0,
      "count": 1,
      "ratio_to_perfect": 1.0
    }
  },
  "errors": {}
}