{
  "instance_dir": "/shared/share_malatown/OR_Agent/examples/benchmark/real_trajectory/lead_time_4/554477005",
  "instance_name": "554477005",
  "promised_lead_time": 4,
  "model": "x-ai/grok-4.1-fast",
  "num_runs_llm": 1,
  "num_runs_deterministic": 1,
  "max_periods": null,
  "summary": {
    "perfect_score": 12616.0,
    "ratios": {
      "or": -0.10367786937222574,
      "llm": -0.29605263157894735,
      "llm_to_or": -0.1946734305643627,
      "or_to_llm": -0.06737476220672162,
      "perfect_score": 1.0
    },
    "warnings": null
  },
  "results": {
    "or": {
      "rewards": [
        -1308.0
      ],
      "mean": -1308.0,
      "std": 0.0,
      "min": -1308.0,
      "max": -1308.0,
      "count": 1,
      "ratio_to_perfect": -0.10367786937222574
    },
    "llm": {
      "rewards": [
        -3735.0
      ],
      "mean": -3735.0,
      "std": 0.0,
      "min": -3735.0,
      "max": -3735.0,
      "count": 1,
      "ratio_to_perfect": -0.29605263157894735
    },
    "llm_to_or": {
      "rewards": [
        -2456.0
      ],
      "mean": -2456.0,
      "std": 0.0,
      "min": -2456.0,
      "max": -2456.0,
      "count": 1,
      "ratio_to_perfect": -0.1946734305643627
    },
    "or_to_llm": {
      "rewards": [
        -850.0
      ],
      "mean": -850.0,
      "std": 0.0,
      "min": -850.0,
      "max": -850.0,
      "count": 1,
      "ratio_to_perfect": -0.06737476220672162
    },
    "perfect_score": {
      "rewards": [
        12616.0
      ],
      "mean": 12616.0,
      "std": 0.0,
      "min": 12616.0,
      "max": 12616.0,
      "count": 1,
      "ratio_to_perfect": 1.0
    }
  },
  "errors": {}
}