{
  "instance_dir": "/shared/share_malatown/OR_Agent/examples/benchmark/real_trajectory/lead_time_4/579302001",
  "instance_name": "579302001",
  "promised_lead_time": 4,
  "model": "x-ai/grok-4.1-fast",
  "num_runs_llm": 1,
  "num_runs_deterministic": 1,
  "max_periods": null,
  "summary": {
    "perfect_score": 4526.0,
    "ratios": {
      "or": -0.06319045514803358,
      "llm": -1.4880689350419796,
      "llm_to_or": -0.32346442775077333,
      "or_to_llm": -0.41427308882015024,
      "perfect_score": 1.0
    },
    "warnings": null
  },
  "results": {
    "or": {
      "rewards": [
        -286.0
      ],
      "mean": -286.0,
      "std": 0.0,
      "min": -286.0,
      "max": -286.0,
      "count": 1,
      "ratio_to_perfect": -0.06319045514803358
    },
    "llm": {
      "rewards": [
        -6735.0
      ],
      "mean": -6735.0,
      "std": 0.0,
      "min": -6735.0,
      "max": -6735.0,
      "count": 1,
      "ratio_to_perfect": -1.4880689350419796
    },
    "llm_to_or": {
      "rewards": [
        -1464.0
      ],
      "mean": -1464.0,
      "std": 0.0,
      "min": -1464.0,
      "max": -1464.0,
      "count": 1,
      "ratio_to_perfect": -0.32346442775077333
    },
    "or_to_llm": {
      "rewards": [
        -1875.0
      ],
      "mean": -1875.0,
      "std": 0.0,
      "min": -1875.0,
      "max": -1875.0,
      "count": 1,
      "ratio_to_perfect": -0.41427308882015024
    },
    "perfect_score": {
      "rewards": [
        4526.0
      ],
      "mean": 4526.0,
      "std": 0.0,
      "min": 4526.0,
      "max": 4526.0,
      "count": 1,
      "ratio_to_perfect": 1.0
    }
  },
  "errors": {}
}