{
  "instance_dir": "D:\\TextArena\\examples\\benchmark\\real_trajectory\\lead_time_stochastic\\399087030",
  "instance_name": "399087030",
  "promised_lead_time": 2,
  "model": "google/gemini-3-flash-preview",
  "num_runs_llm": 1,
  "num_runs_deterministic": 1,
  "max_periods": null,
  "summary": {
    "perfect_score": 63517.0,
    "ratios": {
      "or": 0.23305571736700412,
      "llm": 0.668199064817293,
      "llm_to_or": 0.2314026166223216,
      "or_to_llm": 0.5427838216540454,
      "perfect_score": 1.0
    },
    "warnings": null
  },
  "results": {
    "or": {
      "rewards": [
        14803.0
      ],
      "mean": 14803.0,
      "std": 0.0,
      "min": 14803.0,
      "max": 14803.0,
      "count": 1,
      "ratio_to_perfect": 0.23305571736700412
    },
    "llm": {
      "rewards": [
        42442.0
      ],
      "mean": 42442.0,
      "std": 0.0,
      "min": 42442.0,
      "max": 42442.0,
      "count": 1,
      "ratio_to_perfect": 0.668199064817293
    },
    "llm_to_or": {
      "rewards": [
        14698.0
      ],
      "mean": 14698.0,
      "std": 0.0,
      "min": 14698.0,
      "max": 14698.0,
      "count": 1,
      "ratio_to_perfect": 0.2314026166223216
    },
    "or_to_llm": {
      "rewards": [
        34476.0
      ],
      "mean": 34476.0,
      "std": 0.0,
      "min": 34476.0,
      "max": 34476.0,
      "count": 1,
      "ratio_to_perfect": 0.5427838216540454
    },
    "perfect_score": {
      "rewards": [
        63517.0
      ],
      "mean": 63517.0,
      "std": 0.0,
      "min": 63517.0,
      "max": 63517.0,
      "count": 1,
      "ratio_to_perfect": 1.0
    }
  },
  "errors": {}
}