{
  "instance_dir": "/shared/share_malatown/OR_Agent/examples/benchmark/real_trajectory/lead_time_stochastic/615141002",
  "instance_name": "615141002",
  "promised_lead_time": 2,
  "model": "x-ai/grok-4.1-fast",
  "num_runs_llm": 1,
  "num_runs_deterministic": 1,
  "max_periods": null,
  "summary": {
    "perfect_score": 4127.0,
    "ratios": {
      "or": -0.18269929731039497,
      "llm": -3.988126968742428,
      "llm_to_or": -3.0787496971165496,
      "or_to_llm": -2.1112188030046037,
      "perfect_score": 1.0
    },
    "warnings": null
  },
  "results": {
    "or": {
      "rewards": [
        -754.0
      ],
      "mean": -754.0,
      "std": 0.0,
      "min": -754.0,
      "max": -754.0,
      "count": 1,
      "ratio_to_perfect": -0.18269929731039497
    },
    "llm": {
      "rewards": [
        -16459.0
      ],
      "mean": -16459.0,
      "std": 0.0,
      "min": -16459.0,
      "max": -16459.0,
      "count": 1,
      "ratio_to_perfect": -3.988126968742428
    },
    "llm_to_or": {
      "rewards": [
        -12706.0
      ],
      "mean": -12706.0,
      "std": 0.0,
      "min": -12706.0,
      "max": -12706.0,
      "count": 1,
      "ratio_to_perfect": -3.0787496971165496
    },
    "or_to_llm": {
      "rewards": [
        -8713.0
      ],
      "mean": -8713.0,
      "std": 0.0,
      "min": -8713.0,
      "max": -8713.0,
      "count": 1,
      "ratio_to_perfect": -2.1112188030046037
    },
    "perfect_score": {
      "rewards": [
        4127.0
      ],
      "mean": 4127.0,
      "std": 0.0,
      "min": 4127.0,
      "max": 4127.0,
      "count": 1,
      "ratio_to_perfect": 1.0
    }
  },
  "errors": {}
}