{
  "instance_dir": "/shared/share_malatown/OR_Agent/examples/benchmark/synthetic_trajectory/lead_time_0/p08_multi_changepoint/v3_var_high_then_low/r2_med",
  "instance_name": "r2_med",
  "promised_lead_time": 0,
  "model": "x-ai/grok-4.1-fast",
  "num_runs_llm": 1,
  "num_runs_deterministic": 1,
  "max_periods": null,
  "summary": {
    "perfect_score": 20416.0,
    "ratios": {
      "or": 0.8763714733542319,
      "llm": 0.8750489811912225,
      "llm_to_or": 0.8726978840125392,
      "or_to_llm": 0.8750979623824452,
      "perfect_score": 1.0
    },
    "warnings": null
  },
  "results": {
    "or": {
      "rewards": [
        17892.0
      ],
      "mean": 17892.0,
      "std": 0.0,
      "min": 17892.0,
      "max": 17892.0,
      "count": 1,
      "ratio_to_perfect": 0.8763714733542319
    },
    "llm": {
      "rewards": [
        17865.0
      ],
      "mean": 17865.0,
      "std": 0.0,
      "min": 17865.0,
      "max": 17865.0,
      "count": 1,
      "ratio_to_perfect": 0.8750489811912225
    },
    "llm_to_or": {
      "rewards": [
        17817.0
      ],
      "mean": 17817.0,
      "std": 0.0,
      "min": 17817.0,
      "max": 17817.0,
      "count": 1,
      "ratio_to_perfect": 0.8726978840125392
    },
    "or_to_llm": {
      "rewards": [
        17866.0
      ],
      "mean": 17866.0,
      "std": 0.0,
      "min": 17866.0,
      "max": 17866.0,
      "count": 1,
      "ratio_to_perfect": 0.8750979623824452
    },
    "perfect_score": {
      "rewards": [
        20416.0
      ],
      "mean": 20416.0,
      "std": 0.0,
      "min": 20416.0,
      "max": 20416.0,
      "count": 1,
      "ratio_to_perfect": 1.0
    }
  },
  "errors": {}
}