{
  "instance_dir": "D:\\TextArena\\examples\\benchmark\\synthetic_trajectory\\lead_time_stochastic\\p05_decreasing_trend\\v3_150_minus_2t\\r2_high",
  "instance_name": "r2_high",
  "promised_lead_time": 2,
  "model": "google/gemini-3-flash-preview",
  "num_runs_llm": 1,
  "num_runs_deterministic": 1,
  "max_periods": null,
  "summary": {
    "perfect_score": 95437.0,
    "ratios": {
      "or": 0.15142973899011913,
      "llm": 0.714576107798862,
      "llm_to_or": 0.3433259637247608,
      "or_to_llm": 0.6824816371009147,
      "perfect_score": 1.0
    },
    "warnings": null
  },
  "results": {
    "or": {
      "rewards": [
        14452.0
      ],
      "mean": 14452.0,
      "std": 0.0,
      "min": 14452.0,
      "max": 14452.0,
      "count": 1,
      "ratio_to_perfect": 0.15142973899011913
    },
    "llm": {
      "rewards": [
        68197.0
      ],
      "mean": 68197.0,
      "std": 0.0,
      "min": 68197.0,
      "max": 68197.0,
      "count": 1,
      "ratio_to_perfect": 0.714576107798862
    },
    "llm_to_or": {
      "rewards": [
        32766.0
      ],
      "mean": 32766.0,
      "std": 0.0,
      "min": 32766.0,
      "max": 32766.0,
      "count": 1,
      "ratio_to_perfect": 0.3433259637247608
    },
    "or_to_llm": {
      "rewards": [
        65134.0
      ],
      "mean": 65134.0,
      "std": 0.0,
      "min": 65134.0,
      "max": 65134.0,
      "count": 1,
      "ratio_to_perfect": 0.6824816371009147
    },
    "perfect_score": {
      "rewards": [
        95437.0
      ],
      "mean": 95437.0,
      "std": 0.0,
      "min": 95437.0,
      "max": 95437.0,
      "count": 1,
      "ratio_to_perfect": 1.0
    }
  },
  "errors": {}
}