{
  "instance_dir": "D:\\TextArena\\examples\\benchmark\\real_trajectory\\lead_time_4\\706016006",
  "instance_name": "706016006",
  "promised_lead_time": 4,
  "model": "google/gemini-3-flash-preview",
  "num_runs_llm": 1,
  "num_runs_deterministic": 1,
  "max_periods": null,
  "summary": {
    "perfect_score": 7738.0,
    "ratios": {
      "or": 0.21090721116567587,
      "llm": -0.5898164900491083,
      "llm_to_or": 0.02209873352287413,
      "or_to_llm": 0.0598345825794779,
      "perfect_score": 1.0
    },
    "warnings": null
  },
  "results": {
    "or": {
      "rewards": [
        1632.0
      ],
      "mean": 1632.0,
      "std": 0.0,
      "min": 1632.0,
      "max": 1632.0,
      "count": 1,
      "ratio_to_perfect": 0.21090721116567587
    },
    "llm": {
      "rewards": [
        -4564.0
      ],
      "mean": -4564.0,
      "std": 0.0,
      "min": -4564.0,
      "max": -4564.0,
      "count": 1,
      "ratio_to_perfect": -0.5898164900491083
    },
    "llm_to_or": {
      "rewards": [
        171.0
      ],
      "mean": 171.0,
      "std": 0.0,
      "min": 171.0,
      "max": 171.0,
      "count": 1,
      "ratio_to_perfect": 0.02209873352287413
    },
    "or_to_llm": {
      "rewards": [
        463.0
      ],
      "mean": 463.0,
      "std": 0.0,
      "min": 463.0,
      "max": 463.0,
      "count": 1,
      "ratio_to_perfect": 0.0598345825794779
    },
    "perfect_score": {
      "rewards": [
        7738.0
      ],
      "mean": 7738.0,
      "std": 0.0,
      "min": 7738.0,
      "max": 7738.0,
      "count": 1,
      "ratio_to_perfect": 1.0
    }
  },
  "errors": {}
}