{
  "instance_dir": "/shared/share_malatown/OR-Agent-GPT5mini-benchmark/examples/benchmark/real_trajectory/lead_time_4/697054014",
  "instance_name": "697054014",
  "promised_lead_time": 4,
  "model": "openai/gpt-5-mini",
  "num_runs_llm": 1,
  "num_runs_deterministic": 1,
  "max_periods": null,
  "summary": {
    "perfect_score": 88882.0,
    "ratios": {
      "or": 0.7624490898044598,
      "llm": 0.7035057716973065,
      "llm_to_or": 0.7060822213721564,
      "or_to_llm": 0.686663216399271,
      "perfect_score": 1.0
    },
    "warnings": null
  },
  "results": {
    "or": {
      "rewards": [
        67768.0
      ],
      "mean": 67768.0,
      "std": 0.0,
      "min": 67768.0,
      "max": 67768.0,
      "count": 1,
      "ratio_to_perfect": 0.7624490898044598
    },
    "llm": {
      "rewards": [
        62529.0
      ],
      "mean": 62529.0,
      "std": 0.0,
      "min": 62529.0,
      "max": 62529.0,
      "count": 1,
      "ratio_to_perfect": 0.7035057716973065
    },
    "llm_to_or": {
      "rewards": [
        62758.0
      ],
      "mean": 62758.0,
      "std": 0.0,
      "min": 62758.0,
      "max": 62758.0,
      "count": 1,
      "ratio_to_perfect": 0.7060822213721564
    },
    "or_to_llm": {
      "rewards": [
        61032.0
      ],
      "mean": 61032.0,
      "std": 0.0,
      "min": 61032.0,
      "max": 61032.0,
      "count": 1,
      "ratio_to_perfect": 0.686663216399271
    },
    "perfect_score": {
      "rewards": [
        88882.0
      ],
      "mean": 88882.0,
      "std": 0.0,
      "min": 88882.0,
      "max": 88882.0,
      "count": 1,
      "ratio_to_perfect": 1.0
    }
  },
  "errors": {}
}