{
  "instance_dir": "D:\\TextArena\\examples\\benchmark\\synthetic_trajectory\\lead_time_stochastic\\p01_stationary_iid\\v1_normal_100_25\\r1_high",
  "instance_name": "r1_high",
  "promised_lead_time": 2,
  "model": "google/gemini-3-flash-preview",
  "num_runs_llm": 1,
  "num_runs_deterministic": 1,
  "max_periods": null,
  "summary": {
    "perfect_score": 97318.0,
    "ratios": {
      "or": 0.12383115148276784,
      "llm": 0.7129821821245813,
      "llm_to_or": 0.35291518526891225,
      "or_to_llm": 0.5940216609465875,
      "perfect_score": 1.0
    },
    "warnings": null
  },
  "results": {
    "or": {
      "rewards": [
        12051.0
      ],
      "mean": 12051.0,
      "std": 0.0,
      "min": 12051.0,
      "max": 12051.0,
      "count": 1,
      "ratio_to_perfect": 0.12383115148276784
    },
    "llm": {
      "rewards": [
        69386.0
      ],
      "mean": 69386.0,
      "std": 0.0,
      "min": 69386.0,
      "max": 69386.0,
      "count": 1,
      "ratio_to_perfect": 0.7129821821245813
    },
    "llm_to_or": {
      "rewards": [
        34345.0
      ],
      "mean": 34345.0,
      "std": 0.0,
      "min": 34345.0,
      "max": 34345.0,
      "count": 1,
      "ratio_to_perfect": 0.35291518526891225
    },
    "or_to_llm": {
      "rewards": [
        57809.0
      ],
      "mean": 57809.0,
      "std": 0.0,
      "min": 57809.0,
      "max": 57809.0,
      "count": 1,
      "ratio_to_perfect": 0.5940216609465875
    },
    "perfect_score": {
      "rewards": [
        97318.0
      ],
      "mean": 97318.0,
      "std": 0.0,
      "min": 97318.0,
      "max": 97318.0,
      "count": 1,
      "ratio_to_perfect": 1.0
    }
  },
  "errors": {}
}