{
  "instance_dir": "/shared/share_malatown/OR-Agent-GPT5mini-benchmark/examples/benchmark/real_trajectory/lead_time_0/695632002",
  "instance_name": "695632002",
  "promised_lead_time": 0,
  "model": "openai/gpt-5-mini",
  "num_runs_llm": 1,
  "num_runs_deterministic": 1,
  "max_periods": null,
  "summary": {
    "perfect_score": 28116.0,
    "ratios": {
      "or": 0.7808009674206857,
      "llm": 0.7785958173282117,
      "llm_to_or": 0.7437402190923318,
      "or_to_llm": 0.7774932422819747,
      "perfect_score": 1.0
    },
    "warnings": null
  },
  "results": {
    "or": {
      "rewards": [
        21953.0
      ],
      "mean": 21953.0,
      "std": 0.0,
      "min": 21953.0,
      "max": 21953.0,
      "count": 1,
      "ratio_to_perfect": 0.7808009674206857
    },
    "llm": {
      "rewards": [
        21891.0
      ],
      "mean": 21891.0,
      "std": 0.0,
      "min": 21891.0,
      "max": 21891.0,
      "count": 1,
      "ratio_to_perfect": 0.7785958173282117
    },
    "llm_to_or": {
      "rewards": [
        20911.0
      ],
      "mean": 20911.0,
      "std": 0.0,
      "min": 20911.0,
      "max": 20911.0,
      "count": 1,
      "ratio_to_perfect": 0.7437402190923318
    },
    "or_to_llm": {
      "rewards": [
        21860.0
      ],
      "mean": 21860.0,
      "std": 0.0,
      "min": 21860.0,
      "max": 21860.0,
      "count": 1,
      "ratio_to_perfect": 0.7774932422819747
    },
    "perfect_score": {
      "rewards": [
        28116.0
      ],
      "mean": 28116.0,
      "std": 0.0,
      "min": 28116.0,
      "max": 28116.0,
      "count": 1,
      "ratio_to_perfect": 1.0
    }
  },
  "errors": {}
}