{
  "instance_dir": "/shared/share_malatown/OR_Agent/examples/benchmark/real_trajectory/lead_time_0/680262006",
  "instance_name": "680262006",
  "promised_lead_time": 0,
  "model": "x-ai/grok-4.1-fast",
  "num_runs_llm": 1,
  "num_runs_deterministic": 1,
  "max_periods": null,
  "summary": {
    "perfect_score": 2164.0,
    "ratios": {
      "or": -0.20794824399260628,
      "llm": 0.5402033271719039,
      "llm_to_or": 0.6312384473197782,
      "or_to_llm": 0.32162661737523107,
      "perfect_score": 1.0
    },
    "warnings": null
  },
  "results": {
    "or": {
      "rewards": [
        -450.0
      ],
      "mean": -450.0,
      "std": 0.0,
      "min": -450.0,
      "max": -450.0,
      "count": 1,
      "ratio_to_perfect": -0.20794824399260628
    },
    "llm": {
      "rewards": [
        1169.0
      ],
      "mean": 1169.0,
      "std": 0.0,
      "min": 1169.0,
      "max": 1169.0,
      "count": 1,
      "ratio_to_perfect": 0.5402033271719039
    },
    "llm_to_or": {
      "rewards": [
        1366.0
      ],
      "mean": 1366.0,
      "std": 0.0,
      "min": 1366.0,
      "max": 1366.0,
      "count": 1,
      "ratio_to_perfect": 0.6312384473197782
    },
    "or_to_llm": {
      "rewards": [
        696.0
      ],
      "mean": 696.0,
      "std": 0.0,
      "min": 696.0,
      "max": 696.0,
      "count": 1,
      "ratio_to_perfect": 0.32162661737523107
    },
    "perfect_score": {
      "rewards": [
        2164.0
      ],
      "mean": 2164.0,
      "std": 0.0,
      "min": 2164.0,
      "max": 2164.0,
      "count": 1,
      "ratio_to_perfect": 1.0
    }
  },
  "errors": {}
}