{
  "instance_dir": "/shared/share_malatown/OR-Agent-GPT5mini-benchmark/examples/benchmark/synthetic_trajectory/lead_time_stochastic/p01_stationary_iid/v2_normal_100_40/r2_high",
  "instance_name": "r2_high",
  "promised_lead_time": 2,
  "model": "openai/gpt-5-mini",
  "num_runs_llm": 1,
  "num_runs_deterministic": 1,
  "max_periods": null,
  "summary": {
    "perfect_score": 92929.0,
    "ratios": {
      "or": 0.10280967190005273,
      "llm": 0.19226506257465376,
      "llm_to_or": 0.1559254915042667,
      "or_to_llm": 0.14777948756577602,
      "perfect_score": 1.0
    },
    "warnings": null
  },
  "results": {
    "or": {
      "rewards": [
        9554.0
      ],
      "mean": 9554.0,
      "std": 0.0,
      "min": 9554.0,
      "max": 9554.0,
      "count": 1,
      "ratio_to_perfect": 0.10280967190005273
    },
    "llm": {
      "rewards": [
        17867.0
      ],
      "mean": 17867.0,
      "std": 0.0,
      "min": 17867.0,
      "max": 17867.0,
      "count": 1,
      "ratio_to_perfect": 0.19226506257465376
    },
    "llm_to_or": {
      "rewards": [
        14490.0
      ],
      "mean": 14490.0,
      "std": 0.0,
      "min": 14490.0,
      "max": 14490.0,
      "count": 1,
      "ratio_to_perfect": 0.1559254915042667
    },
    "or_to_llm": {
      "rewards": [
        13733.0
      ],
      "mean": 13733.0,
      "std": 0.0,
      "min": 13733.0,
      "max": 13733.0,
      "count": 1,
      "ratio_to_perfect": 0.14777948756577602
    },
    "perfect_score": {
      "rewards": [
        92929.0
      ],
      "mean": 92929.0,
      "std": 0.0,
      "min": 92929.0,
      "max": 92929.0,
      "count": 1,
      "ratio_to_perfect": 1.0
    }
  },
  "errors": {}
}