{
  "instance_dir": "/shared/share_malatown/OR-Agent-GPT5mini-benchmark/examples/benchmark/real_trajectory/lead_time_0/603145001",
  "instance_name": "603145001",
  "promised_lead_time": 0,
  "model": "openai/gpt-5-mini",
  "num_runs_llm": 1,
  "num_runs_deterministic": 1,
  "max_periods": null,
  "summary": {
    "perfect_score": 62111.0,
    "ratios": {
      "or": 0.9289497834522066,
      "llm": 0.8829675902819146,
      "llm_to_or": 0.9260034454444462,
      "or_to_llm": 0.9265830529213827,
      "perfect_score": 1.0
    },
    "warnings": null
  },
  "results": {
    "or": {
      "rewards": [
        57698.0
      ],
      "mean": 57698.0,
      "std": 0.0,
      "min": 57698.0,
      "max": 57698.0,
      "count": 1,
      "ratio_to_perfect": 0.9289497834522066
    },
    "llm": {
      "rewards": [
        54842.0
      ],
      "mean": 54842.0,
      "std": 0.0,
      "min": 54842.0,
      "max": 54842.0,
      "count": 1,
      "ratio_to_perfect": 0.8829675902819146
    },
    "llm_to_or": {
      "rewards": [
        57515.0
      ],
      "mean": 57515.0,
      "std": 0.0,
      "min": 57515.0,
      "max": 57515.0,
      "count": 1,
      "ratio_to_perfect": 0.9260034454444462
    },
    "or_to_llm": {
      "rewards": [
        57551.0
      ],
      "mean": 57551.0,
      "std": 0.0,
      "min": 57551.0,
      "max": 57551.0,
      "count": 1,
      "ratio_to_perfect": 0.9265830529213827
    },
    "perfect_score": {
      "rewards": [
        62111.0
      ],
      "mean": 62111.0,
      "std": 0.0,
      "min": 62111.0,
      "max": 62111.0,
      "count": 1,
      "ratio_to_perfect": 1.0
    }
  },
  "errors": {}
}