{
  "instance_dir": "D:\\TextArena\\examples\\benchmark\\synthetic_trajectory\\lead_time_0\\p08_multi_changepoint\\v3_var_high_then_low\\r2_high",
  "instance_name": "r2_high",
  "promised_lead_time": 0,
  "model": "openai/gpt-5-mini",
  "num_runs_llm": 1,
  "num_runs_deterministic": 1,
  "max_periods": null,
  "summary": {
    "perfect_score": 96976.0,
    "ratios": {
      "or": 0.9462650552714074,
      "llm": 0.9018107573007754,
      "llm_to_or": 0.9462650552714074,
      "or_to_llm": 0.9266828906121102,
      "perfect_score": 1.0
    },
    "warnings": null
  },
  "results": {
    "or": {
      "rewards": [
        91765.0
      ],
      "mean": 91765.0,
      "std": 0.0,
      "min": 91765.0,
      "max": 91765.0,
      "count": 1,
      "ratio_to_perfect": 0.9462650552714074
    },
    "llm": {
      "rewards": [
        87454.0
      ],
      "mean": 87454.0,
      "std": 0.0,
      "min": 87454.0,
      "max": 87454.0,
      "count": 1,
      "ratio_to_perfect": 0.9018107573007754
    },
    "llm_to_or": {
      "rewards": [
        91765.0
      ],
      "mean": 91765.0,
      "std": 0.0,
      "min": 91765.0,
      "max": 91765.0,
      "count": 1,
      "ratio_to_perfect": 0.9462650552714074
    },
    "or_to_llm": {
      "rewards": [
        89866.0
      ],
      "mean": 89866.0,
      "std": 0.0,
      "min": 89866.0,
      "max": 89866.0,
      "count": 1,
      "ratio_to_perfect": 0.9266828906121102
    },
    "perfect_score": {
      "rewards": [
        96976.0
      ],
      "mean": 96976.0,
      "std": 0.0,
      "min": 96976.0,
      "max": 96976.0,
      "count": 1,
      "ratio_to_perfect": 1.0
    }
  },
  "errors": {}
}