{
  "instance_dir": "D:\\TextArena\\examples\\benchmark\\synthetic_trajectory\\lead_time_4\\p06_variance_change\\v2_var_increase\\r1_med",
  "instance_name": "r1_med",
  "promised_lead_time": 4,
  "model": "openai/gpt-5-mini",
  "num_runs_llm": 1,
  "num_runs_deterministic": 1,
  "max_periods": null,
  "summary": {
    "perfect_score": 20956.0,
    "ratios": {
      "or": 0.7224184004581027,
      "llm": 0.5702901317045238,
      "llm_to_or": 0.7212731437297194,
      "or_to_llm": 0.6068429089520901,
      "perfect_score": 1.0
    },
    "warnings": null
  },
  "results": {
    "or": {
      "rewards": [
        15139.0
      ],
      "mean": 15139.0,
      "std": 0.0,
      "min": 15139.0,
      "max": 15139.0,
      "count": 1,
      "ratio_to_perfect": 0.7224184004581027
    },
    "llm": {
      "rewards": [
        11951.0
      ],
      "mean": 11951.0,
      "std": 0.0,
      "min": 11951.0,
      "max": 11951.0,
      "count": 1,
      "ratio_to_perfect": 0.5702901317045238
    },
    "llm_to_or": {
      "rewards": [
        15115.0
      ],
      "mean": 15115.0,
      "std": 0.0,
      "min": 15115.0,
      "max": 15115.0,
      "count": 1,
      "ratio_to_perfect": 0.7212731437297194
    },
    "or_to_llm": {
      "rewards": [
        12717.0
      ],
      "mean": 12717.0,
      "std": 0.0,
      "min": 12717.0,
      "max": 12717.0,
      "count": 1,
      "ratio_to_perfect": 0.6068429089520901
    },
    "perfect_score": {
      "rewards": [
        20956.0
      ],
      "mean": 20956.0,
      "std": 0.0,
      "min": 20956.0,
      "max": 20956.0,
      "count": 1,
      "ratio_to_perfect": 1.0
    }
  },
  "errors": {}
}