{
  "instance_dir": "/shared/share_malatown/OR_Agent/examples/benchmark/real_trajectory/lead_time_stochastic/712587002",
  "instance_name": "712587002",
  "promised_lead_time": 2,
  "model": "x-ai/grok-4.1-fast",
  "num_runs_llm": 1,
  "num_runs_deterministic": 1,
  "max_periods": null,
  "summary": {
    "perfect_score": 10264.0,
    "ratios": {
      "or": 0.35025331254871395,
      "llm": 0.021726422447388934,
      "llm_to_or": -0.512373343725643,
      "or_to_llm": -0.09684333593141076,
      "perfect_score": 1.0
    },
    "warnings": null
  },
  "results": {
    "or": {
      "rewards": [
        3595.0
      ],
      "mean": 3595.0,
      "std": 0.0,
      "min": 3595.0,
      "max": 3595.0,
      "count": 1,
      "ratio_to_perfect": 0.35025331254871395
    },
    "llm": {
      "rewards": [
        223.0
      ],
      "mean": 223.0,
      "std": 0.0,
      "min": 223.0,
      "max": 223.0,
      "count": 1,
      "ratio_to_perfect": 0.021726422447388934
    },
    "llm_to_or": {
      "rewards": [
        -5259.0
      ],
      "mean": -5259.0,
      "std": 0.0,
      "min": -5259.0,
      "max": -5259.0,
      "count": 1,
      "ratio_to_perfect": -0.512373343725643
    },
    "or_to_llm": {
      "rewards": [
        -994.0
      ],
      "mean": -994.0,
      "std": 0.0,
      "min": -994.0,
      "max": -994.0,
      "count": 1,
      "ratio_to_perfect": -0.09684333593141076
    },
    "perfect_score": {
      "rewards": [
        10264.0
      ],
      "mean": 10264.0,
      "std": 0.0,
      "min": 10264.0,
      "max": 10264.0,
      "count": 1,
      "ratio_to_perfect": 1.0
    }
  },
  "errors": {}
}