{
  "instance_dir": "D:\\TextArena\\examples\\benchmark\\synthetic_trajectory\\lead_time_0\\p09_temp_spike_dip\\v1_temp_surge\\r2_high",
  "instance_name": "r2_high",
  "promised_lead_time": 0,
  "model": "google/gemini-3-flash-preview",
  "num_runs_llm": 1,
  "num_runs_deterministic": 1,
  "max_periods": null,
  "summary": {
    "perfect_score": 115007.0,
    "ratios": {
      "or": 0.9380298590520577,
      "llm": 0.9571504343213891,
      "llm_to_or": 0.9526550557792134,
      "or_to_llm": 0.9566982879302999,
      "perfect_score": 1.0
    },
    "warnings": null
  },
  "results": {
    "or": {
      "rewards": [
        107880.0
      ],
      "mean": 107880.0,
      "std": 0.0,
      "min": 107880.0,
      "max": 107880.0,
      "count": 1,
      "ratio_to_perfect": 0.9380298590520577
    },
    "llm": {
      "rewards": [
        110079.0
      ],
      "mean": 110079.0,
      "std": 0.0,
      "min": 110079.0,
      "max": 110079.0,
      "count": 1,
      "ratio_to_perfect": 0.9571504343213891
    },
    "llm_to_or": {
      "rewards": [
        109562.0
      ],
      "mean": 109562.0,
      "std": 0.0,
      "min": 109562.0,
      "max": 109562.0,
      "count": 1,
      "ratio_to_perfect": 0.9526550557792134
    },
    "or_to_llm": {
      "rewards": [
        110027.0
      ],
      "mean": 110027.0,
      "std": 0.0,
      "min": 110027.0,
      "max": 110027.0,
      "count": 1,
      "ratio_to_perfect": 0.9566982879302999
    },
    "perfect_score": {
      "rewards": [
        115007.0
      ],
      "mean": 115007.0,
      "std": 0.0,
      "min": 115007.0,
      "max": 115007.0,
      "count": 1,
      "ratio_to_perfect": 1.0
    }
  },
  "errors": {}
}