{
  "instance_dir": "/shared/share_malatown/OR-Agent-GPT5mini-benchmark/examples/benchmark/real_trajectory/lead_time_4/664074001",
  "instance_name": "664074001",
  "promised_lead_time": 4,
  "model": "openai/gpt-5-mini",
  "num_runs_llm": 1,
  "num_runs_deterministic": 1,
  "max_periods": null,
  "summary": {
    "perfect_score": 18596.0,
    "ratios": {
      "or": 0.46273392127339213,
      "llm": 0.42466121746612173,
      "llm_to_or": 0.4737577973757797,
      "or_to_llm": 0.48451279845127987,
      "perfect_score": 1.0
    },
    "warnings": null
  },
  "results": {
    "or": {
      "rewards": [
        8605.0
      ],
      "mean": 8605.0,
      "std": 0.0,
      "min": 8605.0,
      "max": 8605.0,
      "count": 1,
      "ratio_to_perfect": 0.46273392127339213
    },
    "llm": {
      "rewards": [
        7897.0
      ],
      "mean": 7897.0,
      "std": 0.0,
      "min": 7897.0,
      "max": 7897.0,
      "count": 1,
      "ratio_to_perfect": 0.42466121746612173
    },
    "llm_to_or": {
      "rewards": [
        8810.0
      ],
      "mean": 8810.0,
      "std": 0.0,
      "min": 8810.0,
      "max": 8810.0,
      "count": 1,
      "ratio_to_perfect": 0.4737577973757797
    },
    "or_to_llm": {
      "rewards": [
        9010.0
      ],
      "mean": 9010.0,
      "std": 0.0,
      "min": 9010.0,
      "max": 9010.0,
      "count": 1,
      "ratio_to_perfect": 0.48451279845127987
    },
    "perfect_score": {
      "rewards": [
        18596.0
      ],
      "mean": 18596.0,
      "std": 0.0,
      "min": 18596.0,
      "max": 18596.0,
      "count": 1,
      "ratio_to_perfect": 1.0
    }
  },
  "errors": {}
}