{
  "instance_dir": "D:\\TextArena\\examples\\benchmark\\synthetic_trajectory\\lead_time_stochastic\\p07_seasonal\\v1_period10_amp30\\r1_high",
  "instance_name": "r1_high",
  "promised_lead_time": 2,
  "model": "google/gemini-3-flash-preview",
  "num_runs_llm": 1,
  "num_runs_deterministic": 1,
  "max_periods": null,
  "summary": {
    "perfect_score": 92815.0,
    "ratios": {
      "or": 0.12103647039810375,
      "llm": 0.7216074987879114,
      "llm_to_or": 0.4111619889026558,
      "or_to_llm": 0.6400150837687874,
      "perfect_score": 1.0
    },
    "warnings": null
  },
  "results": {
    "or": {
      "rewards": [
        11234.0
      ],
      "mean": 11234.0,
      "std": 0.0,
      "min": 11234.0,
      "max": 11234.0,
      "count": 1,
      "ratio_to_perfect": 0.12103647039810375
    },
    "llm": {
      "rewards": [
        66976.0
      ],
      "mean": 66976.0,
      "std": 0.0,
      "min": 66976.0,
      "max": 66976.0,
      "count": 1,
      "ratio_to_perfect": 0.7216074987879114
    },
    "llm_to_or": {
      "rewards": [
        38162.0
      ],
      "mean": 38162.0,
      "std": 0.0,
      "min": 38162.0,
      "max": 38162.0,
      "count": 1,
      "ratio_to_perfect": 0.4111619889026558
    },
    "or_to_llm": {
      "rewards": [
        59403.0
      ],
      "mean": 59403.0,
      "std": 0.0,
      "min": 59403.0,
      "max": 59403.0,
      "count": 1,
      "ratio_to_perfect": 0.6400150837687874
    },
    "perfect_score": {
      "rewards": [
        92815.0
      ],
      "mean": 92815.0,
      "std": 0.0,
      "min": 92815.0,
      "max": 92815.0,
      "count": 1,
      "ratio_to_perfect": 1.0
    }
  },
  "errors": {}
}