{
  "instance_dir": "D:\\TextArena\\examples\\benchmark\\real_trajectory\\lead_time_stochastic\\729928001",
  "instance_name": "729928001",
  "promised_lead_time": 2,
  "model": "google/gemini-3-flash-preview",
  "num_runs_llm": 1,
  "num_runs_deterministic": 1,
  "max_periods": null,
  "summary": {
    "perfect_score": 16508.0,
    "ratios": {
      "or": 0.09976980857765931,
      "llm": 0.32535740247152894,
      "llm_to_or": -0.305064211291495,
      "or_to_llm": 0.432335837169857,
      "perfect_score": 1.0
    },
    "warnings": null
  },
  "results": {
    "or": {
      "rewards": [
        1647.0
      ],
      "mean": 1647.0,
      "std": 0.0,
      "min": 1647.0,
      "max": 1647.0,
      "count": 1,
      "ratio_to_perfect": 0.09976980857765931
    },
    "llm": {
      "rewards": [
        5371.0
      ],
      "mean": 5371.0,
      "std": 0.0,
      "min": 5371.0,
      "max": 5371.0,
      "count": 1,
      "ratio_to_perfect": 0.32535740247152894
    },
    "llm_to_or": {
      "rewards": [
        -5036.0
      ],
      "mean": -5036.0,
      "std": 0.0,
      "min": -5036.0,
      "max": -5036.0,
      "count": 1,
      "ratio_to_perfect": -0.305064211291495
    },
    "or_to_llm": {
      "rewards": [
        7137.0
      ],
      "mean": 7137.0,
      "std": 0.0,
      "min": 7137.0,
      "max": 7137.0,
      "count": 1,
      "ratio_to_perfect": 0.432335837169857
    },
    "perfect_score": {
      "rewards": [
        16508.0
      ],
      "mean": 16508.0,
      "std": 0.0,
      "min": 16508.0,
      "max": 16508.0,
      "count": 1,
      "ratio_to_perfect": 1.0
    }
  },
  "errors": {}
}