{
  "instance_dir": "/shared/share_malatown/OR_Agent/examples/benchmark/synthetic_trajectory/lead_time_stochastic/p04_increasing_trend/v1_linear_100t/r1_high",
  "instance_name": "r1_high",
  "promised_lead_time": 2,
  "model": "x-ai/grok-4.1-fast",
  "num_runs_llm": 1,
  "num_runs_deterministic": 1,
  "max_periods": null,
  "summary": {
    "perfect_score": 2394589.0,
    "ratios": {
      "or": 0.08492814424521285,
      "llm": 0.6965921918124571,
      "llm_to_or": 0.4965303022773428,
      "or_to_llm": 0.47426802678873076,
      "perfect_score": 1.0
    },
    "warnings": null
  },
  "results": {
    "or": {
      "rewards": [
        203368.0
      ],
      "mean": 203368.0,
      "std": 0.0,
      "min": 203368.0,
      "max": 203368.0,
      "count": 1,
      "ratio_to_perfect": 0.08492814424521285
    },
    "llm": {
      "rewards": [
        1668052.0
      ],
      "mean": 1668052.0,
      "std": 0.0,
      "min": 1668052.0,
      "max": 1668052.0,
      "count": 1,
      "ratio_to_perfect": 0.6965921918124571
    },
    "llm_to_or": {
      "rewards": [
        1188986.0
      ],
      "mean": 1188986.0,
      "std": 0.0,
      "min": 1188986.0,
      "max": 1188986.0,
      "count": 1,
      "ratio_to_perfect": 0.4965303022773428
    },
    "or_to_llm": {
      "rewards": [
        1135677.0
      ],
      "mean": 1135677.0,
      "std": 0.0,
      "min": 1135677.0,
      "max": 1135677.0,
      "count": 1,
      "ratio_to_perfect": 0.47426802678873076
    },
    "perfect_score": {
      "rewards": [
        2394589.0
      ],
      "mean": 2394589.0,
      "std": 0.0,
      "min": 2394589.0,
      "max": 2394589.0,
      "count": 1,
      "ratio_to_perfect": 1.0
    }
  },
  "errors": {}
}