{
  "instance_dir": "D:\\TextArena\\examples\\benchmark\\real_trajectory\\lead_time_stochastic\\679853001",
  "instance_name": "679853001",
  "promised_lead_time": 2,
  "model": "google/gemini-3-flash-preview",
  "num_runs_llm": 1,
  "num_runs_deterministic": 1,
  "max_periods": null,
  "summary": {
    "perfect_score": 16120.0,
    "ratios": {
      "or": 0.10942928039702234,
      "llm": 0.2240694789081886,
      "llm_to_or": 0.27121588089330023,
      "or_to_llm": 0.30589330024813893,
      "perfect_score": 1.0
    },
    "warnings": null
  },
  "results": {
    "or": {
      "rewards": [
        1764.0
      ],
      "mean": 1764.0,
      "std": 0.0,
      "min": 1764.0,
      "max": 1764.0,
      "count": 1,
      "ratio_to_perfect": 0.10942928039702234
    },
    "llm": {
      "rewards": [
        3612.0
      ],
      "mean": 3612.0,
      "std": 0.0,
      "min": 3612.0,
      "max": 3612.0,
      "count": 1,
      "ratio_to_perfect": 0.2240694789081886
    },
    "llm_to_or": {
      "rewards": [
        4372.0
      ],
      "mean": 4372.0,
      "std": 0.0,
      "min": 4372.0,
      "max": 4372.0,
      "count": 1,
      "ratio_to_perfect": 0.27121588089330023
    },
    "or_to_llm": {
      "rewards": [
        4931.0
      ],
      "mean": 4931.0,
      "std": 0.0,
      "min": 4931.0,
      "max": 4931.0,
      "count": 1,
      "ratio_to_perfect": 0.30589330024813893
    },
    "perfect_score": {
      "rewards": [
        16120.0
      ],
      "mean": 16120.0,
      "std": 0.0,
      "min": 16120.0,
      "max": 16120.0,
      "count": 1,
      "ratio_to_perfect": 1.0
    }
  },
  "errors": {}
}