{
  "instance_dir": "D:\\TextArena\\examples\\benchmark\\synthetic_trajectory\\lead_time_stochastic\\p05_decreasing_trend\\v1_200_minus_3t\\r1_high",
  "instance_name": "r1_high",
  "promised_lead_time": 2,
  "model": "google/gemini-3-flash-preview",
  "num_runs_llm": 1,
  "num_runs_deterministic": 1,
  "max_periods": null,
  "summary": {
    "perfect_score": 119700.0,
    "ratios": {
      "or": 0.16548036758563076,
      "llm": 0.7447368421052631,
      "llm_to_or": 0.45578111946533,
      "or_to_llm": 0.6444360902255639,
      "perfect_score": 1.0
    },
    "warnings": null
  },
  "results": {
    "or": {
      "rewards": [
        19808.0
      ],
      "mean": 19808.0,
      "std": 0.0,
      "min": 19808.0,
      "max": 19808.0,
      "count": 1,
      "ratio_to_perfect": 0.16548036758563076
    },
    "llm": {
      "rewards": [
        89145.0
      ],
      "mean": 89145.0,
      "std": 0.0,
      "min": 89145.0,
      "max": 89145.0,
      "count": 1,
      "ratio_to_perfect": 0.7447368421052631
    },
    "llm_to_or": {
      "rewards": [
        54557.0
      ],
      "mean": 54557.0,
      "std": 0.0,
      "min": 54557.0,
      "max": 54557.0,
      "count": 1,
      "ratio_to_perfect": 0.45578111946533
    },
    "or_to_llm": {
      "rewards": [
        77139.0
      ],
      "mean": 77139.0,
      "std": 0.0,
      "min": 77139.0,
      "max": 77139.0,
      "count": 1,
      "ratio_to_perfect": 0.6444360902255639
    },
    "perfect_score": {
      "rewards": [
        119700.0
      ],
      "mean": 119700.0,
      "std": 0.0,
      "min": 119700.0,
      "max": 119700.0,
      "count": 1,
      "ratio_to_perfect": 1.0
    }
  },
  "errors": {}
}