{
  "instance_dir": "/shared/share_malatown/OR-Agent-GPT5mini-benchmark/examples/benchmark/real_trajectory/lead_time_0/538699007",
  "instance_name": "538699007",
  "promised_lead_time": 0,
  "model": "openai/gpt-5-mini",
  "num_runs_llm": 1,
  "num_runs_deterministic": 1,
  "max_periods": null,
  "summary": {
    "perfect_score": 2914.0,
    "ratios": {
      "or": 0.10501029512697323,
      "llm": 0.6465339739190117,
      "llm_to_or": 0.4279341111873713,
      "or_to_llm": 0.5830473575840769,
      "perfect_score": 1.0
    },
    "warnings": null
  },
  "results": {
    "or": {
      "rewards": [
        306.0
      ],
      "mean": 306.0,
      "std": 0.0,
      "min": 306.0,
      "max": 306.0,
      "count": 1,
      "ratio_to_perfect": 0.10501029512697323
    },
    "llm": {
      "rewards": [
        1884.0
      ],
      "mean": 1884.0,
      "std": 0.0,
      "min": 1884.0,
      "max": 1884.0,
      "count": 1,
      "ratio_to_perfect": 0.6465339739190117
    },
    "llm_to_or": {
      "rewards": [
        1247.0
      ],
      "mean": 1247.0,
      "std": 0.0,
      "min": 1247.0,
      "max": 1247.0,
      "count": 1,
      "ratio_to_perfect": 0.4279341111873713
    },
    "or_to_llm": {
      "rewards": [
        1699.0
      ],
      "mean": 1699.0,
      "std": 0.0,
      "min": 1699.0,
      "max": 1699.0,
      "count": 1,
      "ratio_to_perfect": 0.5830473575840769
    },
    "perfect_score": {
      "rewards": [
        2914.0
      ],
      "mean": 2914.0,
      "std": 0.0,
      "min": 2914.0,
      "max": 2914.0,
      "count": 1,
      "ratio_to_perfect": 1.0
    }
  },
  "errors": {}
}