{
  "instance_dir": "D:\\TextArena\\examples\\benchmark\\synthetic_trajectory\\lead_time_4\\p10_autocorrelated\\v4_phi_neg_0_3\\r1_high",
  "instance_name": "r1_high",
  "promised_lead_time": 4,
  "model": "google/gemini-3-flash-preview",
  "num_runs_llm": 1,
  "num_runs_deterministic": 1,
  "max_periods": null,
  "summary": {
    "perfect_score": 96900.0,
    "ratios": {
      "or": 0.8692363261093912,
      "llm": 0.8203405572755418,
      "llm_to_or": 0.8547678018575852,
      "or_to_llm": 0.8702270381836945,
      "perfect_score": 1.0
    },
    "warnings": null
  },
  "results": {
    "or": {
      "rewards": [
        84229.0
      ],
      "mean": 84229.0,
      "std": 0.0,
      "min": 84229.0,
      "max": 84229.0,
      "count": 1,
      "ratio_to_perfect": 0.8692363261093912
    },
    "llm": {
      "rewards": [
        79491.0
      ],
      "mean": 79491.0,
      "std": 0.0,
      "min": 79491.0,
      "max": 79491.0,
      "count": 1,
      "ratio_to_perfect": 0.8203405572755418
    },
    "llm_to_or": {
      "rewards": [
        82827.0
      ],
      "mean": 82827.0,
      "std": 0.0,
      "min": 82827.0,
      "max": 82827.0,
      "count": 1,
      "ratio_to_perfect": 0.8547678018575852
    },
    "or_to_llm": {
      "rewards": [
        84325.0
      ],
      "mean": 84325.0,
      "std": 0.0,
      "min": 84325.0,
      "max": 84325.0,
      "count": 1,
      "ratio_to_perfect": 0.8702270381836945
    },
    "perfect_score": {
      "rewards": [
        96900.0
      ],
      "mean": 96900.0,
      "std": 0.0,
      "min": 96900.0,
      "max": 96900.0,
      "count": 1,
      "ratio_to_perfect": 1.0
    }
  },
  "errors": {}
}