{
  "instance_dir": "D:\\TextArena\\examples\\benchmark\\real_trajectory\\lead_time_stochastic\\688105002",
  "instance_name": "688105002",
  "promised_lead_time": 2,
  "model": "google/gemini-3-flash-preview",
  "num_runs_llm": 1,
  "num_runs_deterministic": 1,
  "max_periods": null,
  "summary": {
    "perfect_score": 70167.0,
    "ratios": {
      "or": 0.3520173300839426,
      "llm": 0.6906665526529565,
      "llm_to_or": 0.4797126854504254,
      "or_to_llm": 0.6682486068949791,
      "perfect_score": 1.0
    },
    "warnings": null
  },
  "results": {
    "or": {
      "rewards": [
        24700.0
      ],
      "mean": 24700.0,
      "std": 0.0,
      "min": 24700.0,
      "max": 24700.0,
      "count": 1,
      "ratio_to_perfect": 0.3520173300839426
    },
    "llm": {
      "rewards": [
        48462.0
      ],
      "mean": 48462.0,
      "std": 0.0,
      "min": 48462.0,
      "max": 48462.0,
      "count": 1,
      "ratio_to_perfect": 0.6906665526529565
    },
    "llm_to_or": {
      "rewards": [
        33660.0
      ],
      "mean": 33660.0,
      "std": 0.0,
      "min": 33660.0,
      "max": 33660.0,
      "count": 1,
      "ratio_to_perfect": 0.4797126854504254
    },
    "or_to_llm": {
      "rewards": [
        46889.0
      ],
      "mean": 46889.0,
      "std": 0.0,
      "min": 46889.0,
      "max": 46889.0,
      "count": 1,
      "ratio_to_perfect": 0.6682486068949791
    },
    "perfect_score": {
      "rewards": [
        70167.0
      ],
      "mean": 70167.0,
      "std": 0.0,
      "min": 70167.0,
      "max": 70167.0,
      "count": 1,
      "ratio_to_perfect": 1.0
    }
  },
  "errors": {}
}