{
  "instance_dir": "D:\\TextArena\\examples\\benchmark\\synthetic_trajectory\\lead_time_0\\p01_stationary_iid\\v3_normal_100_15\\r1_high",
  "instance_name": "r1_high",
  "promised_lead_time": 0,
  "model": "google/gemini-3-flash-preview",
  "num_runs_llm": 1,
  "num_runs_deterministic": 1,
  "max_periods": null,
  "summary": {
    "perfect_score": 94829.0,
    "ratios": {
      "or": 0.9828006200634827,
      "llm": 0.9825580782250155,
      "llm_to_or": 0.9828111653608074,
      "or_to_llm": 0.9826213500089636,
      "perfect_score": 1.0
    },
    "warnings": null
  },
  "results": {
    "or": {
      "rewards": [
        93198.0
      ],
      "mean": 93198.0,
      "std": 0.0,
      "min": 93198.0,
      "max": 93198.0,
      "count": 1,
      "ratio_to_perfect": 0.9828006200634827
    },
    "llm": {
      "rewards": [
        93175.0
      ],
      "mean": 93175.0,
      "std": 0.0,
      "min": 93175.0,
      "max": 93175.0,
      "count": 1,
      "ratio_to_perfect": 0.9825580782250155
    },
    "llm_to_or": {
      "rewards": [
        93199.0
      ],
      "mean": 93199.0,
      "std": 0.0,
      "min": 93199.0,
      "max": 93199.0,
      "count": 1,
      "ratio_to_perfect": 0.9828111653608074
    },
    "or_to_llm": {
      "rewards": [
        93181.0
      ],
      "mean": 93181.0,
      "std": 0.0,
      "min": 93181.0,
      "max": 93181.0,
      "count": 1,
      "ratio_to_perfect": 0.9826213500089636
    },
    "perfect_score": {
      "rewards": [
        94829.0
      ],
      "mean": 94829.0,
      "std": 0.0,
      "min": 94829.0,
      "max": 94829.0,
      "count": 1,
      "ratio_to_perfect": 1.0
    }
  },
  "errors": {}
}