{
  "instance_dir": "/shared/share_malatown/OR_Agent/examples/benchmark/real_trajectory/lead_time_0/554450001",
  "instance_name": "554450001",
  "promised_lead_time": 0,
  "model": "x-ai/grok-4.1-fast",
  "num_runs_llm": 1,
  "num_runs_deterministic": 1,
  "max_periods": null,
  "summary": {
    "perfect_score": 28232.0,
    "ratios": {
      "or": 0.8060002833663927,
      "llm": 0.7666123547747237,
      "llm_to_or": 0.8318220459053556,
      "or_to_llm": 0.8036270898271465,
      "perfect_score": 1.0
    },
    "warnings": null
  },
  "results": {
    "or": {
      "rewards": [
        22755.0
      ],
      "mean": 22755.0,
      "std": 0.0,
      "min": 22755.0,
      "max": 22755.0,
      "count": 1,
      "ratio_to_perfect": 0.8060002833663927
    },
    "llm": {
      "rewards": [
        21643.0
      ],
      "mean": 21643.0,
      "std": 0.0,
      "min": 21643.0,
      "max": 21643.0,
      "count": 1,
      "ratio_to_perfect": 0.7666123547747237
    },
    "llm_to_or": {
      "rewards": [
        23484.0
      ],
      "mean": 23484.0,
      "std": 0.0,
      "min": 23484.0,
      "max": 23484.0,
      "count": 1,
      "ratio_to_perfect": 0.8318220459053556
    },
    "or_to_llm": {
      "rewards": [
        22688.0
      ],
      "mean": 22688.0,
      "std": 0.0,
      "min": 22688.0,
      "max": 22688.0,
      "count": 1,
      "ratio_to_perfect": 0.8036270898271465
    },
    "perfect_score": {
      "rewards": [
        28232.0
      ],
      "mean": 28232.0,
      "std": 0.0,
      "min": 28232.0,
      "max": 28232.0,
      "count": 1,
      "ratio_to_perfect": 1.0
    }
  },
  "errors": {}
}