{
  "instance_dir": "/shared/share_malatown/OR_Agent/examples/benchmark/synthetic_trajectory/lead_time_4/p08_multi_changepoint/v4_mild_fluctuations/r1_high",
  "instance_name": "r1_high",
  "promised_lead_time": 4,
  "model": "x-ai/grok-4.1-fast",
  "num_runs_llm": 1,
  "num_runs_deterministic": 1,
  "max_periods": null,
  "summary": {
    "perfect_score": 93841.0,
    "ratios": {
      "or": 0.8390362421542823,
      "llm": 0.8169243720761714,
      "llm_to_or": 0.8512164192623694,
      "or_to_llm": 0.8266642512334694,
      "perfect_score": 1.0
    },
    "warnings": null
  },
  "results": {
    "or": {
      "rewards": [
        78736.0
      ],
      "mean": 78736.0,
      "std": 0.0,
      "min": 78736.0,
      "max": 78736.0,
      "count": 1,
      "ratio_to_perfect": 0.8390362421542823
    },
    "llm": {
      "rewards": [
        76661.0
      ],
      "mean": 76661.0,
      "std": 0.0,
      "min": 76661.0,
      "max": 76661.0,
      "count": 1,
      "ratio_to_perfect": 0.8169243720761714
    },
    "llm_to_or": {
      "rewards": [
        79879.0
      ],
      "mean": 79879.0,
      "std": 0.0,
      "min": 79879.0,
      "max": 79879.0,
      "count": 1,
      "ratio_to_perfect": 0.8512164192623694
    },
    "or_to_llm": {
      "rewards": [
        77575.0
      ],
      "mean": 77575.0,
      "std": 0.0,
      "min": 77575.0,
      "max": 77575.0,
      "count": 1,
      "ratio_to_perfect": 0.8266642512334694
    },
    "perfect_score": {
      "rewards": [
        93841.0
      ],
      "mean": 93841.0,
      "std": 0.0,
      "min": 93841.0,
      "max": 93841.0,
      "count": 1,
      "ratio_to_perfect": 1.0
    }
  },
  "errors": {}
}