{
  "instance_dir": "/shared/share_malatown/OR-Agent-GPT5mini-benchmark/examples/benchmark/real_trajectory/lead_time_4/507909003",
  "instance_name": "507909003",
  "promised_lead_time": 4,
  "model": "openai/gpt-5-mini",
  "num_runs_llm": 1,
  "num_runs_deterministic": 1,
  "max_periods": null,
  "summary": {
    "perfect_score": 15348.0,
    "ratios": {
      "or": 0.4627313004951785,
      "llm": 0.36656241855616367,
      "llm_to_or": 0.4394709408391973,
      "or_to_llm": 0.3535965598123534,
      "perfect_score": 1.0
    },
    "warnings": null
  },
  "results": {
    "or": {
      "rewards": [
        7102.0
      ],
      "mean": 7102.0,
      "std": 0.0,
      "min": 7102.0,
      "max": 7102.0,
      "count": 1,
      "ratio_to_perfect": 0.4627313004951785
    },
    "llm": {
      "rewards": [
        5626.0
      ],
      "mean": 5626.0,
      "std": 0.0,
      "min": 5626.0,
      "max": 5626.0,
      "count": 1,
      "ratio_to_perfect": 0.36656241855616367
    },
    "llm_to_or": {
      "rewards": [
        6745.0
      ],
      "mean": 6745.0,
      "std": 0.0,
      "min": 6745.0,
      "max": 6745.0,
      "count": 1,
      "ratio_to_perfect": 0.4394709408391973
    },
    "or_to_llm": {
      "rewards": [
        5427.0
      ],
      "mean": 5427.0,
      "std": 0.0,
      "min": 5427.0,
      "max": 5427.0,
      "count": 1,
      "ratio_to_perfect": 0.3535965598123534
    },
    "perfect_score": {
      "rewards": [
        15348.0
      ],
      "mean": 15348.0,
      "std": 0.0,
      "min": 15348.0,
      "max": 15348.0,
      "count": 1,
      "ratio_to_perfect": 1.0
    }
  },
  "errors": {}
}