{
  "instance_dir": "D:\\TextArena\\examples\\benchmark\\real_trajectory\\lead_time_stochastic\\728162001",
  "instance_name": "728162001",
  "promised_lead_time": 2,
  "model": "google/gemini-3-flash-preview",
  "num_runs_llm": 1,
  "num_runs_deterministic": 1,
  "max_periods": null,
  "summary": {
    "perfect_score": 5417.0,
    "ratios": {
      "or": 0.22780136606978033,
      "llm": -0.2366623592394314,
      "llm_to_or": 0.03175189219124977,
      "or_to_llm": -0.12940742108177958,
      "perfect_score": 1.0
    },
    "warnings": null
  },
  "results": {
    "or": {
      "rewards": [
        1234.0
      ],
      "mean": 1234.0,
      "std": 0.0,
      "min": 1234.0,
      "max": 1234.0,
      "count": 1,
      "ratio_to_perfect": 0.22780136606978033
    },
    "llm": {
      "rewards": [
        -1282.0
      ],
      "mean": -1282.0,
      "std": 0.0,
      "min": -1282.0,
      "max": -1282.0,
      "count": 1,
      "ratio_to_perfect": -0.2366623592394314
    },
    "llm_to_or": {
      "rewards": [
        172.0
      ],
      "mean": 172.0,
      "std": 0.0,
      "min": 172.0,
      "max": 172.0,
      "count": 1,
      "ratio_to_perfect": 0.03175189219124977
    },
    "or_to_llm": {
      "rewards": [
        -701.0
      ],
      "mean": -701.0,
      "std": 0.0,
      "min": -701.0,
      "max": -701.0,
      "count": 1,
      "ratio_to_perfect": -0.12940742108177958
    },
    "perfect_score": {
      "rewards": [
        5417.0
      ],
      "mean": 5417.0,
      "std": 0.0,
      "min": 5417.0,
      "max": 5417.0,
      "count": 1,
      "ratio_to_perfect": 1.0
    }
  },
  "errors": {}
}