{
  "instance_dir": "/shared/share_malatown/OR-Agent-GPT5mini-benchmark/examples/benchmark/real_trajectory/lead_time_4/706016015",
  "instance_name": "706016015",
  "promised_lead_time": 4,
  "model": "openai/gpt-5-mini",
  "num_runs_llm": 1,
  "num_runs_deterministic": 1,
  "max_periods": null,
  "summary": {
    "perfect_score": 159068.0,
    "ratios": {
      "or": 0.6140015590816507,
      "llm": 0.6229914250509216,
      "llm_to_or": 0.5643372645660976,
      "or_to_llm": 0.5348404455955943,
      "perfect_score": 1.0
    },
    "warnings": null
  },
  "results": {
    "or": {
      "rewards": [
        97668.0
      ],
      "mean": 97668.0,
      "std": 0.0,
      "min": 97668.0,
      "max": 97668.0,
      "count": 1,
      "ratio_to_perfect": 0.6140015590816507
    },
    "llm": {
      "rewards": [
        99098.0
      ],
      "mean": 99098.0,
      "std": 0.0,
      "min": 99098.0,
      "max": 99098.0,
      "count": 1,
      "ratio_to_perfect": 0.6229914250509216
    },
    "llm_to_or": {
      "rewards": [
        89768.0
      ],
      "mean": 89768.0,
      "std": 0.0,
      "min": 89768.0,
      "max": 89768.0,
      "count": 1,
      "ratio_to_perfect": 0.5643372645660976
    },
    "or_to_llm": {
      "rewards": [
        85076.0
      ],
      "mean": 85076.0,
      "std": 0.0,
      "min": 85076.0,
      "max": 85076.0,
      "count": 1,
      "ratio_to_perfect": 0.5348404455955943
    },
    "perfect_score": {
      "rewards": [
        159068.0
      ],
      "mean": 159068.0,
      "std": 0.0,
      "min": 159068.0,
      "max": 159068.0,
      "count": 1,
      "ratio_to_perfect": 1.0
    }
  },
  "errors": {}
}