{
  "instance_dir": "D:\\TextArena\\examples\\benchmark\\real_trajectory\\lead_time_4\\179123001",
  "instance_name": "179123001",
  "promised_lead_time": 4,
  "model": "google/gemini-3-flash-preview",
  "num_runs_llm": 1,
  "num_runs_deterministic": 1,
  "max_periods": null,
  "summary": {
    "perfect_score": 82251.0,
    "ratios": {
      "or": 0.7299485720538352,
      "llm": 0.6387885861570072,
      "llm_to_or": 0.6855965277017909,
      "or_to_llm": 0.6963805911174332,
      "perfect_score": 1.0
    },
    "warnings": null
  },
  "results": {
    "or": {
      "rewards": [
        60039.0
      ],
      "mean": 60039.0,
      "std": 0.0,
      "min": 60039.0,
      "max": 60039.0,
      "count": 1,
      "ratio_to_perfect": 0.7299485720538352
    },
    "llm": {
      "rewards": [
        52541.0
      ],
      "mean": 52541.0,
      "std": 0.0,
      "min": 52541.0,
      "max": 52541.0,
      "count": 1,
      "ratio_to_perfect": 0.6387885861570072
    },
    "llm_to_or": {
      "rewards": [
        56391.0
      ],
      "mean": 56391.0,
      "std": 0.0,
      "min": 56391.0,
      "max": 56391.0,
      "count": 1,
      "ratio_to_perfect": 0.6855965277017909
    },
    "or_to_llm": {
      "rewards": [
        57278.0
      ],
      "mean": 57278.0,
      "std": 0.0,
      "min": 57278.0,
      "max": 57278.0,
      "count": 1,
      "ratio_to_perfect": 0.6963805911174332
    },
    "perfect_score": {
      "rewards": [
        82251.0
      ],
      "mean": 82251.0,
      "std": 0.0,
      "min": 82251.0,
      "max": 82251.0,
      "count": 1,
      "ratio_to_perfect": 1.0
    }
  },
  "errors": {}
}