{
  "instance_dir": "/shared/share_malatown/OR-Agent-GPT5mini-benchmark/examples/benchmark/real_trajectory/lead_time_0/624486001",
  "instance_name": "624486001",
  "promised_lead_time": 0,
  "model": "openai/gpt-5-mini",
  "num_runs_llm": 1,
  "num_runs_deterministic": 1,
  "max_periods": null,
  "summary": {
    "perfect_score": 19908.0,
    "ratios": {
      "or": 0.7109704641350211,
      "llm": 0.8837653204741812,
      "llm_to_or": 0.8537773759292747,
      "or_to_llm": 0.8648282097649186,
      "perfect_score": 1.0
    },
    "warnings": null
  },
  "results": {
    "or": {
      "rewards": [
        14154.0
      ],
      "mean": 14154.0,
      "std": 0.0,
      "min": 14154.0,
      "max": 14154.0,
      "count": 1,
      "ratio_to_perfect": 0.7109704641350211
    },
    "llm": {
      "rewards": [
        17594.0
      ],
      "mean": 17594.0,
      "std": 0.0,
      "min": 17594.0,
      "max": 17594.0,
      "count": 1,
      "ratio_to_perfect": 0.8837653204741812
    },
    "llm_to_or": {
      "rewards": [
        16997.0
      ],
      "mean": 16997.0,
      "std": 0.0,
      "min": 16997.0,
      "max": 16997.0,
      "count": 1,
      "ratio_to_perfect": 0.8537773759292747
    },
    "or_to_llm": {
      "rewards": [
        17217.0
      ],
      "mean": 17217.0,
      "std": 0.0,
      "min": 17217.0,
      "max": 17217.0,
      "count": 1,
      "ratio_to_perfect": 0.8648282097649186
    },
    "perfect_score": {
      "rewards": [
        19908.0
      ],
      "mean": 19908.0,
      "std": 0.0,
      "min": 19908.0,
      "max": 19908.0,
      "count": 1,
      "ratio_to_perfect": 1.0
    }
  },
  "errors": {}
}