{
  "instance_dir": "D:\\TextArena\\examples\\benchmark\\real_trajectory\\lead_time_4\\574109012",
  "instance_name": "574109012",
  "promised_lead_time": 4,
  "model": "google/gemini-3-flash-preview",
  "num_runs_llm": 1,
  "num_runs_deterministic": 1,
  "max_periods": null,
  "summary": {
    "perfect_score": 2503.0,
    "ratios": {
      "or": -1.7023571713943269,
      "llm": -3.8845385537355175,
      "llm_to_or": -2.001997602876548,
      "or_to_llm": -2.1725928885337593,
      "perfect_score": 1.0
    },
    "warnings": null
  },
  "results": {
    "or": {
      "rewards": [
        -4261.0
      ],
      "mean": -4261.0,
      "std": 0.0,
      "min": -4261.0,
      "max": -4261.0,
      "count": 1,
      "ratio_to_perfect": -1.7023571713943269
    },
    "llm": {
      "rewards": [
        -9723.0
      ],
      "mean": -9723.0,
      "std": 0.0,
      "min": -9723.0,
      "max": -9723.0,
      "count": 1,
      "ratio_to_perfect": -3.8845385537355175
    },
    "llm_to_or": {
      "rewards": [
        -5011.0
      ],
      "mean": -5011.0,
      "std": 0.0,
      "min": -5011.0,
      "max": -5011.0,
      "count": 1,
      "ratio_to_perfect": -2.001997602876548
    },
    "or_to_llm": {
      "rewards": [
        -5438.0
      ],
      "mean": -5438.0,
      "std": 0.0,
      "min": -5438.0,
      "max": -5438.0,
      "count": 1,
      "ratio_to_perfect": -2.1725928885337593
    },
    "perfect_score": {
      "rewards": [
        2503.0
      ],
      "mean": 2503.0,
      "std": 0.0,
      "min": 2503.0,
      "max": 2503.0,
      "count": 1,
      "ratio_to_perfect": 1.0
    }
  },
  "errors": {}
}