{
  "instance_dir": "/shared/share_malatown/OR-Agent-GPT5mini-benchmark/examples/benchmark/real_trajectory/lead_time_stochastic/664319001",
  "instance_name": "664319001",
  "promised_lead_time": 2,
  "model": "openai/gpt-5-mini",
  "num_runs_llm": 1,
  "num_runs_deterministic": 1,
  "max_periods": null,
  "summary": {
    "perfect_score": 13244.0,
    "ratios": {
      "or": 0.2329356689821806,
      "llm": 0.15244639081848385,
      "llm_to_or": 0.07996073693748112,
      "or_to_llm": 0.23520084566596194,
      "perfect_score": 1.0
    },
    "warnings": null
  },
  "results": {
    "or": {
      "rewards": [
        3085.0
      ],
      "mean": 3085.0,
      "std": 0.0,
      "min": 3085.0,
      "max": 3085.0,
      "count": 1,
      "ratio_to_perfect": 0.2329356689821806
    },
    "llm": {
      "rewards": [
        2019.0
      ],
      "mean": 2019.0,
      "std": 0.0,
      "min": 2019.0,
      "max": 2019.0,
      "count": 1,
      "ratio_to_perfect": 0.15244639081848385
    },
    "llm_to_or": {
      "rewards": [
        1059.0
      ],
      "mean": 1059.0,
      "std": 0.0,
      "min": 1059.0,
      "max": 1059.0,
      "count": 1,
      "ratio_to_perfect": 0.07996073693748112
    },
    "or_to_llm": {
      "rewards": [
        3115.0
      ],
      "mean": 3115.0,
      "std": 0.0,
      "min": 3115.0,
      "max": 3115.0,
      "count": 1,
      "ratio_to_perfect": 0.23520084566596194
    },
    "perfect_score": {
      "rewards": [
        13244.0
      ],
      "mean": 13244.0,
      "std": 0.0,
      "min": 13244.0,
      "max": 13244.0,
      "count": 1,
      "ratio_to_perfect": 1.0
    }
  },
  "errors": {}
}