{
  "instance_dir": "D:\\TextArena\\examples\\benchmark\\real_trajectory\\lead_time_0\\179123001",
  "instance_name": "179123001",
  "promised_lead_time": 0,
  "model": "google/gemini-3-flash-preview",
  "num_runs_llm": 1,
  "num_runs_deterministic": 1,
  "max_periods": null,
  "summary": {
    "perfect_score": 82251.0,
    "ratios": {
      "or": 0.9047427994796415,
      "llm": 0.9280495069968754,
      "llm_to_or": 0.9047063257589574,
      "or_to_llm": 0.8995635311424786,
      "perfect_score": 1.0
    },
    "warnings": null
  },
  "results": {
    "or": {
      "rewards": [
        74416.0
      ],
      "mean": 74416.0,
      "std": 0.0,
      "min": 74416.0,
      "max": 74416.0,
      "count": 1,
      "ratio_to_perfect": 0.9047427994796415
    },
    "llm": {
      "rewards": [
        76333.0
      ],
      "mean": 76333.0,
      "std": 0.0,
      "min": 76333.0,
      "max": 76333.0,
      "count": 1,
      "ratio_to_perfect": 0.9280495069968754
    },
    "llm_to_or": {
      "rewards": [
        74413.0
      ],
      "mean": 74413.0,
      "std": 0.0,
      "min": 74413.0,
      "max": 74413.0,
      "count": 1,
      "ratio_to_perfect": 0.9047063257589574
    },
    "or_to_llm": {
      "rewards": [
        73990.0
      ],
      "mean": 73990.0,
      "std": 0.0,
      "min": 73990.0,
      "max": 73990.0,
      "count": 1,
      "ratio_to_perfect": 0.8995635311424786
    },
    "perfect_score": {
      "rewards": [
        82251.0
      ],
      "mean": 82251.0,
      "std": 0.0,
      "min": 82251.0,
      "max": 82251.0,
      "count": 1,
      "ratio_to_perfect": 1.0
    }
  },
  "errors": {}
}