{
  "instance_dir": "D:\\TextArena\\examples\\benchmark\\real_trajectory\\lead_time_0\\720504001",
  "instance_name": "720504001",
  "promised_lead_time": 0,
  "model": "google/gemini-3-flash-preview",
  "num_runs_llm": 1,
  "num_runs_deterministic": 1,
  "max_periods": null,
  "summary": {
    "perfect_score": 50711.0,
    "ratios": {
      "or": 0.8908718029618821,
      "llm": 0.9116562481512887,
      "llm_to_or": 0.9181834316026108,
      "or_to_llm": 0.9279446273983948,
      "perfect_score": 1.0
    },
    "warnings": null
  },
  "results": {
    "or": {
      "rewards": [
        45177.0
      ],
      "mean": 45177.0,
      "std": 0.0,
      "min": 45177.0,
      "max": 45177.0,
      "count": 1,
      "ratio_to_perfect": 0.8908718029618821
    },
    "llm": {
      "rewards": [
        46231.0
      ],
      "mean": 46231.0,
      "std": 0.0,
      "min": 46231.0,
      "max": 46231.0,
      "count": 1,
      "ratio_to_perfect": 0.9116562481512887
    },
    "llm_to_or": {
      "rewards": [
        46562.0
      ],
      "mean": 46562.0,
      "std": 0.0,
      "min": 46562.0,
      "max": 46562.0,
      "count": 1,
      "ratio_to_perfect": 0.9181834316026108
    },
    "or_to_llm": {
      "rewards": [
        47057.0
      ],
      "mean": 47057.0,
      "std": 0.0,
      "min": 47057.0,
      "max": 47057.0,
      "count": 1,
      "ratio_to_perfect": 0.9279446273983948
    },
    "perfect_score": {
      "rewards": [
        50711.0
      ],
      "mean": 50711.0,
      "std": 0.0,
      "min": 50711.0,
      "max": 50711.0,
      "count": 1,
      "ratio_to_perfect": 1.0
    }
  },
  "errors": {}
}