{
  "instance_dir": "D:\\TextArena\\examples\\benchmark\\synthetic_trajectory\\lead_time_stochastic\\p02_mean_increase\\v3_100to300\\r2_med",
  "instance_name": "r2_med",
  "promised_lead_time": 2,
  "model": "google/gemini-3-flash-preview",
  "num_runs_llm": 1,
  "num_runs_deterministic": 1,
  "max_periods": null,
  "summary": {
    "perfect_score": 45768.0,
    "ratios": {
      "or": 0.0728456563537843,
      "llm": 0.4880047194546408,
      "llm_to_or": -0.10179601468274777,
      "or_to_llm": 0.4698260793567558,
      "perfect_score": 1.0
    },
    "warnings": null
  },
  "results": {
    "or": {
      "rewards": [
        3334.0
      ],
      "mean": 3334.0,
      "std": 0.0,
      "min": 3334.0,
      "max": 3334.0,
      "count": 1,
      "ratio_to_perfect": 0.0728456563537843
    },
    "llm": {
      "rewards": [
        22335.0
      ],
      "mean": 22335.0,
      "std": 0.0,
      "min": 22335.0,
      "max": 22335.0,
      "count": 1,
      "ratio_to_perfect": 0.4880047194546408
    },
    "llm_to_or": {
      "rewards": [
        -4659.0
      ],
      "mean": -4659.0,
      "std": 0.0,
      "min": -4659.0,
      "max": -4659.0,
      "count": 1,
      "ratio_to_perfect": -0.10179601468274777
    },
    "or_to_llm": {
      "rewards": [
        21503.0
      ],
      "mean": 21503.0,
      "std": 0.0,
      "min": 21503.0,
      "max": 21503.0,
      "count": 1,
      "ratio_to_perfect": 0.4698260793567558
    },
    "perfect_score": {
      "rewards": [
        45768.0
      ],
      "mean": 45768.0,
      "std": 0.0,
      "min": 45768.0,
      "max": 45768.0,
      "count": 1,
      "ratio_to_perfect": 1.0
    }
  },
  "errors": {}
}