{
  "instance_dir": "D:\\TextArena\\examples\\benchmark\\synthetic_trajectory\\lead_time_0\\p09_temp_spike_dip\\v3_surge_new_normal\\r1_med",
  "instance_name": "r1_med",
  "promised_lead_time": 0,
  "model": "google/gemini-3-flash-preview",
  "num_runs_llm": 1,
  "num_runs_deterministic": 1,
  "max_periods": null,
  "summary": {
    "perfect_score": 28716.0,
    "ratios": {
      "or": 0.8127176486975902,
      "llm": 0.8869271486279426,
      "llm_to_or": 0.9045828109764591,
      "or_to_llm": 0.868296420114222,
      "perfect_score": 1.0
    },
    "warnings": null
  },
  "results": {
    "or": {
      "rewards": [
        23338.0
      ],
      "mean": 23338.0,
      "std": 0.0,
      "min": 23338.0,
      "max": 23338.0,
      "count": 1,
      "ratio_to_perfect": 0.8127176486975902
    },
    "llm": {
      "rewards": [
        25469.0
      ],
      "mean": 25469.0,
      "std": 0.0,
      "min": 25469.0,
      "max": 25469.0,
      "count": 1,
      "ratio_to_perfect": 0.8869271486279426
    },
    "llm_to_or": {
      "rewards": [
        25976.0
      ],
      "mean": 25976.0,
      "std": 0.0,
      "min": 25976.0,
      "max": 25976.0,
      "count": 1,
      "ratio_to_perfect": 0.9045828109764591
    },
    "or_to_llm": {
      "rewards": [
        24934.0
      ],
      "mean": 24934.0,
      "std": 0.0,
      "min": 24934.0,
      "max": 24934.0,
      "count": 1,
      "ratio_to_perfect": 0.868296420114222
    },
    "perfect_score": {
      "rewards": [
        28716.0
      ],
      "mean": 28716.0,
      "std": 0.0,
      "min": 28716.0,
      "max": 28716.0,
      "count": 1,
      "ratio_to_perfect": 1.0
    }
  },
  "errors": {}
}