{
  "instance_dir": "D:\\TextArena\\examples\\benchmark\\real_trajectory\\lead_time_0\\554772002",
  "instance_name": "554772002",
  "promised_lead_time": 0,
  "model": "google/gemini-3-flash-preview",
  "num_runs_llm": 1,
  "num_runs_deterministic": 1,
  "max_periods": null,
  "summary": {
    "perfect_score": 12920.0,
    "ratios": {
      "or": 0.7804179566563467,
      "llm": 0.7724458204334366,
      "llm_to_or": 0.8088235294117647,
      "or_to_llm": 0.8041795665634675,
      "perfect_score": 1.0
    },
    "warnings": null
  },
  "results": {
    "or": {
      "rewards": [
        10083.0
      ],
      "mean": 10083.0,
      "std": 0.0,
      "min": 10083.0,
      "max": 10083.0,
      "count": 1,
      "ratio_to_perfect": 0.7804179566563467
    },
    "llm": {
      "rewards": [
        9980.0
      ],
      "mean": 9980.0,
      "std": 0.0,
      "min": 9980.0,
      "max": 9980.0,
      "count": 1,
      "ratio_to_perfect": 0.7724458204334366
    },
    "llm_to_or": {
      "rewards": [
        10450.0
      ],
      "mean": 10450.0,
      "std": 0.0,
      "min": 10450.0,
      "max": 10450.0,
      "count": 1,
      "ratio_to_perfect": 0.8088235294117647
    },
    "or_to_llm": {
      "rewards": [
        10390.0
      ],
      "mean": 10390.0,
      "std": 0.0,
      "min": 10390.0,
      "max": 10390.0,
      "count": 1,
      "ratio_to_perfect": 0.8041795665634675
    },
    "perfect_score": {
      "rewards": [
        12920.0
      ],
      "mean": 12920.0,
      "std": 0.0,
      "min": 12920.0,
      "max": 12920.0,
      "count": 1,
      "ratio_to_perfect": 1.0
    }
  },
  "errors": {}
}