{
  "instance_dir": "/shared/share_malatown/OR_Agent/examples/benchmark/synthetic_trajectory/lead_time_stochastic/p07_seasonal/v4_multiplicative/r1_high",
  "instance_name": "r1_high",
  "promised_lead_time": 2,
  "model": "x-ai/grok-4.1-fast",
  "num_runs_llm": 1,
  "num_runs_deterministic": 1,
  "max_periods": null,
  "summary": {
    "perfect_score": 89851.0,
    "ratios": {
      "or": 0.14077750943228234,
      "llm": 0.7324459382755896,
      "llm_to_or": 0.6129926211171829,
      "or_to_llm": 0.5195935493205418,
      "perfect_score": 1.0
    },
    "warnings": null
  },
  "results": {
    "or": {
      "rewards": [
        12649.0
      ],
      "mean": 12649.0,
      "std": 0.0,
      "min": 12649.0,
      "max": 12649.0,
      "count": 1,
      "ratio_to_perfect": 0.14077750943228234
    },
    "llm": {
      "rewards": [
        65811.0
      ],
      "mean": 65811.0,
      "std": 0.0,
      "min": 65811.0,
      "max": 65811.0,
      "count": 1,
      "ratio_to_perfect": 0.7324459382755896
    },
    "llm_to_or": {
      "rewards": [
        55078.0
      ],
      "mean": 55078.0,
      "std": 0.0,
      "min": 55078.0,
      "max": 55078.0,
      "count": 1,
      "ratio_to_perfect": 0.6129926211171829
    },
    "or_to_llm": {
      "rewards": [
        46686.0
      ],
      "mean": 46686.0,
      "std": 0.0,
      "min": 46686.0,
      "max": 46686.0,
      "count": 1,
      "ratio_to_perfect": 0.5195935493205418
    },
    "perfect_score": {
      "rewards": [
        89851.0
      ],
      "mean": 89851.0,
      "std": 0.0,
      "min": 89851.0,
      "max": 89851.0,
      "count": 1,
      "ratio_to_perfect": 1.0
    }
  },
  "errors": {}
}