{
  "instance_dir": "/shared/share_malatown/OR-Agent-GPT5mini-benchmark/examples/benchmark/real_trajectory/lead_time_4/706016004",
  "instance_name": "706016004",
  "promised_lead_time": 4,
  "model": "openai/gpt-5-mini",
  "num_runs_llm": 1,
  "num_runs_deterministic": 1,
  "max_periods": null,
  "summary": {
    "perfect_score": 16184.0,
    "ratios": {
      "or": 0.3553509639149778,
      "llm": 0.37660652496292635,
      "llm_to_or": 0.3282254078101829,
      "or_to_llm": 0.35121107266435986,
      "perfect_score": 1.0
    },
    "warnings": null
  },
  "results": {
    "or": {
      "rewards": [
        5751.0
      ],
      "mean": 5751.0,
      "std": 0.0,
      "min": 5751.0,
      "max": 5751.0,
      "count": 1,
      "ratio_to_perfect": 0.3553509639149778
    },
    "llm": {
      "rewards": [
        6095.0
      ],
      "mean": 6095.0,
      "std": 0.0,
      "min": 6095.0,
      "max": 6095.0,
      "count": 1,
      "ratio_to_perfect": 0.37660652496292635
    },
    "llm_to_or": {
      "rewards": [
        5312.0
      ],
      "mean": 5312.0,
      "std": 0.0,
      "min": 5312.0,
      "max": 5312.0,
      "count": 1,
      "ratio_to_perfect": 0.3282254078101829
    },
    "or_to_llm": {
      "rewards": [
        5684.0
      ],
      "mean": 5684.0,
      "std": 0.0,
      "min": 5684.0,
      "max": 5684.0,
      "count": 1,
      "ratio_to_perfect": 0.35121107266435986
    },
    "perfect_score": {
      "rewards": [
        16184.0
      ],
      "mean": 16184.0,
      "std": 0.0,
      "min": 16184.0,
      "max": 16184.0,
      "count": 1,
      "ratio_to_perfect": 1.0
    }
  },
  "errors": {}
}