{
  "instance_dir": "/shared/share_malatown/OR-Agent-GPT5mini-benchmark/examples/benchmark/synthetic_trajectory/lead_time_stochastic/p04_increasing_trend/v3_exp_1_05/r1_med",
  "instance_name": "r1_med",
  "promised_lead_time": 2,
  "model": "openai/gpt-5-mini",
  "num_runs_llm": 1,
  "num_runs_deterministic": 1,
  "max_periods": null,
  "summary": {
    "perfect_score": 87272.0,
    "ratios": {
      "or": 0.07052662938857823,
      "llm": 0.15151480429003575,
      "llm_to_or": 0.1503002108350903,
      "or_to_llm": 0.20094646622055184,
      "perfect_score": 1.0
    },
    "warnings": null
  },
  "results": {
    "or": {
      "rewards": [
        6155.0
      ],
      "mean": 6155.0,
      "std": 0.0,
      "min": 6155.0,
      "max": 6155.0,
      "count": 1,
      "ratio_to_perfect": 0.07052662938857823
    },
    "llm": {
      "rewards": [
        13223.0
      ],
      "mean": 13223.0,
      "std": 0.0,
      "min": 13223.0,
      "max": 13223.0,
      "count": 1,
      "ratio_to_perfect": 0.15151480429003575
    },
    "llm_to_or": {
      "rewards": [
        13117.0
      ],
      "mean": 13117.0,
      "std": 0.0,
      "min": 13117.0,
      "max": 13117.0,
      "count": 1,
      "ratio_to_perfect": 0.1503002108350903
    },
    "or_to_llm": {
      "rewards": [
        17537.0
      ],
      "mean": 17537.0,
      "std": 0.0,
      "min": 17537.0,
      "max": 17537.0,
      "count": 1,
      "ratio_to_perfect": 0.20094646622055184
    },
    "perfect_score": {
      "rewards": [
        87272.0
      ],
      "mean": 87272.0,
      "std": 0.0,
      "min": 87272.0,
      "max": 87272.0,
      "count": 1,
      "ratio_to_perfect": 1.0
    }
  },
  "errors": {}
}