{
  "instance_dir": "D:\\TextArena\\examples\\benchmark\\synthetic_trajectory\\lead_time_4\\p10_autocorrelated\\v2_phi_0_5\\r1_med",
  "instance_name": "r1_med",
  "promised_lead_time": 4,
  "model": "openai/gpt-5-mini",
  "num_runs_llm": 1,
  "num_runs_deterministic": 1,
  "max_periods": null,
  "summary": {
    "perfect_score": 23104.0,
    "ratios": {
      "or": 0.7319078947368421,
      "llm": 0.5641880193905817,
      "llm_to_or": 0.7223857340720221,
      "or_to_llm": 0.6638677285318559,
      "perfect_score": 1.0
    },
    "warnings": null
  },
  "results": {
    "or": {
      "rewards": [
        16910.0
      ],
      "mean": 16910.0,
      "std": 0.0,
      "min": 16910.0,
      "max": 16910.0,
      "count": 1,
      "ratio_to_perfect": 0.7319078947368421
    },
    "llm": {
      "rewards": [
        13035.0
      ],
      "mean": 13035.0,
      "std": 0.0,
      "min": 13035.0,
      "max": 13035.0,
      "count": 1,
      "ratio_to_perfect": 0.5641880193905817
    },
    "llm_to_or": {
      "rewards": [
        16690.0
      ],
      "mean": 16690.0,
      "std": 0.0,
      "min": 16690.0,
      "max": 16690.0,
      "count": 1,
      "ratio_to_perfect": 0.7223857340720221
    },
    "or_to_llm": {
      "rewards": [
        15338.0
      ],
      "mean": 15338.0,
      "std": 0.0,
      "min": 15338.0,
      "max": 15338.0,
      "count": 1,
      "ratio_to_perfect": 0.6638677285318559
    },
    "perfect_score": {
      "rewards": [
        23104.0
      ],
      "mean": 23104.0,
      "std": 0.0,
      "min": 23104.0,
      "max": 23104.0,
      "count": 1,
      "ratio_to_perfect": 1.0
    }
  },
  "errors": {}
}