{
  "instance_dir": "D:\\TextArena\\examples\\benchmark\\synthetic_trajectory\\lead_time_0\\p02_mean_increase\\v3_100to300\\r2_low",
  "instance_name": "r2_low",
  "promised_lead_time": 0,
  "model": "openai/gpt-5-mini",
  "num_runs_llm": 1,
  "num_runs_deterministic": 1,
  "max_periods": null,
  "summary": {
    "perfect_score": 11442.0,
    "ratios": {
      "or": 0.6276000699178466,
      "llm": 0.7538891802132495,
      "llm_to_or": 0.7564237021499738,
      "or_to_llm": 0.7770494668764202,
      "perfect_score": 1.0
    },
    "warnings": null
  },
  "results": {
    "or": {
      "rewards": [
        7181.0
      ],
      "mean": 7181.0,
      "std": 0.0,
      "min": 7181.0,
      "max": 7181.0,
      "count": 1,
      "ratio_to_perfect": 0.6276000699178466
    },
    "llm": {
      "rewards": [
        8626.0
      ],
      "mean": 8626.0,
      "std": 0.0,
      "min": 8626.0,
      "max": 8626.0,
      "count": 1,
      "ratio_to_perfect": 0.7538891802132495
    },
    "llm_to_or": {
      "rewards": [
        8655.0
      ],
      "mean": 8655.0,
      "std": 0.0,
      "min": 8655.0,
      "max": 8655.0,
      "count": 1,
      "ratio_to_perfect": 0.7564237021499738
    },
    "or_to_llm": {
      "rewards": [
        8891.0
      ],
      "mean": 8891.0,
      "std": 0.0,
      "min": 8891.0,
      "max": 8891.0,
      "count": 1,
      "ratio_to_perfect": 0.7770494668764202
    },
    "perfect_score": {
      "rewards": [
        11442.0
      ],
      "mean": 11442.0,
      "std": 0.0,
      "min": 11442.0,
      "max": 11442.0,
      "count": 1,
      "ratio_to_perfect": 1.0
    }
  },
  "errors": {}
}