{
  "instance_dir": "/shared/share_malatown/OR_Agent/examples/benchmark/synthetic_trajectory/lead_time_0/p07_seasonal/v1_period10_amp30/r1_med",
  "instance_name": "r1_med",
  "promised_lead_time": 0,
  "model": "x-ai/grok-4.1-fast",
  "num_runs_llm": 1,
  "num_runs_deterministic": 1,
  "max_periods": null,
  "summary": {
    "perfect_score": 19540.0,
    "ratios": {
      "or": 0.8941658137154554,
      "llm": 0.8684237461617196,
      "llm_to_or": 0.8856192425793245,
      "or_to_llm": 0.8831115660184238,
      "perfect_score": 1.0
    },
    "warnings": null
  },
  "results": {
    "or": {
      "rewards": [
        17472.0
      ],
      "mean": 17472.0,
      "std": 0.0,
      "min": 17472.0,
      "max": 17472.0,
      "count": 1,
      "ratio_to_perfect": 0.8941658137154554
    },
    "llm": {
      "rewards": [
        16969.0
      ],
      "mean": 16969.0,
      "std": 0.0,
      "min": 16969.0,
      "max": 16969.0,
      "count": 1,
      "ratio_to_perfect": 0.8684237461617196
    },
    "llm_to_or": {
      "rewards": [
        17305.0
      ],
      "mean": 17305.0,
      "std": 0.0,
      "min": 17305.0,
      "max": 17305.0,
      "count": 1,
      "ratio_to_perfect": 0.8856192425793245
    },
    "or_to_llm": {
      "rewards": [
        17256.0
      ],
      "mean": 17256.0,
      "std": 0.0,
      "min": 17256.0,
      "max": 17256.0,
      "count": 1,
      "ratio_to_perfect": 0.8831115660184238
    },
    "perfect_score": {
      "rewards": [
        19540.0
      ],
      "mean": 19540.0,
      "std": 0.0,
      "min": 19540.0,
      "max": 19540.0,
      "count": 1,
      "ratio_to_perfect": 1.0
    }
  },
  "errors": {}
}