{
  "instance_dir": "D:\\TextArena\\examples\\benchmark\\synthetic_trajectory\\lead_time_0\\p08_multi_changepoint\\v2_down_then_up\\r1_med",
  "instance_name": "r1_med",
  "promised_lead_time": 0,
  "model": "openai/gpt-5-mini",
  "num_runs_llm": 1,
  "num_runs_deterministic": 1,
  "max_periods": null,
  "summary": {
    "perfect_score": 17676.0,
    "ratios": {
      "or": 0.8525118805159538,
      "llm": 0.8307875084860828,
      "llm_to_or": 0.860601946141661,
      "or_to_llm": 0.8509843856076035,
      "perfect_score": 1.0
    },
    "warnings": null
  },
  "results": {
    "or": {
      "rewards": [
        15069.0
      ],
      "mean": 15069.0,
      "std": 0.0,
      "min": 15069.0,
      "max": 15069.0,
      "count": 1,
      "ratio_to_perfect": 0.8525118805159538
    },
    "llm": {
      "rewards": [
        14685.0
      ],
      "mean": 14685.0,
      "std": 0.0,
      "min": 14685.0,
      "max": 14685.0,
      "count": 1,
      "ratio_to_perfect": 0.8307875084860828
    },
    "llm_to_or": {
      "rewards": [
        15212.0
      ],
      "mean": 15212.0,
      "std": 0.0,
      "min": 15212.0,
      "max": 15212.0,
      "count": 1,
      "ratio_to_perfect": 0.860601946141661
    },
    "or_to_llm": {
      "rewards": [
        15042.0
      ],
      "mean": 15042.0,
      "std": 0.0,
      "min": 15042.0,
      "max": 15042.0,
      "count": 1,
      "ratio_to_perfect": 0.8509843856076035
    },
    "perfect_score": {
      "rewards": [
        17676.0
      ],
      "mean": 17676.0,
      "std": 0.0,
      "min": 17676.0,
      "max": 17676.0,
      "count": 1,
      "ratio_to_perfect": 1.0
    }
  },
  "errors": {}
}