{
  "instance_dir": "/shared/share_malatown/OR_Agent/examples/benchmark/real_trajectory/lead_time_stochastic/706016006",
  "instance_name": "706016006",
  "promised_lead_time": 2,
  "model": "x-ai/grok-4.1-fast",
  "num_runs_llm": 1,
  "num_runs_deterministic": 1,
  "max_periods": null,
  "summary": {
    "perfect_score": 30952.0,
    "ratios": {
      "or": 0.24285991212199534,
      "llm": 0.4576117859912122,
      "llm_to_or": -0.7377552339105712,
      "or_to_llm": 0.40058800723701216,
      "perfect_score": 1.0
    },
    "warnings": null
  },
  "results": {
    "or": {
      "rewards": [
        7517.0
      ],
      "mean": 7517.0,
      "std": 0.0,
      "min": 7517.0,
      "max": 7517.0,
      "count": 1,
      "ratio_to_perfect": 0.24285991212199534
    },
    "llm": {
      "rewards": [
        14164.0
      ],
      "mean": 14164.0,
      "std": 0.0,
      "min": 14164.0,
      "max": 14164.0,
      "count": 1,
      "ratio_to_perfect": 0.4576117859912122
    },
    "llm_to_or": {
      "rewards": [
        -22835.0
      ],
      "mean": -22835.0,
      "std": 0.0,
      "min": -22835.0,
      "max": -22835.0,
      "count": 1,
      "ratio_to_perfect": -0.7377552339105712
    },
    "or_to_llm": {
      "rewards": [
        12399.0
      ],
      "mean": 12399.0,
      "std": 0.0,
      "min": 12399.0,
      "max": 12399.0,
      "count": 1,
      "ratio_to_perfect": 0.40058800723701216
    },
    "perfect_score": {
      "rewards": [
        30952.0
      ],
      "mean": 30952.0,
      "std": 0.0,
      "min": 30952.0,
      "max": 30952.0,
      "count": 1,
      "ratio_to_perfect": 1.0
    }
  },
  "errors": {}
}