{
  "instance_dir": "/shared/share_malatown/OR_Agent/examples/benchmark/real_trajectory/lead_time_stochastic/583534002",
  "instance_name": "583534002",
  "promised_lead_time": 2,
  "model": "x-ai/grok-4.1-fast",
  "num_runs_llm": 1,
  "num_runs_deterministic": 1,
  "max_periods": null,
  "summary": {
    "perfect_score": 5864.0,
    "ratios": {
      "or": 0.3054229195088677,
      "llm": -0.49027967257844474,
      "llm_to_or": -0.7276603001364257,
      "or_to_llm": -0.331343792633015,
      "perfect_score": 1.0
    },
    "warnings": null
  },
  "results": {
    "or": {
      "rewards": [
        1791.0
      ],
      "mean": 1791.0,
      "std": 0.0,
      "min": 1791.0,
      "max": 1791.0,
      "count": 1,
      "ratio_to_perfect": 0.3054229195088677
    },
    "llm": {
      "rewards": [
        -2875.0
      ],
      "mean": -2875.0,
      "std": 0.0,
      "min": -2875.0,
      "max": -2875.0,
      "count": 1,
      "ratio_to_perfect": -0.49027967257844474
    },
    "llm_to_or": {
      "rewards": [
        -4267.0
      ],
      "mean": -4267.0,
      "std": 0.0,
      "min": -4267.0,
      "max": -4267.0,
      "count": 1,
      "ratio_to_perfect": -0.7276603001364257
    },
    "or_to_llm": {
      "rewards": [
        -1943.0
      ],
      "mean": -1943.0,
      "std": 0.0,
      "min": -1943.0,
      "max": -1943.0,
      "count": 1,
      "ratio_to_perfect": -0.331343792633015
    },
    "perfect_score": {
      "rewards": [
        5864.0
      ],
      "mean": 5864.0,
      "std": 0.0,
      "min": 5864.0,
      "max": 5864.0,
      "count": 1,
      "ratio_to_perfect": 1.0
    }
  },
  "errors": {}
}