{
  "instance_dir": "/shared/share_malatown/OR-Agent-GPT5mini-benchmark/examples/benchmark/real_trajectory/lead_time_0/573085028",
  "instance_name": "573085028",
  "promised_lead_time": 0,
  "model": "openai/gpt-5-mini",
  "num_runs_llm": 1,
  "num_runs_deterministic": 1,
  "max_periods": null,
  "summary": {
    "perfect_score": 106381.0,
    "ratios": {
      "or": 0.8260497645256202,
      "llm": 0.8266607758904315,
      "llm_to_or": 0.8814731954014344,
      "or_to_llm": 0.8772149161974413,
      "perfect_score": 1.0
    },
    "warnings": null
  },
  "results": {
    "or": {
      "rewards": [
        87876.0
      ],
      "mean": 87876.0,
      "std": 0.0,
      "min": 87876.0,
      "max": 87876.0,
      "count": 1,
      "ratio_to_perfect": 0.8260497645256202
    },
    "llm": {
      "rewards": [
        87941.0
      ],
      "mean": 87941.0,
      "std": 0.0,
      "min": 87941.0,
      "max": 87941.0,
      "count": 1,
      "ratio_to_perfect": 0.8266607758904315
    },
    "llm_to_or": {
      "rewards": [
        93772.0
      ],
      "mean": 93772.0,
      "std": 0.0,
      "min": 93772.0,
      "max": 93772.0,
      "count": 1,
      "ratio_to_perfect": 0.8814731954014344
    },
    "or_to_llm": {
      "rewards": [
        93319.0
      ],
      "mean": 93319.0,
      "std": 0.0,
      "min": 93319.0,
      "max": 93319.0,
      "count": 1,
      "ratio_to_perfect": 0.8772149161974413
    },
    "perfect_score": {
      "rewards": [
        106381.0
      ],
      "mean": 106381.0,
      "std": 0.0,
      "min": 106381.0,
      "max": 106381.0,
      "count": 1,
      "ratio_to_perfect": 1.0
    }
  },
  "errors": {}
}