{
  "instance_dir": "D:\\TextArena\\examples\\benchmark\\real_trajectory\\lead_time_stochastic\\399223001",
  "instance_name": "399223001",
  "promised_lead_time": 2,
  "model": "google/gemini-3-flash-preview",
  "num_runs_llm": 1,
  "num_runs_deterministic": 1,
  "max_periods": null,
  "summary": {
    "perfect_score": 9790.0,
    "ratios": {
      "or": 0.12737487231869254,
      "llm": -0.49816138917262515,
      "llm_to_or": 0.21859039836567926,
      "or_to_llm": 0.08794688457609806,
      "perfect_score": 1.0
    },
    "warnings": null
  },
  "results": {
    "or": {
      "rewards": [
        1247.0
      ],
      "mean": 1247.0,
      "std": 0.0,
      "min": 1247.0,
      "max": 1247.0,
      "count": 1,
      "ratio_to_perfect": 0.12737487231869254
    },
    "llm": {
      "rewards": [
        -4877.0
      ],
      "mean": -4877.0,
      "std": 0.0,
      "min": -4877.0,
      "max": -4877.0,
      "count": 1,
      "ratio_to_perfect": -0.49816138917262515
    },
    "llm_to_or": {
      "rewards": [
        2140.0
      ],
      "mean": 2140.0,
      "std": 0.0,
      "min": 2140.0,
      "max": 2140.0,
      "count": 1,
      "ratio_to_perfect": 0.21859039836567926
    },
    "or_to_llm": {
      "rewards": [
        861.0
      ],
      "mean": 861.0,
      "std": 0.0,
      "min": 861.0,
      "max": 861.0,
      "count": 1,
      "ratio_to_perfect": 0.08794688457609806
    },
    "perfect_score": {
      "rewards": [
        9790.0
      ],
      "mean": 9790.0,
      "std": 0.0,
      "min": 9790.0,
      "max": 9790.0,
      "count": 1,
      "ratio_to_perfect": 1.0
    }
  },
  "errors": {}
}