{
  "instance_dir": "/shared/share_malatown/OR_Agent/examples/benchmark/synthetic_trajectory/lead_time_0/p05_decreasing_trend/v2_exp_decay_0_97/r2_med",
  "instance_name": "r2_med",
  "promised_lead_time": 0,
  "model": "x-ai/grok-4.1-fast",
  "num_runs_llm": 1,
  "num_runs_deterministic": 1,
  "max_periods": null,
  "summary": {
    "perfect_score": 20212.0,
    "ratios": {
      "or": 0.790668909558678,
      "llm": 0.9142588561250742,
      "llm_to_or": 0.9104492380763902,
      "or_to_llm": 0.8881357609340985,
      "perfect_score": 1.0
    },
    "warnings": null
  },
  "results": {
    "or": {
      "rewards": [
        15981.0
      ],
      "mean": 15981.0,
      "std": 0.0,
      "min": 15981.0,
      "max": 15981.0,
      "count": 1,
      "ratio_to_perfect": 0.790668909558678
    },
    "llm": {
      "rewards": [
        18479.0
      ],
      "mean": 18479.0,
      "std": 0.0,
      "min": 18479.0,
      "max": 18479.0,
      "count": 1,
      "ratio_to_perfect": 0.9142588561250742
    },
    "llm_to_or": {
      "rewards": [
        18402.0
      ],
      "mean": 18402.0,
      "std": 0.0,
      "min": 18402.0,
      "max": 18402.0,
      "count": 1,
      "ratio_to_perfect": 0.9104492380763902
    },
    "or_to_llm": {
      "rewards": [
        17951.0
      ],
      "mean": 17951.0,
      "std": 0.0,
      "min": 17951.0,
      "max": 17951.0,
      "count": 1,
      "ratio_to_perfect": 0.8881357609340985
    },
    "perfect_score": {
      "rewards": [
        20212.0
      ],
      "mean": 20212.0,
      "std": 0.0,
      "min": 20212.0,
      "max": 20212.0,
      "count": 1,
      "ratio_to_perfect": 1.0
    }
  },
  "errors": {}
}