{
  "instance_dir": "D:\\TextArena\\examples\\benchmark\\synthetic_trajectory\\lead_time_4\\p01_stationary_iid\\v2_normal_100_40\\r1_high",
  "instance_name": "r1_high",
  "promised_lead_time": 4,
  "model": "openai/gpt-5-mini",
  "num_runs_llm": 1,
  "num_runs_deterministic": 1,
  "max_periods": null,
  "summary": {
    "perfect_score": 88464.0,
    "ratios": {
      "or": 0.885851871947911,
      "llm": 0.8143538614577681,
      "llm_to_or": 0.8855805751492133,
      "or_to_llm": 0.8239170736118647,
      "perfect_score": 1.0
    },
    "warnings": null
  },
  "results": {
    "or": {
      "rewards": [
        78366.0
      ],
      "mean": 78366.0,
      "std": 0.0,
      "min": 78366.0,
      "max": 78366.0,
      "count": 1,
      "ratio_to_perfect": 0.885851871947911
    },
    "llm": {
      "rewards": [
        72041.0
      ],
      "mean": 72041.0,
      "std": 0.0,
      "min": 72041.0,
      "max": 72041.0,
      "count": 1,
      "ratio_to_perfect": 0.8143538614577681
    },
    "llm_to_or": {
      "rewards": [
        78342.0
      ],
      "mean": 78342.0,
      "std": 0.0,
      "min": 78342.0,
      "max": 78342.0,
      "count": 1,
      "ratio_to_perfect": 0.8855805751492133
    },
    "or_to_llm": {
      "rewards": [
        72887.0
      ],
      "mean": 72887.0,
      "std": 0.0,
      "min": 72887.0,
      "max": 72887.0,
      "count": 1,
      "ratio_to_perfect": 0.8239170736118647
    },
    "perfect_score": {
      "rewards": [
        88464.0
      ],
      "mean": 88464.0,
      "std": 0.0,
      "min": 88464.0,
      "max": 88464.0,
      "count": 1,
      "ratio_to_perfect": 1.0
    }
  },
  "errors": {}
}