{
  "instance_dir": "D:\\TextArena\\examples\\benchmark\\real_trajectory\\lead_time_0\\568601006",
  "instance_name": "568601006",
  "promised_lead_time": 0,
  "model": "google/gemini-3-flash-preview",
  "num_runs_llm": 1,
  "num_runs_deterministic": 1,
  "max_periods": null,
  "summary": {
    "perfect_score": 42756.0,
    "ratios": {
      "or": 0.7957947422583965,
      "llm": 0.8291000093554121,
      "llm_to_or": 0.8119562166713443,
      "or_to_llm": 0.8242585835906072,
      "perfect_score": 1.0
    },
    "warnings": null
  },
  "results": {
    "or": {
      "rewards": [
        34025.0
      ],
      "mean": 34025.0,
      "std": 0.0,
      "min": 34025.0,
      "max": 34025.0,
      "count": 1,
      "ratio_to_perfect": 0.7957947422583965
    },
    "llm": {
      "rewards": [
        35449.0
      ],
      "mean": 35449.0,
      "std": 0.0,
      "min": 35449.0,
      "max": 35449.0,
      "count": 1,
      "ratio_to_perfect": 0.8291000093554121
    },
    "llm_to_or": {
      "rewards": [
        34716.0
      ],
      "mean": 34716.0,
      "std": 0.0,
      "min": 34716.0,
      "max": 34716.0,
      "count": 1,
      "ratio_to_perfect": 0.8119562166713443
    },
    "or_to_llm": {
      "rewards": [
        35242.0
      ],
      "mean": 35242.0,
      "std": 0.0,
      "min": 35242.0,
      "max": 35242.0,
      "count": 1,
      "ratio_to_perfect": 0.8242585835906072
    },
    "perfect_score": {
      "rewards": [
        42756.0
      ],
      "mean": 42756.0,
      "std": 0.0,
      "min": 42756.0,
      "max": 42756.0,
      "count": 1,
      "ratio_to_perfect": 1.0
    }
  },
  "errors": {}
}