{
  "instance_dir": "D:\\TextArena\\examples\\benchmark\\real_trajectory\\lead_time_4\\507909003",
  "instance_name": "507909003",
  "promised_lead_time": 4,
  "model": "google/gemini-3-flash-preview",
  "num_runs_llm": 1,
  "num_runs_deterministic": 1,
  "max_periods": null,
  "summary": {
    "perfect_score": 15348.0,
    "ratios": {
      "or": 0.4627313004951785,
      "llm": -0.03375032577534532,
      "llm_to_or": 0.4766744852749544,
      "or_to_llm": 0.43328120927808184,
      "perfect_score": 1.0
    },
    "warnings": null
  },
  "results": {
    "or": {
      "rewards": [
        7102.0
      ],
      "mean": 7102.0,
      "std": 0.0,
      "min": 7102.0,
      "max": 7102.0,
      "count": 1,
      "ratio_to_perfect": 0.4627313004951785
    },
    "llm": {
      "rewards": [
        -518.0
      ],
      "mean": -518.0,
      "std": 0.0,
      "min": -518.0,
      "max": -518.0,
      "count": 1,
      "ratio_to_perfect": -0.03375032577534532
    },
    "llm_to_or": {
      "rewards": [
        7316.0
      ],
      "mean": 7316.0,
      "std": 0.0,
      "min": 7316.0,
      "max": 7316.0,
      "count": 1,
      "ratio_to_perfect": 0.4766744852749544
    },
    "or_to_llm": {
      "rewards": [
        6650.0
      ],
      "mean": 6650.0,
      "std": 0.0,
      "min": 6650.0,
      "max": 6650.0,
      "count": 1,
      "ratio_to_perfect": 0.43328120927808184
    },
    "perfect_score": {
      "rewards": [
        15348.0
      ],
      "mean": 15348.0,
      "std": 0.0,
      "min": 15348.0,
      "max": 15348.0,
      "count": 1,
      "ratio_to_perfect": 1.0
    }
  },
  "errors": {}
}