{
  "instance_dir": "D:\\TextArena\\examples\\benchmark\\real_trajectory\\lead_time_4\\611415001",
  "instance_name": "611415001",
  "promised_lead_time": 4,
  "model": "google/gemini-3-flash-preview",
  "num_runs_llm": 1,
  "num_runs_deterministic": 1,
  "max_periods": null,
  "summary": {
    "perfect_score": 3813.0,
    "ratios": {
      "or": -0.4204038814581694,
      "llm": -1.832677681615526,
      "llm_to_or": -0.5066876475216365,
      "or_to_llm": -0.9381064778389719,
      "perfect_score": 1.0
    },
    "warnings": null
  },
  "results": {
    "or": {
      "rewards": [
        -1603.0
      ],
      "mean": -1603.0,
      "std": 0.0,
      "min": -1603.0,
      "max": -1603.0,
      "count": 1,
      "ratio_to_perfect": -0.4204038814581694
    },
    "llm": {
      "rewards": [
        -6988.0
      ],
      "mean": -6988.0,
      "std": 0.0,
      "min": -6988.0,
      "max": -6988.0,
      "count": 1,
      "ratio_to_perfect": -1.832677681615526
    },
    "llm_to_or": {
      "rewards": [
        -1932.0
      ],
      "mean": -1932.0,
      "std": 0.0,
      "min": -1932.0,
      "max": -1932.0,
      "count": 1,
      "ratio_to_perfect": -0.5066876475216365
    },
    "or_to_llm": {
      "rewards": [
        -3577.0
      ],
      "mean": -3577.0,
      "std": 0.0,
      "min": -3577.0,
      "max": -3577.0,
      "count": 1,
      "ratio_to_perfect": -0.9381064778389719
    },
    "perfect_score": {
      "rewards": [
        3813.0
      ],
      "mean": 3813.0,
      "std": 0.0,
      "min": 3813.0,
      "max": 3813.0,
      "count": 1,
      "ratio_to_perfect": 1.0
    }
  },
  "errors": {}
}