{
  "instance_dir": "D:\\TextArena\\examples\\benchmark\\real_trajectory\\lead_time_4\\640021005",
  "instance_name": "640021005",
  "promised_lead_time": 4,
  "model": "google/gemini-3-flash-preview",
  "num_runs_llm": 1,
  "num_runs_deterministic": 1,
  "max_periods": null,
  "summary": {
    "perfect_score": 24084.0,
    "ratios": {
      "or": 0.24069921939877098,
      "llm": -0.19336488955323036,
      "llm_to_or": 0.2785251619332337,
      "or_to_llm": 0.19469357249626307,
      "perfect_score": 1.0
    },
    "warnings": null
  },
  "results": {
    "or": {
      "rewards": [
        5797.0
      ],
      "mean": 5797.0,
      "std": 0.0,
      "min": 5797.0,
      "max": 5797.0,
      "count": 1,
      "ratio_to_perfect": 0.24069921939877098
    },
    "llm": {
      "rewards": [
        -4657.0
      ],
      "mean": -4657.0,
      "std": 0.0,
      "min": -4657.0,
      "max": -4657.0,
      "count": 1,
      "ratio_to_perfect": -0.19336488955323036
    },
    "llm_to_or": {
      "rewards": [
        6708.0
      ],
      "mean": 6708.0,
      "std": 0.0,
      "min": 6708.0,
      "max": 6708.0,
      "count": 1,
      "ratio_to_perfect": 0.2785251619332337
    },
    "or_to_llm": {
      "rewards": [
        4689.0
      ],
      "mean": 4689.0,
      "std": 0.0,
      "min": 4689.0,
      "max": 4689.0,
      "count": 1,
      "ratio_to_perfect": 0.19469357249626307
    },
    "perfect_score": {
      "rewards": [
        24084.0
      ],
      "mean": 24084.0,
      "std": 0.0,
      "min": 24084.0,
      "max": 24084.0,
      "count": 1,
      "ratio_to_perfect": 1.0
    }
  },
  "errors": {}
}