{
  "instance_dir": "/shared/share_malatown/OR-Agent-GPT5mini-benchmark/examples/benchmark/real_trajectory/lead_time_stochastic/573085028",
  "instance_name": "573085028",
  "promised_lead_time": 2,
  "model": "openai/gpt-5-mini",
  "num_runs_llm": 1,
  "num_runs_deterministic": 1,
  "max_periods": null,
  "summary": {
    "perfect_score": 22396.0,
    "ratios": {
      "or": 0.1776656545811752,
      "llm": 0.08180032148597964,
      "llm_to_or": 0.24013216645829613,
      "or_to_llm": 0.2980442936238614,
      "perfect_score": 1.0
    },
    "warnings": null
  },
  "results": {
    "or": {
      "rewards": [
        3979.0
      ],
      "mean": 3979.0,
      "std": 0.0,
      "min": 3979.0,
      "max": 3979.0,
      "count": 1,
      "ratio_to_perfect": 0.1776656545811752
    },
    "llm": {
      "rewards": [
        1832.0
      ],
      "mean": 1832.0,
      "std": 0.0,
      "min": 1832.0,
      "max": 1832.0,
      "count": 1,
      "ratio_to_perfect": 0.08180032148597964
    },
    "llm_to_or": {
      "rewards": [
        5378.0
      ],
      "mean": 5378.0,
      "std": 0.0,
      "min": 5378.0,
      "max": 5378.0,
      "count": 1,
      "ratio_to_perfect": 0.24013216645829613
    },
    "or_to_llm": {
      "rewards": [
        6675.0
      ],
      "mean": 6675.0,
      "std": 0.0,
      "min": 6675.0,
      "max": 6675.0,
      "count": 1,
      "ratio_to_perfect": 0.2980442936238614
    },
    "perfect_score": {
      "rewards": [
        22396.0
      ],
      "mean": 22396.0,
      "std": 0.0,
      "min": 22396.0,
      "max": 22396.0,
      "count": 1,
      "ratio_to_perfect": 1.0
    }
  },
  "errors": {}
}