{
  "instance_dir": "D:\\TextArena\\examples\\benchmark\\real_trajectory\\lead_time_4\\689389004",
  "instance_name": "689389004",
  "promised_lead_time": 4,
  "model": "google/gemini-3-flash-preview",
  "num_runs_llm": 1,
  "num_runs_deterministic": 1,
  "max_periods": null,
  "summary": {
    "perfect_score": 2211.0,
    "ratios": {
      "or": -1.845771144278607,
      "llm": -3.5703301673450927,
      "llm_to_or": -1.5214834916327453,
      "or_to_llm": -2.0226142017186794,
      "perfect_score": 1.0
    },
    "warnings": null
  },
  "results": {
    "or": {
      "rewards": [
        -4081.0
      ],
      "mean": -4081.0,
      "std": 0.0,
      "min": -4081.0,
      "max": -4081.0,
      "count": 1,
      "ratio_to_perfect": -1.845771144278607
    },
    "llm": {
      "rewards": [
        -7894.0
      ],
      "mean": -7894.0,
      "std": 0.0,
      "min": -7894.0,
      "max": -7894.0,
      "count": 1,
      "ratio_to_perfect": -3.5703301673450927
    },
    "llm_to_or": {
      "rewards": [
        -3364.0
      ],
      "mean": -3364.0,
      "std": 0.0,
      "min": -3364.0,
      "max": -3364.0,
      "count": 1,
      "ratio_to_perfect": -1.5214834916327453
    },
    "or_to_llm": {
      "rewards": [
        -4472.0
      ],
      "mean": -4472.0,
      "std": 0.0,
      "min": -4472.0,
      "max": -4472.0,
      "count": 1,
      "ratio_to_perfect": -2.0226142017186794
    },
    "perfect_score": {
      "rewards": [
        2211.0
      ],
      "mean": 2211.0,
      "std": 0.0,
      "min": 2211.0,
      "max": 2211.0,
      "count": 1,
      "ratio_to_perfect": 1.0
    }
  },
  "errors": {}
}