{
  "instance_dir": "D:\\TextArena\\examples\\benchmark\\synthetic_trajectory\\lead_time_0\\p07_seasonal\\v4_multiplicative\\r2_high",
  "instance_name": "r2_high",
  "promised_lead_time": 0,
  "model": "google/gemini-3-flash-preview",
  "num_runs_llm": 1,
  "num_runs_deterministic": 1,
  "max_periods": null,
  "summary": {
    "perfect_score": 91998.0,
    "ratios": {
      "or": 0.9568251483727908,
      "llm": 0.9598904324007044,
      "or_to_llm": 0.9578251701123938,
      "perfect_score": 1.0,
      "llm_to_or": 0.954194656405574
    },
    "warnings": null
  },
  "results": {
    "or": {
      "rewards": [
        88026.0
      ],
      "mean": 88026.0,
      "std": 0.0,
      "min": 88026.0,
      "max": 88026.0,
      "count": 1,
      "ratio_to_perfect": 0.9568251483727908
    },
    "llm": {
      "rewards": [
        88308.0
      ],
      "mean": 88308.0,
      "std": 0.0,
      "min": 88308.0,
      "max": 88308.0,
      "count": 1,
      "ratio_to_perfect": 0.9598904324007044
    },
    "llm_to_or": {
      "rewards": [
        87784.0
      ],
      "mean": 87784.0,
      "std": 0.0,
      "min": 87784.0,
      "max": 87784.0,
      "count": 1,
      "ratio_to_perfect": 0.954194656405574
    },
    "or_to_llm": {
      "rewards": [
        88118.0
      ],
      "mean": 88118.0,
      "std": 0.0,
      "min": 88118.0,
      "max": 88118.0,
      "count": 1,
      "ratio_to_perfect": 0.9578251701123938
    },
    "perfect_score": {
      "rewards": [
        91998.0
      ],
      "mean": 91998.0,
      "std": 0.0,
      "min": 91998.0,
      "max": 91998.0,
      "count": 1,
      "ratio_to_perfect": 1.0
    }
  },
  "errors": {}
}