{
  "instance_dir": "/shared/share_malatown/OR_Agent/examples/benchmark/real_trajectory/lead_time_stochastic/253448003",
  "instance_name": "253448003",
  "promised_lead_time": 2,
  "model": "x-ai/grok-4.1-fast",
  "num_runs_llm": 1,
  "num_runs_deterministic": 1,
  "max_periods": null,
  "summary": {
    "perfect_score": 57323.0,
    "ratios": {
      "or": 0.3420267606370916,
      "llm": 0.6146921828934284,
      "llm_to_or": 0.4769987614046718,
      "or_to_llm": 0.45484360553355546,
      "perfect_score": 1.0
    },
    "warnings": null
  },
  "results": {
    "or": {
      "rewards": [
        19606.0
      ],
      "mean": 19606.0,
      "std": 0.0,
      "min": 19606.0,
      "max": 19606.0,
      "count": 1,
      "ratio_to_perfect": 0.3420267606370916
    },
    "llm": {
      "rewards": [
        35236.0
      ],
      "mean": 35236.0,
      "std": 0.0,
      "min": 35236.0,
      "max": 35236.0,
      "count": 1,
      "ratio_to_perfect": 0.6146921828934284
    },
    "llm_to_or": {
      "rewards": [
        27343.0
      ],
      "mean": 27343.0,
      "std": 0.0,
      "min": 27343.0,
      "max": 27343.0,
      "count": 1,
      "ratio_to_perfect": 0.4769987614046718
    },
    "or_to_llm": {
      "rewards": [
        26073.0
      ],
      "mean": 26073.0,
      "std": 0.0,
      "min": 26073.0,
      "max": 26073.0,
      "count": 1,
      "ratio_to_perfect": 0.45484360553355546
    },
    "perfect_score": {
      "rewards": [
        57323.0
      ],
      "mean": 57323.0,
      "std": 0.0,
      "min": 57323.0,
      "max": 57323.0,
      "count": 1,
      "ratio_to_perfect": 1.0
    }
  },
  "errors": {}
}