{
  "instance_dir": "D:\\TextArena\\examples\\benchmark\\synthetic_trajectory\\lead_time_stochastic\\p10_autocorrelated\\v2_phi_0_5\\r2_high",
  "instance_name": "r2_high",
  "promised_lead_time": 2,
  "model": "google/gemini-3-flash-preview",
  "num_runs_llm": 1,
  "num_runs_deterministic": 1,
  "max_periods": null,
  "summary": {
    "perfect_score": 87210.0,
    "ratios": {
      "or": 0.13923861942437793,
      "llm": 0.6889920880632955,
      "llm_to_or": 0.4477124183006536,
      "or_to_llm": 0.6204793028322441,
      "perfect_score": 1.0
    },
    "warnings": null
  },
  "results": {
    "or": {
      "rewards": [
        12143.0
      ],
      "mean": 12143.0,
      "std": 0.0,
      "min": 12143.0,
      "max": 12143.0,
      "count": 1,
      "ratio_to_perfect": 0.13923861942437793
    },
    "llm": {
      "rewards": [
        60087.0
      ],
      "mean": 60087.0,
      "std": 0.0,
      "min": 60087.0,
      "max": 60087.0,
      "count": 1,
      "ratio_to_perfect": 0.6889920880632955
    },
    "llm_to_or": {
      "rewards": [
        39045.0
      ],
      "mean": 39045.0,
      "std": 0.0,
      "min": 39045.0,
      "max": 39045.0,
      "count": 1,
      "ratio_to_perfect": 0.4477124183006536
    },
    "or_to_llm": {
      "rewards": [
        54112.0
      ],
      "mean": 54112.0,
      "std": 0.0,
      "min": 54112.0,
      "max": 54112.0,
      "count": 1,
      "ratio_to_perfect": 0.6204793028322441
    },
    "perfect_score": {
      "rewards": [
        87210.0
      ],
      "mean": 87210.0,
      "std": 0.0,
      "min": 87210.0,
      "max": 87210.0,
      "count": 1,
      "ratio_to_perfect": 1.0
    }
  },
  "errors": {}
}