{
  "instance_dir": "/shared/share_malatown/OR_Agent/examples/benchmark/real_trajectory/lead_time_4/712216001",
  "instance_name": "712216001",
  "promised_lead_time": 4,
  "model": "x-ai/grok-4.1-fast",
  "num_runs_llm": 1,
  "num_runs_deterministic": 1,
  "max_periods": null,
  "summary": {
    "perfect_score": 12920.0,
    "ratios": {
      "or": 0.030108359133126934,
      "llm": -0.7836687306501547,
      "llm_to_or": -0.13854489164086686,
      "or_to_llm": 0.004102167182662539,
      "perfect_score": 1.0
    },
    "warnings": null
  },
  "results": {
    "or": {
      "rewards": [
        389.0
      ],
      "mean": 389.0,
      "std": 0.0,
      "min": 389.0,
      "max": 389.0,
      "count": 1,
      "ratio_to_perfect": 0.030108359133126934
    },
    "llm": {
      "rewards": [
        -10125.0
      ],
      "mean": -10125.0,
      "std": 0.0,
      "min": -10125.0,
      "max": -10125.0,
      "count": 1,
      "ratio_to_perfect": -0.7836687306501547
    },
    "llm_to_or": {
      "rewards": [
        -1790.0
      ],
      "mean": -1790.0,
      "std": 0.0,
      "min": -1790.0,
      "max": -1790.0,
      "count": 1,
      "ratio_to_perfect": -0.13854489164086686
    },
    "or_to_llm": {
      "rewards": [
        53.0
      ],
      "mean": 53.0,
      "std": 0.0,
      "min": 53.0,
      "max": 53.0,
      "count": 1,
      "ratio_to_perfect": 0.004102167182662539
    },
    "perfect_score": {
      "rewards": [
        12920.0
      ],
      "mean": 12920.0,
      "std": 0.0,
      "min": 12920.0,
      "max": 12920.0,
      "count": 1,
      "ratio_to_perfect": 1.0
    }
  },
  "errors": {}
}