{
  "instance_dir": "D:\\TextArena\\examples\\benchmark\\synthetic_trajectory\\lead_time_0\\p09_temp_spike_dip\\v2_temp_dip\\r2_high",
  "instance_name": "r2_high",
  "promised_lead_time": 0,
  "model": "google/gemini-3-flash-preview",
  "num_runs_llm": 1,
  "num_runs_deterministic": 1,
  "max_periods": null,
  "summary": {
    "perfect_score": 83600.0,
    "ratios": {
      "or": 0.9688277511961723,
      "llm": 0.9663157894736842,
      "llm_to_or": 0.9603708133971292,
      "or_to_llm": 0.9643301435406698,
      "perfect_score": 1.0
    },
    "warnings": null
  },
  "results": {
    "or": {
      "rewards": [
        80994.0
      ],
      "mean": 80994.0,
      "std": 0.0,
      "min": 80994.0,
      "max": 80994.0,
      "count": 1,
      "ratio_to_perfect": 0.9688277511961723
    },
    "llm": {
      "rewards": [
        80784.0
      ],
      "mean": 80784.0,
      "std": 0.0,
      "min": 80784.0,
      "max": 80784.0,
      "count": 1,
      "ratio_to_perfect": 0.9663157894736842
    },
    "llm_to_or": {
      "rewards": [
        80287.0
      ],
      "mean": 80287.0,
      "std": 0.0,
      "min": 80287.0,
      "max": 80287.0,
      "count": 1,
      "ratio_to_perfect": 0.9603708133971292
    },
    "or_to_llm": {
      "rewards": [
        80618.0
      ],
      "mean": 80618.0,
      "std": 0.0,
      "min": 80618.0,
      "max": 80618.0,
      "count": 1,
      "ratio_to_perfect": 0.9643301435406698
    },
    "perfect_score": {
      "rewards": [
        83600.0
      ],
      "mean": 83600.0,
      "std": 0.0,
      "min": 83600.0,
      "max": 83600.0,
      "count": 1,
      "ratio_to_perfect": 1.0
    }
  },
  "errors": {}
}