{
  "instance_dir": "/shared/share_malatown/OR_Agent/examples/benchmark/real_trajectory/lead_time_stochastic/120129001",
  "instance_name": "120129001",
  "promised_lead_time": 2,
  "model": "x-ai/grok-4.1-fast",
  "num_runs_llm": 1,
  "num_runs_deterministic": 1,
  "max_periods": null,
  "summary": {
    "perfect_score": 11896.0,
    "ratios": {
      "or": 0.24470410221923336,
      "llm": 0.32128446536650973,
      "llm_to_or": 0.2237726967047747,
      "or_to_llm": 0.4281271015467384,
      "perfect_score": 1.0
    },
    "warnings": null
  },
  "results": {
    "or": {
      "rewards": [
        2911.0
      ],
      "mean": 2911.0,
      "std": 0.0,
      "min": 2911.0,
      "max": 2911.0,
      "count": 1,
      "ratio_to_perfect": 0.24470410221923336
    },
    "llm": {
      "rewards": [
        3822.0
      ],
      "mean": 3822.0,
      "std": 0.0,
      "min": 3822.0,
      "max": 3822.0,
      "count": 1,
      "ratio_to_perfect": 0.32128446536650973
    },
    "llm_to_or": {
      "rewards": [
        2662.0
      ],
      "mean": 2662.0,
      "std": 0.0,
      "min": 2662.0,
      "max": 2662.0,
      "count": 1,
      "ratio_to_perfect": 0.2237726967047747
    },
    "or_to_llm": {
      "rewards": [
        5093.0
      ],
      "mean": 5093.0,
      "std": 0.0,
      "min": 5093.0,
      "max": 5093.0,
      "count": 1,
      "ratio_to_perfect": 0.4281271015467384
    },
    "perfect_score": {
      "rewards": [
        11896.0
      ],
      "mean": 11896.0,
      "std": 0.0,
      "min": 11896.0,
      "max": 11896.0,
      "count": 1,
      "ratio_to_perfect": 1.0
    }
  },
  "errors": {}
}