{
  "instance_dir": "D:\\TextArena\\examples\\benchmark\\real_trajectory\\lead_time_stochastic\\717490002",
  "instance_name": "717490002",
  "promised_lead_time": 2,
  "model": "google/gemini-3-flash-preview",
  "num_runs_llm": 1,
  "num_runs_deterministic": 1,
  "max_periods": null,
  "summary": {
    "perfect_score": 86241.0,
    "ratios": {
      "or": 0.39727043981400956,
      "llm": 0.6013033244048654,
      "llm_to_or": 0.519764381210793,
      "or_to_llm": 0.5291682610359342,
      "perfect_score": 1.0
    },
    "warnings": null
  },
  "results": {
    "or": {
      "rewards": [
        34261.0
      ],
      "mean": 34261.0,
      "std": 0.0,
      "min": 34261.0,
      "max": 34261.0,
      "count": 1,
      "ratio_to_perfect": 0.39727043981400956
    },
    "llm": {
      "rewards": [
        51857.0
      ],
      "mean": 51857.0,
      "std": 0.0,
      "min": 51857.0,
      "max": 51857.0,
      "count": 1,
      "ratio_to_perfect": 0.6013033244048654
    },
    "llm_to_or": {
      "rewards": [
        44825.0
      ],
      "mean": 44825.0,
      "std": 0.0,
      "min": 44825.0,
      "max": 44825.0,
      "count": 1,
      "ratio_to_perfect": 0.519764381210793
    },
    "or_to_llm": {
      "rewards": [
        45636.0
      ],
      "mean": 45636.0,
      "std": 0.0,
      "min": 45636.0,
      "max": 45636.0,
      "count": 1,
      "ratio_to_perfect": 0.5291682610359342
    },
    "perfect_score": {
      "rewards": [
        86241.0
      ],
      "mean": 86241.0,
      "std": 0.0,
      "min": 86241.0,
      "max": 86241.0,
      "count": 1,
      "ratio_to_perfect": 1.0
    }
  },
  "errors": {}
}