{
  "instance_dir": "D:\\TextArena\\examples\\benchmark\\real_trajectory\\lead_time_stochastic\\728162002",
  "instance_name": "728162002",
  "promised_lead_time": 2,
  "model": "google/gemini-3-flash-preview",
  "num_runs_llm": 1,
  "num_runs_deterministic": 1,
  "max_periods": null,
  "summary": {
    "perfect_score": 20380.0,
    "ratios": {
      "or": 0.3099116781157998,
      "llm": -0.12399411187438665,
      "llm_to_or": 0.07580961727183513,
      "or_to_llm": 0.36408243375858684,
      "perfect_score": 1.0
    },
    "warnings": null
  },
  "results": {
    "or": {
      "rewards": [
        6316.0
      ],
      "mean": 6316.0,
      "std": 0.0,
      "min": 6316.0,
      "max": 6316.0,
      "count": 1,
      "ratio_to_perfect": 0.3099116781157998
    },
    "llm": {
      "rewards": [
        -2527.0
      ],
      "mean": -2527.0,
      "std": 0.0,
      "min": -2527.0,
      "max": -2527.0,
      "count": 1,
      "ratio_to_perfect": -0.12399411187438665
    },
    "llm_to_or": {
      "rewards": [
        1545.0
      ],
      "mean": 1545.0,
      "std": 0.0,
      "min": 1545.0,
      "max": 1545.0,
      "count": 1,
      "ratio_to_perfect": 0.07580961727183513
    },
    "or_to_llm": {
      "rewards": [
        7420.0
      ],
      "mean": 7420.0,
      "std": 0.0,
      "min": 7420.0,
      "max": 7420.0,
      "count": 1,
      "ratio_to_perfect": 0.36408243375858684
    },
    "perfect_score": {
      "rewards": [
        20380.0
      ],
      "mean": 20380.0,
      "std": 0.0,
      "min": 20380.0,
      "max": 20380.0,
      "count": 1,
      "ratio_to_perfect": 1.0
    }
  },
  "errors": {}
}