{
  "instance_dir": "/shared/share_malatown/OR_Agent/examples/benchmark/real_trajectory/lead_time_stochastic/711053003",
  "instance_name": "711053003",
  "promised_lead_time": 2,
  "model": "x-ai/grok-4.1-fast",
  "num_runs_llm": 1,
  "num_runs_deterministic": 1,
  "max_periods": null,
  "summary": {
    "perfect_score": 24468.0,
    "ratios": {
      "or": 0.2738270393983979,
      "llm": 0.4675903220532941,
      "llm_to_or": 0.37751348700343307,
      "or_to_llm": 0.42014059179336277,
      "perfect_score": 1.0
    },
    "warnings": null
  },
  "results": {
    "or": {
      "rewards": [
        6700.0
      ],
      "mean": 6700.0,
      "std": 0.0,
      "min": 6700.0,
      "max": 6700.0,
      "count": 1,
      "ratio_to_perfect": 0.2738270393983979
    },
    "llm": {
      "rewards": [
        11441.0
      ],
      "mean": 11441.0,
      "std": 0.0,
      "min": 11441.0,
      "max": 11441.0,
      "count": 1,
      "ratio_to_perfect": 0.4675903220532941
    },
    "llm_to_or": {
      "rewards": [
        9237.0
      ],
      "mean": 9237.0,
      "std": 0.0,
      "min": 9237.0,
      "max": 9237.0,
      "count": 1,
      "ratio_to_perfect": 0.37751348700343307
    },
    "or_to_llm": {
      "rewards": [
        10280.0
      ],
      "mean": 10280.0,
      "std": 0.0,
      "min": 10280.0,
      "max": 10280.0,
      "count": 1,
      "ratio_to_perfect": 0.42014059179336277
    },
    "perfect_score": {
      "rewards": [
        24468.0
      ],
      "mean": 24468.0,
      "std": 0.0,
      "min": 24468.0,
      "max": 24468.0,
      "count": 1,
      "ratio_to_perfect": 1.0
    }
  },
  "errors": {}
}