{
  "instance_dir": "/shared/share_malatown/OR_Agent/examples/benchmark/real_trajectory/lead_time_0/554479001",
  "instance_name": "554479001",
  "promised_lead_time": 0,
  "model": "x-ai/grok-4.1-fast",
  "num_runs_llm": 1,
  "num_runs_deterministic": 1,
  "max_periods": null,
  "summary": {
    "perfect_score": 139023.0,
    "ratios": {
      "or": 0.7548463203930285,
      "llm": 0.8407889342051316,
      "llm_to_or": 0.8449752918581818,
      "or_to_llm": 0.797091128806025,
      "perfect_score": 1.0
    },
    "warnings": null
  },
  "results": {
    "or": {
      "rewards": [
        104941.0
      ],
      "mean": 104941.0,
      "std": 0.0,
      "min": 104941.0,
      "max": 104941.0,
      "count": 1,
      "ratio_to_perfect": 0.7548463203930285
    },
    "llm": {
      "rewards": [
        116889.0
      ],
      "mean": 116889.0,
      "std": 0.0,
      "min": 116889.0,
      "max": 116889.0,
      "count": 1,
      "ratio_to_perfect": 0.8407889342051316
    },
    "llm_to_or": {
      "rewards": [
        117471.0
      ],
      "mean": 117471.0,
      "std": 0.0,
      "min": 117471.0,
      "max": 117471.0,
      "count": 1,
      "ratio_to_perfect": 0.8449752918581818
    },
    "or_to_llm": {
      "rewards": [
        110814.0
      ],
      "mean": 110814.0,
      "std": 0.0,
      "min": 110814.0,
      "max": 110814.0,
      "count": 1,
      "ratio_to_perfect": 0.797091128806025
    },
    "perfect_score": {
      "rewards": [
        139023.0
      ],
      "mean": 139023.0,
      "std": 0.0,
      "min": 139023.0,
      "max": 139023.0,
      "count": 1,
      "ratio_to_perfect": 1.0
    }
  },
  "errors": {}
}