{
  "instance_dir": "/shared/share_malatown/OR_Agent/examples/benchmark/real_trajectory/lead_time_0/711053003",
  "instance_name": "711053003",
  "promised_lead_time": 0,
  "model": "x-ai/grok-4.1-fast",
  "num_runs_llm": 1,
  "num_runs_deterministic": 1,
  "max_periods": null,
  "summary": {
    "perfect_score": 6117.0,
    "ratios": {
      "or": 0.6083047245381723,
      "llm": 0.5118522151381396,
      "llm_to_or": 0.648193558934118,
      "or_to_llm": 0.6328265489619095,
      "perfect_score": 1.0
    },
    "warnings": null
  },
  "results": {
    "or": {
      "rewards": [
        3721.0
      ],
      "mean": 3721.0,
      "std": 0.0,
      "min": 3721.0,
      "max": 3721.0,
      "count": 1,
      "ratio_to_perfect": 0.6083047245381723
    },
    "llm": {
      "rewards": [
        3131.0
      ],
      "mean": 3131.0,
      "std": 0.0,
      "min": 3131.0,
      "max": 3131.0,
      "count": 1,
      "ratio_to_perfect": 0.5118522151381396
    },
    "llm_to_or": {
      "rewards": [
        3965.0
      ],
      "mean": 3965.0,
      "std": 0.0,
      "min": 3965.0,
      "max": 3965.0,
      "count": 1,
      "ratio_to_perfect": 0.648193558934118
    },
    "or_to_llm": {
      "rewards": [
        3871.0
      ],
      "mean": 3871.0,
      "std": 0.0,
      "min": 3871.0,
      "max": 3871.0,
      "count": 1,
      "ratio_to_perfect": 0.6328265489619095
    },
    "perfect_score": {
      "rewards": [
        6117.0
      ],
      "mean": 6117.0,
      "std": 0.0,
      "min": 6117.0,
      "max": 6117.0,
      "count": 1,
      "ratio_to_perfect": 1.0
    }
  },
  "errors": {}
}