{
  "instance_dir": "/shared/share_malatown/OR_Agent/examples/benchmark/real_trajectory/lead_time_0/695584001",
  "instance_name": "695584001",
  "promised_lead_time": 0,
  "model": "x-ai/grok-4.1-fast",
  "num_runs_llm": 1,
  "num_runs_deterministic": 1,
  "max_periods": null,
  "summary": {
    "perfect_score": 10612.0,
    "ratios": {
      "or": 0.7940067847719563,
      "llm": 0.6797022238974746,
      "llm_to_or": 0.7971164719185827,
      "or_to_llm": 0.7542404824726724,
      "perfect_score": 1.0
    },
    "warnings": null
  },
  "results": {
    "or": {
      "rewards": [
        8426.0
      ],
      "mean": 8426.0,
      "std": 0.0,
      "min": 8426.0,
      "max": 8426.0,
      "count": 1,
      "ratio_to_perfect": 0.7940067847719563
    },
    "llm": {
      "rewards": [
        7213.0
      ],
      "mean": 7213.0,
      "std": 0.0,
      "min": 7213.0,
      "max": 7213.0,
      "count": 1,
      "ratio_to_perfect": 0.6797022238974746
    },
    "llm_to_or": {
      "rewards": [
        8459.0
      ],
      "mean": 8459.0,
      "std": 0.0,
      "min": 8459.0,
      "max": 8459.0,
      "count": 1,
      "ratio_to_perfect": 0.7971164719185827
    },
    "or_to_llm": {
      "rewards": [
        8004.0
      ],
      "mean": 8004.0,
      "std": 0.0,
      "min": 8004.0,
      "max": 8004.0,
      "count": 1,
      "ratio_to_perfect": 0.7542404824726724
    },
    "perfect_score": {
      "rewards": [
        10612.0
      ],
      "mean": 10612.0,
      "std": 0.0,
      "min": 10612.0,
      "max": 10612.0,
      "count": 1,
      "ratio_to_perfect": 1.0
    }
  },
  "errors": {}
}