{
  "instance_dir": "/shared/share_malatown/OR-Agent-GPT5mini-benchmark/examples/benchmark/real_trajectory/lead_time_0/610776001",
  "instance_name": "610776001",
  "promised_lead_time": 0,
  "model": "openai/gpt-5-mini",
  "num_runs_llm": 1,
  "num_runs_deterministic": 1,
  "max_periods": null,
  "summary": {
    "perfect_score": 33416.0,
    "ratios": {
      "or": 0.7215106535791238,
      "llm": 0.8814938951400527,
      "llm_to_or": 0.8528249940148432,
      "or_to_llm": 0.8878980129279387,
      "perfect_score": 1.0
    },
    "warnings": null
  },
  "results": {
    "or": {
      "rewards": [
        24110.0
      ],
      "mean": 24110.0,
      "std": 0.0,
      "min": 24110.0,
      "max": 24110.0,
      "count": 1,
      "ratio_to_perfect": 0.7215106535791238
    },
    "llm": {
      "rewards": [
        29456.0
      ],
      "mean": 29456.0,
      "std": 0.0,
      "min": 29456.0,
      "max": 29456.0,
      "count": 1,
      "ratio_to_perfect": 0.8814938951400527
    },
    "llm_to_or": {
      "rewards": [
        28498.0
      ],
      "mean": 28498.0,
      "std": 0.0,
      "min": 28498.0,
      "max": 28498.0,
      "count": 1,
      "ratio_to_perfect": 0.8528249940148432
    },
    "or_to_llm": {
      "rewards": [
        29670.0
      ],
      "mean": 29670.0,
      "std": 0.0,
      "min": 29670.0,
      "max": 29670.0,
      "count": 1,
      "ratio_to_perfect": 0.8878980129279387
    },
    "perfect_score": {
      "rewards": [
        33416.0
      ],
      "mean": 33416.0,
      "std": 0.0,
      "min": 33416.0,
      "max": 33416.0,
      "count": 1,
      "ratio_to_perfect": 1.0
    }
  },
  "errors": {}
}