{
  "instance_dir": "/shared/share_malatown/OR-Agent-GPT5mini-benchmark/examples/benchmark/real_trajectory/lead_time_0/372860002",
  "instance_name": "372860002",
  "promised_lead_time": 0,
  "model": "openai/gpt-5-mini",
  "num_runs_llm": 1,
  "num_runs_deterministic": 1,
  "max_periods": null,
  "summary": {
    "perfect_score": 215821.0,
    "ratios": {
      "or": 0.9280978218060337,
      "llm": 0.9217777695404988,
      "llm_to_or": 0.9418870267490188,
      "or_to_llm": 0.9371006528558389,
      "perfect_score": 1.0
    },
    "warnings": null
  },
  "results": {
    "or": {
      "rewards": [
        200303.0
      ],
      "mean": 200303.0,
      "std": 0.0,
      "min": 200303.0,
      "max": 200303.0,
      "count": 1,
      "ratio_to_perfect": 0.9280978218060337
    },
    "llm": {
      "rewards": [
        198939.0
      ],
      "mean": 198939.0,
      "std": 0.0,
      "min": 198939.0,
      "max": 198939.0,
      "count": 1,
      "ratio_to_perfect": 0.9217777695404988
    },
    "llm_to_or": {
      "rewards": [
        203279.0
      ],
      "mean": 203279.0,
      "std": 0.0,
      "min": 203279.0,
      "max": 203279.0,
      "count": 1,
      "ratio_to_perfect": 0.9418870267490188
    },
    "or_to_llm": {
      "rewards": [
        202246.0
      ],
      "mean": 202246.0,
      "std": 0.0,
      "min": 202246.0,
      "max": 202246.0,
      "count": 1,
      "ratio_to_perfect": 0.9371006528558389
    },
    "perfect_score": {
      "rewards": [
        215821.0
      ],
      "mean": 215821.0,
      "std": 0.0,
      "min": 215821.0,
      "max": 215821.0,
      "count": 1,
      "ratio_to_perfect": 1.0
    }
  },
  "errors": {}
}