{
  "instance_dir": "D:\\TextArena\\examples\\benchmark\\synthetic_trajectory\\lead_time_4\\p01_stationary_iid\\v1_normal_100_25\\r1_med",
  "instance_name": "r1_med",
  "promised_lead_time": 4,
  "model": "openai/gpt-5-mini",
  "num_runs_llm": 1,
  "num_runs_deterministic": 1,
  "max_periods": null,
  "summary": {
    "perfect_score": 20488.0,
    "ratios": {
      "or": 0.7699140960562281,
      "llm": 0.6557985162046076,
      "llm_to_or": 0.764789144865287,
      "or_to_llm": 0.693820773135494,
      "perfect_score": 1.0
    },
    "warnings": null
  },
  "results": {
    "or": {
      "rewards": [
        15774.0
      ],
      "mean": 15774.0,
      "std": 0.0,
      "min": 15774.0,
      "max": 15774.0,
      "count": 1,
      "ratio_to_perfect": 0.7699140960562281
    },
    "llm": {
      "rewards": [
        13436.0
      ],
      "mean": 13436.0,
      "std": 0.0,
      "min": 13436.0,
      "max": 13436.0,
      "count": 1,
      "ratio_to_perfect": 0.6557985162046076
    },
    "llm_to_or": {
      "rewards": [
        15669.0
      ],
      "mean": 15669.0,
      "std": 0.0,
      "min": 15669.0,
      "max": 15669.0,
      "count": 1,
      "ratio_to_perfect": 0.764789144865287
    },
    "or_to_llm": {
      "rewards": [
        14215.0
      ],
      "mean": 14215.0,
      "std": 0.0,
      "min": 14215.0,
      "max": 14215.0,
      "count": 1,
      "ratio_to_perfect": 0.693820773135494
    },
    "perfect_score": {
      "rewards": [
        20488.0
      ],
      "mean": 20488.0,
      "std": 0.0,
      "min": 20488.0,
      "max": 20488.0,
      "count": 1,
      "ratio_to_perfect": 1.0
    }
  },
  "errors": {}
}