{
  "instance_dir": "D:\\TextArena\\examples\\benchmark\\real_trajectory\\lead_time_4\\554479001",
  "instance_name": "554479001",
  "promised_lead_time": 4,
  "model": "google/gemini-3-flash-preview",
  "num_runs_llm": 1,
  "num_runs_deterministic": 1,
  "max_periods": null,
  "summary": {
    "perfect_score": 7317.0,
    "ratios": {
      "or": -1.7742244089107557,
      "llm": -2.853081864151975,
      "llm_to_or": -4.3553368867022,
      "or_to_llm": -2.053573869072024,
      "perfect_score": 1.0
    },
    "warnings": null
  },
  "results": {
    "or": {
      "rewards": [
        -12982.0
      ],
      "mean": -12982.0,
      "std": 0.0,
      "min": -12982.0,
      "max": -12982.0,
      "count": 1,
      "ratio_to_perfect": -1.7742244089107557
    },
    "llm": {
      "rewards": [
        -20876.0
      ],
      "mean": -20876.0,
      "std": 0.0,
      "min": -20876.0,
      "max": -20876.0,
      "count": 1,
      "ratio_to_perfect": -2.853081864151975
    },
    "llm_to_or": {
      "rewards": [
        -31868.0
      ],
      "mean": -31868.0,
      "std": 0.0,
      "min": -31868.0,
      "max": -31868.0,
      "count": 1,
      "ratio_to_perfect": -4.3553368867022
    },
    "or_to_llm": {
      "rewards": [
        -15026.0
      ],
      "mean": -15026.0,
      "std": 0.0,
      "min": -15026.0,
      "max": -15026.0,
      "count": 1,
      "ratio_to_perfect": -2.053573869072024
    },
    "perfect_score": {
      "rewards": [
        7317.0
      ],
      "mean": 7317.0,
      "std": 0.0,
      "min": 7317.0,
      "max": 7317.0,
      "count": 1,
      "ratio_to_perfect": 1.0
    }
  },
  "errors": {}
}