{
  "instance_dir": "D:\\TextArena\\examples\\benchmark\\synthetic_trajectory\\lead_time_0\\p04_increasing_trend\\v3_exp_1_05\\r2_low",
  "instance_name": "r2_low",
  "promised_lead_time": 0,
  "model": "openai/gpt-5-mini",
  "num_runs_llm": 1,
  "num_runs_deterministic": 1,
  "max_periods": null,
  "summary": {
    "perfect_score": 21969.0,
    "ratios": {
      "or": 0.4607401338249351,
      "llm": 0.9003140789294005,
      "llm_to_or": 0.6582912285493195,
      "or_to_llm": 0.8693613728435523,
      "perfect_score": 1.0
    },
    "warnings": null
  },
  "results": {
    "or": {
      "rewards": [
        10122.0
      ],
      "mean": 10122.0,
      "std": 0.0,
      "min": 10122.0,
      "max": 10122.0,
      "count": 1,
      "ratio_to_perfect": 0.4607401338249351
    },
    "llm": {
      "rewards": [
        19779.0
      ],
      "mean": 19779.0,
      "std": 0.0,
      "min": 19779.0,
      "max": 19779.0,
      "count": 1,
      "ratio_to_perfect": 0.9003140789294005
    },
    "llm_to_or": {
      "rewards": [
        14462.0
      ],
      "mean": 14462.0,
      "std": 0.0,
      "min": 14462.0,
      "max": 14462.0,
      "count": 1,
      "ratio_to_perfect": 0.6582912285493195
    },
    "or_to_llm": {
      "rewards": [
        19099.0
      ],
      "mean": 19099.0,
      "std": 0.0,
      "min": 19099.0,
      "max": 19099.0,
      "count": 1,
      "ratio_to_perfect": 0.8693613728435523
    },
    "perfect_score": {
      "rewards": [
        21969.0
      ],
      "mean": 21969.0,
      "std": 0.0,
      "min": 21969.0,
      "max": 21969.0,
      "count": 1,
      "ratio_to_perfect": 1.0
    }
  },
  "errors": {}
}