{
  "instance_dir": "D:\\TextArena\\examples\\benchmark\\real_trajectory\\lead_time_0\\396135007",
  "instance_name": "396135007",
  "promised_lead_time": 0,
  "model": "google/gemini-3-flash-preview",
  "num_runs_llm": 1,
  "num_runs_deterministic": 1,
  "max_periods": null,
  "summary": {
    "perfect_score": 2922.0,
    "ratios": {
      "or": 0.3672142368240931,
      "llm": 0.528747433264887,
      "llm_to_or": 0.6372347707049966,
      "or_to_llm": 0.6649555099247091,
      "perfect_score": 1.0
    },
    "warnings": null
  },
  "results": {
    "or": {
      "rewards": [
        1073.0
      ],
      "mean": 1073.0,
      "std": 0.0,
      "min": 1073.0,
      "max": 1073.0,
      "count": 1,
      "ratio_to_perfect": 0.3672142368240931
    },
    "llm": {
      "rewards": [
        1545.0
      ],
      "mean": 1545.0,
      "std": 0.0,
      "min": 1545.0,
      "max": 1545.0,
      "count": 1,
      "ratio_to_perfect": 0.528747433264887
    },
    "llm_to_or": {
      "rewards": [
        1862.0
      ],
      "mean": 1862.0,
      "std": 0.0,
      "min": 1862.0,
      "max": 1862.0,
      "count": 1,
      "ratio_to_perfect": 0.6372347707049966
    },
    "or_to_llm": {
      "rewards": [
        1943.0
      ],
      "mean": 1943.0,
      "std": 0.0,
      "min": 1943.0,
      "max": 1943.0,
      "count": 1,
      "ratio_to_perfect": 0.6649555099247091
    },
    "perfect_score": {
      "rewards": [
        2922.0
      ],
      "mean": 2922.0,
      "std": 0.0,
      "min": 2922.0,
      "max": 2922.0,
      "count": 1,
      "ratio_to_perfect": 1.0
    }
  },
  "errors": {}
}