{
  "instance_dir": "D:\\TextArena\\examples\\benchmark\\real_trajectory\\lead_time_0\\712587002",
  "instance_name": "712587002",
  "promised_lead_time": 0,
  "model": "google/gemini-3-flash-preview",
  "num_runs_llm": 1,
  "num_runs_deterministic": 1,
  "max_periods": null,
  "summary": {
    "perfect_score": 10264.0,
    "ratios": {
      "or": 0.5675175370226033,
      "llm": 0.877435697583788,
      "llm_to_or": 0.8819173811379579,
      "or_to_llm": 0.8445050662509743,
      "perfect_score": 1.0
    },
    "warnings": null
  },
  "results": {
    "or": {
      "rewards": [
        5825.0
      ],
      "mean": 5825.0,
      "std": 0.0,
      "min": 5825.0,
      "max": 5825.0,
      "count": 1,
      "ratio_to_perfect": 0.5675175370226033
    },
    "llm": {
      "rewards": [
        9006.0
      ],
      "mean": 9006.0,
      "std": 0.0,
      "min": 9006.0,
      "max": 9006.0,
      "count": 1,
      "ratio_to_perfect": 0.877435697583788
    },
    "llm_to_or": {
      "rewards": [
        9052.0
      ],
      "mean": 9052.0,
      "std": 0.0,
      "min": 9052.0,
      "max": 9052.0,
      "count": 1,
      "ratio_to_perfect": 0.8819173811379579
    },
    "or_to_llm": {
      "rewards": [
        8668.0
      ],
      "mean": 8668.0,
      "std": 0.0,
      "min": 8668.0,
      "max": 8668.0,
      "count": 1,
      "ratio_to_perfect": 0.8445050662509743
    },
    "perfect_score": {
      "rewards": [
        10264.0
      ],
      "mean": 10264.0,
      "std": 0.0,
      "min": 10264.0,
      "max": 10264.0,
      "count": 1,
      "ratio_to_perfect": 1.0
    }
  },
  "errors": {}
}