{
  "instance_dir": "/shared/share_malatown/OR_Agent/examples/benchmark/synthetic_trajectory/lead_time_4/p07_seasonal/v1_period10_amp30/r2_med",
  "instance_name": "r2_med",
  "promised_lead_time": 4,
  "model": "x-ai/grok-4.1-fast",
  "num_runs_llm": 1,
  "num_runs_deterministic": 1,
  "max_periods": null,
  "summary": {
    "perfect_score": 19216.0,
    "ratios": {
      "or": 0.600176935886761,
      "llm": 0.41475853455453787,
      "llm_to_or": 0.5275811823480433,
      "or_to_llm": 0.5579725228975854,
      "perfect_score": 1.0
    },
    "warnings": null
  },
  "results": {
    "or": {
      "rewards": [
        11533.0
      ],
      "mean": 11533.0,
      "std": 0.0,
      "min": 11533.0,
      "max": 11533.0,
      "count": 1,
      "ratio_to_perfect": 0.600176935886761
    },
    "llm": {
      "rewards": [
        7970.0
      ],
      "mean": 7970.0,
      "std": 0.0,
      "min": 7970.0,
      "max": 7970.0,
      "count": 1,
      "ratio_to_perfect": 0.41475853455453787
    },
    "llm_to_or": {
      "rewards": [
        10138.0
      ],
      "mean": 10138.0,
      "std": 0.0,
      "min": 10138.0,
      "max": 10138.0,
      "count": 1,
      "ratio_to_perfect": 0.5275811823480433
    },
    "or_to_llm": {
      "rewards": [
        10722.0
      ],
      "mean": 10722.0,
      "std": 0.0,
      "min": 10722.0,
      "max": 10722.0,
      "count": 1,
      "ratio_to_perfect": 0.5579725228975854
    },
    "perfect_score": {
      "rewards": [
        19216.0
      ],
      "mean": 19216.0,
      "std": 0.0,
      "min": 19216.0,
      "max": 19216.0,
      "count": 1,
      "ratio_to_perfect": 1.0
    }
  },
  "errors": {}
}