{
  "instance_dir": "D:\\TextArena\\examples\\benchmark\\synthetic_trajectory\\lead_time_0\\p07_seasonal\\v3_period25_amp40\\r1_med",
  "instance_name": "r1_med",
  "promised_lead_time": 0,
  "model": "openai/gpt-5-mini",
  "num_runs_llm": 1,
  "num_runs_deterministic": 1,
  "max_periods": null,
  "summary": {
    "perfect_score": 19948.0,
    "ratios": {
      "or": 0.8577802285943453,
      "llm": 0.8545718869059555,
      "llm_to_or": 0.8476037698014839,
      "or_to_llm": 0.8218869059554843,
      "perfect_score": 1.0
    },
    "warnings": null
  },
  "results": {
    "or": {
      "rewards": [
        17111.0
      ],
      "mean": 17111.0,
      "std": 0.0,
      "min": 17111.0,
      "max": 17111.0,
      "count": 1,
      "ratio_to_perfect": 0.8577802285943453
    },
    "llm": {
      "rewards": [
        17047.0
      ],
      "mean": 17047.0,
      "std": 0.0,
      "min": 17047.0,
      "max": 17047.0,
      "count": 1,
      "ratio_to_perfect": 0.8545718869059555
    },
    "llm_to_or": {
      "rewards": [
        16908.0
      ],
      "mean": 16908.0,
      "std": 0.0,
      "min": 16908.0,
      "max": 16908.0,
      "count": 1,
      "ratio_to_perfect": 0.8476037698014839
    },
    "or_to_llm": {
      "rewards": [
        16395.0
      ],
      "mean": 16395.0,
      "std": 0.0,
      "min": 16395.0,
      "max": 16395.0,
      "count": 1,
      "ratio_to_perfect": 0.8218869059554843
    },
    "perfect_score": {
      "rewards": [
        19948.0
      ],
      "mean": 19948.0,
      "std": 0.0,
      "min": 19948.0,
      "max": 19948.0,
      "count": 1,
      "ratio_to_perfect": 1.0
    }
  },
  "errors": {}
}