{
  "instance_dir": "D:\\TextArena\\examples\\benchmark\\synthetic_trajectory\\lead_time_stochastic\\p04_increasing_trend\\v2_linear_50_3t\\r2_high",
  "instance_name": "r2_high",
  "promised_lead_time": 2,
  "model": "google/gemini-3-flash-preview",
  "num_runs_llm": 1,
  "num_runs_deterministic": 1,
  "max_periods": null,
  "summary": {
    "perfect_score": 122816.0,
    "ratios": {
      "or": 0.10264134966128191,
      "llm": 0.6767929260031267,
      "llm_to_or": 0.4158415841584158,
      "or_to_llm": 0.5417290906722251,
      "perfect_score": 1.0
    },
    "warnings": null
  },
  "results": {
    "or": {
      "rewards": [
        12606.0
      ],
      "mean": 12606.0,
      "std": 0.0,
      "min": 12606.0,
      "max": 12606.0,
      "count": 1,
      "ratio_to_perfect": 0.10264134966128191
    },
    "llm": {
      "rewards": [
        83121.0
      ],
      "mean": 83121.0,
      "std": 0.0,
      "min": 83121.0,
      "max": 83121.0,
      "count": 1,
      "ratio_to_perfect": 0.6767929260031267
    },
    "llm_to_or": {
      "rewards": [
        51072.0
      ],
      "mean": 51072.0,
      "std": 0.0,
      "min": 51072.0,
      "max": 51072.0,
      "count": 1,
      "ratio_to_perfect": 0.4158415841584158
    },
    "or_to_llm": {
      "rewards": [
        66533.0
      ],
      "mean": 66533.0,
      "std": 0.0,
      "min": 66533.0,
      "max": 66533.0,
      "count": 1,
      "ratio_to_perfect": 0.5417290906722251
    },
    "perfect_score": {
      "rewards": [
        122816.0
      ],
      "mean": 122816.0,
      "std": 0.0,
      "min": 122816.0,
      "max": 122816.0,
      "count": 1,
      "ratio_to_perfect": 1.0
    }
  },
  "errors": {}
}