{
  "instance_dir": "D:\\TextArena\\examples\\benchmark\\synthetic_trajectory\\lead_time_0\\p01_stationary_iid\\v2_normal_100_40\\r1_high",
  "instance_name": "r1_high",
  "promised_lead_time": 0,
  "model": "google/gemini-3-flash-preview",
  "num_runs_llm": 1,
  "num_runs_deterministic": 1,
  "max_periods": null,
  "summary": {
    "perfect_score": 88464.0,
    "ratios": {
      "or": 0.9599385060589618,
      "llm": 0.9508839754024235,
      "llm_to_or": 0.9559029661783325,
      "or_to_llm": 0.9590567914631941,
      "perfect_score": 1.0
    },
    "warnings": null
  },
  "results": {
    "or": {
      "rewards": [
        84920.0
      ],
      "mean": 84920.0,
      "std": 0.0,
      "min": 84920.0,
      "max": 84920.0,
      "count": 1,
      "ratio_to_perfect": 0.9599385060589618
    },
    "llm": {
      "rewards": [
        84119.0
      ],
      "mean": 84119.0,
      "std": 0.0,
      "min": 84119.0,
      "max": 84119.0,
      "count": 1,
      "ratio_to_perfect": 0.9508839754024235
    },
    "llm_to_or": {
      "rewards": [
        84563.0
      ],
      "mean": 84563.0,
      "std": 0.0,
      "min": 84563.0,
      "max": 84563.0,
      "count": 1,
      "ratio_to_perfect": 0.9559029661783325
    },
    "or_to_llm": {
      "rewards": [
        84842.0
      ],
      "mean": 84842.0,
      "std": 0.0,
      "min": 84842.0,
      "max": 84842.0,
      "count": 1,
      "ratio_to_perfect": 0.9590567914631941
    },
    "perfect_score": {
      "rewards": [
        88464.0
      ],
      "mean": 88464.0,
      "std": 0.0,
      "min": 88464.0,
      "max": 88464.0,
      "count": 1,
      "ratio_to_perfect": 1.0
    }
  },
  "errors": {}
}