{
  "instance_dir": "D:\\TextArena\\examples\\benchmark\\synthetic_trajectory\\lead_time_4\\p07_seasonal\\v2_period5_amp50\\r1_med",
  "instance_name": "r1_med",
  "promised_lead_time": 4,
  "model": "google/gemini-3-flash-preview",
  "num_runs_llm": 1,
  "num_runs_deterministic": 1,
  "max_periods": null,
  "summary": {
    "perfect_score": 19480.0,
    "ratios": {
      "or": 0.7239733059548255,
      "llm": 0.5871663244353182,
      "llm_to_or": 0.7037987679671458,
      "or_to_llm": 0.6986139630390144,
      "perfect_score": 1.0
    },
    "warnings": null
  },
  "results": {
    "or": {
      "rewards": [
        14103.0
      ],
      "mean": 14103.0,
      "std": 0.0,
      "min": 14103.0,
      "max": 14103.0,
      "count": 1,
      "ratio_to_perfect": 0.7239733059548255
    },
    "llm": {
      "rewards": [
        11438.0
      ],
      "mean": 11438.0,
      "std": 0.0,
      "min": 11438.0,
      "max": 11438.0,
      "count": 1,
      "ratio_to_perfect": 0.5871663244353182
    },
    "llm_to_or": {
      "rewards": [
        13710.0
      ],
      "mean": 13710.0,
      "std": 0.0,
      "min": 13710.0,
      "max": 13710.0,
      "count": 1,
      "ratio_to_perfect": 0.7037987679671458
    },
    "or_to_llm": {
      "rewards": [
        13609.0
      ],
      "mean": 13609.0,
      "std": 0.0,
      "min": 13609.0,
      "max": 13609.0,
      "count": 1,
      "ratio_to_perfect": 0.6986139630390144
    },
    "perfect_score": {
      "rewards": [
        19480.0
      ],
      "mean": 19480.0,
      "std": 0.0,
      "min": 19480.0,
      "max": 19480.0,
      "count": 1,
      "ratio_to_perfect": 1.0
    }
  },
  "errors": {}
}