{
  "instance_dir": "/shared/share_malatown/OR-Agent-GPT5mini-benchmark/examples/benchmark/real_trajectory/lead_time_0/568601006",
  "instance_name": "568601006",
  "promised_lead_time": 0,
  "model": "openai/gpt-5-mini",
  "num_runs_llm": 1,
  "num_runs_deterministic": 1,
  "max_periods": null,
  "summary": {
    "perfect_score": 42756.0,
    "ratios": {
      "or": 0.7957947422583965,
      "llm": 0.8331462250912153,
      "llm_to_or": 0.8106698475067827,
      "or_to_llm": 0.8361867340256338,
      "perfect_score": 1.0
    },
    "warnings": null
  },
  "results": {
    "or": {
      "rewards": [
        34025.0
      ],
      "mean": 34025.0,
      "std": 0.0,
      "min": 34025.0,
      "max": 34025.0,
      "count": 1,
      "ratio_to_perfect": 0.7957947422583965
    },
    "llm": {
      "rewards": [
        35622.0
      ],
      "mean": 35622.0,
      "std": 0.0,
      "min": 35622.0,
      "max": 35622.0,
      "count": 1,
      "ratio_to_perfect": 0.8331462250912153
    },
    "llm_to_or": {
      "rewards": [
        34661.0
      ],
      "mean": 34661.0,
      "std": 0.0,
      "min": 34661.0,
      "max": 34661.0,
      "count": 1,
      "ratio_to_perfect": 0.8106698475067827
    },
    "or_to_llm": {
      "rewards": [
        35752.0
      ],
      "mean": 35752.0,
      "std": 0.0,
      "min": 35752.0,
      "max": 35752.0,
      "count": 1,
      "ratio_to_perfect": 0.8361867340256338
    },
    "perfect_score": {
      "rewards": [
        42756.0
      ],
      "mean": 42756.0,
      "std": 0.0,
      "min": 42756.0,
      "max": 42756.0,
      "count": 1,
      "ratio_to_perfect": 1.0
    }
  },
  "errors": {}
}