{
  "instance_dir": "D:\\TextArena\\examples\\benchmark\\real_trajectory\\lead_time_stochastic\\399223034",
  "instance_name": "399223034",
  "promised_lead_time": 2,
  "model": "google/gemini-3-flash-preview",
  "num_runs_llm": 1,
  "num_runs_deterministic": 1,
  "max_periods": null,
  "summary": {
    "perfect_score": 11688.0,
    "ratios": {
      "or": 0.19977754962354552,
      "llm": 0.4118754277891855,
      "llm_to_or": 0.28901437371663247,
      "or_to_llm": 0.40580082135523615,
      "perfect_score": 1.0
    },
    "warnings": null
  },
  "results": {
    "or": {
      "rewards": [
        2335.0
      ],
      "mean": 2335.0,
      "std": 0.0,
      "min": 2335.0,
      "max": 2335.0,
      "count": 1,
      "ratio_to_perfect": 0.19977754962354552
    },
    "llm": {
      "rewards": [
        4814.0
      ],
      "mean": 4814.0,
      "std": 0.0,
      "min": 4814.0,
      "max": 4814.0,
      "count": 1,
      "ratio_to_perfect": 0.4118754277891855
    },
    "llm_to_or": {
      "rewards": [
        3378.0
      ],
      "mean": 3378.0,
      "std": 0.0,
      "min": 3378.0,
      "max": 3378.0,
      "count": 1,
      "ratio_to_perfect": 0.28901437371663247
    },
    "or_to_llm": {
      "rewards": [
        4743.0
      ],
      "mean": 4743.0,
      "std": 0.0,
      "min": 4743.0,
      "max": 4743.0,
      "count": 1,
      "ratio_to_perfect": 0.40580082135523615
    },
    "perfect_score": {
      "rewards": [
        11688.0
      ],
      "mean": 11688.0,
      "std": 0.0,
      "min": 11688.0,
      "max": 11688.0,
      "count": 1,
      "ratio_to_perfect": 1.0
    }
  },
  "errors": {}
}