{
  "instance_dir": "/shared/share_malatown/OR_Agent/examples/benchmark/real_trajectory/lead_time_4/685814003",
  "instance_name": "685814003",
  "promised_lead_time": 4,
  "model": "x-ai/grok-4.1-fast",
  "num_runs_llm": 1,
  "num_runs_deterministic": 1,
  "max_periods": null,
  "summary": {
    "perfect_score": 3828.0,
    "ratios": {
      "or": -0.36468129571577845,
      "llm": -0.7706374085684431,
      "llm_to_or": -0.44200626959247646,
      "or_to_llm": -0.4610762800417973,
      "perfect_score": 1.0
    },
    "warnings": null
  },
  "results": {
    "or": {
      "rewards": [
        -1396.0
      ],
      "mean": -1396.0,
      "std": 0.0,
      "min": -1396.0,
      "max": -1396.0,
      "count": 1,
      "ratio_to_perfect": -0.36468129571577845
    },
    "llm": {
      "rewards": [
        -2950.0
      ],
      "mean": -2950.0,
      "std": 0.0,
      "min": -2950.0,
      "max": -2950.0,
      "count": 1,
      "ratio_to_perfect": -0.7706374085684431
    },
    "llm_to_or": {
      "rewards": [
        -1692.0
      ],
      "mean": -1692.0,
      "std": 0.0,
      "min": -1692.0,
      "max": -1692.0,
      "count": 1,
      "ratio_to_perfect": -0.44200626959247646
    },
    "or_to_llm": {
      "rewards": [
        -1765.0
      ],
      "mean": -1765.0,
      "std": 0.0,
      "min": -1765.0,
      "max": -1765.0,
      "count": 1,
      "ratio_to_perfect": -0.4610762800417973
    },
    "perfect_score": {
      "rewards": [
        3828.0
      ],
      "mean": 3828.0,
      "std": 0.0,
      "min": 3828.0,
      "max": 3828.0,
      "count": 1,
      "ratio_to_perfect": 1.0
    }
  },
  "errors": {}
}