{
  "instance_dir": "D:\\TextArena\\examples\\benchmark\\synthetic_trajectory\\lead_time_0\\p01_stationary_iid\\v3_normal_100_15\\r1_med",
  "instance_name": "r1_med",
  "promised_lead_time": 0,
  "model": "openai/gpt-5-mini",
  "num_runs_llm": 1,
  "num_runs_deterministic": 1,
  "max_periods": null,
  "summary": {
    "perfect_score": 19964.0,
    "ratios": {
      "or": 0.9456020837507514,
      "llm": 0.9127429372871169,
      "llm_to_or": 0.9459527148867962,
      "or_to_llm": 0.9405930675215388,
      "perfect_score": 1.0
    },
    "warnings": null
  },
  "results": {
    "or": {
      "rewards": [
        18878.0
      ],
      "mean": 18878.0,
      "std": 0.0,
      "min": 18878.0,
      "max": 18878.0,
      "count": 1,
      "ratio_to_perfect": 0.9456020837507514
    },
    "llm": {
      "rewards": [
        18222.0
      ],
      "mean": 18222.0,
      "std": 0.0,
      "min": 18222.0,
      "max": 18222.0,
      "count": 1,
      "ratio_to_perfect": 0.9127429372871169
    },
    "llm_to_or": {
      "rewards": [
        18885.0
      ],
      "mean": 18885.0,
      "std": 0.0,
      "min": 18885.0,
      "max": 18885.0,
      "count": 1,
      "ratio_to_perfect": 0.9459527148867962
    },
    "or_to_llm": {
      "rewards": [
        18778.0
      ],
      "mean": 18778.0,
      "std": 0.0,
      "min": 18778.0,
      "max": 18778.0,
      "count": 1,
      "ratio_to_perfect": 0.9405930675215388
    },
    "perfect_score": {
      "rewards": [
        19964.0
      ],
      "mean": 19964.0,
      "std": 0.0,
      "min": 19964.0,
      "max": 19964.0,
      "count": 1,
      "ratio_to_perfect": 1.0
    }
  },
  "errors": {}
}