{
  "instance_dir": "/shared/share_malatown/OR_Agent/examples/benchmark/synthetic_trajectory/lead_time_0/p06_variance_change/v4_uniform_to_normal/r1_med",
  "instance_name": "r1_med",
  "promised_lead_time": 0,
  "model": "x-ai/grok-4.1-fast",
  "num_runs_llm": 1,
  "num_runs_deterministic": 1,
  "max_periods": null,
  "summary": {
    "perfect_score": 20544.0,
    "ratios": {
      "or": 0.9291277258566978,
      "llm": 0.9258177570093458,
      "llm_to_or": 0.9255743769470405,
      "or_to_llm": 0.9286409657320872,
      "perfect_score": 1.0
    },
    "warnings": null
  },
  "results": {
    "or": {
      "rewards": [
        19088.0
      ],
      "mean": 19088.0,
      "std": 0.0,
      "min": 19088.0,
      "max": 19088.0,
      "count": 1,
      "ratio_to_perfect": 0.9291277258566978
    },
    "llm": {
      "rewards": [
        19020.0
      ],
      "mean": 19020.0,
      "std": 0.0,
      "min": 19020.0,
      "max": 19020.0,
      "count": 1,
      "ratio_to_perfect": 0.9258177570093458
    },
    "llm_to_or": {
      "rewards": [
        19015.0
      ],
      "mean": 19015.0,
      "std": 0.0,
      "min": 19015.0,
      "max": 19015.0,
      "count": 1,
      "ratio_to_perfect": 0.9255743769470405
    },
    "or_to_llm": {
      "rewards": [
        19078.0
      ],
      "mean": 19078.0,
      "std": 0.0,
      "min": 19078.0,
      "max": 19078.0,
      "count": 1,
      "ratio_to_perfect": 0.9286409657320872
    },
    "perfect_score": {
      "rewards": [
        20544.0
      ],
      "mean": 20544.0,
      "std": 0.0,
      "min": 20544.0,
      "max": 20544.0,
      "count": 1,
      "ratio_to_perfect": 1.0
    }
  },
  "errors": {}
}