{
  "instance_dir": "D:\\TextArena\\examples\\benchmark\\synthetic_trajectory\\lead_time_stochastic\\p06_variance_change\\v2_var_increase\\r1_high",
  "instance_name": "r1_high",
  "promised_lead_time": 2,
  "model": "google/gemini-3-flash-preview",
  "num_runs_llm": 1,
  "num_runs_deterministic": 1,
  "max_periods": null,
  "summary": {
    "perfect_score": 99541.0,
    "ratios": {
      "or": 0.14658281512140725,
      "llm": 0.7419656222059252,
      "llm_to_or": 0.5176359490059372,
      "or_to_llm": 0.6625812479279894,
      "perfect_score": 1.0
    },
    "warnings": null
  },
  "results": {
    "or": {
      "rewards": [
        14591.0
      ],
      "mean": 14591.0,
      "std": 0.0,
      "min": 14591.0,
      "max": 14591.0,
      "count": 1,
      "ratio_to_perfect": 0.14658281512140725
    },
    "llm": {
      "rewards": [
        73856.0
      ],
      "mean": 73856.0,
      "std": 0.0,
      "min": 73856.0,
      "max": 73856.0,
      "count": 1,
      "ratio_to_perfect": 0.7419656222059252
    },
    "llm_to_or": {
      "rewards": [
        51526.0
      ],
      "mean": 51526.0,
      "std": 0.0,
      "min": 51526.0,
      "max": 51526.0,
      "count": 1,
      "ratio_to_perfect": 0.5176359490059372
    },
    "or_to_llm": {
      "rewards": [
        65954.0
      ],
      "mean": 65954.0,
      "std": 0.0,
      "min": 65954.0,
      "max": 65954.0,
      "count": 1,
      "ratio_to_perfect": 0.6625812479279894
    },
    "perfect_score": {
      "rewards": [
        99541.0
      ],
      "mean": 99541.0,
      "std": 0.0,
      "min": 99541.0,
      "max": 99541.0,
      "count": 1,
      "ratio_to_perfect": 1.0
    }
  },
  "errors": {}
}