{
  "instance_dir": "/shared/share_malatown/OR_Agent/examples/benchmark/synthetic_trajectory/lead_time_0/p08_multi_changepoint/v4_mild_fluctuations/r1_med",
  "instance_name": "r1_med",
  "promised_lead_time": 0,
  "model": "x-ai/grok-4.1-fast",
  "num_runs_llm": 1,
  "num_runs_deterministic": 1,
  "max_periods": null,
  "summary": {
    "perfect_score": 19756.0,
    "ratios": {
      "or": 0.8924883579671998,
      "llm": 0.8886920429236688,
      "llm_to_or": 0.8912735371532698,
      "or_to_llm": 0.8807450900992103,
      "perfect_score": 1.0
    },
    "warnings": null
  },
  "results": {
    "or": {
      "rewards": [
        17632.0
      ],
      "mean": 17632.0,
      "std": 0.0,
      "min": 17632.0,
      "max": 17632.0,
      "count": 1,
      "ratio_to_perfect": 0.8924883579671998
    },
    "llm": {
      "rewards": [
        17557.0
      ],
      "mean": 17557.0,
      "std": 0.0,
      "min": 17557.0,
      "max": 17557.0,
      "count": 1,
      "ratio_to_perfect": 0.8886920429236688
    },
    "llm_to_or": {
      "rewards": [
        17608.0
      ],
      "mean": 17608.0,
      "std": 0.0,
      "min": 17608.0,
      "max": 17608.0,
      "count": 1,
      "ratio_to_perfect": 0.8912735371532698
    },
    "or_to_llm": {
      "rewards": [
        17400.0
      ],
      "mean": 17400.0,
      "std": 0.0,
      "min": 17400.0,
      "max": 17400.0,
      "count": 1,
      "ratio_to_perfect": 0.8807450900992103
    },
    "perfect_score": {
      "rewards": [
        19756.0
      ],
      "mean": 19756.0,
      "std": 0.0,
      "min": 19756.0,
      "max": 19756.0,
      "count": 1,
      "ratio_to_perfect": 1.0
    }
  },
  "errors": {}
}