{
  "instance_dir": "/shared/share_malatown/OR_Agent/examples/benchmark/real_trajectory/lead_time_4/615141002",
  "instance_name": "615141002",
  "promised_lead_time": 4,
  "model": "x-ai/grok-4.1-fast",
  "num_runs_llm": 1,
  "num_runs_deterministic": 1,
  "max_periods": null,
  "summary": {
    "perfect_score": 16508.0,
    "ratios": {
      "or": -0.6224254906711897,
      "llm": -0.9162224376060092,
      "llm_to_or": -1.9316694935788707,
      "or_to_llm": -0.7966440513690332,
      "perfect_score": 1.0
    },
    "warnings": null
  },
  "results": {
    "or": {
      "rewards": [
        -10275.0
      ],
      "mean": -10275.0,
      "std": 0.0,
      "min": -10275.0,
      "max": -10275.0,
      "count": 1,
      "ratio_to_perfect": -0.6224254906711897
    },
    "llm": {
      "rewards": [
        -15125.0
      ],
      "mean": -15125.0,
      "std": 0.0,
      "min": -15125.0,
      "max": -15125.0,
      "count": 1,
      "ratio_to_perfect": -0.9162224376060092
    },
    "llm_to_or": {
      "rewards": [
        -31888.0
      ],
      "mean": -31888.0,
      "std": 0.0,
      "min": -31888.0,
      "max": -31888.0,
      "count": 1,
      "ratio_to_perfect": -1.9316694935788707
    },
    "or_to_llm": {
      "rewards": [
        -13151.0
      ],
      "mean": -13151.0,
      "std": 0.0,
      "min": -13151.0,
      "max": -13151.0,
      "count": 1,
      "ratio_to_perfect": -0.7966440513690332
    },
    "perfect_score": {
      "rewards": [
        16508.0
      ],
      "mean": 16508.0,
      "std": 0.0,
      "min": 16508.0,
      "max": 16508.0,
      "count": 1,
      "ratio_to_perfect": 1.0
    }
  },
  "errors": {}
}