{
  "instance_dir": "/shared/share_malatown/OR-Agent-GPT5mini-benchmark/examples/benchmark/synthetic_trajectory/lead_time_stochastic/p02_mean_increase/v1_100to200/r2_high",
  "instance_name": "r2_high",
  "promised_lead_time": 2,
  "model": "openai/gpt-5-mini",
  "num_runs_llm": 1,
  "num_runs_deterministic": 1,
  "max_periods": null,
  "summary": {
    "perfect_score": 163856.0,
    "ratios": {
      "or": 0.09859266673176448,
      "llm": 0.2875329557660385,
      "llm_to_or": 0.14700102529049897,
      "or_to_llm": 0.16679889659212968,
      "perfect_score": 1.0
    },
    "warnings": null
  },
  "results": {
    "or": {
      "rewards": [
        16155.0
      ],
      "mean": 16155.0,
      "std": 0.0,
      "min": 16155.0,
      "max": 16155.0,
      "count": 1,
      "ratio_to_perfect": 0.09859266673176448
    },
    "llm": {
      "rewards": [
        47114.0
      ],
      "mean": 47114.0,
      "std": 0.0,
      "min": 47114.0,
      "max": 47114.0,
      "count": 1,
      "ratio_to_perfect": 0.2875329557660385
    },
    "llm_to_or": {
      "rewards": [
        24087.0
      ],
      "mean": 24087.0,
      "std": 0.0,
      "min": 24087.0,
      "max": 24087.0,
      "count": 1,
      "ratio_to_perfect": 0.14700102529049897
    },
    "or_to_llm": {
      "rewards": [
        27331.0
      ],
      "mean": 27331.0,
      "std": 0.0,
      "min": 27331.0,
      "max": 27331.0,
      "count": 1,
      "ratio_to_perfect": 0.16679889659212968
    },
    "perfect_score": {
      "rewards": [
        163856.0
      ],
      "mean": 163856.0,
      "std": 0.0,
      "min": 163856.0,
      "max": 163856.0,
      "count": 1,
      "ratio_to_perfect": 1.0
    }
  },
  "errors": {}
}