{
  "instance_dir": "D:\\TextArena\\examples\\benchmark\\real_trajectory\\lead_time_0\\507883009",
  "instance_name": "507883009",
  "promised_lead_time": 0,
  "model": "google/gemini-3-flash-preview",
  "num_runs_llm": 1,
  "num_runs_deterministic": 1,
  "max_periods": null,
  "summary": {
    "perfect_score": 22764.0,
    "ratios": {
      "or": 0.8125109822526797,
      "llm": 0.8451941662273765,
      "llm_to_or": 0.8338165524512388,
      "or_to_llm": 0.8189685468283254,
      "perfect_score": 1.0
    },
    "warnings": null
  },
  "results": {
    "or": {
      "rewards": [
        18496.0
      ],
      "mean": 18496.0,
      "std": 0.0,
      "min": 18496.0,
      "max": 18496.0,
      "count": 1,
      "ratio_to_perfect": 0.8125109822526797
    },
    "llm": {
      "rewards": [
        19240.0
      ],
      "mean": 19240.0,
      "std": 0.0,
      "min": 19240.0,
      "max": 19240.0,
      "count": 1,
      "ratio_to_perfect": 0.8451941662273765
    },
    "llm_to_or": {
      "rewards": [
        18981.0
      ],
      "mean": 18981.0,
      "std": 0.0,
      "min": 18981.0,
      "max": 18981.0,
      "count": 1,
      "ratio_to_perfect": 0.8338165524512388
    },
    "or_to_llm": {
      "rewards": [
        18643.0
      ],
      "mean": 18643.0,
      "std": 0.0,
      "min": 18643.0,
      "max": 18643.0,
      "count": 1,
      "ratio_to_perfect": 0.8189685468283254
    },
    "perfect_score": {
      "rewards": [
        22764.0
      ],
      "mean": 22764.0,
      "std": 0.0,
      "min": 22764.0,
      "max": 22764.0,
      "count": 1,
      "ratio_to_perfect": 1.0
    }
  },
  "errors": {}
}