{
  "instance_dir": "D:\\TextArena\\examples\\benchmark\\synthetic_trajectory\\lead_time_0\\p10_autocorrelated\\v3_phi_0_3\\r2_high",
  "instance_name": "r2_high",
  "promised_lead_time": 0,
  "model": "openai/gpt-5-mini",
  "num_runs_llm": 1,
  "num_runs_deterministic": 1,
  "max_periods": null,
  "summary": {
    "perfect_score": 100738.0,
    "ratios": {
      "or": 0.9637475431316881,
      "llm": 0.9163572832496178,
      "llm_to_or": 0.9540193372907939,
      "or_to_llm": 0.9558061506085092,
      "perfect_score": 1.0
    },
    "warnings": null
  },
  "results": {
    "or": {
      "rewards": [
        97086.0
      ],
      "mean": 97086.0,
      "std": 0.0,
      "min": 97086.0,
      "max": 97086.0,
      "count": 1,
      "ratio_to_perfect": 0.9637475431316881
    },
    "llm": {
      "rewards": [
        92312.0
      ],
      "mean": 92312.0,
      "std": 0.0,
      "min": 92312.0,
      "max": 92312.0,
      "count": 1,
      "ratio_to_perfect": 0.9163572832496178
    },
    "llm_to_or": {
      "rewards": [
        96106.0
      ],
      "mean": 96106.0,
      "std": 0.0,
      "min": 96106.0,
      "max": 96106.0,
      "count": 1,
      "ratio_to_perfect": 0.9540193372907939
    },
    "or_to_llm": {
      "rewards": [
        96286.0
      ],
      "mean": 96286.0,
      "std": 0.0,
      "min": 96286.0,
      "max": 96286.0,
      "count": 1,
      "ratio_to_perfect": 0.9558061506085092
    },
    "perfect_score": {
      "rewards": [
        100738.0
      ],
      "mean": 100738.0,
      "std": 0.0,
      "min": 100738.0,
      "max": 100738.0,
      "count": 1,
      "ratio_to_perfect": 1.0
    }
  },
  "errors": {}
}