{
  "instance_dir": "D:\\TextArena\\examples\\benchmark\\real_trajectory\\lead_time_stochastic\\692226004",
  "instance_name": "692226004",
  "promised_lead_time": 2,
  "model": "google/gemini-3-flash-preview",
  "num_runs_llm": 1,
  "num_runs_deterministic": 1,
  "max_periods": null,
  "summary": {
    "perfect_score": 9932.0,
    "ratios": {
      "or": 0.26429722110350384,
      "llm": -0.7288562223117196,
      "llm_to_or": 0.28584373741441804,
      "or_to_llm": 0.3793797825211438,
      "perfect_score": 1.0
    },
    "warnings": null
  },
  "results": {
    "or": {
      "rewards": [
        2625.0
      ],
      "mean": 2625.0,
      "std": 0.0,
      "min": 2625.0,
      "max": 2625.0,
      "count": 1,
      "ratio_to_perfect": 0.26429722110350384
    },
    "llm": {
      "rewards": [
        -7239.0
      ],
      "mean": -7239.0,
      "std": 0.0,
      "min": -7239.0,
      "max": -7239.0,
      "count": 1,
      "ratio_to_perfect": -0.7288562223117196
    },
    "llm_to_or": {
      "rewards": [
        2839.0
      ],
      "mean": 2839.0,
      "std": 0.0,
      "min": 2839.0,
      "max": 2839.0,
      "count": 1,
      "ratio_to_perfect": 0.28584373741441804
    },
    "or_to_llm": {
      "rewards": [
        3768.0
      ],
      "mean": 3768.0,
      "std": 0.0,
      "min": 3768.0,
      "max": 3768.0,
      "count": 1,
      "ratio_to_perfect": 0.3793797825211438
    },
    "perfect_score": {
      "rewards": [
        9932.0
      ],
      "mean": 9932.0,
      "std": 0.0,
      "min": 9932.0,
      "max": 9932.0,
      "count": 1,
      "ratio_to_perfect": 1.0
    }
  },
  "errors": {}
}