{
  "instance_dir": "/shared/share_malatown/OR-Agent-GPT5mini-benchmark/examples/benchmark/synthetic_trajectory/lead_time_stochastic/p05_decreasing_trend/v2_exp_decay_0_97/r2_high",
  "instance_name": "r2_high",
  "promised_lead_time": 2,
  "model": "openai/gpt-5-mini",
  "num_runs_llm": 1,
  "num_runs_deterministic": 1,
  "max_periods": null,
  "summary": {
    "perfect_score": 96007.0,
    "ratios": {
      "or": 0.20640161654879333,
      "llm": 0.3281531554990782,
      "llm_to_or": 0.31656025081504474,
      "or_to_llm": 0.19140271021904653,
      "perfect_score": 1.0
    },
    "warnings": null
  },
  "results": {
    "or": {
      "rewards": [
        19816.0
      ],
      "mean": 19816.0,
      "std": 0.0,
      "min": 19816.0,
      "max": 19816.0,
      "count": 1,
      "ratio_to_perfect": 0.20640161654879333
    },
    "llm": {
      "rewards": [
        31505.0
      ],
      "mean": 31505.0,
      "std": 0.0,
      "min": 31505.0,
      "max": 31505.0,
      "count": 1,
      "ratio_to_perfect": 0.3281531554990782
    },
    "llm_to_or": {
      "rewards": [
        30392.0
      ],
      "mean": 30392.0,
      "std": 0.0,
      "min": 30392.0,
      "max": 30392.0,
      "count": 1,
      "ratio_to_perfect": 0.31656025081504474
    },
    "or_to_llm": {
      "rewards": [
        18376.0
      ],
      "mean": 18376.0,
      "std": 0.0,
      "min": 18376.0,
      "max": 18376.0,
      "count": 1,
      "ratio_to_perfect": 0.19140271021904653
    },
    "perfect_score": {
      "rewards": [
        96007.0
      ],
      "mean": 96007.0,
      "std": 0.0,
      "min": 96007.0,
      "max": 96007.0,
      "count": 1,
      "ratio_to_perfect": 1.0
    }
  },
  "errors": {}
}