{
  "instance_dir": "/shared/share_malatown/OR_Agent/examples/benchmark/synthetic_trajectory/lead_time_stochastic/p04_increasing_trend/v1_linear_100t/r1_low",
  "instance_name": "r1_low",
  "promised_lead_time": 2,
  "model": "x-ai/grok-4.1-fast",
  "num_runs_llm": 1,
  "num_runs_deterministic": 1,
  "max_periods": null,
  "summary": {
    "perfect_score": 126031.0,
    "ratios": {
      "or": 0.05348684053923241,
      "llm": -0.3860320079980322,
      "llm_to_or": -6.788187033348938,
      "or_to_llm": 0.35949091890090534,
      "perfect_score": 1.0
    },
    "warnings": null
  },
  "results": {
    "or": {
      "rewards": [
        6741.0
      ],
      "mean": 6741.0,
      "std": 0.0,
      "min": 6741.0,
      "max": 6741.0,
      "count": 1,
      "ratio_to_perfect": 0.05348684053923241
    },
    "llm": {
      "rewards": [
        -48652.0
      ],
      "mean": -48652.0,
      "std": 0.0,
      "min": -48652.0,
      "max": -48652.0,
      "count": 1,
      "ratio_to_perfect": -0.3860320079980322
    },
    "llm_to_or": {
      "rewards": [
        -855522.0
      ],
      "mean": -855522.0,
      "std": 0.0,
      "min": -855522.0,
      "max": -855522.0,
      "count": 1,
      "ratio_to_perfect": -6.788187033348938
    },
    "or_to_llm": {
      "rewards": [
        45307.0
      ],
      "mean": 45307.0,
      "std": 0.0,
      "min": 45307.0,
      "max": 45307.0,
      "count": 1,
      "ratio_to_perfect": 0.35949091890090534
    },
    "perfect_score": {
      "rewards": [
        126031.0
      ],
      "mean": 126031.0,
      "std": 0.0,
      "min": 126031.0,
      "max": 126031.0,
      "count": 1,
      "ratio_to_perfect": 1.0
    }
  },
  "errors": {}
}