{
  "instance_dir": "D:\\TextArena\\examples\\benchmark\\synthetic_trajectory\\lead_time_4\\p08_multi_changepoint\\v1_up_then_down\\r2_high",
  "instance_name": "r2_high",
  "promised_lead_time": 4,
  "model": "google/gemini-3-flash-preview",
  "num_runs_llm": 1,
  "num_runs_deterministic": 1,
  "max_periods": null,
  "summary": {
    "perfect_score": 101821.0,
    "ratios": {
      "or": 0.8250262715942683,
      "llm": 0.8033607998350045,
      "llm_to_or": 0.822345095805384,
      "or_to_llm": 0.8419088400231779,
      "perfect_score": 1.0
    },
    "warnings": null
  },
  "results": {
    "or": {
      "rewards": [
        84005.0
      ],
      "mean": 84005.0,
      "std": 0.0,
      "min": 84005.0,
      "max": 84005.0,
      "count": 1,
      "ratio_to_perfect": 0.8250262715942683
    },
    "llm": {
      "rewards": [
        81799.0
      ],
      "mean": 81799.0,
      "std": 0.0,
      "min": 81799.0,
      "max": 81799.0,
      "count": 1,
      "ratio_to_perfect": 0.8033607998350045
    },
    "llm_to_or": {
      "rewards": [
        83732.0
      ],
      "mean": 83732.0,
      "std": 0.0,
      "min": 83732.0,
      "max": 83732.0,
      "count": 1,
      "ratio_to_perfect": 0.822345095805384
    },
    "or_to_llm": {
      "rewards": [
        85724.0
      ],
      "mean": 85724.0,
      "std": 0.0,
      "min": 85724.0,
      "max": 85724.0,
      "count": 1,
      "ratio_to_perfect": 0.8419088400231779
    },
    "perfect_score": {
      "rewards": [
        101821.0
      ],
      "mean": 101821.0,
      "std": 0.0,
      "min": 101821.0,
      "max": 101821.0,
      "count": 1,
      "ratio_to_perfect": 1.0
    }
  },
  "errors": {}
}