{
  "instance_dir": "/shared/share_malatown/OR_Agent/examples/benchmark/real_trajectory/lead_time_4/695632001",
  "instance_name": "695632001",
  "promised_lead_time": 4,
  "model": "x-ai/grok-4.1-fast",
  "num_runs_llm": 1,
  "num_runs_deterministic": 1,
  "max_periods": null,
  "summary": {
    "perfect_score": 133285.0,
    "ratios": {
      "or": 0.6660314363956934,
      "llm": 0.7151217316277151,
      "llm_to_or": 0.7354916157106951,
      "or_to_llm": 0.7064335821735379,
      "perfect_score": 1.0
    },
    "warnings": null
  },
  "results": {
    "or": {
      "rewards": [
        88772.0
      ],
      "mean": 88772.0,
      "std": 0.0,
      "min": 88772.0,
      "max": 88772.0,
      "count": 1,
      "ratio_to_perfect": 0.6660314363956934
    },
    "llm": {
      "rewards": [
        95315.0
      ],
      "mean": 95315.0,
      "std": 0.0,
      "min": 95315.0,
      "max": 95315.0,
      "count": 1,
      "ratio_to_perfect": 0.7151217316277151
    },
    "llm_to_or": {
      "rewards": [
        98030.0
      ],
      "mean": 98030.0,
      "std": 0.0,
      "min": 98030.0,
      "max": 98030.0,
      "count": 1,
      "ratio_to_perfect": 0.7354916157106951
    },
    "or_to_llm": {
      "rewards": [
        94157.0
      ],
      "mean": 94157.0,
      "std": 0.0,
      "min": 94157.0,
      "max": 94157.0,
      "count": 1,
      "ratio_to_perfect": 0.7064335821735379
    },
    "perfect_score": {
      "rewards": [
        133285.0
      ],
      "mean": 133285.0,
      "std": 0.0,
      "min": 133285.0,
      "max": 133285.0,
      "count": 1,
      "ratio_to_perfect": 1.0
    }
  },
  "errors": {}
}