{
  "instance_dir": "D:\\TextArena\\examples\\benchmark\\synthetic_trajectory\\lead_time_4\\p02_mean_increase\\v2_100to150\\r1_low",
  "instance_name": "r1_low",
  "promised_lead_time": 4,
  "model": "openai/gpt-5-mini",
  "num_runs_llm": 1,
  "num_runs_deterministic": 1,
  "max_periods": null,
  "summary": {
    "perfect_score": 7093.0,
    "ratios": {
      "or": 0.5636543070633019,
      "llm": 0.18454814605949527,
      "llm_to_or": 0.39235866347102777,
      "or_to_llm": 0.31270266459890034,
      "perfect_score": 1.0
    },
    "warnings": null
  },
  "results": {
    "or": {
      "rewards": [
        3998.0
      ],
      "mean": 3998.0,
      "std": 0.0,
      "min": 3998.0,
      "max": 3998.0,
      "count": 1,
      "ratio_to_perfect": 0.5636543070633019
    },
    "llm": {
      "rewards": [
        1309.0
      ],
      "mean": 1309.0,
      "std": 0.0,
      "min": 1309.0,
      "max": 1309.0,
      "count": 1,
      "ratio_to_perfect": 0.18454814605949527
    },
    "llm_to_or": {
      "rewards": [
        2783.0
      ],
      "mean": 2783.0,
      "std": 0.0,
      "min": 2783.0,
      "max": 2783.0,
      "count": 1,
      "ratio_to_perfect": 0.39235866347102777
    },
    "or_to_llm": {
      "rewards": [
        2218.0
      ],
      "mean": 2218.0,
      "std": 0.0,
      "min": 2218.0,
      "max": 2218.0,
      "count": 1,
      "ratio_to_perfect": 0.31270266459890034
    },
    "perfect_score": {
      "rewards": [
        7093.0
      ],
      "mean": 7093.0,
      "std": 0.0,
      "min": 7093.0,
      "max": 7093.0,
      "count": 1,
      "ratio_to_perfect": 1.0
    }
  },
  "errors": {}
}