{
  "instance_dir": "D:\\TextArena\\examples\\benchmark\\synthetic_trajectory\\lead_time_4\\p03_mean_decrease\\v4_150to80\\r1_med",
  "instance_name": "r1_med",
  "promised_lead_time": 4,
  "model": "google/gemini-3-flash-preview",
  "num_runs_llm": 1,
  "num_runs_deterministic": 1,
  "max_periods": null,
  "summary": {
    "perfect_score": 20164.0,
    "ratios": {
      "or": 0.3398631223963499,
      "llm": 0.5225649672683991,
      "llm_to_or": 0.606030549494148,
      "or_to_llm": 0.6032533227534219,
      "perfect_score": 1.0
    },
    "warnings": null
  },
  "results": {
    "or": {
      "rewards": [
        6853.0
      ],
      "mean": 6853.0,
      "std": 0.0,
      "min": 6853.0,
      "max": 6853.0,
      "count": 1,
      "ratio_to_perfect": 0.3398631223963499
    },
    "llm": {
      "rewards": [
        10537.0
      ],
      "mean": 10537.0,
      "std": 0.0,
      "min": 10537.0,
      "max": 10537.0,
      "count": 1,
      "ratio_to_perfect": 0.5225649672683991
    },
    "llm_to_or": {
      "rewards": [
        12220.0
      ],
      "mean": 12220.0,
      "std": 0.0,
      "min": 12220.0,
      "max": 12220.0,
      "count": 1,
      "ratio_to_perfect": 0.606030549494148
    },
    "or_to_llm": {
      "rewards": [
        12164.0
      ],
      "mean": 12164.0,
      "std": 0.0,
      "min": 12164.0,
      "max": 12164.0,
      "count": 1,
      "ratio_to_perfect": 0.6032533227534219
    },
    "perfect_score": {
      "rewards": [
        20164.0
      ],
      "mean": 20164.0,
      "std": 0.0,
      "min": 20164.0,
      "max": 20164.0,
      "count": 1,
      "ratio_to_perfect": 1.0
    }
  },
  "errors": {}
}