{
  "instance_dir": "D:\\TextArena\\examples\\benchmark\\synthetic_trajectory\\lead_time_stochastic\\p09_temp_spike_dip\\v1_temp_surge\\r2_high",
  "instance_name": "r2_high",
  "promised_lead_time": 2,
  "model": "google/gemini-3-flash-preview",
  "num_runs_llm": 1,
  "num_runs_deterministic": 1,
  "max_periods": null,
  "summary": {
    "perfect_score": 115007.0,
    "ratios": {
      "or": 0.12976601424261133,
      "llm": 0.5931117236342136,
      "llm_to_or": 0.34468336709939396,
      "or_to_llm": 0.5682697574930221,
      "perfect_score": 1.0
    },
    "warnings": null
  },
  "results": {
    "or": {
      "rewards": [
        14924.0
      ],
      "mean": 14924.0,
      "std": 0.0,
      "min": 14924.0,
      "max": 14924.0,
      "count": 1,
      "ratio_to_perfect": 0.12976601424261133
    },
    "llm": {
      "rewards": [
        68212.0
      ],
      "mean": 68212.0,
      "std": 0.0,
      "min": 68212.0,
      "max": 68212.0,
      "count": 1,
      "ratio_to_perfect": 0.5931117236342136
    },
    "llm_to_or": {
      "rewards": [
        39641.0
      ],
      "mean": 39641.0,
      "std": 0.0,
      "min": 39641.0,
      "max": 39641.0,
      "count": 1,
      "ratio_to_perfect": 0.34468336709939396
    },
    "or_to_llm": {
      "rewards": [
        65355.0
      ],
      "mean": 65355.0,
      "std": 0.0,
      "min": 65355.0,
      "max": 65355.0,
      "count": 1,
      "ratio_to_perfect": 0.5682697574930221
    },
    "perfect_score": {
      "rewards": [
        115007.0
      ],
      "mean": 115007.0,
      "std": 0.0,
      "min": 115007.0,
      "max": 115007.0,
      "count": 1,
      "ratio_to_perfect": 1.0
    }
  },
  "errors": {}
}