{
  "instance_dir": "D:\\TextArena\\examples\\benchmark\\synthetic_trajectory\\lead_time_4\\p02_mean_increase\\v2_100to150\\r1_high",
  "instance_name": "r1_high",
  "promised_lead_time": 4,
  "model": "google/gemini-3-flash-preview",
  "num_runs_llm": 1,
  "num_runs_deterministic": 1,
  "max_periods": null,
  "summary": {
    "perfect_score": 134767.0,
    "ratios": {
      "or": 0.8227756053039691,
      "llm": 0.7886574606543145,
      "llm_to_or": 0.8259291963166057,
      "or_to_llm": 0.8310120430075612,
      "perfect_score": 1.0
    },
    "warnings": null
  },
  "results": {
    "or": {
      "rewards": [
        110883.0
      ],
      "mean": 110883.0,
      "std": 0.0,
      "min": 110883.0,
      "max": 110883.0,
      "count": 1,
      "ratio_to_perfect": 0.8227756053039691
    },
    "llm": {
      "rewards": [
        106285.0
      ],
      "mean": 106285.0,
      "std": 0.0,
      "min": 106285.0,
      "max": 106285.0,
      "count": 1,
      "ratio_to_perfect": 0.7886574606543145
    },
    "llm_to_or": {
      "rewards": [
        111308.0
      ],
      "mean": 111308.0,
      "std": 0.0,
      "min": 111308.0,
      "max": 111308.0,
      "count": 1,
      "ratio_to_perfect": 0.8259291963166057
    },
    "or_to_llm": {
      "rewards": [
        111993.0
      ],
      "mean": 111993.0,
      "std": 0.0,
      "min": 111993.0,
      "max": 111993.0,
      "count": 1,
      "ratio_to_perfect": 0.8310120430075612
    },
    "perfect_score": {
      "rewards": [
        134767.0
      ],
      "mean": 134767.0,
      "std": 0.0,
      "min": 134767.0,
      "max": 134767.0,
      "count": 1,
      "ratio_to_perfect": 1.0
    }
  },
  "errors": {}
}