{
  "instance_dir": "/shared/share_malatown/OR-Agent-GPT5mini-benchmark/examples/benchmark/synthetic_trajectory/lead_time_stochastic/p09_temp_spike_dip/v3_surge_new_normal/r2_high",
  "instance_name": "r2_high",
  "promised_lead_time": 2,
  "model": "openai/gpt-5-mini",
  "num_runs_llm": 1,
  "num_runs_deterministic": 1,
  "max_periods": null,
  "summary": {
    "perfect_score": 132449.0,
    "ratios": {
      "or": 0.10375314271908433,
      "llm": 0.2882769971838217,
      "llm_to_or": 0.17393109800753498,
      "or_to_llm": 0.2792622065851762,
      "perfect_score": 1.0
    },
    "warnings": null
  },
  "results": {
    "or": {
      "rewards": [
        13742.0
      ],
      "mean": 13742.0,
      "std": 0.0,
      "min": 13742.0,
      "max": 13742.0,
      "count": 1,
      "ratio_to_perfect": 0.10375314271908433
    },
    "llm": {
      "rewards": [
        38182.0
      ],
      "mean": 38182.0,
      "std": 0.0,
      "min": 38182.0,
      "max": 38182.0,
      "count": 1,
      "ratio_to_perfect": 0.2882769971838217
    },
    "llm_to_or": {
      "rewards": [
        23037.0
      ],
      "mean": 23037.0,
      "std": 0.0,
      "min": 23037.0,
      "max": 23037.0,
      "count": 1,
      "ratio_to_perfect": 0.17393109800753498
    },
    "or_to_llm": {
      "rewards": [
        36988.0
      ],
      "mean": 36988.0,
      "std": 0.0,
      "min": 36988.0,
      "max": 36988.0,
      "count": 1,
      "ratio_to_perfect": 0.2792622065851762
    },
    "perfect_score": {
      "rewards": [
        132449.0
      ],
      "mean": 132449.0,
      "std": 0.0,
      "min": 132449.0,
      "max": 132449.0,
      "count": 1,
      "ratio_to_perfect": 1.0
    }
  },
  "errors": {}
}