{
  "instance_dir": "/shared/share_malatown/OR_Agent/examples/benchmark/synthetic_trajectory/lead_time_4/p07_seasonal/v3_period25_amp40/r2_high",
  "instance_name": "r2_high",
  "promised_lead_time": 4,
  "model": "x-ai/grok-4.1-fast",
  "num_runs_llm": 1,
  "num_runs_deterministic": 1,
  "max_periods": null,
  "summary": {
    "perfect_score": 95817.0,
    "ratios": {
      "or": 0.7965496728138013,
      "llm": 0.7631422398947995,
      "llm_to_or": 0.7779204107830552,
      "or_to_llm": 0.794671091768684,
      "perfect_score": 1.0
    },
    "warnings": null
  },
  "results": {
    "or": {
      "rewards": [
        76323.0
      ],
      "mean": 76323.0,
      "std": 0.0,
      "min": 76323.0,
      "max": 76323.0,
      "count": 1,
      "ratio_to_perfect": 0.7965496728138013
    },
    "llm": {
      "rewards": [
        73122.0
      ],
      "mean": 73122.0,
      "std": 0.0,
      "min": 73122.0,
      "max": 73122.0,
      "count": 1,
      "ratio_to_perfect": 0.7631422398947995
    },
    "llm_to_or": {
      "rewards": [
        74538.0
      ],
      "mean": 74538.0,
      "std": 0.0,
      "min": 74538.0,
      "max": 74538.0,
      "count": 1,
      "ratio_to_perfect": 0.7779204107830552
    },
    "or_to_llm": {
      "rewards": [
        76143.0
      ],
      "mean": 76143.0,
      "std": 0.0,
      "min": 76143.0,
      "max": 76143.0,
      "count": 1,
      "ratio_to_perfect": 0.794671091768684
    },
    "perfect_score": {
      "rewards": [
        95817.0
      ],
      "mean": 95817.0,
      "std": 0.0,
      "min": 95817.0,
      "max": 95817.0,
      "count": 1,
      "ratio_to_perfect": 1.0
    }
  },
  "errors": {}
}