{
  "instance_dir": "D:\\TextArena\\examples\\benchmark\\real_trajectory\\lead_time_stochastic\\574109012",
  "instance_name": "574109012",
  "promised_lead_time": 2,
  "model": "google/gemini-3-flash-preview",
  "num_runs_llm": 1,
  "num_runs_deterministic": 1,
  "max_periods": null,
  "summary": {
    "perfect_score": 47557.0,
    "ratios": {
      "or": 0.18089871102045965,
      "llm": 0.5744475050991442,
      "llm_to_or": 0.40519797295876525,
      "or_to_llm": 0.6037807262863512,
      "perfect_score": 1.0
    },
    "warnings": null
  },
  "results": {
    "or": {
      "rewards": [
        8603.0
      ],
      "mean": 8603.0,
      "std": 0.0,
      "min": 8603.0,
      "max": 8603.0,
      "count": 1,
      "ratio_to_perfect": 0.18089871102045965
    },
    "llm": {
      "rewards": [
        27319.0
      ],
      "mean": 27319.0,
      "std": 0.0,
      "min": 27319.0,
      "max": 27319.0,
      "count": 1,
      "ratio_to_perfect": 0.5744475050991442
    },
    "llm_to_or": {
      "rewards": [
        19270.0
      ],
      "mean": 19270.0,
      "std": 0.0,
      "min": 19270.0,
      "max": 19270.0,
      "count": 1,
      "ratio_to_perfect": 0.40519797295876525
    },
    "or_to_llm": {
      "rewards": [
        28714.0
      ],
      "mean": 28714.0,
      "std": 0.0,
      "min": 28714.0,
      "max": 28714.0,
      "count": 1,
      "ratio_to_perfect": 0.6037807262863512
    },
    "perfect_score": {
      "rewards": [
        47557.0
      ],
      "mean": 47557.0,
      "std": 0.0,
      "min": 47557.0,
      "max": 47557.0,
      "count": 1,
      "ratio_to_perfect": 1.0
    }
  },
  "errors": {}
}