{
  "instance_dir": "D:\\TextArena\\examples\\benchmark\\synthetic_trajectory\\lead_time_stochastic\\p04_increasing_trend\\v3_exp_1_05\\r1_high",
  "instance_name": "r1_high",
  "promised_lead_time": 2,
  "model": "google/gemini-3-flash-preview",
  "num_runs_llm": 1,
  "num_runs_deterministic": 1,
  "max_periods": null,
  "summary": {
    "perfect_score": 414542.0,
    "ratios": {
      "or": 0.09241524381124229,
      "llm": 0.5259418828490238,
      "llm_to_or": 0.18859367687713188,
      "or_to_llm": 0.4746853153600841,
      "perfect_score": 1.0
    },
    "warnings": null
  },
  "results": {
    "or": {
      "rewards": [
        38310.0
      ],
      "mean": 38310.0,
      "std": 0.0,
      "min": 38310.0,
      "max": 38310.0,
      "count": 1,
      "ratio_to_perfect": 0.09241524381124229
    },
    "llm": {
      "rewards": [
        218025.0
      ],
      "mean": 218025.0,
      "std": 0.0,
      "min": 218025.0,
      "max": 218025.0,
      "count": 1,
      "ratio_to_perfect": 0.5259418828490238
    },
    "llm_to_or": {
      "rewards": [
        78180.0
      ],
      "mean": 78180.0,
      "std": 0.0,
      "min": 78180.0,
      "max": 78180.0,
      "count": 1,
      "ratio_to_perfect": 0.18859367687713188
    },
    "or_to_llm": {
      "rewards": [
        196777.0
      ],
      "mean": 196777.0,
      "std": 0.0,
      "min": 196777.0,
      "max": 196777.0,
      "count": 1,
      "ratio_to_perfect": 0.4746853153600841
    },
    "perfect_score": {
      "rewards": [
        414542.0
      ],
      "mean": 414542.0,
      "std": 0.0,
      "min": 414542.0,
      "max": 414542.0,
      "count": 1,
      "ratio_to_perfect": 1.0
    }
  },
  "errors": {}
}