{
  "instance_dir": "/shared/share_malatown/OR_Agent/examples/benchmark/synthetic_trajectory/lead_time_stochastic/p10_autocorrelated/v4_phi_neg_0_3/r1_high",
  "instance_name": "r1_high",
  "promised_lead_time": 2,
  "model": "x-ai/grok-4.1-fast",
  "num_runs_llm": 1,
  "num_runs_deterministic": 1,
  "max_periods": null,
  "summary": {
    "perfect_score": 96900.0,
    "ratios": {
      "or": 0.14332301341589268,
      "llm": 0.6549122807017543,
      "llm_to_or": 0.5502167182662538,
      "or_to_llm": 0.5119195046439629,
      "perfect_score": 1.0
    },
    "warnings": null
  },
  "results": {
    "or": {
      "rewards": [
        13888.0
      ],
      "mean": 13888.0,
      "std": 0.0,
      "min": 13888.0,
      "max": 13888.0,
      "count": 1,
      "ratio_to_perfect": 0.14332301341589268
    },
    "llm": {
      "rewards": [
        63461.0
      ],
      "mean": 63461.0,
      "std": 0.0,
      "min": 63461.0,
      "max": 63461.0,
      "count": 1,
      "ratio_to_perfect": 0.6549122807017543
    },
    "llm_to_or": {
      "rewards": [
        53316.0
      ],
      "mean": 53316.0,
      "std": 0.0,
      "min": 53316.0,
      "max": 53316.0,
      "count": 1,
      "ratio_to_perfect": 0.5502167182662538
    },
    "or_to_llm": {
      "rewards": [
        49605.0
      ],
      "mean": 49605.0,
      "std": 0.0,
      "min": 49605.0,
      "max": 49605.0,
      "count": 1,
      "ratio_to_perfect": 0.5119195046439629
    },
    "perfect_score": {
      "rewards": [
        96900.0
      ],
      "mean": 96900.0,
      "std": 0.0,
      "min": 96900.0,
      "max": 96900.0,
      "count": 1,
      "ratio_to_perfect": 1.0
    }
  },
  "errors": {}
}