{
  "instance_dir": "/shared/share_malatown/OR_Agent/examples/benchmark/synthetic_trajectory/lead_time_stochastic/p02_mean_increase/v3_100to300/r2_med",
  "instance_name": "r2_med",
  "promised_lead_time": 2,
  "model": "x-ai/grok-4.1-fast",
  "num_runs_llm": 1,
  "num_runs_deterministic": 1,
  "max_periods": null,
  "summary": {
    "perfect_score": 45768.0,
    "ratios": {
      "or": 0.0728456563537843,
      "llm": 0.5034958923265164,
      "llm_to_or": 0.26477014507953156,
      "or_to_llm": 0.4798549204684496,
      "perfect_score": 1.0
    },
    "warnings": null
  },
  "results": {
    "or": {
      "rewards": [
        3334.0
      ],
      "mean": 3334.0,
      "std": 0.0,
      "min": 3334.0,
      "max": 3334.0,
      "count": 1,
      "ratio_to_perfect": 0.0728456563537843
    },
    "llm": {
      "rewards": [
        23044.0
      ],
      "mean": 23044.0,
      "std": 0.0,
      "min": 23044.0,
      "max": 23044.0,
      "count": 1,
      "ratio_to_perfect": 0.5034958923265164
    },
    "llm_to_or": {
      "rewards": [
        12118.0
      ],
      "mean": 12118.0,
      "std": 0.0,
      "min": 12118.0,
      "max": 12118.0,
      "count": 1,
      "ratio_to_perfect": 0.26477014507953156
    },
    "or_to_llm": {
      "rewards": [
        21962.0
      ],
      "mean": 21962.0,
      "std": 0.0,
      "min": 21962.0,
      "max": 21962.0,
      "count": 1,
      "ratio_to_perfect": 0.4798549204684496
    },
    "perfect_score": {
      "rewards": [
        45768.0
      ],
      "mean": 45768.0,
      "std": 0.0,
      "min": 45768.0,
      "max": 45768.0,
      "count": 1,
      "ratio_to_perfect": 1.0
    }
  },
  "errors": {}
}