{
  "instance_dir": "/shared/share_malatown/OR-Agent-GPT5mini-benchmark/examples/benchmark/real_trajectory/lead_time_0/711440001",
  "instance_name": "711440001",
  "promised_lead_time": 0,
  "model": "openai/gpt-5-mini",
  "num_runs_llm": 1,
  "num_runs_deterministic": 1,
  "max_periods": null,
  "summary": {
    "perfect_score": 2606.0,
    "ratios": {
      "or": 0.32386799693016116,
      "llm": 0.39293937068303914,
      "llm_to_or": 0.36032233307751343,
      "or_to_llm": 0.11089792785878741,
      "perfect_score": 1.0
    },
    "warnings": null
  },
  "results": {
    "or": {
      "rewards": [
        844.0
      ],
      "mean": 844.0,
      "std": 0.0,
      "min": 844.0,
      "max": 844.0,
      "count": 1,
      "ratio_to_perfect": 0.32386799693016116
    },
    "llm": {
      "rewards": [
        1024.0
      ],
      "mean": 1024.0,
      "std": 0.0,
      "min": 1024.0,
      "max": 1024.0,
      "count": 1,
      "ratio_to_perfect": 0.39293937068303914
    },
    "llm_to_or": {
      "rewards": [
        939.0
      ],
      "mean": 939.0,
      "std": 0.0,
      "min": 939.0,
      "max": 939.0,
      "count": 1,
      "ratio_to_perfect": 0.36032233307751343
    },
    "or_to_llm": {
      "rewards": [
        289.0
      ],
      "mean": 289.0,
      "std": 0.0,
      "min": 289.0,
      "max": 289.0,
      "count": 1,
      "ratio_to_perfect": 0.11089792785878741
    },
    "perfect_score": {
      "rewards": [
        2606.0
      ],
      "mean": 2606.0,
      "std": 0.0,
      "min": 2606.0,
      "max": 2606.0,
      "count": 1,
      "ratio_to_perfect": 1.0
    }
  },
  "errors": {}
}