{
  "instance_dir": "D:\\TextArena\\examples\\benchmark\\synthetic_trajectory\\lead_time_0\\p06_variance_change\\v1_normal_to_uniform\\r1_med",
  "instance_name": "r1_med",
  "promised_lead_time": 0,
  "model": "openai/gpt-5-mini",
  "num_runs_llm": 1,
  "num_runs_deterministic": 1,
  "max_periods": null,
  "summary": {
    "perfect_score": 20492.0,
    "ratios": {
      "or": 0.8299336326371267,
      "llm": 0.7590767128635565,
      "llm_to_or": 0.8196369314854577,
      "or_to_llm": 0.7891860238141714,
      "perfect_score": 1.0
    },
    "warnings": null
  },
  "results": {
    "or": {
      "rewards": [
        17007.0
      ],
      "mean": 17007.0,
      "std": 0.0,
      "min": 17007.0,
      "max": 17007.0,
      "count": 1,
      "ratio_to_perfect": 0.8299336326371267
    },
    "llm": {
      "rewards": [
        15555.0
      ],
      "mean": 15555.0,
      "std": 0.0,
      "min": 15555.0,
      "max": 15555.0,
      "count": 1,
      "ratio_to_perfect": 0.7590767128635565
    },
    "llm_to_or": {
      "rewards": [
        16796.0
      ],
      "mean": 16796.0,
      "std": 0.0,
      "min": 16796.0,
      "max": 16796.0,
      "count": 1,
      "ratio_to_perfect": 0.8196369314854577
    },
    "or_to_llm": {
      "rewards": [
        16172.0
      ],
      "mean": 16172.0,
      "std": 0.0,
      "min": 16172.0,
      "max": 16172.0,
      "count": 1,
      "ratio_to_perfect": 0.7891860238141714
    },
    "perfect_score": {
      "rewards": [
        20492.0
      ],
      "mean": 20492.0,
      "std": 0.0,
      "min": 20492.0,
      "max": 20492.0,
      "count": 1,
      "ratio_to_perfect": 1.0
    }
  },
  "errors": {}
}