{
  "instance_dir": "/shared/share_malatown/OR-Agent-GPT5mini-benchmark/examples/benchmark/real_trajectory/lead_time_stochastic/688105002",
  "instance_name": "688105002",
  "promised_lead_time": 2,
  "model": "openai/gpt-5-mini",
  "num_runs_llm": 1,
  "num_runs_deterministic": 1,
  "max_periods": null,
  "summary": {
    "perfect_score": 70167.0,
    "ratios": {
      "or": 0.3520173300839426,
      "llm": 0.5579403423261647,
      "llm_to_or": 0.24874941211680704,
      "or_to_llm": 0.40251115196602394,
      "perfect_score": 1.0
    },
    "warnings": null
  },
  "results": {
    "or": {
      "rewards": [
        24700.0
      ],
      "mean": 24700.0,
      "std": 0.0,
      "min": 24700.0,
      "max": 24700.0,
      "count": 1,
      "ratio_to_perfect": 0.3520173300839426
    },
    "llm": {
      "rewards": [
        39149.0
      ],
      "mean": 39149.0,
      "std": 0.0,
      "min": 39149.0,
      "max": 39149.0,
      "count": 1,
      "ratio_to_perfect": 0.5579403423261647
    },
    "llm_to_or": {
      "rewards": [
        17454.0
      ],
      "mean": 17454.0,
      "std": 0.0,
      "min": 17454.0,
      "max": 17454.0,
      "count": 1,
      "ratio_to_perfect": 0.24874941211680704
    },
    "or_to_llm": {
      "rewards": [
        28243.0
      ],
      "mean": 28243.0,
      "std": 0.0,
      "min": 28243.0,
      "max": 28243.0,
      "count": 1,
      "ratio_to_perfect": 0.40251115196602394
    },
    "perfect_score": {
      "rewards": [
        70167.0
      ],
      "mean": 70167.0,
      "std": 0.0,
      "min": 70167.0,
      "max": 70167.0,
      "count": 1,
      "ratio_to_perfect": 1.0
    }
  },
  "errors": {}
}