{
  "instance_dir": "/shared/share_malatown/OR-Agent-GPT5mini-benchmark/examples/benchmark/real_trajectory/lead_time_0/621381012",
  "instance_name": "621381012",
  "promised_lead_time": 0,
  "model": "openai/gpt-5-mini",
  "num_runs_llm": 1,
  "num_runs_deterministic": 1,
  "max_periods": null,
  "summary": {
    "perfect_score": 68970.0,
    "ratios": {
      "or": 0.859504132231405,
      "llm": 0.861360011599246,
      "llm_to_or": 0.9223865448745832,
      "or_to_llm": 0.8771639843410178,
      "perfect_score": 1.0
    },
    "warnings": null
  },
  "results": {
    "or": {
      "rewards": [
        59280.0
      ],
      "mean": 59280.0,
      "std": 0.0,
      "min": 59280.0,
      "max": 59280.0,
      "count": 1,
      "ratio_to_perfect": 0.859504132231405
    },
    "llm": {
      "rewards": [
        59408.0
      ],
      "mean": 59408.0,
      "std": 0.0,
      "min": 59408.0,
      "max": 59408.0,
      "count": 1,
      "ratio_to_perfect": 0.861360011599246
    },
    "llm_to_or": {
      "rewards": [
        63617.0
      ],
      "mean": 63617.0,
      "std": 0.0,
      "min": 63617.0,
      "max": 63617.0,
      "count": 1,
      "ratio_to_perfect": 0.9223865448745832
    },
    "or_to_llm": {
      "rewards": [
        60498.0
      ],
      "mean": 60498.0,
      "std": 0.0,
      "min": 60498.0,
      "max": 60498.0,
      "count": 1,
      "ratio_to_perfect": 0.8771639843410178
    },
    "perfect_score": {
      "rewards": [
        68970.0
      ],
      "mean": 68970.0,
      "std": 0.0,
      "min": 68970.0,
      "max": 68970.0,
      "count": 1,
      "ratio_to_perfect": 1.0
    }
  },
  "errors": {}
}