{
  "instance_dir": "/shared/share_malatown/OR_Agent/examples/benchmark/real_trajectory/lead_time_0/655784001",
  "instance_name": "655784001",
  "promised_lead_time": 0,
  "model": "x-ai/grok-4.1-fast",
  "num_runs_llm": 1,
  "num_runs_deterministic": 1,
  "max_periods": null,
  "summary": {
    "perfect_score": 14044.0,
    "ratios": {
      "or": 0.6262460837368271,
      "llm": 0.7780546852748504,
      "llm_to_or": 0.7755625178011962,
      "or_to_llm": 0.7160353175733409,
      "perfect_score": 1.0
    },
    "warnings": null
  },
  "results": {
    "or": {
      "rewards": [
        8795.0
      ],
      "mean": 8795.0,
      "std": 0.0,
      "min": 8795.0,
      "max": 8795.0,
      "count": 1,
      "ratio_to_perfect": 0.6262460837368271
    },
    "llm": {
      "rewards": [
        10927.0
      ],
      "mean": 10927.0,
      "std": 0.0,
      "min": 10927.0,
      "max": 10927.0,
      "count": 1,
      "ratio_to_perfect": 0.7780546852748504
    },
    "llm_to_or": {
      "rewards": [
        10892.0
      ],
      "mean": 10892.0,
      "std": 0.0,
      "min": 10892.0,
      "max": 10892.0,
      "count": 1,
      "ratio_to_perfect": 0.7755625178011962
    },
    "or_to_llm": {
      "rewards": [
        10056.0
      ],
      "mean": 10056.0,
      "std": 0.0,
      "min": 10056.0,
      "max": 10056.0,
      "count": 1,
      "ratio_to_perfect": 0.7160353175733409
    },
    "perfect_score": {
      "rewards": [
        14044.0
      ],
      "mean": 14044.0,
      "std": 0.0,
      "min": 14044.0,
      "max": 14044.0,
      "count": 1,
      "ratio_to_perfect": 1.0
    }
  },
  "errors": {}
}