{
  "instance_dir": "/shared/share_malatown/OR_Agent/examples/benchmark/real_trajectory/lead_time_stochastic/599580017",
  "instance_name": "599580017",
  "promised_lead_time": 2,
  "model": "x-ai/grok-4.1-fast",
  "num_runs_llm": 1,
  "num_runs_deterministic": 1,
  "max_periods": null,
  "summary": {
    "perfect_score": 11087.0,
    "ratios": {
      "or": 0.13655632723008929,
      "llm": -0.7459186434563002,
      "llm_to_or": -0.5827545774330297,
      "or_to_llm": 0.19969333453594298,
      "perfect_score": 1.0
    },
    "warnings": null
  },
  "results": {
    "or": {
      "rewards": [
        1514.0
      ],
      "mean": 1514.0,
      "std": 0.0,
      "min": 1514.0,
      "max": 1514.0,
      "count": 1,
      "ratio_to_perfect": 0.13655632723008929
    },
    "llm": {
      "rewards": [
        -8270.0
      ],
      "mean": -8270.0,
      "std": 0.0,
      "min": -8270.0,
      "max": -8270.0,
      "count": 1,
      "ratio_to_perfect": -0.7459186434563002
    },
    "llm_to_or": {
      "rewards": [
        -6461.0
      ],
      "mean": -6461.0,
      "std": 0.0,
      "min": -6461.0,
      "max": -6461.0,
      "count": 1,
      "ratio_to_perfect": -0.5827545774330297
    },
    "or_to_llm": {
      "rewards": [
        2214.0
      ],
      "mean": 2214.0,
      "std": 0.0,
      "min": 2214.0,
      "max": 2214.0,
      "count": 1,
      "ratio_to_perfect": 0.19969333453594298
    },
    "perfect_score": {
      "rewards": [
        11087.0
      ],
      "mean": 11087.0,
      "std": 0.0,
      "min": 11087.0,
      "max": 11087.0,
      "count": 1,
      "ratio_to_perfect": 1.0
    }
  },
  "errors": {}
}