{
  "instance_dir": "D:\\TextArena\\examples\\benchmark\\synthetic_trajectory\\lead_time_0\\p03_mean_decrease\\v1_100to50\\r2_med",
  "instance_name": "r2_med",
  "promised_lead_time": 0,
  "model": "openai/gpt-5-mini",
  "num_runs_llm": 1,
  "num_runs_deterministic": 1,
  "max_periods": null,
  "summary": {
    "perfect_score": 13592.0,
    "ratios": {
      "or": 0.7830341377280753,
      "llm": 0.8492495585638611,
      "llm_to_or": 0.807533843437316,
      "or_to_llm": 0.8611683343143025,
      "perfect_score": 1.0
    },
    "warnings": null
  },
  "results": {
    "or": {
      "rewards": [
        10643.0
      ],
      "mean": 10643.0,
      "std": 0.0,
      "min": 10643.0,
      "max": 10643.0,
      "count": 1,
      "ratio_to_perfect": 0.7830341377280753
    },
    "llm": {
      "rewards": [
        11543.0
      ],
      "mean": 11543.0,
      "std": 0.0,
      "min": 11543.0,
      "max": 11543.0,
      "count": 1,
      "ratio_to_perfect": 0.8492495585638611
    },
    "llm_to_or": {
      "rewards": [
        10976.0
      ],
      "mean": 10976.0,
      "std": 0.0,
      "min": 10976.0,
      "max": 10976.0,
      "count": 1,
      "ratio_to_perfect": 0.807533843437316
    },
    "or_to_llm": {
      "rewards": [
        11705.0
      ],
      "mean": 11705.0,
      "std": 0.0,
      "min": 11705.0,
      "max": 11705.0,
      "count": 1,
      "ratio_to_perfect": 0.8611683343143025
    },
    "perfect_score": {
      "rewards": [
        13592.0
      ],
      "mean": 13592.0,
      "std": 0.0,
      "min": 13592.0,
      "max": 13592.0,
      "count": 1,
      "ratio_to_perfect": 1.0
    }
  },
  "errors": {}
}