{
  "instance_dir": "/shared/share_malatown/OR-Agent-GPT5mini-benchmark/examples/benchmark/synthetic_trajectory/lead_time_stochastic/p05_decreasing_trend/v3_150_minus_2t/r2_high",
  "instance_name": "r2_high",
  "promised_lead_time": 2,
  "model": "openai/gpt-5-mini",
  "num_runs_llm": 1,
  "num_runs_deterministic": 1,
  "max_periods": null,
  "summary": {
    "perfect_score": 95437.0,
    "ratios": {
      "or": 0.15142973899011913,
      "llm": 0.2789798505820594,
      "llm_to_or": 0.2564414220899651,
      "or_to_llm": 0.23216362626654233,
      "perfect_score": 1.0
    },
    "warnings": null
  },
  "results": {
    "or": {
      "rewards": [
        14452.0
      ],
      "mean": 14452.0,
      "std": 0.0,
      "min": 14452.0,
      "max": 14452.0,
      "count": 1,
      "ratio_to_perfect": 0.15142973899011913
    },
    "llm": {
      "rewards": [
        26625.0
      ],
      "mean": 26625.0,
      "std": 0.0,
      "min": 26625.0,
      "max": 26625.0,
      "count": 1,
      "ratio_to_perfect": 0.2789798505820594
    },
    "llm_to_or": {
      "rewards": [
        24474.0
      ],
      "mean": 24474.0,
      "std": 0.0,
      "min": 24474.0,
      "max": 24474.0,
      "count": 1,
      "ratio_to_perfect": 0.2564414220899651
    },
    "or_to_llm": {
      "rewards": [
        22157.0
      ],
      "mean": 22157.0,
      "std": 0.0,
      "min": 22157.0,
      "max": 22157.0,
      "count": 1,
      "ratio_to_perfect": 0.23216362626654233
    },
    "perfect_score": {
      "rewards": [
        95437.0
      ],
      "mean": 95437.0,
      "std": 0.0,
      "min": 95437.0,
      "max": 95437.0,
      "count": 1,
      "ratio_to_perfect": 1.0
    }
  },
  "errors": {}
}