{
  "instance_dir": "/shared/share_malatown/OR_Agent/examples/benchmark/synthetic_trajectory/lead_time_stochastic/p09_temp_spike_dip/v3_surge_new_normal/r1_high",
  "instance_name": "r1_high",
  "promised_lead_time": 2,
  "model": "x-ai/grok-4.1-fast",
  "num_runs_llm": 1,
  "num_runs_deterministic": 1,
  "max_periods": null,
  "summary": {
    "perfect_score": 136401.0,
    "ratios": {
      "or": 0.10529248319293846,
      "llm": 0.5811614284352754,
      "llm_to_or": 0.4540655860294279,
      "or_to_llm": 0.38887544812721314,
      "perfect_score": 1.0
    },
    "warnings": null
  },
  "results": {
    "or": {
      "rewards": [
        14362.0
      ],
      "mean": 14362.0,
      "std": 0.0,
      "min": 14362.0,
      "max": 14362.0,
      "count": 1,
      "ratio_to_perfect": 0.10529248319293846
    },
    "llm": {
      "rewards": [
        79271.0
      ],
      "mean": 79271.0,
      "std": 0.0,
      "min": 79271.0,
      "max": 79271.0,
      "count": 1,
      "ratio_to_perfect": 0.5811614284352754
    },
    "llm_to_or": {
      "rewards": [
        61935.0
      ],
      "mean": 61935.0,
      "std": 0.0,
      "min": 61935.0,
      "max": 61935.0,
      "count": 1,
      "ratio_to_perfect": 0.4540655860294279
    },
    "or_to_llm": {
      "rewards": [
        53043.0
      ],
      "mean": 53043.0,
      "std": 0.0,
      "min": 53043.0,
      "max": 53043.0,
      "count": 1,
      "ratio_to_perfect": 0.38887544812721314
    },
    "perfect_score": {
      "rewards": [
        136401.0
      ],
      "mean": 136401.0,
      "std": 0.0,
      "min": 136401.0,
      "max": 136401.0,
      "count": 1,
      "ratio_to_perfect": 1.0
    }
  },
  "errors": {}
}