{
  "instance_dir": "D:\\TextArena\\examples\\benchmark\\synthetic_trajectory\\lead_time_4\\p05_decreasing_trend\\v1_200_minus_3t\\r2_high",
  "instance_name": "r2_high",
  "promised_lead_time": 4,
  "model": "google/gemini-3-flash-preview",
  "num_runs_llm": 1,
  "num_runs_deterministic": 1,
  "max_periods": null,
  "summary": {
    "perfect_score": 119491.0,
    "ratios": {
      "or": 0.7519478454444268,
      "llm": 0.7970725828723502,
      "llm_to_or": 0.8085964633319664,
      "or_to_llm": 0.8176264321162263,
      "perfect_score": 1.0
    },
    "warnings": null
  },
  "results": {
    "or": {
      "rewards": [
        89851.0
      ],
      "mean": 89851.0,
      "std": 0.0,
      "min": 89851.0,
      "max": 89851.0,
      "count": 1,
      "ratio_to_perfect": 0.7519478454444268
    },
    "llm": {
      "rewards": [
        95243.0
      ],
      "mean": 95243.0,
      "std": 0.0,
      "min": 95243.0,
      "max": 95243.0,
      "count": 1,
      "ratio_to_perfect": 0.7970725828723502
    },
    "llm_to_or": {
      "rewards": [
        96620.0
      ],
      "mean": 96620.0,
      "std": 0.0,
      "min": 96620.0,
      "max": 96620.0,
      "count": 1,
      "ratio_to_perfect": 0.8085964633319664
    },
    "or_to_llm": {
      "rewards": [
        97699.0
      ],
      "mean": 97699.0,
      "std": 0.0,
      "min": 97699.0,
      "max": 97699.0,
      "count": 1,
      "ratio_to_perfect": 0.8176264321162263
    },
    "perfect_score": {
      "rewards": [
        119491.0
      ],
      "mean": 119491.0,
      "std": 0.0,
      "min": 119491.0,
      "max": 119491.0,
      "count": 1,
      "ratio_to_perfect": 1.0
    }
  },
  "errors": {}
}