{
  "instance_dir": "/shared/share_malatown/OR_Agent/examples/benchmark/synthetic_trajectory/lead_time_stochastic/p03_mean_decrease/v3_100to30/r2_high",
  "instance_name": "r2_high",
  "promised_lead_time": 2,
  "model": "x-ai/grok-4.1-fast",
  "num_runs_llm": 1,
  "num_runs_deterministic": 1,
  "max_periods": null,
  "summary": {
    "perfect_score": 49780.0,
    "ratios": {
      "or": 0.24343109682603456,
      "llm": 0.6476697468862997,
      "llm_to_or": 0.5693049417436722,
      "or_to_llm": 0.5680594616311772,
      "perfect_score": 1.0
    },
    "warnings": null
  },
  "results": {
    "or": {
      "rewards": [
        12118.0
      ],
      "mean": 12118.0,
      "std": 0.0,
      "min": 12118.0,
      "max": 12118.0,
      "count": 1,
      "ratio_to_perfect": 0.24343109682603456
    },
    "llm": {
      "rewards": [
        32241.0
      ],
      "mean": 32241.0,
      "std": 0.0,
      "min": 32241.0,
      "max": 32241.0,
      "count": 1,
      "ratio_to_perfect": 0.6476697468862997
    },
    "llm_to_or": {
      "rewards": [
        28340.0
      ],
      "mean": 28340.0,
      "std": 0.0,
      "min": 28340.0,
      "max": 28340.0,
      "count": 1,
      "ratio_to_perfect": 0.5693049417436722
    },
    "or_to_llm": {
      "rewards": [
        28278.0
      ],
      "mean": 28278.0,
      "std": 0.0,
      "min": 28278.0,
      "max": 28278.0,
      "count": 1,
      "ratio_to_perfect": 0.5680594616311772
    },
    "perfect_score": {
      "rewards": [
        49780.0
      ],
      "mean": 49780.0,
      "std": 0.0,
      "min": 49780.0,
      "max": 49780.0,
      "count": 1,
      "ratio_to_perfect": 1.0
    }
  },
  "errors": {}
}