{
  "instance_dir": "/shared/share_malatown/OR_Agent/examples/benchmark/synthetic_trajectory/lead_time_stochastic/p08_multi_changepoint/v3_var_high_then_low/r2_high",
  "instance_name": "r2_high",
  "promised_lead_time": 2,
  "model": "x-ai/grok-4.1-fast",
  "num_runs_llm": 1,
  "num_runs_deterministic": 1,
  "max_periods": null,
  "summary": {
    "perfect_score": 96976.0,
    "ratios": {
      "or": 0.12277264477808943,
      "llm": 0.7548568718033328,
      "llm_to_or": 0.4632177033492823,
      "or_to_llm": 0.49940191387559807,
      "perfect_score": 1.0
    },
    "warnings": null
  },
  "results": {
    "or": {
      "rewards": [
        11906.0
      ],
      "mean": 11906.0,
      "std": 0.0,
      "min": 11906.0,
      "max": 11906.0,
      "count": 1,
      "ratio_to_perfect": 0.12277264477808943
    },
    "llm": {
      "rewards": [
        73203.0
      ],
      "mean": 73203.0,
      "std": 0.0,
      "min": 73203.0,
      "max": 73203.0,
      "count": 1,
      "ratio_to_perfect": 0.7548568718033328
    },
    "llm_to_or": {
      "rewards": [
        44921.0
      ],
      "mean": 44921.0,
      "std": 0.0,
      "min": 44921.0,
      "max": 44921.0,
      "count": 1,
      "ratio_to_perfect": 0.4632177033492823
    },
    "or_to_llm": {
      "rewards": [
        48430.0
      ],
      "mean": 48430.0,
      "std": 0.0,
      "min": 48430.0,
      "max": 48430.0,
      "count": 1,
      "ratio_to_perfect": 0.49940191387559807
    },
    "perfect_score": {
      "rewards": [
        96976.0
      ],
      "mean": 96976.0,
      "std": 0.0,
      "min": 96976.0,
      "max": 96976.0,
      "count": 1,
      "ratio_to_perfect": 1.0
    }
  },
  "errors": {}
}