{
  "instance_dir": "/shared/share_malatown/OR_Agent/examples/benchmark/real_trajectory/lead_time_0/473954008",
  "instance_name": "473954008",
  "promised_lead_time": 0,
  "model": "x-ai/grok-4.1-fast",
  "num_runs_llm": 1,
  "num_runs_deterministic": 1,
  "max_periods": null,
  "summary": {
    "perfect_score": 9516.0,
    "ratios": {
      "or": 0.8591845313156788,
      "llm": 0.832072299285414,
      "llm_to_or": 0.8605506515342581,
      "or_to_llm": 0.83932324506095,
      "perfect_score": 1.0
    },
    "warnings": null
  },
  "results": {
    "or": {
      "rewards": [
        8176.0
      ],
      "mean": 8176.0,
      "std": 0.0,
      "min": 8176.0,
      "max": 8176.0,
      "count": 1,
      "ratio_to_perfect": 0.8591845313156788
    },
    "llm": {
      "rewards": [
        7918.0
      ],
      "mean": 7918.0,
      "std": 0.0,
      "min": 7918.0,
      "max": 7918.0,
      "count": 1,
      "ratio_to_perfect": 0.832072299285414
    },
    "llm_to_or": {
      "rewards": [
        8189.0
      ],
      "mean": 8189.0,
      "std": 0.0,
      "min": 8189.0,
      "max": 8189.0,
      "count": 1,
      "ratio_to_perfect": 0.8605506515342581
    },
    "or_to_llm": {
      "rewards": [
        7987.0
      ],
      "mean": 7987.0,
      "std": 0.0,
      "min": 7987.0,
      "max": 7987.0,
      "count": 1,
      "ratio_to_perfect": 0.83932324506095
    },
    "perfect_score": {
      "rewards": [
        9516.0
      ],
      "mean": 9516.0,
      "std": 0.0,
      "min": 9516.0,
      "max": 9516.0,
      "count": 1,
      "ratio_to_perfect": 1.0
    }
  },
  "errors": {}
}