{
  "instance_dir": "/shared/share_malatown/OR-Agent-GPT5mini-benchmark/examples/benchmark/real_trajectory/lead_time_stochastic/685813002",
  "instance_name": "685813002",
  "promised_lead_time": 2,
  "model": "openai/gpt-5-mini",
  "num_runs_llm": 1,
  "num_runs_deterministic": 1,
  "max_periods": null,
  "summary": {
    "perfect_score": 9316.0,
    "ratios": {
      "or": 0.17475311292400172,
      "llm": 0.10916702447402318,
      "llm_to_or": 0.11227994847574066,
      "or_to_llm": 0.33125805066552166,
      "perfect_score": 1.0
    },
    "warnings": null
  },
  "results": {
    "or": {
      "rewards": [
        1628.0
      ],
      "mean": 1628.0,
      "std": 0.0,
      "min": 1628.0,
      "max": 1628.0,
      "count": 1,
      "ratio_to_perfect": 0.17475311292400172
    },
    "llm": {
      "rewards": [
        1017.0
      ],
      "mean": 1017.0,
      "std": 0.0,
      "min": 1017.0,
      "max": 1017.0,
      "count": 1,
      "ratio_to_perfect": 0.10916702447402318
    },
    "llm_to_or": {
      "rewards": [
        1046.0
      ],
      "mean": 1046.0,
      "std": 0.0,
      "min": 1046.0,
      "max": 1046.0,
      "count": 1,
      "ratio_to_perfect": 0.11227994847574066
    },
    "or_to_llm": {
      "rewards": [
        3086.0
      ],
      "mean": 3086.0,
      "std": 0.0,
      "min": 3086.0,
      "max": 3086.0,
      "count": 1,
      "ratio_to_perfect": 0.33125805066552166
    },
    "perfect_score": {
      "rewards": [
        9316.0
      ],
      "mean": 9316.0,
      "std": 0.0,
      "min": 9316.0,
      "max": 9316.0,
      "count": 1,
      "ratio_to_perfect": 1.0
    }
  },
  "errors": {}
}