{
  "instance_dir": "/shared/share_malatown/OR_Agent/examples/benchmark/real_trajectory/lead_time_0/682550001",
  "instance_name": "682550001",
  "promised_lead_time": 0,
  "model": "x-ai/grok-4.1-fast",
  "num_runs_llm": 1,
  "num_runs_deterministic": 1,
  "max_periods": null,
  "summary": {
    "perfect_score": 46930.0,
    "ratios": {
      "or": 0.9300873641593863,
      "llm": 0.9195823567014703,
      "llm_to_or": 0.9268484977626252,
      "or_to_llm": 0.9159599403366716,
      "perfect_score": 1.0
    },
    "warnings": null
  },
  "results": {
    "or": {
      "rewards": [
        43649.0
      ],
      "mean": 43649.0,
      "std": 0.0,
      "min": 43649.0,
      "max": 43649.0,
      "count": 1,
      "ratio_to_perfect": 0.9300873641593863
    },
    "llm": {
      "rewards": [
        43156.0
      ],
      "mean": 43156.0,
      "std": 0.0,
      "min": 43156.0,
      "max": 43156.0,
      "count": 1,
      "ratio_to_perfect": 0.9195823567014703
    },
    "llm_to_or": {
      "rewards": [
        43497.0
      ],
      "mean": 43497.0,
      "std": 0.0,
      "min": 43497.0,
      "max": 43497.0,
      "count": 1,
      "ratio_to_perfect": 0.9268484977626252
    },
    "or_to_llm": {
      "rewards": [
        42986.0
      ],
      "mean": 42986.0,
      "std": 0.0,
      "min": 42986.0,
      "max": 42986.0,
      "count": 1,
      "ratio_to_perfect": 0.9159599403366716
    },
    "perfect_score": {
      "rewards": [
        46930.0
      ],
      "mean": 46930.0,
      "std": 0.0,
      "min": 46930.0,
      "max": 46930.0,
      "count": 1,
      "ratio_to_perfect": 1.0
    }
  },
  "errors": {}
}