{
  "instance_dir": "D:\\TextArena\\examples\\benchmark\\synthetic_trajectory\\lead_time_4\\p10_autocorrelated\\v4_phi_neg_0_3\\r2_high",
  "instance_name": "r2_high",
  "promised_lead_time": 4,
  "model": "google/gemini-3-flash-preview",
  "num_runs_llm": 1,
  "num_runs_deterministic": 1,
  "max_periods": null,
  "summary": {
    "perfect_score": 91751.0,
    "ratios": {
      "or": 0.8682957133982191,
      "llm": 0.8473150156401565,
      "llm_to_or": 0.8592276923412279,
      "or_to_llm": 0.8683502087170712,
      "perfect_score": 1.0
    },
    "warnings": null
  },
  "results": {
    "or": {
      "rewards": [
        79667.0
      ],
      "mean": 79667.0,
      "std": 0.0,
      "min": 79667.0,
      "max": 79667.0,
      "count": 1,
      "ratio_to_perfect": 0.8682957133982191
    },
    "llm": {
      "rewards": [
        77742.0
      ],
      "mean": 77742.0,
      "std": 0.0,
      "min": 77742.0,
      "max": 77742.0,
      "count": 1,
      "ratio_to_perfect": 0.8473150156401565
    },
    "llm_to_or": {
      "rewards": [
        78835.0
      ],
      "mean": 78835.0,
      "std": 0.0,
      "min": 78835.0,
      "max": 78835.0,
      "count": 1,
      "ratio_to_perfect": 0.8592276923412279
    },
    "or_to_llm": {
      "rewards": [
        79672.0
      ],
      "mean": 79672.0,
      "std": 0.0,
      "min": 79672.0,
      "max": 79672.0,
      "count": 1,
      "ratio_to_perfect": 0.8683502087170712
    },
    "perfect_score": {
      "rewards": [
        91751.0
      ],
      "mean": 91751.0,
      "std": 0.0,
      "min": 91751.0,
      "max": 91751.0,
      "count": 1,
      "ratio_to_perfect": 1.0
    }
  },
  "errors": {}
}