{
  "instance_dir": "/shared/share_malatown/OR_Agent/examples/benchmark/real_trajectory/lead_time_0/708021001",
  "instance_name": "708021001",
  "promised_lead_time": 0,
  "model": "x-ai/grok-4.1-fast",
  "num_runs_llm": 1,
  "num_runs_deterministic": 1,
  "max_periods": null,
  "summary": {
    "perfect_score": 51813.0,
    "ratios": {
      "or": 0.9120490996468068,
      "llm": 0.9119139984173856,
      "llm_to_or": 0.9121456005249647,
      "or_to_llm": 0.9179935537413391,
      "perfect_score": 1.0
    },
    "warnings": null
  },
  "results": {
    "or": {
      "rewards": [
        47256.0
      ],
      "mean": 47256.0,
      "std": 0.0,
      "min": 47256.0,
      "max": 47256.0,
      "count": 1,
      "ratio_to_perfect": 0.9120490996468068
    },
    "llm": {
      "rewards": [
        47249.0
      ],
      "mean": 47249.0,
      "std": 0.0,
      "min": 47249.0,
      "max": 47249.0,
      "count": 1,
      "ratio_to_perfect": 0.9119139984173856
    },
    "llm_to_or": {
      "rewards": [
        47261.0
      ],
      "mean": 47261.0,
      "std": 0.0,
      "min": 47261.0,
      "max": 47261.0,
      "count": 1,
      "ratio_to_perfect": 0.9121456005249647
    },
    "or_to_llm": {
      "rewards": [
        47564.0
      ],
      "mean": 47564.0,
      "std": 0.0,
      "min": 47564.0,
      "max": 47564.0,
      "count": 1,
      "ratio_to_perfect": 0.9179935537413391
    },
    "perfect_score": {
      "rewards": [
        51813.0
      ],
      "mean": 51813.0,
      "std": 0.0,
      "min": 51813.0,
      "max": 51813.0,
      "count": 1,
      "ratio_to_perfect": 1.0
    }
  },
  "errors": {}
}