{
  "instance_dir": "/shared/share_malatown/OR_Agent/examples/benchmark/real_trajectory/lead_time_0/224606019",
  "instance_name": "224606019",
  "promised_lead_time": 0,
  "model": "x-ai/grok-4.1-fast",
  "num_runs_llm": 1,
  "num_runs_deterministic": 1,
  "max_periods": null,
  "summary": {
    "perfect_score": 2925.0,
    "ratios": {
      "or": 0.6758974358974359,
      "llm": 0.5230769230769231,
      "llm_to_or": 0.5733333333333334,
      "or_to_llm": 0.556923076923077,
      "perfect_score": 1.0
    },
    "warnings": null
  },
  "results": {
    "or": {
      "rewards": [
        1977.0
      ],
      "mean": 1977.0,
      "std": 0.0,
      "min": 1977.0,
      "max": 1977.0,
      "count": 1,
      "ratio_to_perfect": 0.6758974358974359
    },
    "llm": {
      "rewards": [
        1530.0
      ],
      "mean": 1530.0,
      "std": 0.0,
      "min": 1530.0,
      "max": 1530.0,
      "count": 1,
      "ratio_to_perfect": 0.5230769230769231
    },
    "llm_to_or": {
      "rewards": [
        1677.0
      ],
      "mean": 1677.0,
      "std": 0.0,
      "min": 1677.0,
      "max": 1677.0,
      "count": 1,
      "ratio_to_perfect": 0.5733333333333334
    },
    "or_to_llm": {
      "rewards": [
        1629.0
      ],
      "mean": 1629.0,
      "std": 0.0,
      "min": 1629.0,
      "max": 1629.0,
      "count": 1,
      "ratio_to_perfect": 0.556923076923077
    },
    "perfect_score": {
      "rewards": [
        2925.0
      ],
      "mean": 2925.0,
      "std": 0.0,
      "min": 2925.0,
      "max": 2925.0,
      "count": 1,
      "ratio_to_perfect": 1.0
    }
  },
  "errors": {}
}