{
  "instance_dir": "D:\\TextArena\\examples\\benchmark\\real_trajectory\\lead_time_0\\706016002",
  "instance_name": "706016002",
  "promised_lead_time": 0,
  "model": "google/gemini-3-flash-preview",
  "num_runs_llm": 1,
  "num_runs_deterministic": 1,
  "max_periods": null,
  "summary": {
    "perfect_score": 78224.0,
    "ratios": {
      "or": 0.8259613417876867,
      "llm": 0.8648752301084066,
      "llm_to_or": 0.8175496011454285,
      "or_to_llm": 0.8133437308242994,
      "perfect_score": 1.0
    },
    "warnings": null
  },
  "results": {
    "or": {
      "rewards": [
        64610.0
      ],
      "mean": 64610.0,
      "std": 0.0,
      "min": 64610.0,
      "max": 64610.0,
      "count": 1,
      "ratio_to_perfect": 0.8259613417876867
    },
    "llm": {
      "rewards": [
        67654.0
      ],
      "mean": 67654.0,
      "std": 0.0,
      "min": 67654.0,
      "max": 67654.0,
      "count": 1,
      "ratio_to_perfect": 0.8648752301084066
    },
    "llm_to_or": {
      "rewards": [
        63952.0
      ],
      "mean": 63952.0,
      "std": 0.0,
      "min": 63952.0,
      "max": 63952.0,
      "count": 1,
      "ratio_to_perfect": 0.8175496011454285
    },
    "or_to_llm": {
      "rewards": [
        63623.0
      ],
      "mean": 63623.0,
      "std": 0.0,
      "min": 63623.0,
      "max": 63623.0,
      "count": 1,
      "ratio_to_perfect": 0.8133437308242994
    },
    "perfect_score": {
      "rewards": [
        78224.0
      ],
      "mean": 78224.0,
      "std": 0.0,
      "min": 78224.0,
      "max": 78224.0,
      "count": 1,
      "ratio_to_perfect": 1.0
    }
  },
  "errors": {}
}