{
  "instance_dir": "/shared/share_malatown/OR_Agent/examples/benchmark/real_trajectory/lead_time_4/108775044",
  "instance_name": "108775044",
  "promised_lead_time": 4,
  "model": "x-ai/grok-4.1-fast",
  "num_runs_llm": 1,
  "num_runs_deterministic": 1,
  "max_periods": null,
  "summary": {
    "perfect_score": 4194.0,
    "ratios": {
      "or": -4.255364806866953,
      "llm": -7.2391511683357175,
      "llm_to_or": -4.879828326180258,
      "or_to_llm": -4.829041487839771,
      "perfect_score": 1.0
    },
    "warnings": null
  },
  "results": {
    "or": {
      "rewards": [
        -17847.0
      ],
      "mean": -17847.0,
      "std": 0.0,
      "min": -17847.0,
      "max": -17847.0,
      "count": 1,
      "ratio_to_perfect": -4.255364806866953
    },
    "llm": {
      "rewards": [
        -30361.0
      ],
      "mean": -30361.0,
      "std": 0.0,
      "min": -30361.0,
      "max": -30361.0,
      "count": 1,
      "ratio_to_perfect": -7.2391511683357175
    },
    "llm_to_or": {
      "rewards": [
        -20466.0
      ],
      "mean": -20466.0,
      "std": 0.0,
      "min": -20466.0,
      "max": -20466.0,
      "count": 1,
      "ratio_to_perfect": -4.879828326180258
    },
    "or_to_llm": {
      "rewards": [
        -20253.0
      ],
      "mean": -20253.0,
      "std": 0.0,
      "min": -20253.0,
      "max": -20253.0,
      "count": 1,
      "ratio_to_perfect": -4.829041487839771
    },
    "perfect_score": {
      "rewards": [
        4194.0
      ],
      "mean": 4194.0,
      "std": 0.0,
      "min": 4194.0,
      "max": 4194.0,
      "count": 1,
      "ratio_to_perfect": 1.0
    }
  },
  "errors": {}
}