{
  "instance_dir": "/shared/share_malatown/OR_Agent/examples/benchmark/synthetic_trajectory/lead_time_0/p03_mean_decrease/v1_100to50/r2_high",
  "instance_name": "r2_high",
  "promised_lead_time": 0,
  "model": "x-ai/grok-4.1-fast",
  "num_runs_llm": 1,
  "num_runs_deterministic": 1,
  "max_periods": null,
  "summary": {
    "perfect_score": 64562.0,
    "ratios": {
      "or": 0.9293547287878319,
      "llm": 0.9528825005421145,
      "llm_to_or": 0.9526966326941545,
      "or_to_llm": 0.9486230290263623,
      "perfect_score": 1.0
    },
    "warnings": null
  },
  "results": {
    "or": {
      "rewards": [
        60001.0
      ],
      "mean": 60001.0,
      "std": 0.0,
      "min": 60001.0,
      "max": 60001.0,
      "count": 1,
      "ratio_to_perfect": 0.9293547287878319
    },
    "llm": {
      "rewards": [
        61520.0
      ],
      "mean": 61520.0,
      "std": 0.0,
      "min": 61520.0,
      "max": 61520.0,
      "count": 1,
      "ratio_to_perfect": 0.9528825005421145
    },
    "llm_to_or": {
      "rewards": [
        61508.0
      ],
      "mean": 61508.0,
      "std": 0.0,
      "min": 61508.0,
      "max": 61508.0,
      "count": 1,
      "ratio_to_perfect": 0.9526966326941545
    },
    "or_to_llm": {
      "rewards": [
        61245.0
      ],
      "mean": 61245.0,
      "std": 0.0,
      "min": 61245.0,
      "max": 61245.0,
      "count": 1,
      "ratio_to_perfect": 0.9486230290263623
    },
    "perfect_score": {
      "rewards": [
        64562.0
      ],
      "mean": 64562.0,
      "std": 0.0,
      "min": 64562.0,
      "max": 64562.0,
      "count": 1,
      "ratio_to_perfect": 1.0
    }
  },
  "errors": {}
}