{
  "instance_dir": "D:\\TextArena\\examples\\benchmark\\synthetic_trajectory\\lead_time_4\\p03_mean_decrease\\v4_150to80\\r2_med",
  "instance_name": "r2_med",
  "promised_lead_time": 4,
  "model": "openai/gpt-5-mini",
  "num_runs_llm": 1,
  "num_runs_deterministic": 1,
  "max_periods": null,
  "summary": {
    "perfect_score": 20116.0,
    "ratios": {
      "or": 0.3471863193477829,
      "llm": 0.5501093656790614,
      "llm_to_or": 0.35717836548021475,
      "or_to_llm": 0.33823821833366474,
      "perfect_score": 1.0
    },
    "warnings": null
  },
  "results": {
    "or": {
      "rewards": [
        6984.0
      ],
      "mean": 6984.0,
      "std": 0.0,
      "min": 6984.0,
      "max": 6984.0,
      "count": 1,
      "ratio_to_perfect": 0.3471863193477829
    },
    "llm": {
      "rewards": [
        11066.0
      ],
      "mean": 11066.0,
      "std": 0.0,
      "min": 11066.0,
      "max": 11066.0,
      "count": 1,
      "ratio_to_perfect": 0.5501093656790614
    },
    "llm_to_or": {
      "rewards": [
        7185.0
      ],
      "mean": 7185.0,
      "std": 0.0,
      "min": 7185.0,
      "max": 7185.0,
      "count": 1,
      "ratio_to_perfect": 0.35717836548021475
    },
    "or_to_llm": {
      "rewards": [
        6804.0
      ],
      "mean": 6804.0,
      "std": 0.0,
      "min": 6804.0,
      "max": 6804.0,
      "count": 1,
      "ratio_to_perfect": 0.33823821833366474
    },
    "perfect_score": {
      "rewards": [
        20116.0
      ],
      "mean": 20116.0,
      "std": 0.0,
      "min": 20116.0,
      "max": 20116.0,
      "count": 1,
      "ratio_to_perfect": 1.0
    }
  },
  "errors": {}
}