{
  "instance_dir": "/shared/share_malatown/OR-Agent-GPT5mini-benchmark/examples/benchmark/real_trajectory/lead_time_4/108775044",
  "instance_name": "108775044",
  "promised_lead_time": 4,
  "model": "openai/gpt-5-mini",
  "num_runs_llm": 1,
  "num_runs_deterministic": 1,
  "max_periods": null,
  "summary": {
    "perfect_score": 4194.0,
    "ratios": {
      "or": -4.255364806866953,
      "llm": -6.150691463996185,
      "llm_to_or": -4.378397711015737,
      "or_to_llm": -5.293991416309013,
      "perfect_score": 1.0
    },
    "warnings": null
  },
  "results": {
    "or": {
      "rewards": [
        -17847.0
      ],
      "mean": -17847.0,
      "std": 0.0,
      "min": -17847.0,
      "max": -17847.0,
      "count": 1,
      "ratio_to_perfect": -4.255364806866953
    },
    "llm": {
      "rewards": [
        -25796.0
      ],
      "mean": -25796.0,
      "std": 0.0,
      "min": -25796.0,
      "max": -25796.0,
      "count": 1,
      "ratio_to_perfect": -6.150691463996185
    },
    "llm_to_or": {
      "rewards": [
        -18363.0
      ],
      "mean": -18363.0,
      "std": 0.0,
      "min": -18363.0,
      "max": -18363.0,
      "count": 1,
      "ratio_to_perfect": -4.378397711015737
    },
    "or_to_llm": {
      "rewards": [
        -22203.0
      ],
      "mean": -22203.0,
      "std": 0.0,
      "min": -22203.0,
      "max": -22203.0,
      "count": 1,
      "ratio_to_perfect": -5.293991416309013
    },
    "perfect_score": {
      "rewards": [
        4194.0
      ],
      "mean": 4194.0,
      "std": 0.0,
      "min": 4194.0,
      "max": 4194.0,
      "count": 1,
      "ratio_to_perfect": 1.0
    }
  },
  "errors": {}
}