{
  "instance_dir": "D:\\TextArena\\examples\\benchmark\\synthetic_trajectory\\lead_time_0\\p03_mean_decrease\\v1_100to50\\r1_med",
  "instance_name": "r1_med",
  "promised_lead_time": 0,
  "model": "openai/gpt-5-mini",
  "num_runs_llm": 1,
  "num_runs_deterministic": 1,
  "max_periods": null,
  "summary": {
    "perfect_score": 12484.0,
    "ratios": {
      "or": 0.8201698173662287,
      "llm": 0.8705543095161807,
      "llm_to_or": 0.8648670297981417,
      "or_to_llm": 0.8949855815443768,
      "perfect_score": 1.0
    },
    "warnings": null
  },
  "results": {
    "or": {
      "rewards": [
        10239.0
      ],
      "mean": 10239.0,
      "std": 0.0,
      "min": 10239.0,
      "max": 10239.0,
      "count": 1,
      "ratio_to_perfect": 0.8201698173662287
    },
    "llm": {
      "rewards": [
        10868.0
      ],
      "mean": 10868.0,
      "std": 0.0,
      "min": 10868.0,
      "max": 10868.0,
      "count": 1,
      "ratio_to_perfect": 0.8705543095161807
    },
    "llm_to_or": {
      "rewards": [
        10797.0
      ],
      "mean": 10797.0,
      "std": 0.0,
      "min": 10797.0,
      "max": 10797.0,
      "count": 1,
      "ratio_to_perfect": 0.8648670297981417
    },
    "or_to_llm": {
      "rewards": [
        11173.0
      ],
      "mean": 11173.0,
      "std": 0.0,
      "min": 11173.0,
      "max": 11173.0,
      "count": 1,
      "ratio_to_perfect": 0.8949855815443768
    },
    "perfect_score": {
      "rewards": [
        12484.0
      ],
      "mean": 12484.0,
      "std": 0.0,
      "min": 12484.0,
      "max": 12484.0,
      "count": 1,
      "ratio_to_perfect": 1.0
    }
  },
  "errors": {}
}