{
  "instance_dir": "D:\\TextArena\\examples\\benchmark\\real_trajectory\\lead_time_0\\692226004",
  "instance_name": "692226004",
  "promised_lead_time": 0,
  "model": "google/gemini-3-flash-preview",
  "num_runs_llm": 1,
  "num_runs_deterministic": 1,
  "max_periods": null,
  "summary": {
    "perfect_score": 47177.0,
    "ratios": {
      "or": 0.8713356084532717,
      "llm": 0.9321915340102168,
      "llm_to_or": 0.9397799775314242,
      "or_to_llm": 0.9400767323059965,
      "perfect_score": 1.0
    },
    "warnings": null
  },
  "results": {
    "or": {
      "rewards": [
        41107.0
      ],
      "mean": 41107.0,
      "std": 0.0,
      "min": 41107.0,
      "max": 41107.0,
      "count": 1,
      "ratio_to_perfect": 0.8713356084532717
    },
    "llm": {
      "rewards": [
        43978.0
      ],
      "mean": 43978.0,
      "std": 0.0,
      "min": 43978.0,
      "max": 43978.0,
      "count": 1,
      "ratio_to_perfect": 0.9321915340102168
    },
    "llm_to_or": {
      "rewards": [
        44336.0
      ],
      "mean": 44336.0,
      "std": 0.0,
      "min": 44336.0,
      "max": 44336.0,
      "count": 1,
      "ratio_to_perfect": 0.9397799775314242
    },
    "or_to_llm": {
      "rewards": [
        44350.0
      ],
      "mean": 44350.0,
      "std": 0.0,
      "min": 44350.0,
      "max": 44350.0,
      "count": 1,
      "ratio_to_perfect": 0.9400767323059965
    },
    "perfect_score": {
      "rewards": [
        47177.0
      ],
      "mean": 47177.0,
      "std": 0.0,
      "min": 47177.0,
      "max": 47177.0,
      "count": 1,
      "ratio_to_perfect": 1.0
    }
  },
  "errors": {}
}