{
  "instance_dir": "/shared/share_malatown/OR-Agent-GPT5mini-benchmark/examples/benchmark/synthetic_trajectory/lead_time_stochastic/p05_decreasing_trend/v2_exp_decay_0_97/r1_high",
  "instance_name": "r1_high",
  "promised_lead_time": 2,
  "model": "openai/gpt-5-mini",
  "num_runs_llm": 1,
  "num_runs_deterministic": 1,
  "max_periods": null,
  "summary": {
    "perfect_score": 95285.0,
    "ratios": {
      "or": 0.16680484861205855,
      "llm": 0.3185391194836543,
      "llm_to_or": 0.22723408721204807,
      "or_to_llm": 0.39587553130083436,
      "perfect_score": 1.0
    },
    "warnings": null
  },
  "results": {
    "or": {
      "rewards": [
        15894.0
      ],
      "mean": 15894.0,
      "std": 0.0,
      "min": 15894.0,
      "max": 15894.0,
      "count": 1,
      "ratio_to_perfect": 0.16680484861205855
    },
    "llm": {
      "rewards": [
        30352.0
      ],
      "mean": 30352.0,
      "std": 0.0,
      "min": 30352.0,
      "max": 30352.0,
      "count": 1,
      "ratio_to_perfect": 0.3185391194836543
    },
    "llm_to_or": {
      "rewards": [
        21652.0
      ],
      "mean": 21652.0,
      "std": 0.0,
      "min": 21652.0,
      "max": 21652.0,
      "count": 1,
      "ratio_to_perfect": 0.22723408721204807
    },
    "or_to_llm": {
      "rewards": [
        37721.0
      ],
      "mean": 37721.0,
      "std": 0.0,
      "min": 37721.0,
      "max": 37721.0,
      "count": 1,
      "ratio_to_perfect": 0.39587553130083436
    },
    "perfect_score": {
      "rewards": [
        95285.0
      ],
      "mean": 95285.0,
      "std": 0.0,
      "min": 95285.0,
      "max": 95285.0,
      "count": 1,
      "ratio_to_perfect": 1.0
    }
  },
  "errors": {}
}