{
  "instance_dir": "D:\\TextArena\\examples\\benchmark\\real_trajectory\\lead_time_0\\448509001",
  "instance_name": "448509001",
  "promised_lead_time": 0,
  "model": "google/gemini-3-flash-preview",
  "num_runs_llm": 1,
  "num_runs_deterministic": 1,
  "max_periods": null,
  "summary": {
    "perfect_score": 106172.0,
    "ratios": {
      "or": 0.9167577138982029,
      "llm": 0.849866254756433,
      "llm_to_or": 0.8851674641148325,
      "or_to_llm": 0.9053140187620088,
      "perfect_score": 1.0
    },
    "warnings": null
  },
  "results": {
    "or": {
      "rewards": [
        97334.0
      ],
      "mean": 97334.0,
      "std": 0.0,
      "min": 97334.0,
      "max": 97334.0,
      "count": 1,
      "ratio_to_perfect": 0.9167577138982029
    },
    "llm": {
      "rewards": [
        90232.0
      ],
      "mean": 90232.0,
      "std": 0.0,
      "min": 90232.0,
      "max": 90232.0,
      "count": 1,
      "ratio_to_perfect": 0.849866254756433
    },
    "llm_to_or": {
      "rewards": [
        93980.0
      ],
      "mean": 93980.0,
      "std": 0.0,
      "min": 93980.0,
      "max": 93980.0,
      "count": 1,
      "ratio_to_perfect": 0.8851674641148325
    },
    "or_to_llm": {
      "rewards": [
        96119.0
      ],
      "mean": 96119.0,
      "std": 0.0,
      "min": 96119.0,
      "max": 96119.0,
      "count": 1,
      "ratio_to_perfect": 0.9053140187620088
    },
    "perfect_score": {
      "rewards": [
        106172.0
      ],
      "mean": 106172.0,
      "std": 0.0,
      "min": 106172.0,
      "max": 106172.0,
      "count": 1,
      "ratio_to_perfect": 1.0
    }
  },
  "errors": {}
}