{
  "instance_dir": "D:\\TextArena\\examples\\benchmark\\real_trajectory\\lead_time_0\\711053003",
  "instance_name": "711053003",
  "promised_lead_time": 0,
  "model": "google/gemini-3-flash-preview",
  "num_runs_llm": 1,
  "num_runs_deterministic": 1,
  "max_periods": null,
  "summary": {
    "perfect_score": 6117.0,
    "ratios": {
      "or": 0.6083047245381723,
      "llm": 0.6271047899297041,
      "llm_to_or": 0.6024194866764754,
      "or_to_llm": 0.5751185221513814,
      "perfect_score": 1.0
    },
    "warnings": null
  },
  "results": {
    "or": {
      "rewards": [
        3721.0
      ],
      "mean": 3721.0,
      "std": 0.0,
      "min": 3721.0,
      "max": 3721.0,
      "count": 1,
      "ratio_to_perfect": 0.6083047245381723
    },
    "llm": {
      "rewards": [
        3836.0
      ],
      "mean": 3836.0,
      "std": 0.0,
      "min": 3836.0,
      "max": 3836.0,
      "count": 1,
      "ratio_to_perfect": 0.6271047899297041
    },
    "llm_to_or": {
      "rewards": [
        3685.0
      ],
      "mean": 3685.0,
      "std": 0.0,
      "min": 3685.0,
      "max": 3685.0,
      "count": 1,
      "ratio_to_perfect": 0.6024194866764754
    },
    "or_to_llm": {
      "rewards": [
        3518.0
      ],
      "mean": 3518.0,
      "std": 0.0,
      "min": 3518.0,
      "max": 3518.0,
      "count": 1,
      "ratio_to_perfect": 0.5751185221513814
    },
    "perfect_score": {
      "rewards": [
        6117.0
      ],
      "mean": 6117.0,
      "std": 0.0,
      "min": 6117.0,
      "max": 6117.0,
      "count": 1,
      "ratio_to_perfect": 1.0
    }
  },
  "errors": {}
}