{
  "instance_dir": "D:\\TextArena\\examples\\benchmark\\synthetic_trajectory\\lead_time_0\\p04_increasing_trend\\v2_linear_50_3t\\r1_high",
  "instance_name": "r1_high",
  "promised_lead_time": 0,
  "model": "google/gemini-3-flash-preview",
  "num_runs_llm": 1,
  "num_runs_deterministic": 1,
  "max_periods": null,
  "summary": {
    "perfect_score": 114532.0,
    "ratios": {
      "or": 0.9437013236475396,
      "llm": 0.9705759089162854,
      "llm_to_or": 0.9607707889498132,
      "or_to_llm": 0.9595571543324136,
      "perfect_score": 1.0
    },
    "warnings": null
  },
  "results": {
    "or": {
      "rewards": [
        108084.0
      ],
      "mean": 108084.0,
      "std": 0.0,
      "min": 108084.0,
      "max": 108084.0,
      "count": 1,
      "ratio_to_perfect": 0.9437013236475396
    },
    "llm": {
      "rewards": [
        111162.0
      ],
      "mean": 111162.0,
      "std": 0.0,
      "min": 111162.0,
      "max": 111162.0,
      "count": 1,
      "ratio_to_perfect": 0.9705759089162854
    },
    "llm_to_or": {
      "rewards": [
        110039.0
      ],
      "mean": 110039.0,
      "std": 0.0,
      "min": 110039.0,
      "max": 110039.0,
      "count": 1,
      "ratio_to_perfect": 0.9607707889498132
    },
    "or_to_llm": {
      "rewards": [
        109900.0
      ],
      "mean": 109900.0,
      "std": 0.0,
      "min": 109900.0,
      "max": 109900.0,
      "count": 1,
      "ratio_to_perfect": 0.9595571543324136
    },
    "perfect_score": {
      "rewards": [
        114532.0
      ],
      "mean": 114532.0,
      "std": 0.0,
      "min": 114532.0,
      "max": 114532.0,
      "count": 1,
      "ratio_to_perfect": 1.0
    }
  },
  "errors": {}
}