{
  "instance_dir": "/shared/share_malatown/OR_Agent/examples/benchmark/real_trajectory/lead_time_0/464908002",
  "instance_name": "464908002",
  "promised_lead_time": 0,
  "model": "x-ai/grok-4.1-fast",
  "num_runs_llm": 1,
  "num_runs_deterministic": 1,
  "max_periods": null,
  "summary": {
    "perfect_score": 2583.0,
    "ratios": {
      "or": 0.5842044134727061,
      "llm": 0.48586914440572976,
      "llm_to_or": 0.7262872628726287,
      "or_to_llm": 0.5207123499806426,
      "perfect_score": 1.0
    },
    "warnings": null
  },
  "results": {
    "or": {
      "rewards": [
        1509.0
      ],
      "mean": 1509.0,
      "std": 0.0,
      "min": 1509.0,
      "max": 1509.0,
      "count": 1,
      "ratio_to_perfect": 0.5842044134727061
    },
    "llm": {
      "rewards": [
        1255.0
      ],
      "mean": 1255.0,
      "std": 0.0,
      "min": 1255.0,
      "max": 1255.0,
      "count": 1,
      "ratio_to_perfect": 0.48586914440572976
    },
    "llm_to_or": {
      "rewards": [
        1876.0
      ],
      "mean": 1876.0,
      "std": 0.0,
      "min": 1876.0,
      "max": 1876.0,
      "count": 1,
      "ratio_to_perfect": 0.7262872628726287
    },
    "or_to_llm": {
      "rewards": [
        1345.0
      ],
      "mean": 1345.0,
      "std": 0.0,
      "min": 1345.0,
      "max": 1345.0,
      "count": 1,
      "ratio_to_perfect": 0.5207123499806426
    },
    "perfect_score": {
      "rewards": [
        2583.0
      ],
      "mean": 2583.0,
      "std": 0.0,
      "min": 2583.0,
      "max": 2583.0,
      "count": 1,
      "ratio_to_perfect": 1.0
    }
  },
  "errors": {}
}