{
  "instance_dir": "/shared/share_malatown/OR_Agent/examples/benchmark/real_trajectory/lead_time_4/706016004",
  "instance_name": "706016004",
  "promised_lead_time": 4,
  "model": "x-ai/grok-4.1-fast",
  "num_runs_llm": 1,
  "num_runs_deterministic": 1,
  "max_periods": null,
  "summary": {
    "perfect_score": 16184.0,
    "ratios": {
      "or": 0.3553509639149778,
      "llm": 0.20693277310924368,
      "llm_to_or": 0.4702174987642116,
      "or_to_llm": 0.27990608007909046,
      "perfect_score": 1.0
    },
    "warnings": null
  },
  "results": {
    "or": {
      "rewards": [
        5751.0
      ],
      "mean": 5751.0,
      "std": 0.0,
      "min": 5751.0,
      "max": 5751.0,
      "count": 1,
      "ratio_to_perfect": 0.3553509639149778
    },
    "llm": {
      "rewards": [
        3349.0
      ],
      "mean": 3349.0,
      "std": 0.0,
      "min": 3349.0,
      "max": 3349.0,
      "count": 1,
      "ratio_to_perfect": 0.20693277310924368
    },
    "llm_to_or": {
      "rewards": [
        7610.0
      ],
      "mean": 7610.0,
      "std": 0.0,
      "min": 7610.0,
      "max": 7610.0,
      "count": 1,
      "ratio_to_perfect": 0.4702174987642116
    },
    "or_to_llm": {
      "rewards": [
        4530.0
      ],
      "mean": 4530.0,
      "std": 0.0,
      "min": 4530.0,
      "max": 4530.0,
      "count": 1,
      "ratio_to_perfect": 0.27990608007909046
    },
    "perfect_score": {
      "rewards": [
        16184.0
      ],
      "mean": 16184.0,
      "std": 0.0,
      "min": 16184.0,
      "max": 16184.0,
      "count": 1,
      "ratio_to_perfect": 1.0
    }
  },
  "errors": {}
}