{
  "instance_dir": "D:\\TextArena\\examples\\benchmark\\real_trajectory\\lead_time_0\\732842001",
  "instance_name": "732842001",
  "promised_lead_time": 0,
  "model": "google/gemini-3-flash-preview",
  "num_runs_llm": 1,
  "num_runs_deterministic": 1,
  "max_periods": null,
  "summary": {
    "perfect_score": 3137.0,
    "ratios": {
      "or": 0.5457443417277654,
      "llm": 0.26043991074274786,
      "llm_to_or": 0.6601848900223143,
      "or_to_llm": 0.535543512910424,
      "perfect_score": 1.0
    },
    "warnings": null
  },
  "results": {
    "or": {
      "rewards": [
        1712.0
      ],
      "mean": 1712.0,
      "std": 0.0,
      "min": 1712.0,
      "max": 1712.0,
      "count": 1,
      "ratio_to_perfect": 0.5457443417277654
    },
    "llm": {
      "rewards": [
        817.0
      ],
      "mean": 817.0,
      "std": 0.0,
      "min": 817.0,
      "max": 817.0,
      "count": 1,
      "ratio_to_perfect": 0.26043991074274786
    },
    "llm_to_or": {
      "rewards": [
        2071.0
      ],
      "mean": 2071.0,
      "std": 0.0,
      "min": 2071.0,
      "max": 2071.0,
      "count": 1,
      "ratio_to_perfect": 0.6601848900223143
    },
    "or_to_llm": {
      "rewards": [
        1680.0
      ],
      "mean": 1680.0,
      "std": 0.0,
      "min": 1680.0,
      "max": 1680.0,
      "count": 1,
      "ratio_to_perfect": 0.535543512910424
    },
    "perfect_score": {
      "rewards": [
        3137.0
      ],
      "mean": 3137.0,
      "std": 0.0,
      "min": 3137.0,
      "max": 3137.0,
      "count": 1,
      "ratio_to_perfect": 1.0
    }
  },
  "errors": {}
}