{
  "instance_dir": "D:\\TextArena\\examples\\benchmark\\real_trajectory\\lead_time_4\\399256001",
  "instance_name": "399256001",
  "promised_lead_time": 4,
  "model": "google/gemini-3-flash-preview",
  "num_runs_llm": 1,
  "num_runs_deterministic": 1,
  "max_periods": null,
  "summary": {
    "perfect_score": 39848.0,
    "ratios": {
      "or": 0.43623268419995986,
      "llm": 0.2192330857257579,
      "llm_to_or": 0.5505922505520979,
      "or_to_llm": 0.460876330054206,
      "perfect_score": 1.0
    },
    "warnings": null
  },
  "results": {
    "or": {
      "rewards": [
        17383.0
      ],
      "mean": 17383.0,
      "std": 0.0,
      "min": 17383.0,
      "max": 17383.0,
      "count": 1,
      "ratio_to_perfect": 0.43623268419995986
    },
    "llm": {
      "rewards": [
        8736.0
      ],
      "mean": 8736.0,
      "std": 0.0,
      "min": 8736.0,
      "max": 8736.0,
      "count": 1,
      "ratio_to_perfect": 0.2192330857257579
    },
    "llm_to_or": {
      "rewards": [
        21940.0
      ],
      "mean": 21940.0,
      "std": 0.0,
      "min": 21940.0,
      "max": 21940.0,
      "count": 1,
      "ratio_to_perfect": 0.5505922505520979
    },
    "or_to_llm": {
      "rewards": [
        18365.0
      ],
      "mean": 18365.0,
      "std": 0.0,
      "min": 18365.0,
      "max": 18365.0,
      "count": 1,
      "ratio_to_perfect": 0.460876330054206
    },
    "perfect_score": {
      "rewards": [
        39848.0
      ],
      "mean": 39848.0,
      "std": 0.0,
      "min": 39848.0,
      "max": 39848.0,
      "count": 1,
      "ratio_to_perfect": 1.0
    }
  },
  "errors": {}
}