{
  "instance_dir": "/shared/share_malatown/OR-Agent-GPT5mini-benchmark/examples/benchmark/real_trajectory/lead_time_stochastic/719957006",
  "instance_name": "719957006",
  "promised_lead_time": 2,
  "model": "openai/gpt-5-mini",
  "num_runs_llm": 1,
  "num_runs_deterministic": 1,
  "max_periods": null,
  "summary": {
    "perfect_score": 11432.0,
    "ratios": {
      "or": 0.14310706787963612,
      "llm": -0.48268019594121764,
      "llm_to_or": 0.15377886634009796,
      "or_to_llm": 0.120888733379986,
      "perfect_score": 1.0
    },
    "warnings": null
  },
  "results": {
    "or": {
      "rewards": [
        1636.0
      ],
      "mean": 1636.0,
      "std": 0.0,
      "min": 1636.0,
      "max": 1636.0,
      "count": 1,
      "ratio_to_perfect": 0.14310706787963612
    },
    "llm": {
      "rewards": [
        -5518.0
      ],
      "mean": -5518.0,
      "std": 0.0,
      "min": -5518.0,
      "max": -5518.0,
      "count": 1,
      "ratio_to_perfect": -0.48268019594121764
    },
    "llm_to_or": {
      "rewards": [
        1758.0
      ],
      "mean": 1758.0,
      "std": 0.0,
      "min": 1758.0,
      "max": 1758.0,
      "count": 1,
      "ratio_to_perfect": 0.15377886634009796
    },
    "or_to_llm": {
      "rewards": [
        1382.0
      ],
      "mean": 1382.0,
      "std": 0.0,
      "min": 1382.0,
      "max": 1382.0,
      "count": 1,
      "ratio_to_perfect": 0.120888733379986
    },
    "perfect_score": {
      "rewards": [
        11432.0
      ],
      "mean": 11432.0,
      "std": 0.0,
      "min": 11432.0,
      "max": 11432.0,
      "count": 1,
      "ratio_to_perfect": 1.0
    }
  },
  "errors": {}
}