{
  "instance_dir": "/shared/share_malatown/OR_Agent/examples/benchmark/real_trajectory/lead_time_4/743098002",
  "instance_name": "743098002",
  "promised_lead_time": 4,
  "model": "x-ai/grok-4.1-fast",
  "num_runs_llm": 1,
  "num_runs_deterministic": 1,
  "max_periods": null,
  "summary": {
    "perfect_score": 9636.0,
    "ratios": {
      "or": 0.35450394354503945,
      "llm": -1.151722706517227,
      "llm_to_or": -0.009651307596513076,
      "or_to_llm": -0.07866334578663346,
      "perfect_score": 1.0
    },
    "warnings": null
  },
  "results": {
    "or": {
      "rewards": [
        3416.0
      ],
      "mean": 3416.0,
      "std": 0.0,
      "min": 3416.0,
      "max": 3416.0,
      "count": 1,
      "ratio_to_perfect": 0.35450394354503945
    },
    "llm": {
      "rewards": [
        -11098.0
      ],
      "mean": -11098.0,
      "std": 0.0,
      "min": -11098.0,
      "max": -11098.0,
      "count": 1,
      "ratio_to_perfect": -1.151722706517227
    },
    "llm_to_or": {
      "rewards": [
        -93.0
      ],
      "mean": -93.0,
      "std": 0.0,
      "min": -93.0,
      "max": -93.0,
      "count": 1,
      "ratio_to_perfect": -0.009651307596513076
    },
    "or_to_llm": {
      "rewards": [
        -758.0
      ],
      "mean": -758.0,
      "std": 0.0,
      "min": -758.0,
      "max": -758.0,
      "count": 1,
      "ratio_to_perfect": -0.07866334578663346
    },
    "perfect_score": {
      "rewards": [
        9636.0
      ],
      "mean": 9636.0,
      "std": 0.0,
      "min": 9636.0,
      "max": 9636.0,
      "count": 1,
      "ratio_to_perfect": 1.0
    }
  },
  "errors": {}
}