{
  "instance_dir": "/shared/share_malatown/OR_Agent/examples/benchmark/real_trajectory/lead_time_stochastic/692226004",
  "instance_name": "692226004",
  "promised_lead_time": 2,
  "model": "x-ai/grok-4.1-fast",
  "num_runs_llm": 1,
  "num_runs_deterministic": 1,
  "max_periods": null,
  "summary": {
    "perfect_score": 9932.0,
    "ratios": {
      "or": 0.26429722110350384,
      "llm": -1.9743254128070882,
      "llm_to_or": -0.5743052758759565,
      "or_to_llm": 0.28372935964559,
      "perfect_score": 1.0
    },
    "warnings": null
  },
  "results": {
    "or": {
      "rewards": [
        2625.0
      ],
      "mean": 2625.0,
      "std": 0.0,
      "min": 2625.0,
      "max": 2625.0,
      "count": 1,
      "ratio_to_perfect": 0.26429722110350384
    },
    "llm": {
      "rewards": [
        -19609.0
      ],
      "mean": -19609.0,
      "std": 0.0,
      "min": -19609.0,
      "max": -19609.0,
      "count": 1,
      "ratio_to_perfect": -1.9743254128070882
    },
    "llm_to_or": {
      "rewards": [
        -5704.0
      ],
      "mean": -5704.0,
      "std": 0.0,
      "min": -5704.0,
      "max": -5704.0,
      "count": 1,
      "ratio_to_perfect": -0.5743052758759565
    },
    "or_to_llm": {
      "rewards": [
        2818.0
      ],
      "mean": 2818.0,
      "std": 0.0,
      "min": 2818.0,
      "max": 2818.0,
      "count": 1,
      "ratio_to_perfect": 0.28372935964559
    },
    "perfect_score": {
      "rewards": [
        9932.0
      ],
      "mean": 9932.0,
      "std": 0.0,
      "min": 9932.0,
      "max": 9932.0,
      "count": 1,
      "ratio_to_perfect": 1.0
    }
  },
  "errors": {}
}