{
  "instance_dir": "/shared/share_malatown/OR_Agent/examples/benchmark/real_trajectory/lead_time_4/536139006",
  "instance_name": "536139006",
  "promised_lead_time": 4,
  "model": "x-ai/grok-4.1-fast",
  "num_runs_llm": 1,
  "num_runs_deterministic": 1,
  "max_periods": null,
  "summary": {
    "perfect_score": 4603.0,
    "ratios": {
      "or": -0.23919183141429504,
      "llm": -2.243102324570932,
      "llm_to_or": 0.20834238540082556,
      "or_to_llm": 0.03128394525309581,
      "perfect_score": 1.0
    },
    "warnings": null
  },
  "results": {
    "or": {
      "rewards": [
        -1101.0
      ],
      "mean": -1101.0,
      "std": 0.0,
      "min": -1101.0,
      "max": -1101.0,
      "count": 1,
      "ratio_to_perfect": -0.23919183141429504
    },
    "llm": {
      "rewards": [
        -10325.0
      ],
      "mean": -10325.0,
      "std": 0.0,
      "min": -10325.0,
      "max": -10325.0,
      "count": 1,
      "ratio_to_perfect": -2.243102324570932
    },
    "llm_to_or": {
      "rewards": [
        959.0
      ],
      "mean": 959.0,
      "std": 0.0,
      "min": 959.0,
      "max": 959.0,
      "count": 1,
      "ratio_to_perfect": 0.20834238540082556
    },
    "or_to_llm": {
      "rewards": [
        144.0
      ],
      "mean": 144.0,
      "std": 0.0,
      "min": 144.0,
      "max": 144.0,
      "count": 1,
      "ratio_to_perfect": 0.03128394525309581
    },
    "perfect_score": {
      "rewards": [
        4603.0
      ],
      "mean": 4603.0,
      "std": 0.0,
      "min": 4603.0,
      "max": 4603.0,
      "count": 1,
      "ratio_to_perfect": 1.0
    }
  },
  "errors": {}
}