{
  "instance_dir": "D:\\TextArena\\examples\\benchmark\\real_trajectory\\lead_time_0\\589748001",
  "instance_name": "589748001",
  "promised_lead_time": 0,
  "model": "google/gemini-3-flash-preview",
  "num_runs_llm": 1,
  "num_runs_deterministic": 1,
  "max_periods": null,
  "summary": {
    "perfect_score": 11872.0,
    "ratios": {
      "or": 0.784282345013477,
      "llm": 0.7825977088948787,
      "llm_to_or": 0.7710579514824798,
      "or_to_llm": 0.7852088948787062,
      "perfect_score": 1.0
    },
    "warnings": null
  },
  "results": {
    "or": {
      "rewards": [
        9311.0
      ],
      "mean": 9311.0,
      "std": 0.0,
      "min": 9311.0,
      "max": 9311.0,
      "count": 1,
      "ratio_to_perfect": 0.784282345013477
    },
    "llm": {
      "rewards": [
        9291.0
      ],
      "mean": 9291.0,
      "std": 0.0,
      "min": 9291.0,
      "max": 9291.0,
      "count": 1,
      "ratio_to_perfect": 0.7825977088948787
    },
    "llm_to_or": {
      "rewards": [
        9154.0
      ],
      "mean": 9154.0,
      "std": 0.0,
      "min": 9154.0,
      "max": 9154.0,
      "count": 1,
      "ratio_to_perfect": 0.7710579514824798
    },
    "or_to_llm": {
      "rewards": [
        9322.0
      ],
      "mean": 9322.0,
      "std": 0.0,
      "min": 9322.0,
      "max": 9322.0,
      "count": 1,
      "ratio_to_perfect": 0.7852088948787062
    },
    "perfect_score": {
      "rewards": [
        11872.0
      ],
      "mean": 11872.0,
      "std": 0.0,
      "min": 11872.0,
      "max": 11872.0,
      "count": 1,
      "ratio_to_perfect": 1.0
    }
  },
  "errors": {}
}