{
  "instance_dir": "D:\\TextArena\\examples\\benchmark\\synthetic_trajectory\\lead_time_0\\p10_autocorrelated\\v1_phi_0_7\\r2_high",
  "instance_name": "r2_high",
  "promised_lead_time": 0,
  "model": "google/gemini-3-flash-preview",
  "num_runs_llm": 1,
  "num_runs_deterministic": 1,
  "max_periods": null,
  "summary": {
    "perfect_score": 95836.0,
    "ratios": {
      "or": 0.96921824784006,
      "llm": 0.9694373721774698,
      "llm_to_or": 0.9758650194081556,
      "or_to_llm": 0.9725468508702366,
      "perfect_score": 1.0
    },
    "warnings": null
  },
  "results": {
    "or": {
      "rewards": [
        92886.0
      ],
      "mean": 92886.0,
      "std": 0.0,
      "min": 92886.0,
      "max": 92886.0,
      "count": 1,
      "ratio_to_perfect": 0.96921824784006
    },
    "llm": {
      "rewards": [
        92907.0
      ],
      "mean": 92907.0,
      "std": 0.0,
      "min": 92907.0,
      "max": 92907.0,
      "count": 1,
      "ratio_to_perfect": 0.9694373721774698
    },
    "llm_to_or": {
      "rewards": [
        93523.0
      ],
      "mean": 93523.0,
      "std": 0.0,
      "min": 93523.0,
      "max": 93523.0,
      "count": 1,
      "ratio_to_perfect": 0.9758650194081556
    },
    "or_to_llm": {
      "rewards": [
        93205.0
      ],
      "mean": 93205.0,
      "std": 0.0,
      "min": 93205.0,
      "max": 93205.0,
      "count": 1,
      "ratio_to_perfect": 0.9725468508702366
    },
    "perfect_score": {
      "rewards": [
        95836.0
      ],
      "mean": 95836.0,
      "std": 0.0,
      "min": 95836.0,
      "max": 95836.0,
      "count": 1,
      "ratio_to_perfect": 1.0
    }
  },
  "errors": {}
}