{
  "instance_dir": "/shared/share_malatown/OR_Agent/examples/benchmark/synthetic_trajectory/lead_time_4/p05_decreasing_trend/v2_exp_decay_0_97/r1_med",
  "instance_name": "r1_med",
  "promised_lead_time": 4,
  "model": "x-ai/grok-4.1-fast",
  "num_runs_llm": 1,
  "num_runs_deterministic": 1,
  "max_periods": null,
  "summary": {
    "perfect_score": 20060.0,
    "ratios": {
      "or": 0.11026919242273181,
      "llm": -0.7735294117647059,
      "llm_to_or": 0.5805583250249252,
      "or_to_llm": 0.39940179461615155,
      "perfect_score": 1.0
    },
    "warnings": null
  },
  "results": {
    "or": {
      "rewards": [
        2212.0
      ],
      "mean": 2212.0,
      "std": 0.0,
      "min": 2212.0,
      "max": 2212.0,
      "count": 1,
      "ratio_to_perfect": 0.11026919242273181
    },
    "llm": {
      "rewards": [
        -15517.0
      ],
      "mean": -15517.0,
      "std": 0.0,
      "min": -15517.0,
      "max": -15517.0,
      "count": 1,
      "ratio_to_perfect": -0.7735294117647059
    },
    "llm_to_or": {
      "rewards": [
        11646.0
      ],
      "mean": 11646.0,
      "std": 0.0,
      "min": 11646.0,
      "max": 11646.0,
      "count": 1,
      "ratio_to_perfect": 0.5805583250249252
    },
    "or_to_llm": {
      "rewards": [
        8012.0
      ],
      "mean": 8012.0,
      "std": 0.0,
      "min": 8012.0,
      "max": 8012.0,
      "count": 1,
      "ratio_to_perfect": 0.39940179461615155
    },
    "perfect_score": {
      "rewards": [
        20060.0
      ],
      "mean": 20060.0,
      "std": 0.0,
      "min": 20060.0,
      "max": 20060.0,
      "count": 1,
      "ratio_to_perfect": 1.0
    }
  },
  "errors": {}
}