{
  "instance_dir": "D:\\TextArena\\examples\\benchmark\\synthetic_trajectory\\lead_time_0\\p10_autocorrelated\\v2_phi_0_5\\r1_high",
  "instance_name": "r1_high",
  "promised_lead_time": 0,
  "model": "openai/gpt-5-mini",
  "num_runs_llm": 1,
  "num_runs_deterministic": 1,
  "max_periods": null,
  "summary": {
    "perfect_score": 109744.0,
    "ratios": {
      "or": 0.9757071001603732,
      "llm": 0.9375728969237498,
      "llm_to_or": 0.9729825776352238,
      "or_to_llm": 0.9649730281382126,
      "perfect_score": 1.0
    },
    "warnings": null
  },
  "results": {
    "or": {
      "rewards": [
        107078.0
      ],
      "mean": 107078.0,
      "std": 0.0,
      "min": 107078.0,
      "max": 107078.0,
      "count": 1,
      "ratio_to_perfect": 0.9757071001603732
    },
    "llm": {
      "rewards": [
        102893.0
      ],
      "mean": 102893.0,
      "std": 0.0,
      "min": 102893.0,
      "max": 102893.0,
      "count": 1,
      "ratio_to_perfect": 0.9375728969237498
    },
    "llm_to_or": {
      "rewards": [
        106779.0
      ],
      "mean": 106779.0,
      "std": 0.0,
      "min": 106779.0,
      "max": 106779.0,
      "count": 1,
      "ratio_to_perfect": 0.9729825776352238
    },
    "or_to_llm": {
      "rewards": [
        105900.0
      ],
      "mean": 105900.0,
      "std": 0.0,
      "min": 105900.0,
      "max": 105900.0,
      "count": 1,
      "ratio_to_perfect": 0.9649730281382126
    },
    "perfect_score": {
      "rewards": [
        109744.0
      ],
      "mean": 109744.0,
      "std": 0.0,
      "min": 109744.0,
      "max": 109744.0,
      "count": 1,
      "ratio_to_perfect": 1.0
    }
  },
  "errors": {}
}