{
  "instance_dir": "/shared/share_malatown/OR_Agent/examples/benchmark/synthetic_trajectory/lead_time_4/p04_increasing_trend/v4_linear_100_2t/r1_med",
  "instance_name": "r1_med",
  "promised_lead_time": 4,
  "model": "x-ai/grok-4.1-fast",
  "num_runs_llm": 1,
  "num_runs_deterministic": 1,
  "max_periods": null,
  "summary": {
    "perfect_score": 32508.0,
    "ratios": {
      "or": 0.585302079488126,
      "llm": 0.27464008859357697,
      "llm_to_or": 0.4544112218530823,
      "or_to_llm": 0.5285468192444936,
      "perfect_score": 1.0
    },
    "warnings": null
  },
  "results": {
    "or": {
      "rewards": [
        19027.0
      ],
      "mean": 19027.0,
      "std": 0.0,
      "min": 19027.0,
      "max": 19027.0,
      "count": 1,
      "ratio_to_perfect": 0.585302079488126
    },
    "llm": {
      "rewards": [
        8928.0
      ],
      "mean": 8928.0,
      "std": 0.0,
      "min": 8928.0,
      "max": 8928.0,
      "count": 1,
      "ratio_to_perfect": 0.27464008859357697
    },
    "llm_to_or": {
      "rewards": [
        14772.0
      ],
      "mean": 14772.0,
      "std": 0.0,
      "min": 14772.0,
      "max": 14772.0,
      "count": 1,
      "ratio_to_perfect": 0.4544112218530823
    },
    "or_to_llm": {
      "rewards": [
        17182.0
      ],
      "mean": 17182.0,
      "std": 0.0,
      "min": 17182.0,
      "max": 17182.0,
      "count": 1,
      "ratio_to_perfect": 0.5285468192444936
    },
    "perfect_score": {
      "rewards": [
        32508.0
      ],
      "mean": 32508.0,
      "std": 0.0,
      "min": 32508.0,
      "max": 32508.0,
      "count": 1,
      "ratio_to_perfect": 1.0
    }
  },
  "errors": {}
}