{
  "instance_dir": "/shared/share_malatown/OR-Agent-GPT5mini-benchmark/examples/benchmark/synthetic_trajectory/lead_time_stochastic/p06_variance_change/v4_uniform_to_normal/r2_high",
  "instance_name": "r2_high",
  "promised_lead_time": 2,
  "model": "openai/gpt-5-mini",
  "num_runs_llm": 1,
  "num_runs_deterministic": 1,
  "max_periods": null,
  "summary": {
    "perfect_score": 90801.0,
    "ratios": {
      "or": 0.13078049801213643,
      "llm": 0.39655950925650596,
      "llm_to_or": 0.16223389610246583,
      "or_to_llm": 0.34251825420424886,
      "perfect_score": 1.0
    },
    "warnings": null
  },
  "results": {
    "or": {
      "rewards": [
        11875.0
      ],
      "mean": 11875.0,
      "std": 0.0,
      "min": 11875.0,
      "max": 11875.0,
      "count": 1,
      "ratio_to_perfect": 0.13078049801213643
    },
    "llm": {
      "rewards": [
        36008.0
      ],
      "mean": 36008.0,
      "std": 0.0,
      "min": 36008.0,
      "max": 36008.0,
      "count": 1,
      "ratio_to_perfect": 0.39655950925650596
    },
    "llm_to_or": {
      "rewards": [
        14731.0
      ],
      "mean": 14731.0,
      "std": 0.0,
      "min": 14731.0,
      "max": 14731.0,
      "count": 1,
      "ratio_to_perfect": 0.16223389610246583
    },
    "or_to_llm": {
      "rewards": [
        31101.0
      ],
      "mean": 31101.0,
      "std": 0.0,
      "min": 31101.0,
      "max": 31101.0,
      "count": 1,
      "ratio_to_perfect": 0.34251825420424886
    },
    "perfect_score": {
      "rewards": [
        90801.0
      ],
      "mean": 90801.0,
      "std": 0.0,
      "min": 90801.0,
      "max": 90801.0,
      "count": 1,
      "ratio_to_perfect": 1.0
    }
  },
  "errors": {}
}