{
  "instance_dir": "/shared/share_malatown/OR_Agent/examples/benchmark/real_trajectory/lead_time_0/561445005",
  "instance_name": "561445005",
  "promised_lead_time": 0,
  "model": "x-ai/grok-4.1-fast",
  "num_runs_llm": 1,
  "num_runs_deterministic": 1,
  "max_periods": null,
  "summary": {
    "perfect_score": 4968.0,
    "ratios": {
      "or": 0.35909822866344604,
      "llm": 0.7306763285024155,
      "llm_to_or": 0.7721417069243156,
      "or_to_llm": 0.6231884057971014,
      "perfect_score": 1.0
    },
    "warnings": null
  },
  "results": {
    "or": {
      "rewards": [
        1784.0
      ],
      "mean": 1784.0,
      "std": 0.0,
      "min": 1784.0,
      "max": 1784.0,
      "count": 1,
      "ratio_to_perfect": 0.35909822866344604
    },
    "llm": {
      "rewards": [
        3630.0
      ],
      "mean": 3630.0,
      "std": 0.0,
      "min": 3630.0,
      "max": 3630.0,
      "count": 1,
      "ratio_to_perfect": 0.7306763285024155
    },
    "llm_to_or": {
      "rewards": [
        3836.0
      ],
      "mean": 3836.0,
      "std": 0.0,
      "min": 3836.0,
      "max": 3836.0,
      "count": 1,
      "ratio_to_perfect": 0.7721417069243156
    },
    "or_to_llm": {
      "rewards": [
        3096.0
      ],
      "mean": 3096.0,
      "std": 0.0,
      "min": 3096.0,
      "max": 3096.0,
      "count": 1,
      "ratio_to_perfect": 0.6231884057971014
    },
    "perfect_score": {
      "rewards": [
        4968.0
      ],
      "mean": 4968.0,
      "std": 0.0,
      "min": 4968.0,
      "max": 4968.0,
      "count": 1,
      "ratio_to_perfect": 1.0
    }
  },
  "errors": {}
}