{
  "instance_dir": "/shared/share_malatown/OR-Agent-GPT5mini-benchmark/examples/benchmark/real_trajectory/lead_time_0/689389004",
  "instance_name": "689389004",
  "promised_lead_time": 0,
  "model": "openai/gpt-5-mini",
  "num_runs_llm": 1,
  "num_runs_deterministic": 1,
  "max_periods": null,
  "summary": {
    "perfect_score": 2211.0,
    "ratios": {
      "or": 0.3387607417458164,
      "llm": 0.5608322026232474,
      "llm_to_or": 0.48846675712347354,
      "or_to_llm": 0.5463591135232926,
      "perfect_score": 1.0
    },
    "warnings": null
  },
  "results": {
    "or": {
      "rewards": [
        749.0
      ],
      "mean": 749.0,
      "std": 0.0,
      "min": 749.0,
      "max": 749.0,
      "count": 1,
      "ratio_to_perfect": 0.3387607417458164
    },
    "llm": {
      "rewards": [
        1240.0
      ],
      "mean": 1240.0,
      "std": 0.0,
      "min": 1240.0,
      "max": 1240.0,
      "count": 1,
      "ratio_to_perfect": 0.5608322026232474
    },
    "llm_to_or": {
      "rewards": [
        1080.0
      ],
      "mean": 1080.0,
      "std": 0.0,
      "min": 1080.0,
      "max": 1080.0,
      "count": 1,
      "ratio_to_perfect": 0.48846675712347354
    },
    "or_to_llm": {
      "rewards": [
        1208.0
      ],
      "mean": 1208.0,
      "std": 0.0,
      "min": 1208.0,
      "max": 1208.0,
      "count": 1,
      "ratio_to_perfect": 0.5463591135232926
    },
    "perfect_score": {
      "rewards": [
        2211.0
      ],
      "mean": 2211.0,
      "std": 0.0,
      "min": 2211.0,
      "max": 2211.0,
      "count": 1,
      "ratio_to_perfect": 1.0
    }
  },
  "errors": {}
}