{
  "instance_dir": "D:\\TextArena\\examples\\benchmark\\real_trajectory\\lead_time_stochastic\\507883014",
  "instance_name": "507883014",
  "promised_lead_time": 2,
  "model": "google/gemini-3-flash-preview",
  "num_runs_llm": 1,
  "num_runs_deterministic": 1,
  "max_periods": null,
  "summary": {
    "perfect_score": 52573.0,
    "ratios": {
      "or": 0.2709375534970422,
      "llm": 0.6106366385787382,
      "llm_to_or": 0.5654613584920016,
      "or_to_llm": 0.5986342799535883,
      "perfect_score": 1.0
    },
    "warnings": null
  },
  "results": {
    "or": {
      "rewards": [
        14244.0
      ],
      "mean": 14244.0,
      "std": 0.0,
      "min": 14244.0,
      "max": 14244.0,
      "count": 1,
      "ratio_to_perfect": 0.2709375534970422
    },
    "llm": {
      "rewards": [
        32103.0
      ],
      "mean": 32103.0,
      "std": 0.0,
      "min": 32103.0,
      "max": 32103.0,
      "count": 1,
      "ratio_to_perfect": 0.6106366385787382
    },
    "llm_to_or": {
      "rewards": [
        29728.0
      ],
      "mean": 29728.0,
      "std": 0.0,
      "min": 29728.0,
      "max": 29728.0,
      "count": 1,
      "ratio_to_perfect": 0.5654613584920016
    },
    "or_to_llm": {
      "rewards": [
        31472.0
      ],
      "mean": 31472.0,
      "std": 0.0,
      "min": 31472.0,
      "max": 31472.0,
      "count": 1,
      "ratio_to_perfect": 0.5986342799535883
    },
    "perfect_score": {
      "rewards": [
        52573.0
      ],
      "mean": 52573.0,
      "std": 0.0,
      "min": 52573.0,
      "max": 52573.0,
      "count": 1,
      "ratio_to_perfect": 1.0
    }
  },
  "errors": {}
}