{
  "instance_dir": "/shared/share_malatown/OR_Agent/examples/benchmark/real_trajectory/lead_time_0/372860002",
  "instance_name": "372860002",
  "promised_lead_time": 0,
  "model": "x-ai/grok-4.1-fast",
  "num_runs_llm": 1,
  "num_runs_deterministic": 1,
  "max_periods": null,
  "summary": {
    "perfect_score": 215821.0,
    "ratios": {
      "or": 0.9280978218060337,
      "llm": 0.919076456878617,
      "llm_to_or": 0.945098021045218,
      "or_to_llm": 0.9293117907895895,
      "perfect_score": 1.0
    },
    "warnings": null
  },
  "results": {
    "or": {
      "rewards": [
        200303.0
      ],
      "mean": 200303.0,
      "std": 0.0,
      "min": 200303.0,
      "max": 200303.0,
      "count": 1,
      "ratio_to_perfect": 0.9280978218060337
    },
    "llm": {
      "rewards": [
        198356.0
      ],
      "mean": 198356.0,
      "std": 0.0,
      "min": 198356.0,
      "max": 198356.0,
      "count": 1,
      "ratio_to_perfect": 0.919076456878617
    },
    "llm_to_or": {
      "rewards": [
        203972.0
      ],
      "mean": 203972.0,
      "std": 0.0,
      "min": 203972.0,
      "max": 203972.0,
      "count": 1,
      "ratio_to_perfect": 0.945098021045218
    },
    "or_to_llm": {
      "rewards": [
        200565.0
      ],
      "mean": 200565.0,
      "std": 0.0,
      "min": 200565.0,
      "max": 200565.0,
      "count": 1,
      "ratio_to_perfect": 0.9293117907895895
    },
    "perfect_score": {
      "rewards": [
        215821.0
      ],
      "mean": 215821.0,
      "std": 0.0,
      "min": 215821.0,
      "max": 215821.0,
      "count": 1,
      "ratio_to_perfect": 1.0
    }
  },
  "errors": {}
}