{
  "instance_dir": "/shared/share_malatown/OR-Agent-GPT5mini-benchmark/examples/benchmark/real_trajectory/lead_time_0/685816001",
  "instance_name": "685816001",
  "promised_lead_time": 0,
  "model": "openai/gpt-5-mini",
  "num_runs_llm": 1,
  "num_runs_deterministic": 1,
  "max_periods": null,
  "summary": {
    "perfect_score": 92321.0,
    "ratios": {
      "or": 0.9184150951571148,
      "llm": 0.8741781393182483,
      "llm_to_or": 0.9171586096337778,
      "or_to_llm": 0.9093813975151915,
      "perfect_score": 1.0
    },
    "warnings": null
  },
  "results": {
    "or": {
      "rewards": [
        84789.0
      ],
      "mean": 84789.0,
      "std": 0.0,
      "min": 84789.0,
      "max": 84789.0,
      "count": 1,
      "ratio_to_perfect": 0.9184150951571148
    },
    "llm": {
      "rewards": [
        80705.0
      ],
      "mean": 80705.0,
      "std": 0.0,
      "min": 80705.0,
      "max": 80705.0,
      "count": 1,
      "ratio_to_perfect": 0.8741781393182483
    },
    "llm_to_or": {
      "rewards": [
        84673.0
      ],
      "mean": 84673.0,
      "std": 0.0,
      "min": 84673.0,
      "max": 84673.0,
      "count": 1,
      "ratio_to_perfect": 0.9171586096337778
    },
    "or_to_llm": {
      "rewards": [
        83955.0
      ],
      "mean": 83955.0,
      "std": 0.0,
      "min": 83955.0,
      "max": 83955.0,
      "count": 1,
      "ratio_to_perfect": 0.9093813975151915
    },
    "perfect_score": {
      "rewards": [
        92321.0
      ],
      "mean": 92321.0,
      "std": 0.0,
      "min": 92321.0,
      "max": 92321.0,
      "count": 1,
      "ratio_to_perfect": 1.0
    }
  },
  "errors": {}
}