{
  "instance_dir": "D:\\TextArena\\examples\\benchmark\\real_trajectory\\lead_time_4\\399223035",
  "instance_name": "399223035",
  "promised_lead_time": 4,
  "model": "google/gemini-3-flash-preview",
  "num_runs_llm": 1,
  "num_runs_deterministic": 1,
  "max_periods": null,
  "summary": {
    "perfect_score": 71003.0,
    "ratios": {
      "or": 0.770164640930665,
      "llm": 0.7528836809712266,
      "llm_to_or": 0.8001633733785897,
      "or_to_llm": 0.8060786163964903,
      "perfect_score": 1.0
    },
    "warnings": null
  },
  "results": {
    "or": {
      "rewards": [
        54684.0
      ],
      "mean": 54684.0,
      "std": 0.0,
      "min": 54684.0,
      "max": 54684.0,
      "count": 1,
      "ratio_to_perfect": 0.770164640930665
    },
    "llm": {
      "rewards": [
        53457.0
      ],
      "mean": 53457.0,
      "std": 0.0,
      "min": 53457.0,
      "max": 53457.0,
      "count": 1,
      "ratio_to_perfect": 0.7528836809712266
    },
    "llm_to_or": {
      "rewards": [
        56814.0
      ],
      "mean": 56814.0,
      "std": 0.0,
      "min": 56814.0,
      "max": 56814.0,
      "count": 1,
      "ratio_to_perfect": 0.8001633733785897
    },
    "or_to_llm": {
      "rewards": [
        57234.0
      ],
      "mean": 57234.0,
      "std": 0.0,
      "min": 57234.0,
      "max": 57234.0,
      "count": 1,
      "ratio_to_perfect": 0.8060786163964903
    },
    "perfect_score": {
      "rewards": [
        71003.0
      ],
      "mean": 71003.0,
      "std": 0.0,
      "min": 71003.0,
      "max": 71003.0,
      "count": 1,
      "ratio_to_perfect": 1.0
    }
  },
  "errors": {}
}