{
  "instance_dir": "/shared/share_malatown/OR-Agent-GPT5mini-benchmark/examples/benchmark/real_trajectory/lead_time_stochastic/396135007",
  "instance_name": "396135007",
  "promised_lead_time": 2,
  "model": "openai/gpt-5-mini",
  "num_runs_llm": 1,
  "num_runs_deterministic": 1,
  "max_periods": null,
  "summary": {
    "perfect_score": 55518.0,
    "ratios": {
      "or": 0.33814258438704564,
      "llm": 0.21369645880615296,
      "llm_to_or": 0.4046795633848482,
      "or_to_llm": 0.11318851543643503,
      "perfect_score": 1.0
    },
    "warnings": null
  },
  "results": {
    "or": {
      "rewards": [
        18773.0
      ],
      "mean": 18773.0,
      "std": 0.0,
      "min": 18773.0,
      "max": 18773.0,
      "count": 1,
      "ratio_to_perfect": 0.33814258438704564
    },
    "llm": {
      "rewards": [
        11864.0
      ],
      "mean": 11864.0,
      "std": 0.0,
      "min": 11864.0,
      "max": 11864.0,
      "count": 1,
      "ratio_to_perfect": 0.21369645880615296
    },
    "llm_to_or": {
      "rewards": [
        22467.0
      ],
      "mean": 22467.0,
      "std": 0.0,
      "min": 22467.0,
      "max": 22467.0,
      "count": 1,
      "ratio_to_perfect": 0.4046795633848482
    },
    "or_to_llm": {
      "rewards": [
        6284.0
      ],
      "mean": 6284.0,
      "std": 0.0,
      "min": 6284.0,
      "max": 6284.0,
      "count": 1,
      "ratio_to_perfect": 0.11318851543643503
    },
    "perfect_score": {
      "rewards": [
        55518.0
      ],
      "mean": 55518.0,
      "std": 0.0,
      "min": 55518.0,
      "max": 55518.0,
      "count": 1,
      "ratio_to_perfect": 1.0
    }
  },
  "errors": {}
}