{
  "instance_dir": "D:\\TextArena\\examples\\benchmark\\real_trajectory\\lead_time_0\\688432001",
  "instance_name": "688432001",
  "promised_lead_time": 0,
  "model": "google/gemini-3-flash-preview",
  "num_runs_llm": 1,
  "num_runs_deterministic": 1,
  "max_periods": null,
  "summary": {
    "perfect_score": 3701.0,
    "ratios": {
      "or": 0.5755201296946771,
      "llm": 0.507160226965685,
      "llm_to_or": 0.6617130505268847,
      "or_to_llm": 0.5887597946500945,
      "perfect_score": 1.0
    },
    "warnings": null
  },
  "results": {
    "or": {
      "rewards": [
        2130.0
      ],
      "mean": 2130.0,
      "std": 0.0,
      "min": 2130.0,
      "max": 2130.0,
      "count": 1,
      "ratio_to_perfect": 0.5755201296946771
    },
    "llm": {
      "rewards": [
        1877.0
      ],
      "mean": 1877.0,
      "std": 0.0,
      "min": 1877.0,
      "max": 1877.0,
      "count": 1,
      "ratio_to_perfect": 0.507160226965685
    },
    "llm_to_or": {
      "rewards": [
        2449.0
      ],
      "mean": 2449.0,
      "std": 0.0,
      "min": 2449.0,
      "max": 2449.0,
      "count": 1,
      "ratio_to_perfect": 0.6617130505268847
    },
    "or_to_llm": {
      "rewards": [
        2179.0
      ],
      "mean": 2179.0,
      "std": 0.0,
      "min": 2179.0,
      "max": 2179.0,
      "count": 1,
      "ratio_to_perfect": 0.5887597946500945
    },
    "perfect_score": {
      "rewards": [
        3701.0
      ],
      "mean": 3701.0,
      "std": 0.0,
      "min": 3701.0,
      "max": 3701.0,
      "count": 1,
      "ratio_to_perfect": 1.0
    }
  },
  "errors": {}
}