{
  "instance_dir": "/shared/share_malatown/OR_Agent/examples/benchmark/synthetic_trajectory/lead_time_stochastic/p02_mean_increase/v2_100to150/r2_high",
  "instance_name": "r2_high",
  "promised_lead_time": 2,
  "model": "x-ai/grok-4.1-fast",
  "num_runs_llm": 1,
  "num_runs_deterministic": 1,
  "max_periods": null,
  "summary": {
    "perfect_score": 125894.0,
    "ratios": {
      "or": 0.1135320190001112,
      "llm": 0.7178022781069789,
      "llm_to_or": 0.5487314725086183,
      "or_to_llm": 0.6116733124692202,
      "perfect_score": 1.0
    },
    "warnings": null
  },
  "results": {
    "or": {
      "rewards": [
        14293.0
      ],
      "mean": 14293.0,
      "std": 0.0,
      "min": 14293.0,
      "max": 14293.0,
      "count": 1,
      "ratio_to_perfect": 0.1135320190001112
    },
    "llm": {
      "rewards": [
        90367.0
      ],
      "mean": 90367.0,
      "std": 0.0,
      "min": 90367.0,
      "max": 90367.0,
      "count": 1,
      "ratio_to_perfect": 0.7178022781069789
    },
    "llm_to_or": {
      "rewards": [
        69082.0
      ],
      "mean": 69082.0,
      "std": 0.0,
      "min": 69082.0,
      "max": 69082.0,
      "count": 1,
      "ratio_to_perfect": 0.5487314725086183
    },
    "or_to_llm": {
      "rewards": [
        77006.0
      ],
      "mean": 77006.0,
      "std": 0.0,
      "min": 77006.0,
      "max": 77006.0,
      "count": 1,
      "ratio_to_perfect": 0.6116733124692202
    },
    "perfect_score": {
      "rewards": [
        125894.0
      ],
      "mean": 125894.0,
      "std": 0.0,
      "min": 125894.0,
      "max": 125894.0,
      "count": 1,
      "ratio_to_perfect": 1.0
    }
  },
  "errors": {}
}