{
  "instance_dir": "/shared/share_malatown/OR_Agent/examples/benchmark/synthetic_trajectory/lead_time_0/p07_seasonal/v2_period5_amp50/r2_med",
  "instance_name": "r2_med",
  "promised_lead_time": 0,
  "model": "x-ai/grok-4.1-fast",
  "num_runs_llm": 1,
  "num_runs_deterministic": 1,
  "max_periods": null,
  "summary": {
    "perfect_score": 19172.0,
    "ratios": {
      "or": 0.8533277696640935,
      "llm": 0.849467974128938,
      "llm_to_or": 0.8339244731900689,
      "or_to_llm": 0.8605779261422909,
      "perfect_score": 1.0
    },
    "warnings": null
  },
  "results": {
    "or": {
      "rewards": [
        16360.0
      ],
      "mean": 16360.0,
      "std": 0.0,
      "min": 16360.0,
      "max": 16360.0,
      "count": 1,
      "ratio_to_perfect": 0.8533277696640935
    },
    "llm": {
      "rewards": [
        16286.0
      ],
      "mean": 16286.0,
      "std": 0.0,
      "min": 16286.0,
      "max": 16286.0,
      "count": 1,
      "ratio_to_perfect": 0.849467974128938
    },
    "llm_to_or": {
      "rewards": [
        15988.0
      ],
      "mean": 15988.0,
      "std": 0.0,
      "min": 15988.0,
      "max": 15988.0,
      "count": 1,
      "ratio_to_perfect": 0.8339244731900689
    },
    "or_to_llm": {
      "rewards": [
        16499.0
      ],
      "mean": 16499.0,
      "std": 0.0,
      "min": 16499.0,
      "max": 16499.0,
      "count": 1,
      "ratio_to_perfect": 0.8605779261422909
    },
    "perfect_score": {
      "rewards": [
        19172.0
      ],
      "mean": 19172.0,
      "std": 0.0,
      "min": 19172.0,
      "max": 19172.0,
      "count": 1,
      "ratio_to_perfect": 1.0
    }
  },
  "errors": {}
}