{
  "instance_dir": "/shared/share_malatown/OR-Agent-GPT5mini-benchmark/examples/benchmark/synthetic_trajectory/lead_time_stochastic/p10_autocorrelated/v4_phi_neg_0_3/r1_high",
  "instance_name": "r1_high",
  "promised_lead_time": 2,
  "model": "openai/gpt-5-mini",
  "num_runs_llm": 1,
  "num_runs_deterministic": 1,
  "max_periods": null,
  "summary": {
    "perfect_score": 96900.0,
    "ratios": {
      "or": 0.14332301341589268,
      "llm": 0.29487100103199176,
      "llm_to_or": 0.23202270381836945,
      "or_to_llm": 0.21565531475748195,
      "perfect_score": 1.0
    },
    "warnings": null
  },
  "results": {
    "or": {
      "rewards": [
        13888.0
      ],
      "mean": 13888.0,
      "std": 0.0,
      "min": 13888.0,
      "max": 13888.0,
      "count": 1,
      "ratio_to_perfect": 0.14332301341589268
    },
    "llm": {
      "rewards": [
        28573.0
      ],
      "mean": 28573.0,
      "std": 0.0,
      "min": 28573.0,
      "max": 28573.0,
      "count": 1,
      "ratio_to_perfect": 0.29487100103199176
    },
    "llm_to_or": {
      "rewards": [
        22483.0
      ],
      "mean": 22483.0,
      "std": 0.0,
      "min": 22483.0,
      "max": 22483.0,
      "count": 1,
      "ratio_to_perfect": 0.23202270381836945
    },
    "or_to_llm": {
      "rewards": [
        20897.0
      ],
      "mean": 20897.0,
      "std": 0.0,
      "min": 20897.0,
      "max": 20897.0,
      "count": 1,
      "ratio_to_perfect": 0.21565531475748195
    },
    "perfect_score": {
      "rewards": [
        96900.0
      ],
      "mean": 96900.0,
      "std": 0.0,
      "min": 96900.0,
      "max": 96900.0,
      "count": 1,
      "ratio_to_perfect": 1.0
    }
  },
  "errors": {}
}