{
  "instance_dir": "D:\\TextArena\\examples\\benchmark\\synthetic_trajectory\\lead_time_4\\p08_multi_changepoint\\v1_up_then_down\\r1_high",
  "instance_name": "r1_high",
  "promised_lead_time": 4,
  "model": "openai/gpt-5-mini",
  "num_runs_llm": 1,
  "num_runs_deterministic": 1,
  "max_periods": null,
  "summary": {
    "perfect_score": 112784.0,
    "ratios": {
      "or": 0.8111966236345581,
      "llm": 0.7919563058589871,
      "llm_to_or": 0.8065683075613562,
      "or_to_llm": 0.7844375088665059,
      "perfect_score": 1.0
    },
    "warnings": null
  },
  "results": {
    "or": {
      "rewards": [
        91490.0
      ],
      "mean": 91490.0,
      "std": 0.0,
      "min": 91490.0,
      "max": 91490.0,
      "count": 1,
      "ratio_to_perfect": 0.8111966236345581
    },
    "llm": {
      "rewards": [
        89320.0
      ],
      "mean": 89320.0,
      "std": 0.0,
      "min": 89320.0,
      "max": 89320.0,
      "count": 1,
      "ratio_to_perfect": 0.7919563058589871
    },
    "llm_to_or": {
      "rewards": [
        90968.0
      ],
      "mean": 90968.0,
      "std": 0.0,
      "min": 90968.0,
      "max": 90968.0,
      "count": 1,
      "ratio_to_perfect": 0.8065683075613562
    },
    "or_to_llm": {
      "rewards": [
        88472.0
      ],
      "mean": 88472.0,
      "std": 0.0,
      "min": 88472.0,
      "max": 88472.0,
      "count": 1,
      "ratio_to_perfect": 0.7844375088665059
    },
    "perfect_score": {
      "rewards": [
        112784.0
      ],
      "mean": 112784.0,
      "std": 0.0,
      "min": 112784.0,
      "max": 112784.0,
      "count": 1,
      "ratio_to_perfect": 1.0
    }
  },
  "errors": {}
}