{
  "instance_dir": "/shared/share_malatown/OR_Agent/examples/benchmark/real_trajectory/lead_time_4/399256032",
  "instance_name": "399256032",
  "promised_lead_time": 4,
  "model": "x-ai/grok-4.1-fast",
  "num_runs_llm": 1,
  "num_runs_deterministic": 1,
  "max_periods": null,
  "summary": {
    "perfect_score": 2177.0,
    "ratios": {
      "or": -2.780431786862655,
      "llm": -1.8222324299494717,
      "llm_to_or": -1.071198897565457,
      "or_to_llm": -1.1887919154800184,
      "perfect_score": 1.0
    },
    "warnings": null
  },
  "results": {
    "or": {
      "rewards": [
        -6053.0
      ],
      "mean": -6053.0,
      "std": 0.0,
      "min": -6053.0,
      "max": -6053.0,
      "count": 1,
      "ratio_to_perfect": -2.780431786862655
    },
    "llm": {
      "rewards": [
        -3967.0
      ],
      "mean": -3967.0,
      "std": 0.0,
      "min": -3967.0,
      "max": -3967.0,
      "count": 1,
      "ratio_to_perfect": -1.8222324299494717
    },
    "llm_to_or": {
      "rewards": [
        -2332.0
      ],
      "mean": -2332.0,
      "std": 0.0,
      "min": -2332.0,
      "max": -2332.0,
      "count": 1,
      "ratio_to_perfect": -1.071198897565457
    },
    "or_to_llm": {
      "rewards": [
        -2588.0
      ],
      "mean": -2588.0,
      "std": 0.0,
      "min": -2588.0,
      "max": -2588.0,
      "count": 1,
      "ratio_to_perfect": -1.1887919154800184
    },
    "perfect_score": {
      "rewards": [
        2177.0
      ],
      "mean": 2177.0,
      "std": 0.0,
      "min": 2177.0,
      "max": 2177.0,
      "count": 1,
      "ratio_to_perfect": 1.0
    }
  },
  "errors": {}
}