{
  "instance_dir": "/shared/share_malatown/OR_Agent/examples/benchmark/synthetic_trajectory/lead_time_0/p04_increasing_trend/v4_linear_100_2t/r2_med",
  "instance_name": "r2_med",
  "promised_lead_time": 0,
  "model": "x-ai/grok-4.1-fast",
  "num_runs_llm": 1,
  "num_runs_deterministic": 1,
  "max_periods": null,
  "summary": {
    "perfect_score": 31980.0,
    "ratios": {
      "or": 0.7034083802376485,
      "llm": 0.7179174484052533,
      "llm_to_or": 0.6979049405878675,
      "or_to_llm": 0.714853033145716,
      "perfect_score": 1.0
    },
    "warnings": null
  },
  "results": {
    "or": {
      "rewards": [
        22495.0
      ],
      "mean": 22495.0,
      "std": 0.0,
      "min": 22495.0,
      "max": 22495.0,
      "count": 1,
      "ratio_to_perfect": 0.7034083802376485
    },
    "llm": {
      "rewards": [
        22959.0
      ],
      "mean": 22959.0,
      "std": 0.0,
      "min": 22959.0,
      "max": 22959.0,
      "count": 1,
      "ratio_to_perfect": 0.7179174484052533
    },
    "llm_to_or": {
      "rewards": [
        22319.0
      ],
      "mean": 22319.0,
      "std": 0.0,
      "min": 22319.0,
      "max": 22319.0,
      "count": 1,
      "ratio_to_perfect": 0.6979049405878675
    },
    "or_to_llm": {
      "rewards": [
        22861.0
      ],
      "mean": 22861.0,
      "std": 0.0,
      "min": 22861.0,
      "max": 22861.0,
      "count": 1,
      "ratio_to_perfect": 0.714853033145716
    },
    "perfect_score": {
      "rewards": [
        31980.0
      ],
      "mean": 31980.0,
      "std": 0.0,
      "min": 31980.0,
      "max": 31980.0,
      "count": 1,
      "ratio_to_perfect": 1.0
    }
  },
  "errors": {}
}