{
  "instance_dir": "D:\\TextArena\\examples\\benchmark\\synthetic_trajectory\\lead_time_4\\p09_temp_spike_dip\\v2_temp_dip\\r2_high",
  "instance_name": "r2_high",
  "promised_lead_time": 4,
  "model": "openai/gpt-5-mini",
  "num_runs_llm": 1,
  "num_runs_deterministic": 1,
  "max_periods": null,
  "summary": {
    "perfect_score": 83600.0,
    "ratios": {
      "or": 0.8136004784688995,
      "llm": 0.729377990430622,
      "llm_to_or": 0.817476076555024,
      "or_to_llm": 0.808122009569378,
      "perfect_score": 1.0
    },
    "warnings": null
  },
  "results": {
    "or": {
      "rewards": [
        68017.0
      ],
      "mean": 68017.0,
      "std": 0.0,
      "min": 68017.0,
      "max": 68017.0,
      "count": 1,
      "ratio_to_perfect": 0.8136004784688995
    },
    "llm": {
      "rewards": [
        60976.0
      ],
      "mean": 60976.0,
      "std": 0.0,
      "min": 60976.0,
      "max": 60976.0,
      "count": 1,
      "ratio_to_perfect": 0.729377990430622
    },
    "llm_to_or": {
      "rewards": [
        68341.0
      ],
      "mean": 68341.0,
      "std": 0.0,
      "min": 68341.0,
      "max": 68341.0,
      "count": 1,
      "ratio_to_perfect": 0.817476076555024
    },
    "or_to_llm": {
      "rewards": [
        67559.0
      ],
      "mean": 67559.0,
      "std": 0.0,
      "min": 67559.0,
      "max": 67559.0,
      "count": 1,
      "ratio_to_perfect": 0.808122009569378
    },
    "perfect_score": {
      "rewards": [
        83600.0
      ],
      "mean": 83600.0,
      "std": 0.0,
      "min": 83600.0,
      "max": 83600.0,
      "count": 1,
      "ratio_to_perfect": 1.0
    }
  },
  "errors": {}
}