{
  "instance_dir": "/shared/share_malatown/OR_Agent/examples/benchmark/real_trajectory/lead_time_stochastic/679854001",
  "instance_name": "679854001",
  "promised_lead_time": 2,
  "model": "x-ai/grok-4.1-fast",
  "num_runs_llm": 1,
  "num_runs_deterministic": 1,
  "max_periods": null,
  "summary": {
    "perfect_score": 79344.0,
    "ratios": {
      "or": 0.37357582173825366,
      "llm": 0.6843491631377294,
      "llm_to_or": 0.3947620488001613,
      "or_to_llm": 0.5775988102440008,
      "perfect_score": 1.0
    },
    "warnings": null
  },
  "results": {
    "or": {
      "rewards": [
        29641.0
      ],
      "mean": 29641.0,
      "std": 0.0,
      "min": 29641.0,
      "max": 29641.0,
      "count": 1,
      "ratio_to_perfect": 0.37357582173825366
    },
    "llm": {
      "rewards": [
        54299.0
      ],
      "mean": 54299.0,
      "std": 0.0,
      "min": 54299.0,
      "max": 54299.0,
      "count": 1,
      "ratio_to_perfect": 0.6843491631377294
    },
    "llm_to_or": {
      "rewards": [
        31322.0
      ],
      "mean": 31322.0,
      "std": 0.0,
      "min": 31322.0,
      "max": 31322.0,
      "count": 1,
      "ratio_to_perfect": 0.3947620488001613
    },
    "or_to_llm": {
      "rewards": [
        45829.0
      ],
      "mean": 45829.0,
      "std": 0.0,
      "min": 45829.0,
      "max": 45829.0,
      "count": 1,
      "ratio_to_perfect": 0.5775988102440008
    },
    "perfect_score": {
      "rewards": [
        79344.0
      ],
      "mean": 79344.0,
      "std": 0.0,
      "min": 79344.0,
      "max": 79344.0,
      "count": 1,
      "ratio_to_perfect": 1.0
    }
  },
  "errors": {}
}