{
  "instance_dir": "/shared/share_malatown/OR_Agent/examples/benchmark/real_trajectory/lead_time_0/554450027",
  "instance_name": "554450027",
  "promised_lead_time": 0,
  "model": "x-ai/grok-4.1-fast",
  "num_runs_llm": 1,
  "num_runs_deterministic": 1,
  "max_periods": null,
  "summary": {
    "perfect_score": 17092.0,
    "ratios": {
      "or": 0.8060496138544349,
      "llm": 0.8362391762227943,
      "llm_to_or": 0.8143575941961151,
      "or_to_llm": 0.7992043061081208,
      "perfect_score": 1.0
    },
    "warnings": null
  },
  "results": {
    "or": {
      "rewards": [
        13777.0
      ],
      "mean": 13777.0,
      "std": 0.0,
      "min": 13777.0,
      "max": 13777.0,
      "count": 1,
      "ratio_to_perfect": 0.8060496138544349
    },
    "llm": {
      "rewards": [
        14293.0
      ],
      "mean": 14293.0,
      "std": 0.0,
      "min": 14293.0,
      "max": 14293.0,
      "count": 1,
      "ratio_to_perfect": 0.8362391762227943
    },
    "llm_to_or": {
      "rewards": [
        13919.0
      ],
      "mean": 13919.0,
      "std": 0.0,
      "min": 13919.0,
      "max": 13919.0,
      "count": 1,
      "ratio_to_perfect": 0.8143575941961151
    },
    "or_to_llm": {
      "rewards": [
        13660.0
      ],
      "mean": 13660.0,
      "std": 0.0,
      "min": 13660.0,
      "max": 13660.0,
      "count": 1,
      "ratio_to_perfect": 0.7992043061081208
    },
    "perfect_score": {
      "rewards": [
        17092.0
      ],
      "mean": 17092.0,
      "std": 0.0,
      "min": 17092.0,
      "max": 17092.0,
      "count": 1,
      "ratio_to_perfect": 1.0
    }
  },
  "errors": {}
}