{
  "instance_dir": "/shared/share_malatown/OR-Agent-GPT5mini-benchmark/examples/benchmark/synthetic_trajectory/lead_time_stochastic/p01_stationary_iid/v3_normal_100_15/r2_high",
  "instance_name": "r2_high",
  "promised_lead_time": 2,
  "model": "openai/gpt-5-mini",
  "num_runs_llm": 1,
  "num_runs_deterministic": 1,
  "max_periods": null,
  "summary": {
    "perfect_score": 93993.0,
    "ratios": {
      "or": 0.12742438266679434,
      "llm": 0.24666730501207537,
      "llm_to_or": 0.19237602800208525,
      "or_to_llm": 0.2913621227112657,
      "perfect_score": 1.0
    },
    "warnings": null
  },
  "results": {
    "or": {
      "rewards": [
        11977.0
      ],
      "mean": 11977.0,
      "std": 0.0,
      "min": 11977.0,
      "max": 11977.0,
      "count": 1,
      "ratio_to_perfect": 0.12742438266679434
    },
    "llm": {
      "rewards": [
        23185.0
      ],
      "mean": 23185.0,
      "std": 0.0,
      "min": 23185.0,
      "max": 23185.0,
      "count": 1,
      "ratio_to_perfect": 0.24666730501207537
    },
    "llm_to_or": {
      "rewards": [
        18082.0
      ],
      "mean": 18082.0,
      "std": 0.0,
      "min": 18082.0,
      "max": 18082.0,
      "count": 1,
      "ratio_to_perfect": 0.19237602800208525
    },
    "or_to_llm": {
      "rewards": [
        27386.0
      ],
      "mean": 27386.0,
      "std": 0.0,
      "min": 27386.0,
      "max": 27386.0,
      "count": 1,
      "ratio_to_perfect": 0.2913621227112657
    },
    "perfect_score": {
      "rewards": [
        93993.0
      ],
      "mean": 93993.0,
      "std": 0.0,
      "min": 93993.0,
      "max": 93993.0,
      "count": 1,
      "ratio_to_perfect": 1.0
    }
  },
  "errors": {}
}