{
  "instance_dir": "D:\\TextArena\\examples\\benchmark\\synthetic_trajectory\\lead_time_4\\p08_multi_changepoint\\v2_down_then_up\\r2_high",
  "instance_name": "r2_high",
  "promised_lead_time": 4,
  "model": "google/gemini-3-flash-preview",
  "num_runs_llm": 1,
  "num_runs_deterministic": 1,
  "max_periods": null,
  "summary": {
    "perfect_score": 90231.0,
    "ratios": {
      "or": 0.7493211867318328,
      "llm": 0.7056998149194844,
      "llm_to_or": 0.7408651128769491,
      "or_to_llm": 0.7442564085513848,
      "perfect_score": 1.0
    },
    "warnings": null
  },
  "results": {
    "or": {
      "rewards": [
        67612.0
      ],
      "mean": 67612.0,
      "std": 0.0,
      "min": 67612.0,
      "max": 67612.0,
      "count": 1,
      "ratio_to_perfect": 0.7493211867318328
    },
    "llm": {
      "rewards": [
        63676.0
      ],
      "mean": 63676.0,
      "std": 0.0,
      "min": 63676.0,
      "max": 63676.0,
      "count": 1,
      "ratio_to_perfect": 0.7056998149194844
    },
    "llm_to_or": {
      "rewards": [
        66849.0
      ],
      "mean": 66849.0,
      "std": 0.0,
      "min": 66849.0,
      "max": 66849.0,
      "count": 1,
      "ratio_to_perfect": 0.7408651128769491
    },
    "or_to_llm": {
      "rewards": [
        67155.0
      ],
      "mean": 67155.0,
      "std": 0.0,
      "min": 67155.0,
      "max": 67155.0,
      "count": 1,
      "ratio_to_perfect": 0.7442564085513848
    },
    "perfect_score": {
      "rewards": [
        90231.0
      ],
      "mean": 90231.0,
      "std": 0.0,
      "min": 90231.0,
      "max": 90231.0,
      "count": 1,
      "ratio_to_perfect": 1.0
    }
  },
  "errors": {}
}