{
  "instance_dir": "D:\\TextArena\\examples\\benchmark\\synthetic_trajectory\\lead_time_stochastic\\p03_mean_decrease\\v4_150to80\\r2_high",
  "instance_name": "r2_high",
  "promised_lead_time": 2,
  "model": "google/gemini-3-flash-preview",
  "num_runs_llm": 1,
  "num_runs_deterministic": 1,
  "max_periods": null,
  "summary": {
    "perfect_score": 95551.0,
    "ratios": {
      "or": 0.17297568837584118,
      "llm": 0.7221379158773849,
      "llm_to_or": 0.2613159464579125,
      "or_to_llm": 0.7063243712781656,
      "perfect_score": 1.0
    },
    "warnings": null
  },
  "results": {
    "or": {
      "rewards": [
        16528.0
      ],
      "mean": 16528.0,
      "std": 0.0,
      "min": 16528.0,
      "max": 16528.0,
      "count": 1,
      "ratio_to_perfect": 0.17297568837584118
    },
    "llm": {
      "rewards": [
        69001.0
      ],
      "mean": 69001.0,
      "std": 0.0,
      "min": 69001.0,
      "max": 69001.0,
      "count": 1,
      "ratio_to_perfect": 0.7221379158773849
    },
    "llm_to_or": {
      "rewards": [
        24969.0
      ],
      "mean": 24969.0,
      "std": 0.0,
      "min": 24969.0,
      "max": 24969.0,
      "count": 1,
      "ratio_to_perfect": 0.2613159464579125
    },
    "or_to_llm": {
      "rewards": [
        67490.0
      ],
      "mean": 67490.0,
      "std": 0.0,
      "min": 67490.0,
      "max": 67490.0,
      "count": 1,
      "ratio_to_perfect": 0.7063243712781656
    },
    "perfect_score": {
      "rewards": [
        95551.0
      ],
      "mean": 95551.0,
      "std": 0.0,
      "min": 95551.0,
      "max": 95551.0,
      "count": 1,
      "ratio_to_perfect": 1.0
    }
  },
  "errors": {}
}