{
  "instance_dir": "/shared/share_malatown/OR-Agent-GPT5mini-benchmark/examples/benchmark/real_trajectory/lead_time_stochastic/706016001",
  "instance_name": "706016001",
  "promised_lead_time": 2,
  "model": "openai/gpt-5-mini",
  "num_runs_llm": 1,
  "num_runs_deterministic": 1,
  "max_periods": null,
  "summary": {
    "perfect_score": 501030.0,
    "ratios": {
      "or": 0.18400295391493524,
      "llm": 0.3143564257629284,
      "llm_to_or": 0.073215176735924,
      "or_to_llm": 0.49603217372213243,
      "perfect_score": 1.0
    },
    "warnings": null
  },
  "results": {
    "or": {
      "rewards": [
        92191.0
      ],
      "mean": 92191.0,
      "std": 0.0,
      "min": 92191.0,
      "max": 92191.0,
      "count": 1,
      "ratio_to_perfect": 0.18400295391493524
    },
    "llm": {
      "rewards": [
        157502.0
      ],
      "mean": 157502.0,
      "std": 0.0,
      "min": 157502.0,
      "max": 157502.0,
      "count": 1,
      "ratio_to_perfect": 0.3143564257629284
    },
    "llm_to_or": {
      "rewards": [
        36683.0
      ],
      "mean": 36683.0,
      "std": 0.0,
      "min": 36683.0,
      "max": 36683.0,
      "count": 1,
      "ratio_to_perfect": 0.073215176735924
    },
    "or_to_llm": {
      "rewards": [
        248527.0
      ],
      "mean": 248527.0,
      "std": 0.0,
      "min": 248527.0,
      "max": 248527.0,
      "count": 1,
      "ratio_to_perfect": 0.49603217372213243
    },
    "perfect_score": {
      "rewards": [
        501030.0
      ],
      "mean": 501030.0,
      "std": 0.0,
      "min": 501030.0,
      "max": 501030.0,
      "count": 1,
      "ratio_to_perfect": 1.0
    }
  },
  "errors": {}
}