{
  "instance_dir": "/shared/share_malatown/OR_Agent/examples/benchmark/real_trajectory/lead_time_stochastic/565379001",
  "instance_name": "565379001",
  "promised_lead_time": 2,
  "model": "x-ai/grok-4.1-fast",
  "num_runs_llm": 1,
  "num_runs_deterministic": 1,
  "max_periods": null,
  "summary": {
    "perfect_score": 99427.0,
    "ratios": {
      "or": 0.2947891417824132,
      "llm": 0.6124292194273185,
      "llm_to_or": 0.3115250384704356,
      "or_to_llm": 0.41167892021281943,
      "perfect_score": 1.0
    },
    "warnings": null
  },
  "results": {
    "or": {
      "rewards": [
        29310.0
      ],
      "mean": 29310.0,
      "std": 0.0,
      "min": 29310.0,
      "max": 29310.0,
      "count": 1,
      "ratio_to_perfect": 0.2947891417824132
    },
    "llm": {
      "rewards": [
        60892.0
      ],
      "mean": 60892.0,
      "std": 0.0,
      "min": 60892.0,
      "max": 60892.0,
      "count": 1,
      "ratio_to_perfect": 0.6124292194273185
    },
    "llm_to_or": {
      "rewards": [
        30974.0
      ],
      "mean": 30974.0,
      "std": 0.0,
      "min": 30974.0,
      "max": 30974.0,
      "count": 1,
      "ratio_to_perfect": 0.3115250384704356
    },
    "or_to_llm": {
      "rewards": [
        40932.0
      ],
      "mean": 40932.0,
      "std": 0.0,
      "min": 40932.0,
      "max": 40932.0,
      "count": 1,
      "ratio_to_perfect": 0.41167892021281943
    },
    "perfect_score": {
      "rewards": [
        99427.0
      ],
      "mean": 99427.0,
      "std": 0.0,
      "min": 99427.0,
      "max": 99427.0,
      "count": 1,
      "ratio_to_perfect": 1.0
    }
  },
  "errors": {}
}