{
  "instance_dir": "D:\\TextArena\\examples\\benchmark\\synthetic_trajectory\\lead_time_0\\p08_multi_changepoint\\v3_var_high_then_low\\r1_high",
  "instance_name": "r1_high",
  "promised_lead_time": 0,
  "model": "openai/gpt-5-mini",
  "num_runs_llm": 1,
  "num_runs_deterministic": 1,
  "max_periods": null,
  "summary": {
    "perfect_score": 88027.0,
    "ratios": {
      "or": 0.9481636316130279,
      "llm": 0.8857168823201972,
      "llm_to_or": 0.948322673725107,
      "or_to_llm": 0.9456757585740738,
      "perfect_score": 1.0
    },
    "warnings": null
  },
  "results": {
    "or": {
      "rewards": [
        83464.0
      ],
      "mean": 83464.0,
      "std": 0.0,
      "min": 83464.0,
      "max": 83464.0,
      "count": 1,
      "ratio_to_perfect": 0.9481636316130279
    },
    "llm": {
      "rewards": [
        77967.0
      ],
      "mean": 77967.0,
      "std": 0.0,
      "min": 77967.0,
      "max": 77967.0,
      "count": 1,
      "ratio_to_perfect": 0.8857168823201972
    },
    "llm_to_or": {
      "rewards": [
        83478.0
      ],
      "mean": 83478.0,
      "std": 0.0,
      "min": 83478.0,
      "max": 83478.0,
      "count": 1,
      "ratio_to_perfect": 0.948322673725107
    },
    "or_to_llm": {
      "rewards": [
        83245.0
      ],
      "mean": 83245.0,
      "std": 0.0,
      "min": 83245.0,
      "max": 83245.0,
      "count": 1,
      "ratio_to_perfect": 0.9456757585740738
    },
    "perfect_score": {
      "rewards": [
        88027.0
      ],
      "mean": 88027.0,
      "std": 0.0,
      "min": 88027.0,
      "max": 88027.0,
      "count": 1,
      "ratio_to_perfect": 1.0
    }
  },
  "errors": {}
}