{
  "instance_dir": "D:\\TextArena\\examples\\benchmark\\real_trajectory\\lead_time_stochastic\\615141002",
  "instance_name": "615141002",
  "promised_lead_time": 2,
  "model": "google/gemini-3-flash-preview",
  "num_runs_llm": 1,
  "num_runs_deterministic": 1,
  "max_periods": null,
  "summary": {
    "perfect_score": 4127.0,
    "ratios": {
      "or": -0.18269929731039497,
      "llm": -5.637509086503513,
      "llm_to_or": -2.783377756239399,
      "or_to_llm": -2.2030530651805185,
      "perfect_score": 1.0
    },
    "warnings": null
  },
  "results": {
    "or": {
      "rewards": [
        -754.0
      ],
      "mean": -754.0,
      "std": 0.0,
      "min": -754.0,
      "max": -754.0,
      "count": 1,
      "ratio_to_perfect": -0.18269929731039497
    },
    "llm": {
      "rewards": [
        -23266.0
      ],
      "mean": -23266.0,
      "std": 0.0,
      "min": -23266.0,
      "max": -23266.0,
      "count": 1,
      "ratio_to_perfect": -5.637509086503513
    },
    "llm_to_or": {
      "rewards": [
        -11487.0
      ],
      "mean": -11487.0,
      "std": 0.0,
      "min": -11487.0,
      "max": -11487.0,
      "count": 1,
      "ratio_to_perfect": -2.783377756239399
    },
    "or_to_llm": {
      "rewards": [
        -9092.0
      ],
      "mean": -9092.0,
      "std": 0.0,
      "min": -9092.0,
      "max": -9092.0,
      "count": 1,
      "ratio_to_perfect": -2.2030530651805185
    },
    "perfect_score": {
      "rewards": [
        4127.0
      ],
      "mean": 4127.0,
      "std": 0.0,
      "min": 4127.0,
      "max": 4127.0,
      "count": 1,
      "ratio_to_perfect": 1.0
    }
  },
  "errors": {}
}