{
  "instance_dir": "D:\\TextArena\\examples\\benchmark\\real_trajectory\\lead_time_0\\658030020",
  "instance_name": "658030020",
  "promised_lead_time": 0,
  "model": "google/gemini-3-flash-preview",
  "num_runs_llm": 1,
  "num_runs_deterministic": 1,
  "max_periods": null,
  "summary": {
    "perfect_score": 64106.0,
    "ratios": {
      "or": 0.929975353321062,
      "llm": 0.9013976850840795,
      "llm_to_or": 0.9317380588400461,
      "or_to_llm": 0.9384612984744017,
      "perfect_score": 1.0
    },
    "warnings": null
  },
  "results": {
    "or": {
      "rewards": [
        59617.0
      ],
      "mean": 59617.0,
      "std": 0.0,
      "min": 59617.0,
      "max": 59617.0,
      "count": 1,
      "ratio_to_perfect": 0.929975353321062
    },
    "llm": {
      "rewards": [
        57785.0
      ],
      "mean": 57785.0,
      "std": 0.0,
      "min": 57785.0,
      "max": 57785.0,
      "count": 1,
      "ratio_to_perfect": 0.9013976850840795
    },
    "llm_to_or": {
      "rewards": [
        59730.0
      ],
      "mean": 59730.0,
      "std": 0.0,
      "min": 59730.0,
      "max": 59730.0,
      "count": 1,
      "ratio_to_perfect": 0.9317380588400461
    },
    "or_to_llm": {
      "rewards": [
        60161.0
      ],
      "mean": 60161.0,
      "std": 0.0,
      "min": 60161.0,
      "max": 60161.0,
      "count": 1,
      "ratio_to_perfect": 0.9384612984744017
    },
    "perfect_score": {
      "rewards": [
        64106.0
      ],
      "mean": 64106.0,
      "std": 0.0,
      "min": 64106.0,
      "max": 64106.0,
      "count": 1,
      "ratio_to_perfect": 1.0
    }
  },
  "errors": {}
}