{
  "instance_dir": "/shared/share_malatown/OR_Agent/examples/benchmark/real_trajectory/lead_time_stochastic/743098002",
  "instance_name": "743098002",
  "promised_lead_time": 2,
  "model": "x-ai/grok-4.1-fast",
  "num_runs_llm": 1,
  "num_runs_deterministic": 1,
  "max_periods": null,
  "summary": {
    "perfect_score": 45771.0,
    "ratios": {
      "or": 0.29839854929977494,
      "llm": 0.5967970985995499,
      "llm_to_or": 0.45585632824277383,
      "or_to_llm": 0.4365646369972253,
      "perfect_score": 1.0
    },
    "warnings": null
  },
  "results": {
    "or": {
      "rewards": [
        13658.0
      ],
      "mean": 13658.0,
      "std": 0.0,
      "min": 13658.0,
      "max": 13658.0,
      "count": 1,
      "ratio_to_perfect": 0.29839854929977494
    },
    "llm": {
      "rewards": [
        27316.0
      ],
      "mean": 27316.0,
      "std": 0.0,
      "min": 27316.0,
      "max": 27316.0,
      "count": 1,
      "ratio_to_perfect": 0.5967970985995499
    },
    "llm_to_or": {
      "rewards": [
        20865.0
      ],
      "mean": 20865.0,
      "std": 0.0,
      "min": 20865.0,
      "max": 20865.0,
      "count": 1,
      "ratio_to_perfect": 0.45585632824277383
    },
    "or_to_llm": {
      "rewards": [
        19982.0
      ],
      "mean": 19982.0,
      "std": 0.0,
      "min": 19982.0,
      "max": 19982.0,
      "count": 1,
      "ratio_to_perfect": 0.4365646369972253
    },
    "perfect_score": {
      "rewards": [
        45771.0
      ],
      "mean": 45771.0,
      "std": 0.0,
      "min": 45771.0,
      "max": 45771.0,
      "count": 1,
      "ratio_to_perfect": 1.0
    }
  },
  "errors": {}
}