{
  "instance_dir": "/shared/share_malatown/OR_Agent/examples/benchmark/synthetic_trajectory/lead_time_stochastic/p09_temp_spike_dip/v1_temp_surge/r2_high",
  "instance_name": "r2_high",
  "promised_lead_time": 2,
  "model": "x-ai/grok-4.1-fast",
  "num_runs_llm": 1,
  "num_runs_deterministic": 1,
  "max_periods": null,
  "summary": {
    "perfect_score": 115007.0,
    "ratios": {
      "or": 0.12976601424261133,
      "llm": 0.574808489918005,
      "llm_to_or": 0.3800029563417879,
      "or_to_llm": 0.564539549766536,
      "perfect_score": 1.0
    },
    "warnings": null
  },
  "results": {
    "or": {
      "rewards": [
        14924.0
      ],
      "mean": 14924.0,
      "std": 0.0,
      "min": 14924.0,
      "max": 14924.0,
      "count": 1,
      "ratio_to_perfect": 0.12976601424261133
    },
    "llm": {
      "rewards": [
        66107.0
      ],
      "mean": 66107.0,
      "std": 0.0,
      "min": 66107.0,
      "max": 66107.0,
      "count": 1,
      "ratio_to_perfect": 0.574808489918005
    },
    "llm_to_or": {
      "rewards": [
        43703.0
      ],
      "mean": 43703.0,
      "std": 0.0,
      "min": 43703.0,
      "max": 43703.0,
      "count": 1,
      "ratio_to_perfect": 0.3800029563417879
    },
    "or_to_llm": {
      "rewards": [
        64926.0
      ],
      "mean": 64926.0,
      "std": 0.0,
      "min": 64926.0,
      "max": 64926.0,
      "count": 1,
      "ratio_to_perfect": 0.564539549766536
    },
    "perfect_score": {
      "rewards": [
        115007.0
      ],
      "mean": 115007.0,
      "std": 0.0,
      "min": 115007.0,
      "max": 115007.0,
      "count": 1,
      "ratio_to_perfect": 1.0
    }
  },
  "errors": {}
}