{
  "instance_dir": "/shared/share_malatown/OR_Agent/examples/benchmark/synthetic_trajectory/lead_time_stochastic/p04_increasing_trend/v2_linear_50_3t/r2_med",
  "instance_name": "r2_med",
  "promised_lead_time": 2,
  "model": "x-ai/grok-4.1-fast",
  "num_runs_llm": 1,
  "num_runs_deterministic": 1,
  "max_periods": null,
  "summary": {
    "perfect_score": 25856.0,
    "ratios": {
      "or": 0.07773824257425743,
      "llm": 0.5767326732673267,
      "llm_to_or": 0.3965423886138614,
      "or_to_llm": 0.5140779702970297,
      "perfect_score": 1.0
    },
    "warnings": null
  },
  "results": {
    "or": {
      "rewards": [
        2010.0
      ],
      "mean": 2010.0,
      "std": 0.0,
      "min": 2010.0,
      "max": 2010.0,
      "count": 1,
      "ratio_to_perfect": 0.07773824257425743
    },
    "llm": {
      "rewards": [
        14912.0
      ],
      "mean": 14912.0,
      "std": 0.0,
      "min": 14912.0,
      "max": 14912.0,
      "count": 1,
      "ratio_to_perfect": 0.5767326732673267
    },
    "llm_to_or": {
      "rewards": [
        10253.0
      ],
      "mean": 10253.0,
      "std": 0.0,
      "min": 10253.0,
      "max": 10253.0,
      "count": 1,
      "ratio_to_perfect": 0.3965423886138614
    },
    "or_to_llm": {
      "rewards": [
        13292.0
      ],
      "mean": 13292.0,
      "std": 0.0,
      "min": 13292.0,
      "max": 13292.0,
      "count": 1,
      "ratio_to_perfect": 0.5140779702970297
    },
    "perfect_score": {
      "rewards": [
        25856.0
      ],
      "mean": 25856.0,
      "std": 0.0,
      "min": 25856.0,
      "max": 25856.0,
      "count": 1,
      "ratio_to_perfect": 1.0
    }
  },
  "errors": {}
}