{
  "instance_dir": "D:\\TextArena\\examples\\benchmark\\real_trajectory\\lead_time_4\\399087030",
  "instance_name": "399087030",
  "promised_lead_time": 4,
  "model": "google/gemini-3-flash-preview",
  "num_runs_llm": 1,
  "num_runs_deterministic": 1,
  "max_periods": null,
  "summary": {
    "perfect_score": 63517.0,
    "ratios": {
      "or": 0.6261945620857409,
      "llm": 0.7060786875954469,
      "llm_to_or": 0.5796400963521577,
      "or_to_llm": 0.6979548782215784,
      "perfect_score": 1.0
    },
    "warnings": null
  },
  "results": {
    "or": {
      "rewards": [
        39774.0
      ],
      "mean": 39774.0,
      "std": 0.0,
      "min": 39774.0,
      "max": 39774.0,
      "count": 1,
      "ratio_to_perfect": 0.6261945620857409
    },
    "llm": {
      "rewards": [
        44848.0
      ],
      "mean": 44848.0,
      "std": 0.0,
      "min": 44848.0,
      "max": 44848.0,
      "count": 1,
      "ratio_to_perfect": 0.7060786875954469
    },
    "llm_to_or": {
      "rewards": [
        36817.0
      ],
      "mean": 36817.0,
      "std": 0.0,
      "min": 36817.0,
      "max": 36817.0,
      "count": 1,
      "ratio_to_perfect": 0.5796400963521577
    },
    "or_to_llm": {
      "rewards": [
        44332.0
      ],
      "mean": 44332.0,
      "std": 0.0,
      "min": 44332.0,
      "max": 44332.0,
      "count": 1,
      "ratio_to_perfect": 0.6979548782215784
    },
    "perfect_score": {
      "rewards": [
        63517.0
      ],
      "mean": 63517.0,
      "std": 0.0,
      "min": 63517.0,
      "max": 63517.0,
      "count": 1,
      "ratio_to_perfect": 1.0
    }
  },
  "errors": {}
}