{
  "instance_dir": "D:\\TextArena\\examples\\benchmark\\real_trajectory\\lead_time_0\\573085004",
  "instance_name": "573085004",
  "promised_lead_time": 0,
  "model": "google/gemini-3-flash-preview",
  "num_runs_llm": 1,
  "num_runs_deterministic": 1,
  "max_periods": null,
  "summary": {
    "perfect_score": 104747.0,
    "ratios": {
      "or": 0.8144863337374817,
      "llm": 0.868683589983484,
      "llm_to_or": 0.8698960352086456,
      "or_to_llm": 0.8611797951253974,
      "perfect_score": 1.0
    },
    "warnings": null
  },
  "results": {
    "or": {
      "rewards": [
        85315.0
      ],
      "mean": 85315.0,
      "std": 0.0,
      "min": 85315.0,
      "max": 85315.0,
      "count": 1,
      "ratio_to_perfect": 0.8144863337374817
    },
    "llm": {
      "rewards": [
        90992.0
      ],
      "mean": 90992.0,
      "std": 0.0,
      "min": 90992.0,
      "max": 90992.0,
      "count": 1,
      "ratio_to_perfect": 0.868683589983484
    },
    "llm_to_or": {
      "rewards": [
        91119.0
      ],
      "mean": 91119.0,
      "std": 0.0,
      "min": 91119.0,
      "max": 91119.0,
      "count": 1,
      "ratio_to_perfect": 0.8698960352086456
    },
    "or_to_llm": {
      "rewards": [
        90206.0
      ],
      "mean": 90206.0,
      "std": 0.0,
      "min": 90206.0,
      "max": 90206.0,
      "count": 1,
      "ratio_to_perfect": 0.8611797951253974
    },
    "perfect_score": {
      "rewards": [
        104747.0
      ],
      "mean": 104747.0,
      "std": 0.0,
      "min": 104747.0,
      "max": 104747.0,
      "count": 1,
      "ratio_to_perfect": 1.0
    }
  },
  "errors": {}
}