{
  "instance_dir": "/shared/share_malatown/OR-Agent-GPT5mini-benchmark/examples/benchmark/real_trajectory/lead_time_4/678687001",
  "instance_name": "678687001",
  "promised_lead_time": 4,
  "model": "openai/gpt-5-mini",
  "num_runs_llm": 1,
  "num_runs_deterministic": 1,
  "max_periods": null,
  "summary": {
    "perfect_score": 77406.0,
    "ratios": {
      "or": 0.5766865617652378,
      "llm": 0.5420639226933313,
      "llm_to_or": 0.5275301656202361,
      "or_to_llm": 0.5240291450275173,
      "perfect_score": 1.0
    },
    "warnings": null
  },
  "results": {
    "or": {
      "rewards": [
        44639.0
      ],
      "mean": 44639.0,
      "std": 0.0,
      "min": 44639.0,
      "max": 44639.0,
      "count": 1,
      "ratio_to_perfect": 0.5766865617652378
    },
    "llm": {
      "rewards": [
        41959.0
      ],
      "mean": 41959.0,
      "std": 0.0,
      "min": 41959.0,
      "max": 41959.0,
      "count": 1,
      "ratio_to_perfect": 0.5420639226933313
    },
    "llm_to_or": {
      "rewards": [
        40834.0
      ],
      "mean": 40834.0,
      "std": 0.0,
      "min": 40834.0,
      "max": 40834.0,
      "count": 1,
      "ratio_to_perfect": 0.5275301656202361
    },
    "or_to_llm": {
      "rewards": [
        40563.0
      ],
      "mean": 40563.0,
      "std": 0.0,
      "min": 40563.0,
      "max": 40563.0,
      "count": 1,
      "ratio_to_perfect": 0.5240291450275173
    },
    "perfect_score": {
      "rewards": [
        77406.0
      ],
      "mean": 77406.0,
      "std": 0.0,
      "min": 77406.0,
      "max": 77406.0,
      "count": 1,
      "ratio_to_perfect": 1.0
    }
  },
  "errors": {}
}