{
  "instance_dir": "/shared/share_malatown/OR_Agent/examples/benchmark/real_trajectory/lead_time_4/706016001",
  "instance_name": "706016001",
  "promised_lead_time": 4,
  "model": "x-ai/grok-4.1-fast",
  "num_runs_llm": 1,
  "num_runs_deterministic": 1,
  "max_periods": null,
  "summary": {
    "perfect_score": 501030.0,
    "ratios": {
      "or": 0.6954992715007086,
      "llm": 0.18734207532483085,
      "llm_to_or": 0.6607628285731393,
      "or_to_llm": 0.6945252779274694,
      "perfect_score": 1.0
    },
    "warnings": null
  },
  "results": {
    "or": {
      "rewards": [
        348466.0
      ],
      "mean": 348466.0,
      "std": 0.0,
      "min": 348466.0,
      "max": 348466.0,
      "count": 1,
      "ratio_to_perfect": 0.6954992715007086
    },
    "llm": {
      "rewards": [
        93864.0
      ],
      "mean": 93864.0,
      "std": 0.0,
      "min": 93864.0,
      "max": 93864.0,
      "count": 1,
      "ratio_to_perfect": 0.18734207532483085
    },
    "llm_to_or": {
      "rewards": [
        331062.0
      ],
      "mean": 331062.0,
      "std": 0.0,
      "min": 331062.0,
      "max": 331062.0,
      "count": 1,
      "ratio_to_perfect": 0.6607628285731393
    },
    "or_to_llm": {
      "rewards": [
        347978.0
      ],
      "mean": 347978.0,
      "std": 0.0,
      "min": 347978.0,
      "max": 347978.0,
      "count": 1,
      "ratio_to_perfect": 0.6945252779274694
    },
    "perfect_score": {
      "rewards": [
        501030.0
      ],
      "mean": 501030.0,
      "std": 0.0,
      "min": 501030.0,
      "max": 501030.0,
      "count": 1,
      "ratio_to_perfect": 1.0
    }
  },
  "errors": {}
}