{
  "instance_dir": "D:\\TextArena\\examples\\benchmark\\synthetic_trajectory\\lead_time_4\\p07_seasonal\\v2_period5_amp50\\r1_high",
  "instance_name": "r1_high",
  "promised_lead_time": 4,
  "model": "google/gemini-3-flash-preview",
  "num_runs_llm": 1,
  "num_runs_deterministic": 1,
  "max_periods": null,
  "summary": {
    "perfect_score": 92530.0,
    "ratios": {
      "or": 0.8579811952880148,
      "llm": 0.8401599481249324,
      "llm_to_or": 0.8491192045822976,
      "or_to_llm": 0.8592456500594402,
      "perfect_score": 1.0
    },
    "warnings": null
  },
  "results": {
    "or": {
      "rewards": [
        79389.0
      ],
      "mean": 79389.0,
      "std": 0.0,
      "min": 79389.0,
      "max": 79389.0,
      "count": 1,
      "ratio_to_perfect": 0.8579811952880148
    },
    "llm": {
      "rewards": [
        77740.0
      ],
      "mean": 77740.0,
      "std": 0.0,
      "min": 77740.0,
      "max": 77740.0,
      "count": 1,
      "ratio_to_perfect": 0.8401599481249324
    },
    "llm_to_or": {
      "rewards": [
        78569.0
      ],
      "mean": 78569.0,
      "std": 0.0,
      "min": 78569.0,
      "max": 78569.0,
      "count": 1,
      "ratio_to_perfect": 0.8491192045822976
    },
    "or_to_llm": {
      "rewards": [
        79506.0
      ],
      "mean": 79506.0,
      "std": 0.0,
      "min": 79506.0,
      "max": 79506.0,
      "count": 1,
      "ratio_to_perfect": 0.8592456500594402
    },
    "perfect_score": {
      "rewards": [
        92530.0
      ],
      "mean": 92530.0,
      "std": 0.0,
      "min": 92530.0,
      "max": 92530.0,
      "count": 1,
      "ratio_to_perfect": 1.0
    }
  },
  "errors": {}
}