{
  "instance_dir": "/shared/share_malatown/OR-Agent-GPT5mini-benchmark/examples/benchmark/real_trajectory/lead_time_stochastic/675068002",
  "instance_name": "675068002",
  "promised_lead_time": 2,
  "model": "openai/gpt-5-mini",
  "num_runs_llm": 1,
  "num_runs_deterministic": 1,
  "max_periods": null,
  "summary": {
    "perfect_score": 20644.0,
    "ratios": {
      "or": 0.20349738422786282,
      "llm": -0.5275140476651812,
      "llm_to_or": 0.09203642704902151,
      "or_to_llm": 0.152877349350901,
      "perfect_score": 1.0
    },
    "warnings": null
  },
  "results": {
    "or": {
      "rewards": [
        4201.0
      ],
      "mean": 4201.0,
      "std": 0.0,
      "min": 4201.0,
      "max": 4201.0,
      "count": 1,
      "ratio_to_perfect": 0.20349738422786282
    },
    "llm": {
      "rewards": [
        -10890.0
      ],
      "mean": -10890.0,
      "std": 0.0,
      "min": -10890.0,
      "max": -10890.0,
      "count": 1,
      "ratio_to_perfect": -0.5275140476651812
    },
    "llm_to_or": {
      "rewards": [
        1900.0
      ],
      "mean": 1900.0,
      "std": 0.0,
      "min": 1900.0,
      "max": 1900.0,
      "count": 1,
      "ratio_to_perfect": 0.09203642704902151
    },
    "or_to_llm": {
      "rewards": [
        3156.0
      ],
      "mean": 3156.0,
      "std": 0.0,
      "min": 3156.0,
      "max": 3156.0,
      "count": 1,
      "ratio_to_perfect": 0.152877349350901
    },
    "perfect_score": {
      "rewards": [
        20644.0
      ],
      "mean": 20644.0,
      "std": 0.0,
      "min": 20644.0,
      "max": 20644.0,
      "count": 1,
      "ratio_to_perfect": 1.0
    }
  },
  "errors": {}
}