{
  "instance_dir": "/shared/share_malatown/OR_Agent/examples/benchmark/real_trajectory/lead_time_4/554450001",
  "instance_name": "554450001",
  "promised_lead_time": 4,
  "model": "x-ai/grok-4.1-fast",
  "num_runs_llm": 1,
  "num_runs_deterministic": 1,
  "max_periods": null,
  "summary": {
    "perfect_score": 134102.0,
    "ratios": {
      "or": 0.7307422708087873,
      "llm": 0.148827012274239,
      "llm_to_or": 0.7622332254552505,
      "or_to_llm": 0.7407272076479098,
      "perfect_score": 1.0
    },
    "warnings": null
  },
  "results": {
    "or": {
      "rewards": [
        97994.0
      ],
      "mean": 97994.0,
      "std": 0.0,
      "min": 97994.0,
      "max": 97994.0,
      "count": 1,
      "ratio_to_perfect": 0.7307422708087873
    },
    "llm": {
      "rewards": [
        19958.0
      ],
      "mean": 19958.0,
      "std": 0.0,
      "min": 19958.0,
      "max": 19958.0,
      "count": 1,
      "ratio_to_perfect": 0.148827012274239
    },
    "llm_to_or": {
      "rewards": [
        102217.0
      ],
      "mean": 102217.0,
      "std": 0.0,
      "min": 102217.0,
      "max": 102217.0,
      "count": 1,
      "ratio_to_perfect": 0.7622332254552505
    },
    "or_to_llm": {
      "rewards": [
        99333.0
      ],
      "mean": 99333.0,
      "std": 0.0,
      "min": 99333.0,
      "max": 99333.0,
      "count": 1,
      "ratio_to_perfect": 0.7407272076479098
    },
    "perfect_score": {
      "rewards": [
        134102.0
      ],
      "mean": 134102.0,
      "std": 0.0,
      "min": 134102.0,
      "max": 134102.0,
      "count": 1,
      "ratio_to_perfect": 1.0
    }
  },
  "errors": {}
}