{
  "instance_dir": "D:\\TextArena\\examples\\benchmark\\real_trajectory\\lead_time_0\\658030001",
  "instance_name": "658030001",
  "promised_lead_time": 0,
  "model": "google/gemini-3-flash-preview",
  "num_runs_llm": 1,
  "num_runs_deterministic": 1,
  "max_periods": null,
  "summary": {
    "perfect_score": 3740.0,
    "ratios": {
      "or": 0.45802139037433154,
      "llm": 0.4994652406417112,
      "llm_to_or": 0.6077540106951872,
      "or_to_llm": 0.531283422459893,
      "perfect_score": 1.0
    },
    "warnings": null
  },
  "results": {
    "or": {
      "rewards": [
        1713.0
      ],
      "mean": 1713.0,
      "std": 0.0,
      "min": 1713.0,
      "max": 1713.0,
      "count": 1,
      "ratio_to_perfect": 0.45802139037433154
    },
    "llm": {
      "rewards": [
        1868.0
      ],
      "mean": 1868.0,
      "std": 0.0,
      "min": 1868.0,
      "max": 1868.0,
      "count": 1,
      "ratio_to_perfect": 0.4994652406417112
    },
    "llm_to_or": {
      "rewards": [
        2273.0
      ],
      "mean": 2273.0,
      "std": 0.0,
      "min": 2273.0,
      "max": 2273.0,
      "count": 1,
      "ratio_to_perfect": 0.6077540106951872
    },
    "or_to_llm": {
      "rewards": [
        1987.0
      ],
      "mean": 1987.0,
      "std": 0.0,
      "min": 1987.0,
      "max": 1987.0,
      "count": 1,
      "ratio_to_perfect": 0.531283422459893
    },
    "perfect_score": {
      "rewards": [
        3740.0
      ],
      "mean": 3740.0,
      "std": 0.0,
      "min": 3740.0,
      "max": 3740.0,
      "count": 1,
      "ratio_to_perfect": 1.0
    }
  },
  "errors": {}
}