{
  "instance_dir": "/shared/share_malatown/OR-Agent-GPT5mini-benchmark/examples/benchmark/real_trajectory/lead_time_0/717490001",
  "instance_name": "717490001",
  "promised_lead_time": 0,
  "model": "openai/gpt-5-mini",
  "num_runs_llm": 1,
  "num_runs_deterministic": 1,
  "max_periods": null,
  "summary": {
    "perfect_score": 95703.0,
    "ratios": {
      "or": 0.923492471500371,
      "llm": 0.8545500141061408,
      "llm_to_or": 0.9195009560828814,
      "or_to_llm": 0.9064815105064628,
      "perfect_score": 1.0
    },
    "warnings": null
  },
  "results": {
    "or": {
      "rewards": [
        88381.0
      ],
      "mean": 88381.0,
      "std": 0.0,
      "min": 88381.0,
      "max": 88381.0,
      "count": 1,
      "ratio_to_perfect": 0.923492471500371
    },
    "llm": {
      "rewards": [
        81783.0
      ],
      "mean": 81783.0,
      "std": 0.0,
      "min": 81783.0,
      "max": 81783.0,
      "count": 1,
      "ratio_to_perfect": 0.8545500141061408
    },
    "llm_to_or": {
      "rewards": [
        87999.0
      ],
      "mean": 87999.0,
      "std": 0.0,
      "min": 87999.0,
      "max": 87999.0,
      "count": 1,
      "ratio_to_perfect": 0.9195009560828814
    },
    "or_to_llm": {
      "rewards": [
        86753.0
      ],
      "mean": 86753.0,
      "std": 0.0,
      "min": 86753.0,
      "max": 86753.0,
      "count": 1,
      "ratio_to_perfect": 0.9064815105064628
    },
    "perfect_score": {
      "rewards": [
        95703.0
      ],
      "mean": 95703.0,
      "std": 0.0,
      "min": 95703.0,
      "max": 95703.0,
      "count": 1,
      "ratio_to_perfect": 1.0
    }
  },
  "errors": {}
}