{
  "instance_dir": "/shared/share_malatown/OR-Agent-GPT5mini-benchmark/examples/benchmark/real_trajectory/lead_time_0/675068002",
  "instance_name": "675068002",
  "promised_lead_time": 0,
  "model": "openai/gpt-5-mini",
  "num_runs_llm": 1,
  "num_runs_deterministic": 1,
  "max_periods": null,
  "summary": {
    "perfect_score": 20644.0,
    "ratios": {
      "or": 0.5648130207324162,
      "llm": 0.66862042239876,
      "llm_to_or": 0.6070044565006781,
      "or_to_llm": 0.7252470451462895,
      "perfect_score": 1.0
    },
    "warnings": null
  },
  "results": {
    "or": {
      "rewards": [
        11660.0
      ],
      "mean": 11660.0,
      "std": 0.0,
      "min": 11660.0,
      "max": 11660.0,
      "count": 1,
      "ratio_to_perfect": 0.5648130207324162
    },
    "llm": {
      "rewards": [
        13803.0
      ],
      "mean": 13803.0,
      "std": 0.0,
      "min": 13803.0,
      "max": 13803.0,
      "count": 1,
      "ratio_to_perfect": 0.66862042239876
    },
    "llm_to_or": {
      "rewards": [
        12531.0
      ],
      "mean": 12531.0,
      "std": 0.0,
      "min": 12531.0,
      "max": 12531.0,
      "count": 1,
      "ratio_to_perfect": 0.6070044565006781
    },
    "or_to_llm": {
      "rewards": [
        14972.0
      ],
      "mean": 14972.0,
      "std": 0.0,
      "min": 14972.0,
      "max": 14972.0,
      "count": 1,
      "ratio_to_perfect": 0.7252470451462895
    },
    "perfect_score": {
      "rewards": [
        20644.0
      ],
      "mean": 20644.0,
      "std": 0.0,
      "min": 20644.0,
      "max": 20644.0,
      "count": 1,
      "ratio_to_perfect": 1.0
    }
  },
  "errors": {}
}