{
  "instance_dir": "/shared/share_malatown/OR_Agent/examples/benchmark/real_trajectory/lead_time_4/372860001",
  "instance_name": "372860001",
  "promised_lead_time": 4,
  "model": "x-ai/grok-4.1-fast",
  "num_runs_llm": 1,
  "num_runs_deterministic": 1,
  "max_periods": null,
  "summary": {
    "perfect_score": 269762.0,
    "ratios": {
      "or": 0.8281633439846976,
      "llm": 0.7640030842001468,
      "llm_to_or": 0.8384835521682076,
      "or_to_llm": 0.827581349485843,
      "perfect_score": 1.0
    },
    "warnings": null
  },
  "results": {
    "or": {
      "rewards": [
        223407.0
      ],
      "mean": 223407.0,
      "std": 0.0,
      "min": 223407.0,
      "max": 223407.0,
      "count": 1,
      "ratio_to_perfect": 0.8281633439846976
    },
    "llm": {
      "rewards": [
        206099.0
      ],
      "mean": 206099.0,
      "std": 0.0,
      "min": 206099.0,
      "max": 206099.0,
      "count": 1,
      "ratio_to_perfect": 0.7640030842001468
    },
    "llm_to_or": {
      "rewards": [
        226191.0
      ],
      "mean": 226191.0,
      "std": 0.0,
      "min": 226191.0,
      "max": 226191.0,
      "count": 1,
      "ratio_to_perfect": 0.8384835521682076
    },
    "or_to_llm": {
      "rewards": [
        223250.0
      ],
      "mean": 223250.0,
      "std": 0.0,
      "min": 223250.0,
      "max": 223250.0,
      "count": 1,
      "ratio_to_perfect": 0.827581349485843
    },
    "perfect_score": {
      "rewards": [
        269762.0
      ],
      "mean": 269762.0,
      "std": 0.0,
      "min": 269762.0,
      "max": 269762.0,
      "count": 1,
      "ratio_to_perfect": 1.0
    }
  },
  "errors": {}
}