{
  "instance_dir": "/shared/share_malatown/OR-Agent-GPT5mini-benchmark/examples/benchmark/synthetic_trajectory/lead_time_stochastic/p04_increasing_trend/v1_linear_100t/r2_med",
  "instance_name": "r2_med",
  "promised_lead_time": 2,
  "model": "openai/gpt-5-mini",
  "num_runs_llm": 1,
  "num_runs_deterministic": 1,
  "max_periods": null,
  "summary": {
    "perfect_score": 511768.0,
    "ratios": {
      "or": 0.07180011255099968,
      "llm": 0.16917040533991964,
      "llm_to_or": 0.13410764252551938,
      "or_to_llm": 0.1766992074533773,
      "perfect_score": 1.0
    },
    "warnings": null
  },
  "results": {
    "or": {
      "rewards": [
        36745.0
      ],
      "mean": 36745.0,
      "std": 0.0,
      "min": 36745.0,
      "max": 36745.0,
      "count": 1,
      "ratio_to_perfect": 0.07180011255099968
    },
    "llm": {
      "rewards": [
        86576.0
      ],
      "mean": 86576.0,
      "std": 0.0,
      "min": 86576.0,
      "max": 86576.0,
      "count": 1,
      "ratio_to_perfect": 0.16917040533991964
    },
    "llm_to_or": {
      "rewards": [
        68632.0
      ],
      "mean": 68632.0,
      "std": 0.0,
      "min": 68632.0,
      "max": 68632.0,
      "count": 1,
      "ratio_to_perfect": 0.13410764252551938
    },
    "or_to_llm": {
      "rewards": [
        90429.0
      ],
      "mean": 90429.0,
      "std": 0.0,
      "min": 90429.0,
      "max": 90429.0,
      "count": 1,
      "ratio_to_perfect": 0.1766992074533773
    },
    "perfect_score": {
      "rewards": [
        511768.0
      ],
      "mean": 511768.0,
      "std": 0.0,
      "min": 511768.0,
      "max": 511768.0,
      "count": 1,
      "ratio_to_perfect": 1.0
    }
  },
  "errors": {}
}