{
  "instance_dir": "D:\\TextArena\\examples\\benchmark\\real_trajectory\\lead_time_stochastic\\599580017",
  "instance_name": "599580017",
  "promised_lead_time": 2,
  "model": "google/gemini-3-flash-preview",
  "num_runs_llm": 1,
  "num_runs_deterministic": 1,
  "max_periods": null,
  "summary": {
    "perfect_score": 11087.0,
    "ratios": {
      "or": 0.13655632723008929,
      "llm": -1.3045909623883827,
      "llm_to_or": 0.15865427978713809,
      "or_to_llm": -0.235320645801389,
      "perfect_score": 1.0
    },
    "warnings": null
  },
  "results": {
    "or": {
      "rewards": [
        1514.0
      ],
      "mean": 1514.0,
      "std": 0.0,
      "min": 1514.0,
      "max": 1514.0,
      "count": 1,
      "ratio_to_perfect": 0.13655632723008929
    },
    "llm": {
      "rewards": [
        -14464.0
      ],
      "mean": -14464.0,
      "std": 0.0,
      "min": -14464.0,
      "max": -14464.0,
      "count": 1,
      "ratio_to_perfect": -1.3045909623883827
    },
    "llm_to_or": {
      "rewards": [
        1759.0
      ],
      "mean": 1759.0,
      "std": 0.0,
      "min": 1759.0,
      "max": 1759.0,
      "count": 1,
      "ratio_to_perfect": 0.15865427978713809
    },
    "or_to_llm": {
      "rewards": [
        -2609.0
      ],
      "mean": -2609.0,
      "std": 0.0,
      "min": -2609.0,
      "max": -2609.0,
      "count": 1,
      "ratio_to_perfect": -0.235320645801389
    },
    "perfect_score": {
      "rewards": [
        11087.0
      ],
      "mean": 11087.0,
      "std": 0.0,
      "min": 11087.0,
      "max": 11087.0,
      "count": 1,
      "ratio_to_perfect": 1.0
    }
  },
  "errors": {}
}