{
  "instance_dir": "D:\\TextArena\\examples\\benchmark\\synthetic_trajectory\\lead_time_4\\p07_seasonal\\v1_period10_amp30\\r2_high",
  "instance_name": "r2_high",
  "promised_lead_time": 4,
  "model": "openai/gpt-5-mini",
  "num_runs_llm": 1,
  "num_runs_deterministic": 1,
  "max_periods": null,
  "summary": {
    "perfect_score": 91276.0,
    "ratios": {
      "or": 0.8202923002760857,
      "llm": 0.7295455541434769,
      "llm_to_or": 0.7999474122441825,
      "or_to_llm": 0.7275625575178579,
      "perfect_score": 1.0
    },
    "warnings": null
  },
  "results": {
    "or": {
      "rewards": [
        74873.0
      ],
      "mean": 74873.0,
      "std": 0.0,
      "min": 74873.0,
      "max": 74873.0,
      "count": 1,
      "ratio_to_perfect": 0.8202923002760857
    },
    "llm": {
      "rewards": [
        66590.0
      ],
      "mean": 66590.0,
      "std": 0.0,
      "min": 66590.0,
      "max": 66590.0,
      "count": 1,
      "ratio_to_perfect": 0.7295455541434769
    },
    "llm_to_or": {
      "rewards": [
        73016.0
      ],
      "mean": 73016.0,
      "std": 0.0,
      "min": 73016.0,
      "max": 73016.0,
      "count": 1,
      "ratio_to_perfect": 0.7999474122441825
    },
    "or_to_llm": {
      "rewards": [
        66409.0
      ],
      "mean": 66409.0,
      "std": 0.0,
      "min": 66409.0,
      "max": 66409.0,
      "count": 1,
      "ratio_to_perfect": 0.7275625575178579
    },
    "perfect_score": {
      "rewards": [
        91276.0
      ],
      "mean": 91276.0,
      "std": 0.0,
      "min": 91276.0,
      "max": 91276.0,
      "count": 1,
      "ratio_to_perfect": 1.0
    }
  },
  "errors": {}
}