{
  "instance_dir": "/shared/share_malatown/OR_Agent/examples/benchmark/real_trajectory/lead_time_0/562245062",
  "instance_name": "562245062",
  "promised_lead_time": 0,
  "model": "x-ai/grok-4.1-fast",
  "num_runs_llm": 1,
  "num_runs_deterministic": 1,
  "max_periods": null,
  "summary": {
    "perfect_score": 13780.0,
    "ratios": {
      "or": 0.7345428156748911,
      "llm": 0.7444121915820029,
      "llm_to_or": 0.8053701015965167,
      "or_to_llm": 0.7417271407837446,
      "perfect_score": 1.0
    },
    "warnings": null
  },
  "results": {
    "or": {
      "rewards": [
        10122.0
      ],
      "mean": 10122.0,
      "std": 0.0,
      "min": 10122.0,
      "max": 10122.0,
      "count": 1,
      "ratio_to_perfect": 0.7345428156748911
    },
    "llm": {
      "rewards": [
        10258.0
      ],
      "mean": 10258.0,
      "std": 0.0,
      "min": 10258.0,
      "max": 10258.0,
      "count": 1,
      "ratio_to_perfect": 0.7444121915820029
    },
    "llm_to_or": {
      "rewards": [
        11098.0
      ],
      "mean": 11098.0,
      "std": 0.0,
      "min": 11098.0,
      "max": 11098.0,
      "count": 1,
      "ratio_to_perfect": 0.8053701015965167
    },
    "or_to_llm": {
      "rewards": [
        10221.0
      ],
      "mean": 10221.0,
      "std": 0.0,
      "min": 10221.0,
      "max": 10221.0,
      "count": 1,
      "ratio_to_perfect": 0.7417271407837446
    },
    "perfect_score": {
      "rewards": [
        13780.0
      ],
      "mean": 13780.0,
      "std": 0.0,
      "min": 13780.0,
      "max": 13780.0,
      "count": 1,
      "ratio_to_perfect": 1.0
    }
  },
  "errors": {}
}