{
  "instance_dir": "D:\\TextArena\\examples\\benchmark\\real_trajectory\\lead_time_0\\189616006",
  "instance_name": "189616006",
  "promised_lead_time": 0,
  "model": "google/gemini-3-flash-preview",
  "num_runs_llm": 1,
  "num_runs_deterministic": 1,
  "max_periods": null,
  "summary": {
    "perfect_score": 80655.0,
    "ratios": {
      "or": 0.9006633190750728,
      "llm": 0.8440394271898828,
      "llm_to_or": 0.885301593205629,
      "or_to_llm": 0.9098381997396318,
      "perfect_score": 1.0
    },
    "warnings": null
  },
  "results": {
    "or": {
      "rewards": [
        72643.0
      ],
      "mean": 72643.0,
      "std": 0.0,
      "min": 72643.0,
      "max": 72643.0,
      "count": 1,
      "ratio_to_perfect": 0.9006633190750728
    },
    "llm": {
      "rewards": [
        68076.0
      ],
      "mean": 68076.0,
      "std": 0.0,
      "min": 68076.0,
      "max": 68076.0,
      "count": 1,
      "ratio_to_perfect": 0.8440394271898828
    },
    "llm_to_or": {
      "rewards": [
        71404.0
      ],
      "mean": 71404.0,
      "std": 0.0,
      "min": 71404.0,
      "max": 71404.0,
      "count": 1,
      "ratio_to_perfect": 0.885301593205629
    },
    "or_to_llm": {
      "rewards": [
        73383.0
      ],
      "mean": 73383.0,
      "std": 0.0,
      "min": 73383.0,
      "max": 73383.0,
      "count": 1,
      "ratio_to_perfect": 0.9098381997396318
    },
    "perfect_score": {
      "rewards": [
        80655.0
      ],
      "mean": 80655.0,
      "std": 0.0,
      "min": 80655.0,
      "max": 80655.0,
      "count": 1,
      "ratio_to_perfect": 1.0
    }
  },
  "errors": {}
}