{
  "instance_dir": "D:\\TextArena\\examples\\benchmark\\synthetic_trajectory\\lead_time_4\\p07_seasonal\\v4_multiplicative\\r2_high",
  "instance_name": "r2_high",
  "promised_lead_time": 4,
  "model": "openai/gpt-5-mini",
  "num_runs_llm": 1,
  "num_runs_deterministic": 1,
  "max_periods": null,
  "summary": {
    "perfect_score": 91998.0,
    "ratios": {
      "or": 0.7777669079762604,
      "llm": 0.6562207874084219,
      "llm_to_or": 0.7641905258809975,
      "or_to_llm": 0.5636535576860366,
      "perfect_score": 1.0
    },
    "warnings": null
  },
  "results": {
    "or": {
      "rewards": [
        71553.0
      ],
      "mean": 71553.0,
      "std": 0.0,
      "min": 71553.0,
      "max": 71553.0,
      "count": 1,
      "ratio_to_perfect": 0.7777669079762604
    },
    "llm": {
      "rewards": [
        60371.0
      ],
      "mean": 60371.0,
      "std": 0.0,
      "min": 60371.0,
      "max": 60371.0,
      "count": 1,
      "ratio_to_perfect": 0.6562207874084219
    },
    "llm_to_or": {
      "rewards": [
        70304.0
      ],
      "mean": 70304.0,
      "std": 0.0,
      "min": 70304.0,
      "max": 70304.0,
      "count": 1,
      "ratio_to_perfect": 0.7641905258809975
    },
    "or_to_llm": {
      "rewards": [
        51855.0
      ],
      "mean": 51855.0,
      "std": 0.0,
      "min": 51855.0,
      "max": 51855.0,
      "count": 1,
      "ratio_to_perfect": 0.5636535576860366
    },
    "perfect_score": {
      "rewards": [
        91998.0
      ],
      "mean": 91998.0,
      "std": 0.0,
      "min": 91998.0,
      "max": 91998.0,
      "count": 1,
      "ratio_to_perfect": 1.0
    }
  },
  "errors": {}
}