{
  "instance_dir": "/shared/share_malatown/OR-Agent-GPT5mini-benchmark/examples/benchmark/synthetic_trajectory/lead_time_stochastic/p05_decreasing_trend/v4_200_div_sqrt_t/r1_high",
  "instance_name": "r1_high",
  "promised_lead_time": 2,
  "model": "openai/gpt-5-mini",
  "num_runs_llm": 1,
  "num_runs_deterministic": 1,
  "max_periods": null,
  "summary": {
    "perfect_score": 46322.0,
    "ratios": {
      "or": 0.28766029100643326,
      "llm": 0.37705625836535556,
      "llm_to_or": 0.46129269029834635,
      "or_to_llm": 0.5498467250982255,
      "perfect_score": 1.0
    },
    "warnings": null
  },
  "results": {
    "or": {
      "rewards": [
        13325.0
      ],
      "mean": 13325.0,
      "std": 0.0,
      "min": 13325.0,
      "max": 13325.0,
      "count": 1,
      "ratio_to_perfect": 0.28766029100643326
    },
    "llm": {
      "rewards": [
        17466.0
      ],
      "mean": 17466.0,
      "std": 0.0,
      "min": 17466.0,
      "max": 17466.0,
      "count": 1,
      "ratio_to_perfect": 0.37705625836535556
    },
    "llm_to_or": {
      "rewards": [
        21368.0
      ],
      "mean": 21368.0,
      "std": 0.0,
      "min": 21368.0,
      "max": 21368.0,
      "count": 1,
      "ratio_to_perfect": 0.46129269029834635
    },
    "or_to_llm": {
      "rewards": [
        25470.0
      ],
      "mean": 25470.0,
      "std": 0.0,
      "min": 25470.0,
      "max": 25470.0,
      "count": 1,
      "ratio_to_perfect": 0.5498467250982255
    },
    "perfect_score": {
      "rewards": [
        46322.0
      ],
      "mean": 46322.0,
      "std": 0.0,
      "min": 46322.0,
      "max": 46322.0,
      "count": 1,
      "ratio_to_perfect": 1.0
    }
  },
  "errors": {}
}