{
  "instance_dir": "/shared/share_malatown/OR_Agent/examples/benchmark/synthetic_trajectory/lead_time_0/p03_mean_decrease/v4_150to80/r2_med",
  "instance_name": "r2_med",
  "promised_lead_time": 0,
  "model": "x-ai/grok-4.1-fast",
  "num_runs_llm": 1,
  "num_runs_deterministic": 1,
  "max_periods": null,
  "summary": {
    "perfect_score": 20116.0,
    "ratios": {
      "or": 0.8463412209186717,
      "llm": 0.8843209385563731,
      "llm_to_or": 0.8967985683038378,
      "or_to_llm": 0.8645854046530125,
      "perfect_score": 1.0
    },
    "warnings": null
  },
  "results": {
    "or": {
      "rewards": [
        17025.0
      ],
      "mean": 17025.0,
      "std": 0.0,
      "min": 17025.0,
      "max": 17025.0,
      "count": 1,
      "ratio_to_perfect": 0.8463412209186717
    },
    "llm": {
      "rewards": [
        17789.0
      ],
      "mean": 17789.0,
      "std": 0.0,
      "min": 17789.0,
      "max": 17789.0,
      "count": 1,
      "ratio_to_perfect": 0.8843209385563731
    },
    "llm_to_or": {
      "rewards": [
        18040.0
      ],
      "mean": 18040.0,
      "std": 0.0,
      "min": 18040.0,
      "max": 18040.0,
      "count": 1,
      "ratio_to_perfect": 0.8967985683038378
    },
    "or_to_llm": {
      "rewards": [
        17392.0
      ],
      "mean": 17392.0,
      "std": 0.0,
      "min": 17392.0,
      "max": 17392.0,
      "count": 1,
      "ratio_to_perfect": 0.8645854046530125
    },
    "perfect_score": {
      "rewards": [
        20116.0
      ],
      "mean": 20116.0,
      "std": 0.0,
      "min": 20116.0,
      "max": 20116.0,
      "count": 1,
      "ratio_to_perfect": 1.0
    }
  },
  "errors": {}
}