{
  "instance_dir": "/shared/share_malatown/OR-Agent-GPT5mini-benchmark/examples/benchmark/real_trajectory/lead_time_stochastic/372860024",
  "instance_name": "372860024",
  "promised_lead_time": 2,
  "model": "openai/gpt-5-mini",
  "num_runs_llm": 1,
  "num_runs_deterministic": 1,
  "max_periods": null,
  "summary": {
    "perfect_score": 56810.0,
    "ratios": {
      "or": 0.31584228128850556,
      "llm": 0.16382679105791234,
      "llm_to_or": 0.08936806900193628,
      "or_to_llm": 0.2621017426509417,
      "perfect_score": 1.0
    },
    "warnings": null
  },
  "results": {
    "or": {
      "rewards": [
        17943.0
      ],
      "mean": 17943.0,
      "std": 0.0,
      "min": 17943.0,
      "max": 17943.0,
      "count": 1,
      "ratio_to_perfect": 0.31584228128850556
    },
    "llm": {
      "rewards": [
        9307.0
      ],
      "mean": 9307.0,
      "std": 0.0,
      "min": 9307.0,
      "max": 9307.0,
      "count": 1,
      "ratio_to_perfect": 0.16382679105791234
    },
    "llm_to_or": {
      "rewards": [
        5077.0
      ],
      "mean": 5077.0,
      "std": 0.0,
      "min": 5077.0,
      "max": 5077.0,
      "count": 1,
      "ratio_to_perfect": 0.08936806900193628
    },
    "or_to_llm": {
      "rewards": [
        14890.0
      ],
      "mean": 14890.0,
      "std": 0.0,
      "min": 14890.0,
      "max": 14890.0,
      "count": 1,
      "ratio_to_perfect": 0.2621017426509417
    },
    "perfect_score": {
      "rewards": [
        56810.0
      ],
      "mean": 56810.0,
      "std": 0.0,
      "min": 56810.0,
      "max": 56810.0,
      "count": 1,
      "ratio_to_perfect": 1.0
    }
  },
  "errors": {}
}