{
  "instance_dir": "/shared/share_malatown/OR-Agent-GPT5mini-benchmark/examples/benchmark/real_trajectory/lead_time_stochastic/697054014",
  "instance_name": "697054014",
  "promised_lead_time": 2,
  "model": "openai/gpt-5-mini",
  "num_runs_llm": 1,
  "num_runs_deterministic": 1,
  "max_periods": null,
  "summary": {
    "perfect_score": 88882.0,
    "ratios": {
      "or": 0.1846155577057222,
      "llm": 0.28542337031119913,
      "llm_to_or": 0.262764114218852,
      "or_to_llm": 0.0945185751895772,
      "perfect_score": 1.0
    },
    "warnings": null
  },
  "results": {
    "or": {
      "rewards": [
        16409.0
      ],
      "mean": 16409.0,
      "std": 0.0,
      "min": 16409.0,
      "max": 16409.0,
      "count": 1,
      "ratio_to_perfect": 0.1846155577057222
    },
    "llm": {
      "rewards": [
        25369.0
      ],
      "mean": 25369.0,
      "std": 0.0,
      "min": 25369.0,
      "max": 25369.0,
      "count": 1,
      "ratio_to_perfect": 0.28542337031119913
    },
    "llm_to_or": {
      "rewards": [
        23355.0
      ],
      "mean": 23355.0,
      "std": 0.0,
      "min": 23355.0,
      "max": 23355.0,
      "count": 1,
      "ratio_to_perfect": 0.262764114218852
    },
    "or_to_llm": {
      "rewards": [
        8401.0
      ],
      "mean": 8401.0,
      "std": 0.0,
      "min": 8401.0,
      "max": 8401.0,
      "count": 1,
      "ratio_to_perfect": 0.0945185751895772
    },
    "perfect_score": {
      "rewards": [
        88882.0
      ],
      "mean": 88882.0,
      "std": 0.0,
      "min": 88882.0,
      "max": 88882.0,
      "count": 1,
      "ratio_to_perfect": 1.0
    }
  },
  "errors": {}
}