{
  "instance_dir": "/shared/share_malatown/OR_Agent/examples/benchmark/real_trajectory/lead_time_0/689389004",
  "instance_name": "689389004",
  "promised_lead_time": 0,
  "model": "x-ai/grok-4.1-fast",
  "num_runs_llm": 1,
  "num_runs_deterministic": 1,
  "max_periods": null,
  "summary": {
    "perfect_score": 2211.0,
    "ratios": {
      "or": 0.3387607417458164,
      "llm": 0.43781094527363185,
      "llm_to_or": 0.5047489823609227,
      "or_to_llm": 0.30212573496155587,
      "perfect_score": 1.0
    },
    "warnings": null
  },
  "results": {
    "or": {
      "rewards": [
        749.0
      ],
      "mean": 749.0,
      "std": 0.0,
      "min": 749.0,
      "max": 749.0,
      "count": 1,
      "ratio_to_perfect": 0.3387607417458164
    },
    "llm": {
      "rewards": [
        968.0
      ],
      "mean": 968.0,
      "std": 0.0,
      "min": 968.0,
      "max": 968.0,
      "count": 1,
      "ratio_to_perfect": 0.43781094527363185
    },
    "llm_to_or": {
      "rewards": [
        1116.0
      ],
      "mean": 1116.0,
      "std": 0.0,
      "min": 1116.0,
      "max": 1116.0,
      "count": 1,
      "ratio_to_perfect": 0.5047489823609227
    },
    "or_to_llm": {
      "rewards": [
        668.0
      ],
      "mean": 668.0,
      "std": 0.0,
      "min": 668.0,
      "max": 668.0,
      "count": 1,
      "ratio_to_perfect": 0.30212573496155587
    },
    "perfect_score": {
      "rewards": [
        2211.0
      ],
      "mean": 2211.0,
      "std": 0.0,
      "min": 2211.0,
      "max": 2211.0,
      "count": 1,
      "ratio_to_perfect": 1.0
    }
  },
  "errors": {}
}