{
  "instance_dir": "D:\\TextArena\\examples\\benchmark\\real_trajectory\\lead_time_0\\697564010",
  "instance_name": "697564010",
  "promised_lead_time": 0,
  "model": "google/gemini-3-flash-preview",
  "num_runs_llm": 1,
  "num_runs_deterministic": 1,
  "max_periods": null,
  "summary": {
    "perfect_score": 15284.0,
    "ratios": {
      "or": 0.5271525778591991,
      "llm": 0.8901465584925412,
      "llm_to_or": 0.8596571578120911,
      "or_to_llm": 0.8725464538079037,
      "perfect_score": 1.0
    },
    "warnings": null
  },
  "results": {
    "or": {
      "rewards": [
        8057.0
      ],
      "mean": 8057.0,
      "std": 0.0,
      "min": 8057.0,
      "max": 8057.0,
      "count": 1,
      "ratio_to_perfect": 0.5271525778591991
    },
    "llm": {
      "rewards": [
        13605.0
      ],
      "mean": 13605.0,
      "std": 0.0,
      "min": 13605.0,
      "max": 13605.0,
      "count": 1,
      "ratio_to_perfect": 0.8901465584925412
    },
    "llm_to_or": {
      "rewards": [
        13139.0
      ],
      "mean": 13139.0,
      "std": 0.0,
      "min": 13139.0,
      "max": 13139.0,
      "count": 1,
      "ratio_to_perfect": 0.8596571578120911
    },
    "or_to_llm": {
      "rewards": [
        13336.0
      ],
      "mean": 13336.0,
      "std": 0.0,
      "min": 13336.0,
      "max": 13336.0,
      "count": 1,
      "ratio_to_perfect": 0.8725464538079037
    },
    "perfect_score": {
      "rewards": [
        15284.0
      ],
      "mean": 15284.0,
      "std": 0.0,
      "min": 15284.0,
      "max": 15284.0,
      "count": 1,
      "ratio_to_perfect": 1.0
    }
  },
  "errors": {}
}