{
  "instance_dir": "/shared/share_malatown/OR-Agent-GPT5mini-benchmark/examples/benchmark/synthetic_trajectory/lead_time_stochastic/p04_increasing_trend/v4_linear_100_2t/r1_high",
  "instance_name": "r1_high",
  "promised_lead_time": 2,
  "model": "openai/gpt-5-mini",
  "num_runs_llm": 1,
  "num_runs_deterministic": 1,
  "max_periods": null,
  "summary": {
    "perfect_score": 154413.0,
    "ratios": {
      "or": 0.14323275889983356,
      "llm": 0.1960974788392169,
      "llm_to_or": 0.23731162531652128,
      "or_to_llm": 0.24580184310906464,
      "perfect_score": 1.0
    },
    "warnings": null
  },
  "results": {
    "or": {
      "rewards": [
        22117.0
      ],
      "mean": 22117.0,
      "std": 0.0,
      "min": 22117.0,
      "max": 22117.0,
      "count": 1,
      "ratio_to_perfect": 0.14323275889983356
    },
    "llm": {
      "rewards": [
        30280.0
      ],
      "mean": 30280.0,
      "std": 0.0,
      "min": 30280.0,
      "max": 30280.0,
      "count": 1,
      "ratio_to_perfect": 0.1960974788392169
    },
    "llm_to_or": {
      "rewards": [
        36644.0
      ],
      "mean": 36644.0,
      "std": 0.0,
      "min": 36644.0,
      "max": 36644.0,
      "count": 1,
      "ratio_to_perfect": 0.23731162531652128
    },
    "or_to_llm": {
      "rewards": [
        37955.0
      ],
      "mean": 37955.0,
      "std": 0.0,
      "min": 37955.0,
      "max": 37955.0,
      "count": 1,
      "ratio_to_perfect": 0.24580184310906464
    },
    "perfect_score": {
      "rewards": [
        154413.0
      ],
      "mean": 154413.0,
      "std": 0.0,
      "min": 154413.0,
      "max": 154413.0,
      "count": 1,
      "ratio_to_perfect": 1.0
    }
  },
  "errors": {}
}