{
  "instance_dir": "D:\\TextArena\\examples\\benchmark\\synthetic_trajectory\\lead_time_stochastic\\p09_temp_spike_dip\\v4_dip_partial_recovery\\r2_high",
  "instance_name": "r2_high",
  "promised_lead_time": 2,
  "model": "google/gemini-3-flash-preview",
  "num_runs_llm": 1,
  "num_runs_deterministic": 1,
  "max_periods": null,
  "summary": {
    "perfect_score": 72846.0,
    "ratios": {
      "or": 0.22338906734755512,
      "llm": 0.6737775581363424,
      "llm_to_or": 0.34312110479641983,
      "or_to_llm": 0.6063750926612306,
      "perfect_score": 1.0
    },
    "warnings": null
  },
  "results": {
    "or": {
      "rewards": [
        16273.0
      ],
      "mean": 16273.0,
      "std": 0.0,
      "min": 16273.0,
      "max": 16273.0,
      "count": 1,
      "ratio_to_perfect": 0.22338906734755512
    },
    "llm": {
      "rewards": [
        49082.0
      ],
      "mean": 49082.0,
      "std": 0.0,
      "min": 49082.0,
      "max": 49082.0,
      "count": 1,
      "ratio_to_perfect": 0.6737775581363424
    },
    "llm_to_or": {
      "rewards": [
        24995.0
      ],
      "mean": 24995.0,
      "std": 0.0,
      "min": 24995.0,
      "max": 24995.0,
      "count": 1,
      "ratio_to_perfect": 0.34312110479641983
    },
    "or_to_llm": {
      "rewards": [
        44172.0
      ],
      "mean": 44172.0,
      "std": 0.0,
      "min": 44172.0,
      "max": 44172.0,
      "count": 1,
      "ratio_to_perfect": 0.6063750926612306
    },
    "perfect_score": {
      "rewards": [
        72846.0
      ],
      "mean": 72846.0,
      "std": 0.0,
      "min": 72846.0,
      "max": 72846.0,
      "count": 1,
      "ratio_to_perfect": 1.0
    }
  },
  "errors": {}
}