{
  "instance_dir": "D:\\TextArena\\examples\\benchmark\\synthetic_trajectory\\lead_time_0\\p01_stationary_iid\\v4_uniform_50_150\\r1_high",
  "instance_name": "r1_high",
  "promised_lead_time": 0,
  "model": "google/gemini-3-flash-preview",
  "num_runs_llm": 1,
  "num_runs_deterministic": 1,
  "max_periods": null,
  "summary": {
    "perfect_score": 103607.0,
    "ratios": {
      "or": 0.9766618085650584,
      "llm": 0.9804453367050489,
      "llm_to_or": 0.9762564305500594,
      "or_to_llm": 0.9760826971150598,
      "perfect_score": 1.0
    },
    "warnings": null
  },
  "results": {
    "or": {
      "rewards": [
        101189.0
      ],
      "mean": 101189.0,
      "std": 0.0,
      "min": 101189.0,
      "max": 101189.0,
      "count": 1,
      "ratio_to_perfect": 0.9766618085650584
    },
    "llm": {
      "rewards": [
        101581.0
      ],
      "mean": 101581.0,
      "std": 0.0,
      "min": 101581.0,
      "max": 101581.0,
      "count": 1,
      "ratio_to_perfect": 0.9804453367050489
    },
    "llm_to_or": {
      "rewards": [
        101147.0
      ],
      "mean": 101147.0,
      "std": 0.0,
      "min": 101147.0,
      "max": 101147.0,
      "count": 1,
      "ratio_to_perfect": 0.9762564305500594
    },
    "or_to_llm": {
      "rewards": [
        101129.0
      ],
      "mean": 101129.0,
      "std": 0.0,
      "min": 101129.0,
      "max": 101129.0,
      "count": 1,
      "ratio_to_perfect": 0.9760826971150598
    },
    "perfect_score": {
      "rewards": [
        103607.0
      ],
      "mean": 103607.0,
      "std": 0.0,
      "min": 103607.0,
      "max": 103607.0,
      "count": 1,
      "ratio_to_perfect": 1.0
    }
  },
  "errors": {}
}