{
  "instance_dir": "/shared/share_malatown/OR_Agent/examples/benchmark/real_trajectory/lead_time_stochastic/574109012",
  "instance_name": "574109012",
  "promised_lead_time": 2,
  "model": "x-ai/grok-4.1-fast",
  "num_runs_llm": 1,
  "num_runs_deterministic": 1,
  "max_periods": null,
  "summary": {
    "perfect_score": 47557.0,
    "ratios": {
      "or": 0.18089871102045965,
      "llm": 0.545808188069054,
      "llm_to_or": 0.468006812877179,
      "or_to_llm": 0.4858801017726097,
      "perfect_score": 1.0
    },
    "warnings": null
  },
  "results": {
    "or": {
      "rewards": [
        8603.0
      ],
      "mean": 8603.0,
      "std": 0.0,
      "min": 8603.0,
      "max": 8603.0,
      "count": 1,
      "ratio_to_perfect": 0.18089871102045965
    },
    "llm": {
      "rewards": [
        25957.0
      ],
      "mean": 25957.0,
      "std": 0.0,
      "min": 25957.0,
      "max": 25957.0,
      "count": 1,
      "ratio_to_perfect": 0.545808188069054
    },
    "llm_to_or": {
      "rewards": [
        22257.0
      ],
      "mean": 22257.0,
      "std": 0.0,
      "min": 22257.0,
      "max": 22257.0,
      "count": 1,
      "ratio_to_perfect": 0.468006812877179
    },
    "or_to_llm": {
      "rewards": [
        23107.0
      ],
      "mean": 23107.0,
      "std": 0.0,
      "min": 23107.0,
      "max": 23107.0,
      "count": 1,
      "ratio_to_perfect": 0.4858801017726097
    },
    "perfect_score": {
      "rewards": [
        47557.0
      ],
      "mean": 47557.0,
      "std": 0.0,
      "min": 47557.0,
      "max": 47557.0,
      "count": 1,
      "ratio_to_perfect": 1.0
    }
  },
  "errors": {}
}