{
  "instance_dir": "D:\\TextArena\\examples\\benchmark\\synthetic_trajectory\\lead_time_4\\p04_increasing_trend\\v3_exp_1_05\\r2_low",
  "instance_name": "r2_low",
  "promised_lead_time": 4,
  "model": "google/gemini-3-flash-preview",
  "num_runs_llm": 1,
  "num_runs_deterministic": 1,
  "max_periods": null,
  "summary": {
    "perfect_score": 21969.0,
    "ratios": {
      "or": 0.39796986663025175,
      "llm": 0.658473303291001,
      "llm_to_or": 0.7536983931904047,
      "or_to_llm": 0.7143247303017889,
      "perfect_score": 1.0
    },
    "warnings": null
  },
  "results": {
    "or": {
      "rewards": [
        8743.0
      ],
      "mean": 8743.0,
      "std": 0.0,
      "min": 8743.0,
      "max": 8743.0,
      "count": 1,
      "ratio_to_perfect": 0.39796986663025175
    },
    "llm": {
      "rewards": [
        14466.0
      ],
      "mean": 14466.0,
      "std": 0.0,
      "min": 14466.0,
      "max": 14466.0,
      "count": 1,
      "ratio_to_perfect": 0.658473303291001
    },
    "llm_to_or": {
      "rewards": [
        16558.0
      ],
      "mean": 16558.0,
      "std": 0.0,
      "min": 16558.0,
      "max": 16558.0,
      "count": 1,
      "ratio_to_perfect": 0.7536983931904047
    },
    "or_to_llm": {
      "rewards": [
        15693.0
      ],
      "mean": 15693.0,
      "std": 0.0,
      "min": 15693.0,
      "max": 15693.0,
      "count": 1,
      "ratio_to_perfect": 0.7143247303017889
    },
    "perfect_score": {
      "rewards": [
        21969.0
      ],
      "mean": 21969.0,
      "std": 0.0,
      "min": 21969.0,
      "max": 21969.0,
      "count": 1,
      "ratio_to_perfect": 1.0
    }
  },
  "errors": {}
}