{
  "instance_dir": "/shared/share_malatown/OR_Agent/examples/benchmark/real_trajectory/lead_time_4/728162002",
  "instance_name": "728162002",
  "promised_lead_time": 4,
  "model": "x-ai/grok-4.1-fast",
  "num_runs_llm": 1,
  "num_runs_deterministic": 1,
  "max_periods": null,
  "summary": {
    "perfect_score": 5095.0,
    "ratios": {
      "or": -0.6545632973503435,
      "llm": -2.80883218842002,
      "llm_to_or": -1.0577036310107948,
      "or_to_llm": -1.2461236506378803,
      "perfect_score": 1.0
    },
    "warnings": null
  },
  "results": {
    "or": {
      "rewards": [
        -3335.0
      ],
      "mean": -3335.0,
      "std": 0.0,
      "min": -3335.0,
      "max": -3335.0,
      "count": 1,
      "ratio_to_perfect": -0.6545632973503435
    },
    "llm": {
      "rewards": [
        -14311.0
      ],
      "mean": -14311.0,
      "std": 0.0,
      "min": -14311.0,
      "max": -14311.0,
      "count": 1,
      "ratio_to_perfect": -2.80883218842002
    },
    "llm_to_or": {
      "rewards": [
        -5389.0
      ],
      "mean": -5389.0,
      "std": 0.0,
      "min": -5389.0,
      "max": -5389.0,
      "count": 1,
      "ratio_to_perfect": -1.0577036310107948
    },
    "or_to_llm": {
      "rewards": [
        -6349.0
      ],
      "mean": -6349.0,
      "std": 0.0,
      "min": -6349.0,
      "max": -6349.0,
      "count": 1,
      "ratio_to_perfect": -1.2461236506378803
    },
    "perfect_score": {
      "rewards": [
        5095.0
      ],
      "mean": 5095.0,
      "std": 0.0,
      "min": 5095.0,
      "max": 5095.0,
      "count": 1,
      "ratio_to_perfect": 1.0
    }
  },
  "errors": {}
}