{
  "instance_dir": "/shared/share_malatown/OR-Agent-GPT5mini-benchmark/examples/benchmark/real_trajectory/lead_time_4/717464001",
  "instance_name": "717464001",
  "promised_lead_time": 4,
  "model": "openai/gpt-5-mini",
  "num_runs_llm": 1,
  "num_runs_deterministic": 1,
  "max_periods": null,
  "summary": {
    "perfect_score": 100890.0,
    "ratios": {
      "or": 0.7780553077609278,
      "llm": 0.7034889483595995,
      "llm_to_or": 0.775854891465953,
      "or_to_llm": 0.7198433937952226,
      "perfect_score": 1.0
    },
    "warnings": null
  },
  "results": {
    "or": {
      "rewards": [
        78498.0
      ],
      "mean": 78498.0,
      "std": 0.0,
      "min": 78498.0,
      "max": 78498.0,
      "count": 1,
      "ratio_to_perfect": 0.7780553077609278
    },
    "llm": {
      "rewards": [
        70975.0
      ],
      "mean": 70975.0,
      "std": 0.0,
      "min": 70975.0,
      "max": 70975.0,
      "count": 1,
      "ratio_to_perfect": 0.7034889483595995
    },
    "llm_to_or": {
      "rewards": [
        78276.0
      ],
      "mean": 78276.0,
      "std": 0.0,
      "min": 78276.0,
      "max": 78276.0,
      "count": 1,
      "ratio_to_perfect": 0.775854891465953
    },
    "or_to_llm": {
      "rewards": [
        72625.0
      ],
      "mean": 72625.0,
      "std": 0.0,
      "min": 72625.0,
      "max": 72625.0,
      "count": 1,
      "ratio_to_perfect": 0.7198433937952226
    },
    "perfect_score": {
      "rewards": [
        100890.0
      ],
      "mean": 100890.0,
      "std": 0.0,
      "min": 100890.0,
      "max": 100890.0,
      "count": 1,
      "ratio_to_perfect": 1.0
    }
  },
  "errors": {}
}