{
  "instance_dir": "/shared/share_malatown/OR_Agent/examples/benchmark/synthetic_trajectory/lead_time_stochastic/p04_increasing_trend/v3_exp_1_05/r1_med",
  "instance_name": "r1_med",
  "promised_lead_time": 2,
  "model": "x-ai/grok-4.1-fast",
  "num_runs_llm": 1,
  "num_runs_deterministic": 1,
  "max_periods": null,
  "summary": {
    "perfect_score": 87272.0,
    "ratios": {
      "or": 0.07052662938857823,
      "llm": 0.5348565404711706,
      "llm_to_or": 0.2094600788339903,
      "or_to_llm": 0.5101063342194518,
      "perfect_score": 1.0
    },
    "warnings": null
  },
  "results": {
    "or": {
      "rewards": [
        6155.0
      ],
      "mean": 6155.0,
      "std": 0.0,
      "min": 6155.0,
      "max": 6155.0,
      "count": 1,
      "ratio_to_perfect": 0.07052662938857823
    },
    "llm": {
      "rewards": [
        46678.0
      ],
      "mean": 46678.0,
      "std": 0.0,
      "min": 46678.0,
      "max": 46678.0,
      "count": 1,
      "ratio_to_perfect": 0.5348565404711706
    },
    "llm_to_or": {
      "rewards": [
        18280.0
      ],
      "mean": 18280.0,
      "std": 0.0,
      "min": 18280.0,
      "max": 18280.0,
      "count": 1,
      "ratio_to_perfect": 0.2094600788339903
    },
    "or_to_llm": {
      "rewards": [
        44518.0
      ],
      "mean": 44518.0,
      "std": 0.0,
      "min": 44518.0,
      "max": 44518.0,
      "count": 1,
      "ratio_to_perfect": 0.5101063342194518
    },
    "perfect_score": {
      "rewards": [
        87272.0
      ],
      "mean": 87272.0,
      "std": 0.0,
      "min": 87272.0,
      "max": 87272.0,
      "count": 1,
      "ratio_to_perfect": 1.0
    }
  },
  "errors": {}
}