{
  "instance_dir": "D:\\TextArena\\examples\\benchmark\\real_trajectory\\lead_time_4\\608776002",
  "instance_name": "608776002",
  "promised_lead_time": 4,
  "model": "google/gemini-3-flash-preview",
  "num_runs_llm": 1,
  "num_runs_deterministic": 1,
  "max_periods": null,
  "summary": {
    "perfect_score": 8170.0,
    "ratios": {
      "or": -1.2115055079559363,
      "llm": -2.6037943696450427,
      "llm_to_or": -0.3473684210526316,
      "or_to_llm": -0.6932680538555691,
      "perfect_score": 1.0
    },
    "warnings": null
  },
  "results": {
    "or": {
      "rewards": [
        -9898.0
      ],
      "mean": -9898.0,
      "std": 0.0,
      "min": -9898.0,
      "max": -9898.0,
      "count": 1,
      "ratio_to_perfect": -1.2115055079559363
    },
    "llm": {
      "rewards": [
        -21273.0
      ],
      "mean": -21273.0,
      "std": 0.0,
      "min": -21273.0,
      "max": -21273.0,
      "count": 1,
      "ratio_to_perfect": -2.6037943696450427
    },
    "llm_to_or": {
      "rewards": [
        -2838.0
      ],
      "mean": -2838.0,
      "std": 0.0,
      "min": -2838.0,
      "max": -2838.0,
      "count": 1,
      "ratio_to_perfect": -0.3473684210526316
    },
    "or_to_llm": {
      "rewards": [
        -5664.0
      ],
      "mean": -5664.0,
      "std": 0.0,
      "min": -5664.0,
      "max": -5664.0,
      "count": 1,
      "ratio_to_perfect": -0.6932680538555691
    },
    "perfect_score": {
      "rewards": [
        8170.0
      ],
      "mean": 8170.0,
      "std": 0.0,
      "min": 8170.0,
      "max": 8170.0,
      "count": 1,
      "ratio_to_perfect": 1.0
    }
  },
  "errors": {}
}