{
  "instance_dir": "D:\\TextArena\\examples\\benchmark\\synthetic_trajectory\\lead_time_4\\p01_stationary_iid\\v1_normal_100_25\\r2_high",
  "instance_name": "r2_high",
  "promised_lead_time": 4,
  "model": "google/gemini-3-flash-preview",
  "num_runs_llm": 1,
  "num_runs_deterministic": 1,
  "max_periods": null,
  "summary": {
    "perfect_score": 89737.0,
    "ratios": {
      "or": 0.8719257385470875,
      "llm": 0.8370014598214783,
      "llm_to_or": 0.8562800182756277,
      "or_to_llm": 0.8404337118468413,
      "perfect_score": 1.0
    },
    "warnings": null
  },
  "results": {
    "or": {
      "rewards": [
        78244.0
      ],
      "mean": 78244.0,
      "std": 0.0,
      "min": 78244.0,
      "max": 78244.0,
      "count": 1,
      "ratio_to_perfect": 0.8719257385470875
    },
    "llm": {
      "rewards": [
        75110.0
      ],
      "mean": 75110.0,
      "std": 0.0,
      "min": 75110.0,
      "max": 75110.0,
      "count": 1,
      "ratio_to_perfect": 0.8370014598214783
    },
    "llm_to_or": {
      "rewards": [
        76840.0
      ],
      "mean": 76840.0,
      "std": 0.0,
      "min": 76840.0,
      "max": 76840.0,
      "count": 1,
      "ratio_to_perfect": 0.8562800182756277
    },
    "or_to_llm": {
      "rewards": [
        75418.0
      ],
      "mean": 75418.0,
      "std": 0.0,
      "min": 75418.0,
      "max": 75418.0,
      "count": 1,
      "ratio_to_perfect": 0.8404337118468413
    },
    "perfect_score": {
      "rewards": [
        89737.0
      ],
      "mean": 89737.0,
      "std": 0.0,
      "min": 89737.0,
      "max": 89737.0,
      "count": 1,
      "ratio_to_perfect": 1.0
    }
  },
  "errors": {}
}