{
  "instance_dir": "D:\\TextArena\\examples\\benchmark\\real_trajectory\\lead_time_stochastic\\695632001",
  "instance_name": "695632001",
  "promised_lead_time": 2,
  "model": "google/gemini-3-flash-preview",
  "num_runs_llm": 1,
  "num_runs_deterministic": 1,
  "max_periods": null,
  "summary": {
    "perfect_score": 28060.0,
    "ratios": {
      "or": 0.17765502494654312,
      "llm": 0.465751960085531,
      "llm_to_or": 0.39515324305060584,
      "or_to_llm": 0.447255880256593,
      "perfect_score": 1.0
    },
    "warnings": null
  },
  "results": {
    "or": {
      "rewards": [
        4985.0
      ],
      "mean": 4985.0,
      "std": 0.0,
      "min": 4985.0,
      "max": 4985.0,
      "count": 1,
      "ratio_to_perfect": 0.17765502494654312
    },
    "llm": {
      "rewards": [
        13069.0
      ],
      "mean": 13069.0,
      "std": 0.0,
      "min": 13069.0,
      "max": 13069.0,
      "count": 1,
      "ratio_to_perfect": 0.465751960085531
    },
    "llm_to_or": {
      "rewards": [
        11088.0
      ],
      "mean": 11088.0,
      "std": 0.0,
      "min": 11088.0,
      "max": 11088.0,
      "count": 1,
      "ratio_to_perfect": 0.39515324305060584
    },
    "or_to_llm": {
      "rewards": [
        12550.0
      ],
      "mean": 12550.0,
      "std": 0.0,
      "min": 12550.0,
      "max": 12550.0,
      "count": 1,
      "ratio_to_perfect": 0.447255880256593
    },
    "perfect_score": {
      "rewards": [
        28060.0
      ],
      "mean": 28060.0,
      "std": 0.0,
      "min": 28060.0,
      "max": 28060.0,
      "count": 1,
      "ratio_to_perfect": 1.0
    }
  },
  "errors": {}
}