{
  "instance_dir": "/shared/share_malatown/OR_Agent/examples/benchmark/synthetic_trajectory/lead_time_stochastic/p10_autocorrelated/v2_phi_0_5/r1_high",
  "instance_name": "r1_high",
  "promised_lead_time": 2,
  "model": "x-ai/grok-4.1-fast",
  "num_runs_llm": 1,
  "num_runs_deterministic": 1,
  "max_periods": null,
  "summary": {
    "perfect_score": 109744.0,
    "ratios": {
      "or": 0.14124690188074063,
      "llm": 0.6770301793264324,
      "llm_to_or": 0.33089736113136026,
      "or_to_llm": 0.5424442338533314,
      "perfect_score": 1.0
    },
    "warnings": null
  },
  "results": {
    "or": {
      "rewards": [
        15501.0
      ],
      "mean": 15501.0,
      "std": 0.0,
      "min": 15501.0,
      "max": 15501.0,
      "count": 1,
      "ratio_to_perfect": 0.14124690188074063
    },
    "llm": {
      "rewards": [
        74300.0
      ],
      "mean": 74300.0,
      "std": 0.0,
      "min": 74300.0,
      "max": 74300.0,
      "count": 1,
      "ratio_to_perfect": 0.6770301793264324
    },
    "llm_to_or": {
      "rewards": [
        36314.0
      ],
      "mean": 36314.0,
      "std": 0.0,
      "min": 36314.0,
      "max": 36314.0,
      "count": 1,
      "ratio_to_perfect": 0.33089736113136026
    },
    "or_to_llm": {
      "rewards": [
        59530.0
      ],
      "mean": 59530.0,
      "std": 0.0,
      "min": 59530.0,
      "max": 59530.0,
      "count": 1,
      "ratio_to_perfect": 0.5424442338533314
    },
    "perfect_score": {
      "rewards": [
        109744.0
      ],
      "mean": 109744.0,
      "std": 0.0,
      "min": 109744.0,
      "max": 109744.0,
      "count": 1,
      "ratio_to_perfect": 1.0
    }
  },
  "errors": {}
}