{
  "instance_dir": "/shared/share_malatown/OR_Agent/examples/benchmark/synthetic_trajectory/lead_time_4/p01_stationary_iid/v1_normal_100_25/r1_med",
  "instance_name": "r1_med",
  "promised_lead_time": 4,
  "model": "x-ai/grok-4.1-fast",
  "num_runs_llm": 1,
  "num_runs_deterministic": 1,
  "max_periods": null,
  "summary": {
    "perfect_score": 20488.0,
    "ratios": {
      "or": 0.7699140960562281,
      "llm": 0.0943967200312378,
      "llm_to_or": 0.7180300663803202,
      "or_to_llm": 0.7644474814525576,
      "perfect_score": 1.0
    },
    "warnings": null
  },
  "results": {
    "or": {
      "rewards": [
        15774.0
      ],
      "mean": 15774.0,
      "std": 0.0,
      "min": 15774.0,
      "max": 15774.0,
      "count": 1,
      "ratio_to_perfect": 0.7699140960562281
    },
    "llm": {
      "rewards": [
        1934.0
      ],
      "mean": 1934.0,
      "std": 0.0,
      "min": 1934.0,
      "max": 1934.0,
      "count": 1,
      "ratio_to_perfect": 0.0943967200312378
    },
    "llm_to_or": {
      "rewards": [
        14711.0
      ],
      "mean": 14711.0,
      "std": 0.0,
      "min": 14711.0,
      "max": 14711.0,
      "count": 1,
      "ratio_to_perfect": 0.7180300663803202
    },
    "or_to_llm": {
      "rewards": [
        15662.0
      ],
      "mean": 15662.0,
      "std": 0.0,
      "min": 15662.0,
      "max": 15662.0,
      "count": 1,
      "ratio_to_perfect": 0.7644474814525576
    },
    "perfect_score": {
      "rewards": [
        20488.0
      ],
      "mean": 20488.0,
      "std": 0.0,
      "min": 20488.0,
      "max": 20488.0,
      "count": 1,
      "ratio_to_perfect": 1.0
    }
  },
  "errors": {}
}