{
  "instance_dir": "D:\\TextArena\\examples\\benchmark\\synthetic_trajectory\\lead_time_0\\p01_stationary_iid\\v1_normal_100_25\\r1_high",
  "instance_name": "r1_high",
  "promised_lead_time": 0,
  "model": "google/gemini-3-flash-preview",
  "num_runs_llm": 1,
  "num_runs_deterministic": 1,
  "max_periods": null,
  "summary": {
    "perfect_score": 97318.0,
    "ratios": {
      "or": 0.9738999979448817,
      "llm": 0.9567500359645698,
      "llm_to_or": 0.9657206272220966,
      "or_to_llm": 0.9733040136459853,
      "perfect_score": 1.0
    },
    "warnings": null
  },
  "results": {
    "or": {
      "rewards": [
        94778.0
      ],
      "mean": 94778.0,
      "std": 0.0,
      "min": 94778.0,
      "max": 94778.0,
      "count": 1,
      "ratio_to_perfect": 0.9738999979448817
    },
    "llm": {
      "rewards": [
        93109.0
      ],
      "mean": 93109.0,
      "std": 0.0,
      "min": 93109.0,
      "max": 93109.0,
      "count": 1,
      "ratio_to_perfect": 0.9567500359645698
    },
    "llm_to_or": {
      "rewards": [
        93982.0
      ],
      "mean": 93982.0,
      "std": 0.0,
      "min": 93982.0,
      "max": 93982.0,
      "count": 1,
      "ratio_to_perfect": 0.9657206272220966
    },
    "or_to_llm": {
      "rewards": [
        94720.0
      ],
      "mean": 94720.0,
      "std": 0.0,
      "min": 94720.0,
      "max": 94720.0,
      "count": 1,
      "ratio_to_perfect": 0.9733040136459853
    },
    "perfect_score": {
      "rewards": [
        97318.0
      ],
      "mean": 97318.0,
      "std": 0.0,
      "min": 97318.0,
      "max": 97318.0,
      "count": 1,
      "ratio_to_perfect": 1.0
    }
  },
  "errors": {}
}