{
  "instance_dir": "/shared/share_malatown/OR_Agent/examples/benchmark/synthetic_trajectory/lead_time_4/p07_seasonal/v1_period10_amp30/r1_med",
  "instance_name": "r1_med",
  "promised_lead_time": 4,
  "model": "x-ai/grok-4.1-fast",
  "num_runs_llm": 1,
  "num_runs_deterministic": 1,
  "max_periods": null,
  "summary": {
    "perfect_score": 19540.0,
    "ratios": {
      "or": 0.6031729785056295,
      "llm": 0.3731320368474923,
      "llm_to_or": 0.5277379733879222,
      "or_to_llm": 0.5842374616171955,
      "perfect_score": 1.0
    },
    "warnings": null
  },
  "results": {
    "or": {
      "rewards": [
        11786.0
      ],
      "mean": 11786.0,
      "std": 0.0,
      "min": 11786.0,
      "max": 11786.0,
      "count": 1,
      "ratio_to_perfect": 0.6031729785056295
    },
    "llm": {
      "rewards": [
        7291.0
      ],
      "mean": 7291.0,
      "std": 0.0,
      "min": 7291.0,
      "max": 7291.0,
      "count": 1,
      "ratio_to_perfect": 0.3731320368474923
    },
    "llm_to_or": {
      "rewards": [
        10312.0
      ],
      "mean": 10312.0,
      "std": 0.0,
      "min": 10312.0,
      "max": 10312.0,
      "count": 1,
      "ratio_to_perfect": 0.5277379733879222
    },
    "or_to_llm": {
      "rewards": [
        11416.0
      ],
      "mean": 11416.0,
      "std": 0.0,
      "min": 11416.0,
      "max": 11416.0,
      "count": 1,
      "ratio_to_perfect": 0.5842374616171955
    },
    "perfect_score": {
      "rewards": [
        19540.0
      ],
      "mean": 19540.0,
      "std": 0.0,
      "min": 19540.0,
      "max": 19540.0,
      "count": 1,
      "ratio_to_perfect": 1.0
    }
  },
  "errors": {}
}