{
  "instance_dir": "D:\\TextArena\\examples\\benchmark\\synthetic_trajectory\\lead_time_stochastic\\p10_autocorrelated\\v4_phi_neg_0_3\\r1_high",
  "instance_name": "r1_high",
  "promised_lead_time": 2,
  "model": "google/gemini-3-flash-preview",
  "num_runs_llm": 1,
  "num_runs_deterministic": 1,
  "max_periods": null,
  "summary": {
    "perfect_score": 96900.0,
    "ratios": {
      "or": 0.14332301341589268,
      "llm": 0.7099587203302373,
      "llm_to_or": 0.5126006191950464,
      "or_to_llm": 0.5810319917440661,
      "perfect_score": 1.0
    },
    "warnings": null
  },
  "results": {
    "or": {
      "rewards": [
        13888.0
      ],
      "mean": 13888.0,
      "std": 0.0,
      "min": 13888.0,
      "max": 13888.0,
      "count": 1,
      "ratio_to_perfect": 0.14332301341589268
    },
    "llm": {
      "rewards": [
        68795.0
      ],
      "mean": 68795.0,
      "std": 0.0,
      "min": 68795.0,
      "max": 68795.0,
      "count": 1,
      "ratio_to_perfect": 0.7099587203302373
    },
    "llm_to_or": {
      "rewards": [
        49671.0
      ],
      "mean": 49671.0,
      "std": 0.0,
      "min": 49671.0,
      "max": 49671.0,
      "count": 1,
      "ratio_to_perfect": 0.5126006191950464
    },
    "or_to_llm": {
      "rewards": [
        56302.0
      ],
      "mean": 56302.0,
      "std": 0.0,
      "min": 56302.0,
      "max": 56302.0,
      "count": 1,
      "ratio_to_perfect": 0.5810319917440661
    },
    "perfect_score": {
      "rewards": [
        96900.0
      ],
      "mean": 96900.0,
      "std": 0.0,
      "min": 96900.0,
      "max": 96900.0,
      "count": 1,
      "ratio_to_perfect": 1.0
    }
  },
  "errors": {}
}