{
  "instance_dir": "/shared/share_malatown/OR_Agent/examples/benchmark/synthetic_trajectory/lead_time_4/p08_multi_changepoint/v1_up_then_down/r1_med",
  "instance_name": "r1_med",
  "promised_lead_time": 4,
  "model": "x-ai/grok-4.1-fast",
  "num_runs_llm": 1,
  "num_runs_deterministic": 1,
  "max_periods": null,
  "summary": {
    "perfect_score": 23744.0,
    "ratios": {
      "or": 0.6150185309973046,
      "llm": 0.006359501347708895,
      "llm_to_or": 0.6400774932614556,
      "or_to_llm": 0.5934130727762803,
      "perfect_score": 1.0
    },
    "warnings": null
  },
  "results": {
    "or": {
      "rewards": [
        14603.0
      ],
      "mean": 14603.0,
      "std": 0.0,
      "min": 14603.0,
      "max": 14603.0,
      "count": 1,
      "ratio_to_perfect": 0.6150185309973046
    },
    "llm": {
      "rewards": [
        151.0
      ],
      "mean": 151.0,
      "std": 0.0,
      "min": 151.0,
      "max": 151.0,
      "count": 1,
      "ratio_to_perfect": 0.006359501347708895
    },
    "llm_to_or": {
      "rewards": [
        15198.0
      ],
      "mean": 15198.0,
      "std": 0.0,
      "min": 15198.0,
      "max": 15198.0,
      "count": 1,
      "ratio_to_perfect": 0.6400774932614556
    },
    "or_to_llm": {
      "rewards": [
        14090.0
      ],
      "mean": 14090.0,
      "std": 0.0,
      "min": 14090.0,
      "max": 14090.0,
      "count": 1,
      "ratio_to_perfect": 0.5934130727762803
    },
    "perfect_score": {
      "rewards": [
        23744.0
      ],
      "mean": 23744.0,
      "std": 0.0,
      "min": 23744.0,
      "max": 23744.0,
      "count": 1,
      "ratio_to_perfect": 1.0
    }
  },
  "errors": {}
}