{
  "instance_dir": "D:\\TextArena\\examples\\benchmark\\real_trajectory\\lead_time_0\\554598038",
  "instance_name": "554598038",
  "promised_lead_time": 0,
  "model": "google/gemini-3-flash-preview",
  "num_runs_llm": 1,
  "num_runs_deterministic": 1,
  "max_periods": null,
  "summary": {
    "perfect_score": 3463.0,
    "ratios": {
      "or": 0.33641351429396477,
      "llm": 0.7141207045913948,
      "llm_to_or": 0.7444412359226105,
      "or_to_llm": 0.6999711233034941,
      "perfect_score": 1.0
    },
    "warnings": null
  },
  "results": {
    "or": {
      "rewards": [
        1165.0
      ],
      "mean": 1165.0,
      "std": 0.0,
      "min": 1165.0,
      "max": 1165.0,
      "count": 1,
      "ratio_to_perfect": 0.33641351429396477
    },
    "llm": {
      "rewards": [
        2473.0
      ],
      "mean": 2473.0,
      "std": 0.0,
      "min": 2473.0,
      "max": 2473.0,
      "count": 1,
      "ratio_to_perfect": 0.7141207045913948
    },
    "llm_to_or": {
      "rewards": [
        2578.0
      ],
      "mean": 2578.0,
      "std": 0.0,
      "min": 2578.0,
      "max": 2578.0,
      "count": 1,
      "ratio_to_perfect": 0.7444412359226105
    },
    "or_to_llm": {
      "rewards": [
        2424.0
      ],
      "mean": 2424.0,
      "std": 0.0,
      "min": 2424.0,
      "max": 2424.0,
      "count": 1,
      "ratio_to_perfect": 0.6999711233034941
    },
    "perfect_score": {
      "rewards": [
        3463.0
      ],
      "mean": 3463.0,
      "std": 0.0,
      "min": 3463.0,
      "max": 3463.0,
      "count": 1,
      "ratio_to_perfect": 1.0
    }
  },
  "errors": {}
}