{
  "instance_dir": "/shared/share_malatown/OR_Agent/examples/benchmark/synthetic_trajectory/lead_time_0/p04_increasing_trend/v1_linear_100t/r1_high",
  "instance_name": "r1_high",
  "promised_lead_time": 0,
  "model": "x-ai/grok-4.1-fast",
  "num_runs_llm": 1,
  "num_runs_deterministic": 1,
  "max_periods": null,
  "summary": {
    "perfect_score": 2394589.0,
    "ratios": {
      "or": 0.9301391595802035,
      "llm": 0.9893242639968696,
      "llm_to_or": 0.971895803413446,
      "or_to_llm": 0.9729085032963903,
      "perfect_score": 1.0
    },
    "warnings": null
  },
  "results": {
    "or": {
      "rewards": [
        2227301.0
      ],
      "mean": 2227301.0,
      "std": 0.0,
      "min": 2227301.0,
      "max": 2227301.0,
      "count": 1,
      "ratio_to_perfect": 0.9301391595802035
    },
    "llm": {
      "rewards": [
        2369025.0
      ],
      "mean": 2369025.0,
      "std": 0.0,
      "min": 2369025.0,
      "max": 2369025.0,
      "count": 1,
      "ratio_to_perfect": 0.9893242639968696
    },
    "llm_to_or": {
      "rewards": [
        2327291.0
      ],
      "mean": 2327291.0,
      "std": 0.0,
      "min": 2327291.0,
      "max": 2327291.0,
      "count": 1,
      "ratio_to_perfect": 0.971895803413446
    },
    "or_to_llm": {
      "rewards": [
        2329716.0
      ],
      "mean": 2329716.0,
      "std": 0.0,
      "min": 2329716.0,
      "max": 2329716.0,
      "count": 1,
      "ratio_to_perfect": 0.9729085032963903
    },
    "perfect_score": {
      "rewards": [
        2394589.0
      ],
      "mean": 2394589.0,
      "std": 0.0,
      "min": 2394589.0,
      "max": 2394589.0,
      "count": 1,
      "ratio_to_perfect": 1.0
    }
  },
  "errors": {}
}