{
  "instance_dir": "D:\\TextArena\\examples\\benchmark\\synthetic_trajectory\\lead_time_4\\p07_seasonal\\v3_period25_amp40\\r1_med",
  "instance_name": "r1_med",
  "promised_lead_time": 4,
  "model": "openai/gpt-5-mini",
  "num_runs_llm": 1,
  "num_runs_deterministic": 1,
  "max_periods": null,
  "summary": {
    "perfect_score": 19948.0,
    "ratios": {
      "or": 0.4666633246440746,
      "llm": 0.4934830559454582,
      "llm_to_or": 0.45117304992981755,
      "or_to_llm": 0.24373370763986366,
      "perfect_score": 1.0
    },
    "warnings": null
  },
  "results": {
    "or": {
      "rewards": [
        9309.0
      ],
      "mean": 9309.0,
      "std": 0.0,
      "min": 9309.0,
      "max": 9309.0,
      "count": 1,
      "ratio_to_perfect": 0.4666633246440746
    },
    "llm": {
      "rewards": [
        9844.0
      ],
      "mean": 9844.0,
      "std": 0.0,
      "min": 9844.0,
      "max": 9844.0,
      "count": 1,
      "ratio_to_perfect": 0.4934830559454582
    },
    "llm_to_or": {
      "rewards": [
        9000.0
      ],
      "mean": 9000.0,
      "std": 0.0,
      "min": 9000.0,
      "max": 9000.0,
      "count": 1,
      "ratio_to_perfect": 0.45117304992981755
    },
    "or_to_llm": {
      "rewards": [
        4862.0
      ],
      "mean": 4862.0,
      "std": 0.0,
      "min": 4862.0,
      "max": 4862.0,
      "count": 1,
      "ratio_to_perfect": 0.24373370763986366
    },
    "perfect_score": {
      "rewards": [
        19948.0
      ],
      "mean": 19948.0,
      "std": 0.0,
      "min": 19948.0,
      "max": 19948.0,
      "count": 1,
      "ratio_to_perfect": 1.0
    }
  },
  "errors": {}
}