{
  "instance_dir": "D:\\TextArena\\examples\\benchmark\\synthetic_trajectory\\lead_time_0\\p03_mean_decrease\\v2_100to70\\r1_high",
  "instance_name": "r1_high",
  "promised_lead_time": 0,
  "model": "openai/gpt-5-mini",
  "num_runs_llm": 1,
  "num_runs_deterministic": 1,
  "max_periods": null,
  "summary": {
    "perfect_score": 75297.0,
    "ratios": {
      "or": 0.9649786844097374,
      "llm": 0.9241404040001594,
      "llm_to_or": 0.9654833525904086,
      "or_to_llm": 0.9640888747227645,
      "perfect_score": 1.0
    },
    "warnings": null
  },
  "results": {
    "or": {
      "rewards": [
        72660.0
      ],
      "mean": 72660.0,
      "std": 0.0,
      "min": 72660.0,
      "max": 72660.0,
      "count": 1,
      "ratio_to_perfect": 0.9649786844097374
    },
    "llm": {
      "rewards": [
        69585.0
      ],
      "mean": 69585.0,
      "std": 0.0,
      "min": 69585.0,
      "max": 69585.0,
      "count": 1,
      "ratio_to_perfect": 0.9241404040001594
    },
    "llm_to_or": {
      "rewards": [
        72698.0
      ],
      "mean": 72698.0,
      "std": 0.0,
      "min": 72698.0,
      "max": 72698.0,
      "count": 1,
      "ratio_to_perfect": 0.9654833525904086
    },
    "or_to_llm": {
      "rewards": [
        72593.0
      ],
      "mean": 72593.0,
      "std": 0.0,
      "min": 72593.0,
      "max": 72593.0,
      "count": 1,
      "ratio_to_perfect": 0.9640888747227645
    },
    "perfect_score": {
      "rewards": [
        75297.0
      ],
      "mean": 75297.0,
      "std": 0.0,
      "min": 75297.0,
      "max": 75297.0,
      "count": 1,
      "ratio_to_perfect": 1.0
    }
  },
  "errors": {}
}