{
  "instance_dir": "/shared/share_malatown/OR_Agent/examples/benchmark/real_trajectory/lead_time_4/671852003",
  "instance_name": "671852003",
  "promised_lead_time": 4,
  "model": "x-ai/grok-4.1-fast",
  "num_runs_llm": 1,
  "num_runs_deterministic": 1,
  "max_periods": null,
  "summary": {
    "perfect_score": 11312.0,
    "ratios": {
      "or": 0.4298090523338048,
      "llm": 0.06090876944837341,
      "llm_to_or": 0.38021570014144274,
      "or_to_llm": 0.3908239038189533,
      "perfect_score": 1.0
    },
    "warnings": null
  },
  "results": {
    "or": {
      "rewards": [
        4862.0
      ],
      "mean": 4862.0,
      "std": 0.0,
      "min": 4862.0,
      "max": 4862.0,
      "count": 1,
      "ratio_to_perfect": 0.4298090523338048
    },
    "llm": {
      "rewards": [
        689.0
      ],
      "mean": 689.0,
      "std": 0.0,
      "min": 689.0,
      "max": 689.0,
      "count": 1,
      "ratio_to_perfect": 0.06090876944837341
    },
    "llm_to_or": {
      "rewards": [
        4301.0
      ],
      "mean": 4301.0,
      "std": 0.0,
      "min": 4301.0,
      "max": 4301.0,
      "count": 1,
      "ratio_to_perfect": 0.38021570014144274
    },
    "or_to_llm": {
      "rewards": [
        4421.0
      ],
      "mean": 4421.0,
      "std": 0.0,
      "min": 4421.0,
      "max": 4421.0,
      "count": 1,
      "ratio_to_perfect": 0.3908239038189533
    },
    "perfect_score": {
      "rewards": [
        11312.0
      ],
      "mean": 11312.0,
      "std": 0.0,
      "min": 11312.0,
      "max": 11312.0,
      "count": 1,
      "ratio_to_perfect": 1.0
    }
  },
  "errors": {}
}