{
  "instance_dir": "/shared/share_malatown/OR_Agent/examples/benchmark/real_trajectory/lead_time_0/685813005",
  "instance_name": "685813005",
  "promised_lead_time": 0,
  "model": "x-ai/grok-4.1-fast",
  "num_runs_llm": 1,
  "num_runs_deterministic": 1,
  "max_periods": null,
  "summary": {
    "perfect_score": 2647.0,
    "ratios": {
      "or": 0.42387608613524747,
      "llm": 0.3959199093313185,
      "llm_to_or": 0.595391008689082,
      "or_to_llm": 0.44956554590102005,
      "perfect_score": 1.0
    },
    "warnings": null
  },
  "results": {
    "or": {
      "rewards": [
        1122.0
      ],
      "mean": 1122.0,
      "std": 0.0,
      "min": 1122.0,
      "max": 1122.0,
      "count": 1,
      "ratio_to_perfect": 0.42387608613524747
    },
    "llm": {
      "rewards": [
        1048.0
      ],
      "mean": 1048.0,
      "std": 0.0,
      "min": 1048.0,
      "max": 1048.0,
      "count": 1,
      "ratio_to_perfect": 0.3959199093313185
    },
    "llm_to_or": {
      "rewards": [
        1576.0
      ],
      "mean": 1576.0,
      "std": 0.0,
      "min": 1576.0,
      "max": 1576.0,
      "count": 1,
      "ratio_to_perfect": 0.595391008689082
    },
    "or_to_llm": {
      "rewards": [
        1190.0
      ],
      "mean": 1190.0,
      "std": 0.0,
      "min": 1190.0,
      "max": 1190.0,
      "count": 1,
      "ratio_to_perfect": 0.44956554590102005
    },
    "perfect_score": {
      "rewards": [
        2647.0
      ],
      "mean": 2647.0,
      "std": 0.0,
      "min": 2647.0,
      "max": 2647.0,
      "count": 1,
      "ratio_to_perfect": 1.0
    }
  },
  "errors": {}
}