{
  "instance_dir": "/shared/share_malatown/OR_Agent/examples/benchmark/real_trajectory/lead_time_0/678692001",
  "instance_name": "678692001",
  "promised_lead_time": 0,
  "model": "x-ai/grok-4.1-fast",
  "num_runs_llm": 1,
  "num_runs_deterministic": 1,
  "max_periods": null,
  "summary": {
    "perfect_score": 9220.0,
    "ratios": {
      "or": 0.42483731019522775,
      "llm": 0.6620390455531453,
      "llm_to_or": 0.8391540130151843,
      "or_to_llm": 0.5108459869848156,
      "perfect_score": 1.0
    },
    "warnings": null
  },
  "results": {
    "or": {
      "rewards": [
        3917.0
      ],
      "mean": 3917.0,
      "std": 0.0,
      "min": 3917.0,
      "max": 3917.0,
      "count": 1,
      "ratio_to_perfect": 0.42483731019522775
    },
    "llm": {
      "rewards": [
        6104.0
      ],
      "mean": 6104.0,
      "std": 0.0,
      "min": 6104.0,
      "max": 6104.0,
      "count": 1,
      "ratio_to_perfect": 0.6620390455531453
    },
    "llm_to_or": {
      "rewards": [
        7737.0
      ],
      "mean": 7737.0,
      "std": 0.0,
      "min": 7737.0,
      "max": 7737.0,
      "count": 1,
      "ratio_to_perfect": 0.8391540130151843
    },
    "or_to_llm": {
      "rewards": [
        4710.0
      ],
      "mean": 4710.0,
      "std": 0.0,
      "min": 4710.0,
      "max": 4710.0,
      "count": 1,
      "ratio_to_perfect": 0.5108459869848156
    },
    "perfect_score": {
      "rewards": [
        9220.0
      ],
      "mean": 9220.0,
      "std": 0.0,
      "min": 9220.0,
      "max": 9220.0,
      "count": 1,
      "ratio_to_perfect": 1.0
    }
  },
  "errors": {}
}