{
  "instance_dir": "D:\\TextArena\\examples\\benchmark\\synthetic_trajectory\\lead_time_0\\p07_seasonal\\v3_period25_amp40\\r2_high",
  "instance_name": "r2_high",
  "promised_lead_time": 0,
  "model": "openai/gpt-5-mini",
  "num_runs_llm": 1,
  "num_runs_deterministic": 1,
  "max_periods": null,
  "summary": {
    "perfect_score": 95817.0,
    "ratios": {
      "or": 0.9572518446622207,
      "llm": 0.9173006877693938,
      "llm_to_or": 0.9583059373597587,
      "or_to_llm": 0.9444670569940616,
      "perfect_score": 1.0
    },
    "warnings": null
  },
  "results": {
    "or": {
      "rewards": [
        91721.0
      ],
      "mean": 91721.0,
      "std": 0.0,
      "min": 91721.0,
      "max": 91721.0,
      "count": 1,
      "ratio_to_perfect": 0.9572518446622207
    },
    "llm": {
      "rewards": [
        87893.0
      ],
      "mean": 87893.0,
      "std": 0.0,
      "min": 87893.0,
      "max": 87893.0,
      "count": 1,
      "ratio_to_perfect": 0.9173006877693938
    },
    "llm_to_or": {
      "rewards": [
        91822.0
      ],
      "mean": 91822.0,
      "std": 0.0,
      "min": 91822.0,
      "max": 91822.0,
      "count": 1,
      "ratio_to_perfect": 0.9583059373597587
    },
    "or_to_llm": {
      "rewards": [
        90496.0
      ],
      "mean": 90496.0,
      "std": 0.0,
      "min": 90496.0,
      "max": 90496.0,
      "count": 1,
      "ratio_to_perfect": 0.9444670569940616
    },
    "perfect_score": {
      "rewards": [
        95817.0
      ],
      "mean": 95817.0,
      "std": 0.0,
      "min": 95817.0,
      "max": 95817.0,
      "count": 1,
      "ratio_to_perfect": 1.0
    }
  },
  "errors": {}
}