{
  "instance_dir": "/shared/share_malatown/OR-Agent-GPT5mini-benchmark/examples/benchmark/synthetic_trajectory/lead_time_stochastic/p08_multi_changepoint/v1_up_then_down/r2_high",
  "instance_name": "r2_high",
  "promised_lead_time": 2,
  "model": "openai/gpt-5-mini",
  "num_runs_llm": 1,
  "num_runs_deterministic": 1,
  "max_periods": null,
  "summary": {
    "perfect_score": 101821.0,
    "ratios": {
      "or": 0.11297276593237152,
      "llm": 0.45630076310387835,
      "llm_to_or": 0.14603077950521012,
      "or_to_llm": 0.12714469510218915,
      "perfect_score": 1.0
    },
    "warnings": null
  },
  "results": {
    "or": {
      "rewards": [
        11503.0
      ],
      "mean": 11503.0,
      "std": 0.0,
      "min": 11503.0,
      "max": 11503.0,
      "count": 1,
      "ratio_to_perfect": 0.11297276593237152
    },
    "llm": {
      "rewards": [
        46461.0
      ],
      "mean": 46461.0,
      "std": 0.0,
      "min": 46461.0,
      "max": 46461.0,
      "count": 1,
      "ratio_to_perfect": 0.45630076310387835
    },
    "llm_to_or": {
      "rewards": [
        14869.0
      ],
      "mean": 14869.0,
      "std": 0.0,
      "min": 14869.0,
      "max": 14869.0,
      "count": 1,
      "ratio_to_perfect": 0.14603077950521012
    },
    "or_to_llm": {
      "rewards": [
        12946.0
      ],
      "mean": 12946.0,
      "std": 0.0,
      "min": 12946.0,
      "max": 12946.0,
      "count": 1,
      "ratio_to_perfect": 0.12714469510218915
    },
    "perfect_score": {
      "rewards": [
        101821.0
      ],
      "mean": 101821.0,
      "std": 0.0,
      "min": 101821.0,
      "max": 101821.0,
      "count": 1,
      "ratio_to_perfect": 1.0
    }
  },
  "errors": {}
}