{
  "instance_dir": "/shared/share_malatown/OR_Agent/examples/benchmark/synthetic_trajectory/lead_time_4/p02_mean_increase/v3_100to300/r1_med",
  "instance_name": "r1_med",
  "promised_lead_time": 4,
  "model": "x-ai/grok-4.1-fast",
  "num_runs_llm": 1,
  "num_runs_deterministic": 1,
  "max_periods": null,
  "summary": {
    "perfect_score": 46860.0,
    "ratios": {
      "or": 0.7032010243277849,
      "llm": 0.700917626973965,
      "llm_to_or": 0.7954972257789159,
      "or_to_llm": 0.7727699530516432,
      "perfect_score": 1.0
    },
    "warnings": null
  },
  "results": {
    "or": {
      "rewards": [
        32952.0
      ],
      "mean": 32952.0,
      "std": 0.0,
      "min": 32952.0,
      "max": 32952.0,
      "count": 1,
      "ratio_to_perfect": 0.7032010243277849
    },
    "llm": {
      "rewards": [
        32845.0
      ],
      "mean": 32845.0,
      "std": 0.0,
      "min": 32845.0,
      "max": 32845.0,
      "count": 1,
      "ratio_to_perfect": 0.700917626973965
    },
    "llm_to_or": {
      "rewards": [
        37277.0
      ],
      "mean": 37277.0,
      "std": 0.0,
      "min": 37277.0,
      "max": 37277.0,
      "count": 1,
      "ratio_to_perfect": 0.7954972257789159
    },
    "or_to_llm": {
      "rewards": [
        36212.0
      ],
      "mean": 36212.0,
      "std": 0.0,
      "min": 36212.0,
      "max": 36212.0,
      "count": 1,
      "ratio_to_perfect": 0.7727699530516432
    },
    "perfect_score": {
      "rewards": [
        46860.0
      ],
      "mean": 46860.0,
      "std": 0.0,
      "min": 46860.0,
      "max": 46860.0,
      "count": 1,
      "ratio_to_perfect": 1.0
    }
  },
  "errors": {}
}