{
  "instance_dir": "/shared/share_malatown/OR_Agent/examples/benchmark/synthetic_trajectory/lead_time_4/p10_autocorrelated/v4_phi_neg_0_3/r2_med",
  "instance_name": "r2_med",
  "promised_lead_time": 4,
  "model": "x-ai/grok-4.1-fast",
  "num_runs_llm": 1,
  "num_runs_deterministic": 1,
  "max_periods": null,
  "summary": {
    "perfect_score": 19316.0,
    "ratios": {
      "or": 0.7611306688755436,
      "llm": 0.08769931662870159,
      "llm_to_or": 0.7460136674259681,
      "or_to_llm": 0.755332366949679,
      "perfect_score": 1.0
    },
    "warnings": null
  },
  "results": {
    "or": {
      "rewards": [
        14702.0
      ],
      "mean": 14702.0,
      "std": 0.0,
      "min": 14702.0,
      "max": 14702.0,
      "count": 1,
      "ratio_to_perfect": 0.7611306688755436
    },
    "llm": {
      "rewards": [
        1694.0
      ],
      "mean": 1694.0,
      "std": 0.0,
      "min": 1694.0,
      "max": 1694.0,
      "count": 1,
      "ratio_to_perfect": 0.08769931662870159
    },
    "llm_to_or": {
      "rewards": [
        14410.0
      ],
      "mean": 14410.0,
      "std": 0.0,
      "min": 14410.0,
      "max": 14410.0,
      "count": 1,
      "ratio_to_perfect": 0.7460136674259681
    },
    "or_to_llm": {
      "rewards": [
        14590.0
      ],
      "mean": 14590.0,
      "std": 0.0,
      "min": 14590.0,
      "max": 14590.0,
      "count": 1,
      "ratio_to_perfect": 0.755332366949679
    },
    "perfect_score": {
      "rewards": [
        19316.0
      ],
      "mean": 19316.0,
      "std": 0.0,
      "min": 19316.0,
      "max": 19316.0,
      "count": 1,
      "ratio_to_perfect": 1.0
    }
  },
  "errors": {}
}