{
  "instance_dir": "D:\\TextArena\\examples\\benchmark\\real_trajectory\\lead_time_4\\554598001",
  "instance_name": "554598001",
  "promised_lead_time": 4,
  "model": "google/gemini-3-flash-preview",
  "num_runs_llm": 1,
  "num_runs_deterministic": 1,
  "max_periods": null,
  "summary": {
    "perfect_score": 14400.0,
    "ratios": {
      "or": 0.41618055555555555,
      "llm": 0.3182638888888889,
      "llm_to_or": 0.4724305555555556,
      "or_to_llm": 0.5084722222222222,
      "perfect_score": 1.0
    },
    "warnings": null
  },
  "results": {
    "or": {
      "rewards": [
        5993.0
      ],
      "mean": 5993.0,
      "std": 0.0,
      "min": 5993.0,
      "max": 5993.0,
      "count": 1,
      "ratio_to_perfect": 0.41618055555555555
    },
    "llm": {
      "rewards": [
        4583.0
      ],
      "mean": 4583.0,
      "std": 0.0,
      "min": 4583.0,
      "max": 4583.0,
      "count": 1,
      "ratio_to_perfect": 0.3182638888888889
    },
    "llm_to_or": {
      "rewards": [
        6803.0
      ],
      "mean": 6803.0,
      "std": 0.0,
      "min": 6803.0,
      "max": 6803.0,
      "count": 1,
      "ratio_to_perfect": 0.4724305555555556
    },
    "or_to_llm": {
      "rewards": [
        7322.0
      ],
      "mean": 7322.0,
      "std": 0.0,
      "min": 7322.0,
      "max": 7322.0,
      "count": 1,
      "ratio_to_perfect": 0.5084722222222222
    },
    "perfect_score": {
      "rewards": [
        14400.0
      ],
      "mean": 14400.0,
      "std": 0.0,
      "min": 14400.0,
      "max": 14400.0,
      "count": 1,
      "ratio_to_perfect": 1.0
    }
  },
  "errors": {}
}