{
  "instance_dir": "D:\\TextArena\\examples\\benchmark\\synthetic_trajectory\\lead_time_4\\p03_mean_decrease\\v1_100to50\\r2_med",
  "instance_name": "r2_med",
  "promised_lead_time": 4,
  "model": "openai/gpt-5-mini",
  "num_runs_llm": 1,
  "num_runs_deterministic": 1,
  "max_periods": null,
  "summary": {
    "perfect_score": 13592.0,
    "ratios": {
      "or": 0.16546497939964686,
      "llm": 0.5216303708063567,
      "llm_to_or": 0.16546497939964686,
      "or_to_llm": 0.49323131253678637,
      "perfect_score": 1.0
    },
    "warnings": null
  },
  "results": {
    "or": {
      "rewards": [
        2249.0
      ],
      "mean": 2249.0,
      "std": 0.0,
      "min": 2249.0,
      "max": 2249.0,
      "count": 1,
      "ratio_to_perfect": 0.16546497939964686
    },
    "llm": {
      "rewards": [
        7090.0
      ],
      "mean": 7090.0,
      "std": 0.0,
      "min": 7090.0,
      "max": 7090.0,
      "count": 1,
      "ratio_to_perfect": 0.5216303708063567
    },
    "llm_to_or": {
      "rewards": [
        2249.0
      ],
      "mean": 2249.0,
      "std": 0.0,
      "min": 2249.0,
      "max": 2249.0,
      "count": 1,
      "ratio_to_perfect": 0.16546497939964686
    },
    "or_to_llm": {
      "rewards": [
        6704.0
      ],
      "mean": 6704.0,
      "std": 0.0,
      "min": 6704.0,
      "max": 6704.0,
      "count": 1,
      "ratio_to_perfect": 0.49323131253678637
    },
    "perfect_score": {
      "rewards": [
        13592.0
      ],
      "mean": 13592.0,
      "std": 0.0,
      "min": 13592.0,
      "max": 13592.0,
      "count": 1,
      "ratio_to_perfect": 1.0
    }
  },
  "errors": {}
}