{
  "instance_dir": "/shared/share_malatown/OR_Agent/examples/benchmark/synthetic_trajectory/lead_time_stochastic/p07_seasonal/v3_period25_amp40/r2_high",
  "instance_name": "r2_high",
  "promised_lead_time": 2,
  "model": "x-ai/grok-4.1-fast",
  "num_runs_llm": 1,
  "num_runs_deterministic": 1,
  "max_periods": null,
  "summary": {
    "perfect_score": 95817.0,
    "ratios": {
      "or": 0.16125530960059278,
      "llm": 0.6136906811943601,
      "llm_to_or": 0.42901572789797215,
      "or_to_llm": 0.6195560286796706,
      "perfect_score": 1.0
    },
    "warnings": null
  },
  "results": {
    "or": {
      "rewards": [
        15451.0
      ],
      "mean": 15451.0,
      "std": 0.0,
      "min": 15451.0,
      "max": 15451.0,
      "count": 1,
      "ratio_to_perfect": 0.16125530960059278
    },
    "llm": {
      "rewards": [
        58802.0
      ],
      "mean": 58802.0,
      "std": 0.0,
      "min": 58802.0,
      "max": 58802.0,
      "count": 1,
      "ratio_to_perfect": 0.6136906811943601
    },
    "llm_to_or": {
      "rewards": [
        41107.0
      ],
      "mean": 41107.0,
      "std": 0.0,
      "min": 41107.0,
      "max": 41107.0,
      "count": 1,
      "ratio_to_perfect": 0.42901572789797215
    },
    "or_to_llm": {
      "rewards": [
        59364.0
      ],
      "mean": 59364.0,
      "std": 0.0,
      "min": 59364.0,
      "max": 59364.0,
      "count": 1,
      "ratio_to_perfect": 0.6195560286796706
    },
    "perfect_score": {
      "rewards": [
        95817.0
      ],
      "mean": 95817.0,
      "std": 0.0,
      "min": 95817.0,
      "max": 95817.0,
      "count": 1,
      "ratio_to_perfect": 1.0
    }
  },
  "errors": {}
}