{
  "instance_dir": "D:\\TextArena\\examples\\benchmark\\synthetic_trajectory\\lead_time_4\\p04_increasing_trend\\v2_linear_50_3t\\r1_high",
  "instance_name": "r1_high",
  "promised_lead_time": 4,
  "model": "google/gemini-3-flash-preview",
  "num_runs_llm": 1,
  "num_runs_deterministic": 1,
  "max_periods": null,
  "summary": {
    "perfect_score": 114532.0,
    "ratios": {
      "or": 0.7342227499738064,
      "llm": 0.8469336080745993,
      "llm_to_or": 0.8721056124052666,
      "or_to_llm": 0.8345091328187756,
      "perfect_score": 1.0
    },
    "warnings": null
  },
  "results": {
    "or": {
      "rewards": [
        84092.0
      ],
      "mean": 84092.0,
      "std": 0.0,
      "min": 84092.0,
      "max": 84092.0,
      "count": 1,
      "ratio_to_perfect": 0.7342227499738064
    },
    "llm": {
      "rewards": [
        97001.0
      ],
      "mean": 97001.0,
      "std": 0.0,
      "min": 97001.0,
      "max": 97001.0,
      "count": 1,
      "ratio_to_perfect": 0.8469336080745993
    },
    "llm_to_or": {
      "rewards": [
        99884.0
      ],
      "mean": 99884.0,
      "std": 0.0,
      "min": 99884.0,
      "max": 99884.0,
      "count": 1,
      "ratio_to_perfect": 0.8721056124052666
    },
    "or_to_llm": {
      "rewards": [
        95578.0
      ],
      "mean": 95578.0,
      "std": 0.0,
      "min": 95578.0,
      "max": 95578.0,
      "count": 1,
      "ratio_to_perfect": 0.8345091328187756
    },
    "perfect_score": {
      "rewards": [
        114532.0
      ],
      "mean": 114532.0,
      "std": 0.0,
      "min": 114532.0,
      "max": 114532.0,
      "count": 1,
      "ratio_to_perfect": 1.0
    }
  },
  "errors": {}
}