{
  "instance_dir": "/shared/share_malatown/OR-Agent-GPT5mini-benchmark/examples/benchmark/real_trajectory/lead_time_4/719957006",
  "instance_name": "719957006",
  "promised_lead_time": 4,
  "model": "openai/gpt-5-mini",
  "num_runs_llm": 1,
  "num_runs_deterministic": 1,
  "max_periods": null,
  "summary": {
    "perfect_score": 11432.0,
    "ratios": {
      "or": 0.10654303708887333,
      "llm": -0.056333100069979006,
      "llm_to_or": 0.11948915325402379,
      "or_to_llm": -0.08843596920923723,
      "perfect_score": 1.0
    },
    "warnings": null
  },
  "results": {
    "or": {
      "rewards": [
        1218.0
      ],
      "mean": 1218.0,
      "std": 0.0,
      "min": 1218.0,
      "max": 1218.0,
      "count": 1,
      "ratio_to_perfect": 0.10654303708887333
    },
    "llm": {
      "rewards": [
        -644.0
      ],
      "mean": -644.0,
      "std": 0.0,
      "min": -644.0,
      "max": -644.0,
      "count": 1,
      "ratio_to_perfect": -0.056333100069979006
    },
    "llm_to_or": {
      "rewards": [
        1366.0
      ],
      "mean": 1366.0,
      "std": 0.0,
      "min": 1366.0,
      "max": 1366.0,
      "count": 1,
      "ratio_to_perfect": 0.11948915325402379
    },
    "or_to_llm": {
      "rewards": [
        -1011.0
      ],
      "mean": -1011.0,
      "std": 0.0,
      "min": -1011.0,
      "max": -1011.0,
      "count": 1,
      "ratio_to_perfect": -0.08843596920923723
    },
    "perfect_score": {
      "rewards": [
        11432.0
      ],
      "mean": 11432.0,
      "std": 0.0,
      "min": 11432.0,
      "max": 11432.0,
      "count": 1,
      "ratio_to_perfect": 1.0
    }
  },
  "errors": {}
}