{
  "instance_dir": "D:\\TextArena\\examples\\benchmark\\real_trajectory\\lead_time_4\\717490001",
  "instance_name": "717490001",
  "promised_lead_time": 4,
  "model": "google/gemini-3-flash-preview",
  "num_runs_llm": 1,
  "num_runs_deterministic": 1,
  "max_periods": null,
  "summary": {
    "perfect_score": 20148.0,
    "ratios": {
      "or": 0.6480047647409172,
      "llm": 0.38341274568195355,
      "llm_to_or": 0.47250347429025213,
      "or_to_llm": 0.5278935874528489,
      "perfect_score": 1.0
    },
    "warnings": null
  },
  "results": {
    "or": {
      "rewards": [
        13056.0
      ],
      "mean": 13056.0,
      "std": 0.0,
      "min": 13056.0,
      "max": 13056.0,
      "count": 1,
      "ratio_to_perfect": 0.6480047647409172
    },
    "llm": {
      "rewards": [
        7725.0
      ],
      "mean": 7725.0,
      "std": 0.0,
      "min": 7725.0,
      "max": 7725.0,
      "count": 1,
      "ratio_to_perfect": 0.38341274568195355
    },
    "llm_to_or": {
      "rewards": [
        9520.0
      ],
      "mean": 9520.0,
      "std": 0.0,
      "min": 9520.0,
      "max": 9520.0,
      "count": 1,
      "ratio_to_perfect": 0.47250347429025213
    },
    "or_to_llm": {
      "rewards": [
        10636.0
      ],
      "mean": 10636.0,
      "std": 0.0,
      "min": 10636.0,
      "max": 10636.0,
      "count": 1,
      "ratio_to_perfect": 0.5278935874528489
    },
    "perfect_score": {
      "rewards": [
        20148.0
      ],
      "mean": 20148.0,
      "std": 0.0,
      "min": 20148.0,
      "max": 20148.0,
      "count": 1,
      "ratio_to_perfect": 1.0
    }
  },
  "errors": {}
}