{
  "instance_dir": "D:\\TextArena\\examples\\benchmark\\synthetic_trajectory\\lead_time_4\\p06_variance_change\\v4_uniform_to_normal\\r1_high",
  "instance_name": "r1_high",
  "promised_lead_time": 4,
  "model": "openai/gpt-5-mini",
  "num_runs_llm": 1,
  "num_runs_deterministic": 1,
  "max_periods": null,
  "summary": {
    "perfect_score": 97584.0,
    "ratios": {
      "or": 0.8471573208722741,
      "llm": 0.8279328578455485,
      "llm_to_or": 0.8478746515822266,
      "or_to_llm": 0.8484895064764716,
      "perfect_score": 1.0
    },
    "warnings": null
  },
  "results": {
    "or": {
      "rewards": [
        82669.0
      ],
      "mean": 82669.0,
      "std": 0.0,
      "min": 82669.0,
      "max": 82669.0,
      "count": 1,
      "ratio_to_perfect": 0.8471573208722741
    },
    "llm": {
      "rewards": [
        80793.0
      ],
      "mean": 80793.0,
      "std": 0.0,
      "min": 80793.0,
      "max": 80793.0,
      "count": 1,
      "ratio_to_perfect": 0.8279328578455485
    },
    "llm_to_or": {
      "rewards": [
        82739.0
      ],
      "mean": 82739.0,
      "std": 0.0,
      "min": 82739.0,
      "max": 82739.0,
      "count": 1,
      "ratio_to_perfect": 0.8478746515822266
    },
    "or_to_llm": {
      "rewards": [
        82799.0
      ],
      "mean": 82799.0,
      "std": 0.0,
      "min": 82799.0,
      "max": 82799.0,
      "count": 1,
      "ratio_to_perfect": 0.8484895064764716
    },
    "perfect_score": {
      "rewards": [
        97584.0
      ],
      "mean": 97584.0,
      "std": 0.0,
      "min": 97584.0,
      "max": 97584.0,
      "count": 1,
      "ratio_to_perfect": 1.0
    }
  },
  "errors": {}
}