{
  "instance_dir": "D:\\TextArena\\examples\\benchmark\\real_trajectory\\lead_time_stochastic\\554598057",
  "instance_name": "554598057",
  "promised_lead_time": 2,
  "model": "google/gemini-3-flash-preview",
  "num_runs_llm": 1,
  "num_runs_deterministic": 1,
  "max_periods": null,
  "summary": {
    "perfect_score": 14708.0,
    "ratios": {
      "or": 0.25523524612455806,
      "llm": -0.10776448191460429,
      "llm_to_or": 0.22905901550176774,
      "or_to_llm": 0.483342398694588,
      "perfect_score": 1.0
    },
    "warnings": null
  },
  "results": {
    "or": {
      "rewards": [
        3754.0
      ],
      "mean": 3754.0,
      "std": 0.0,
      "min": 3754.0,
      "max": 3754.0,
      "count": 1,
      "ratio_to_perfect": 0.25523524612455806
    },
    "llm": {
      "rewards": [
        -1585.0
      ],
      "mean": -1585.0,
      "std": 0.0,
      "min": -1585.0,
      "max": -1585.0,
      "count": 1,
      "ratio_to_perfect": -0.10776448191460429
    },
    "llm_to_or": {
      "rewards": [
        3369.0
      ],
      "mean": 3369.0,
      "std": 0.0,
      "min": 3369.0,
      "max": 3369.0,
      "count": 1,
      "ratio_to_perfect": 0.22905901550176774
    },
    "or_to_llm": {
      "rewards": [
        7109.0
      ],
      "mean": 7109.0,
      "std": 0.0,
      "min": 7109.0,
      "max": 7109.0,
      "count": 1,
      "ratio_to_perfect": 0.483342398694588
    },
    "perfect_score": {
      "rewards": [
        14708.0
      ],
      "mean": 14708.0,
      "std": 0.0,
      "min": 14708.0,
      "max": 14708.0,
      "count": 1,
      "ratio_to_perfect": 1.0
    }
  },
  "errors": {}
}