{
  "instance_dir": "/shared/share_malatown/OR_Agent/examples/benchmark/real_trajectory/lead_time_4/160442007",
  "instance_name": "160442007",
  "promised_lead_time": 4,
  "model": "x-ai/grok-4.1-fast",
  "num_runs_llm": 1,
  "num_runs_deterministic": 1,
  "max_periods": null,
  "summary": {
    "perfect_score": 160835.0,
    "ratios": {
      "or": 0.7630366524699226,
      "llm": 0.7148692759660522,
      "llm_to_or": 0.7675692479870675,
      "or_to_llm": 0.7849846115584295,
      "perfect_score": 1.0
    },
    "warnings": null
  },
  "results": {
    "or": {
      "rewards": [
        122723.0
      ],
      "mean": 122723.0,
      "std": 0.0,
      "min": 122723.0,
      "max": 122723.0,
      "count": 1,
      "ratio_to_perfect": 0.7630366524699226
    },
    "llm": {
      "rewards": [
        114976.0
      ],
      "mean": 114976.0,
      "std": 0.0,
      "min": 114976.0,
      "max": 114976.0,
      "count": 1,
      "ratio_to_perfect": 0.7148692759660522
    },
    "llm_to_or": {
      "rewards": [
        123452.0
      ],
      "mean": 123452.0,
      "std": 0.0,
      "min": 123452.0,
      "max": 123452.0,
      "count": 1,
      "ratio_to_perfect": 0.7675692479870675
    },
    "or_to_llm": {
      "rewards": [
        126253.0
      ],
      "mean": 126253.0,
      "std": 0.0,
      "min": 126253.0,
      "max": 126253.0,
      "count": 1,
      "ratio_to_perfect": 0.7849846115584295
    },
    "perfect_score": {
      "rewards": [
        160835.0
      ],
      "mean": 160835.0,
      "std": 0.0,
      "min": 160835.0,
      "max": 160835.0,
      "count": 1,
      "ratio_to_perfect": 1.0
    }
  },
  "errors": {}
}