{
  "instance_dir": "/shared/share_malatown/OR-Agent-GPT5mini-benchmark/examples/benchmark/real_trajectory/lead_time_0/399061008",
  "instance_name": "399061008",
  "promised_lead_time": 0,
  "model": "openai/gpt-5-mini",
  "num_runs_llm": 1,
  "num_runs_deterministic": 1,
  "max_periods": null,
  "summary": {
    "perfect_score": 77292.0,
    "ratios": {
      "or": 0.8404362676603012,
      "llm": 0.8673860166640791,
      "llm_to_or": 0.8672048853697666,
      "or_to_llm": 0.8812813745277649,
      "perfect_score": 1.0
    },
    "warnings": null
  },
  "results": {
    "or": {
      "rewards": [
        64959.0
      ],
      "mean": 64959.0,
      "std": 0.0,
      "min": 64959.0,
      "max": 64959.0,
      "count": 1,
      "ratio_to_perfect": 0.8404362676603012
    },
    "llm": {
      "rewards": [
        67042.0
      ],
      "mean": 67042.0,
      "std": 0.0,
      "min": 67042.0,
      "max": 67042.0,
      "count": 1,
      "ratio_to_perfect": 0.8673860166640791
    },
    "llm_to_or": {
      "rewards": [
        67028.0
      ],
      "mean": 67028.0,
      "std": 0.0,
      "min": 67028.0,
      "max": 67028.0,
      "count": 1,
      "ratio_to_perfect": 0.8672048853697666
    },
    "or_to_llm": {
      "rewards": [
        68116.0
      ],
      "mean": 68116.0,
      "std": 0.0,
      "min": 68116.0,
      "max": 68116.0,
      "count": 1,
      "ratio_to_perfect": 0.8812813745277649
    },
    "perfect_score": {
      "rewards": [
        77292.0
      ],
      "mean": 77292.0,
      "std": 0.0,
      "min": 77292.0,
      "max": 77292.0,
      "count": 1,
      "ratio_to_perfect": 1.0
    }
  },
  "errors": {}
}