{
  "instance_dir": "/shared/share_malatown/OR_Agent/examples/benchmark/real_trajectory/lead_time_4/507909001",
  "instance_name": "507909001",
  "promised_lead_time": 4,
  "model": "x-ai/grok-4.1-fast",
  "num_runs_llm": 1,
  "num_runs_deterministic": 1,
  "max_periods": null,
  "summary": {
    "perfect_score": 8581.0,
    "ratios": {
      "or": -0.39680689896282484,
      "llm": -1.7628481528959328,
      "llm_to_or": -0.9380025638037525,
      "or_to_llm": -0.877753175620557,
      "perfect_score": 1.0
    },
    "warnings": null
  },
  "results": {
    "or": {
      "rewards": [
        -3405.0
      ],
      "mean": -3405.0,
      "std": 0.0,
      "min": -3405.0,
      "max": -3405.0,
      "count": 1,
      "ratio_to_perfect": -0.39680689896282484
    },
    "llm": {
      "rewards": [
        -15127.0
      ],
      "mean": -15127.0,
      "std": 0.0,
      "min": -15127.0,
      "max": -15127.0,
      "count": 1,
      "ratio_to_perfect": -1.7628481528959328
    },
    "llm_to_or": {
      "rewards": [
        -8049.0
      ],
      "mean": -8049.0,
      "std": 0.0,
      "min": -8049.0,
      "max": -8049.0,
      "count": 1,
      "ratio_to_perfect": -0.9380025638037525
    },
    "or_to_llm": {
      "rewards": [
        -7532.0
      ],
      "mean": -7532.0,
      "std": 0.0,
      "min": -7532.0,
      "max": -7532.0,
      "count": 1,
      "ratio_to_perfect": -0.877753175620557
    },
    "perfect_score": {
      "rewards": [
        8581.0
      ],
      "mean": 8581.0,
      "std": 0.0,
      "min": 8581.0,
      "max": 8581.0,
      "count": 1,
      "ratio_to_perfect": 1.0
    }
  },
  "errors": {}
}