{
  "instance_dir": "D:\\TextArena\\examples\\benchmark\\synthetic_trajectory\\lead_time_stochastic\\p10_autocorrelated\\v3_phi_0_3\\r2_high",
  "instance_name": "r2_high",
  "promised_lead_time": 2,
  "model": "google/gemini-3-flash-preview",
  "num_runs_llm": 1,
  "num_runs_deterministic": 1,
  "max_periods": null,
  "summary": {
    "perfect_score": 100738.0,
    "ratios": {
      "or": 0.1302090571581727,
      "llm": 0.6686652504516667,
      "llm_to_or": 0.34299866981675237,
      "or_to_llm": 0.6272409617026345,
      "perfect_score": 1.0
    },
    "warnings": null
  },
  "results": {
    "or": {
      "rewards": [
        13117.0
      ],
      "mean": 13117.0,
      "std": 0.0,
      "min": 13117.0,
      "max": 13117.0,
      "count": 1,
      "ratio_to_perfect": 0.1302090571581727
    },
    "llm": {
      "rewards": [
        67360.0
      ],
      "mean": 67360.0,
      "std": 0.0,
      "min": 67360.0,
      "max": 67360.0,
      "count": 1,
      "ratio_to_perfect": 0.6686652504516667
    },
    "llm_to_or": {
      "rewards": [
        34553.0
      ],
      "mean": 34553.0,
      "std": 0.0,
      "min": 34553.0,
      "max": 34553.0,
      "count": 1,
      "ratio_to_perfect": 0.34299866981675237
    },
    "or_to_llm": {
      "rewards": [
        63187.0
      ],
      "mean": 63187.0,
      "std": 0.0,
      "min": 63187.0,
      "max": 63187.0,
      "count": 1,
      "ratio_to_perfect": 0.6272409617026345
    },
    "perfect_score": {
      "rewards": [
        100738.0
      ],
      "mean": 100738.0,
      "std": 0.0,
      "min": 100738.0,
      "max": 100738.0,
      "count": 1,
      "ratio_to_perfect": 1.0
    }
  },
  "errors": {}
}