{
  "instance_dir": "/shared/share_malatown/OR_Agent/examples/benchmark/real_trajectory/lead_time_4/732842001",
  "instance_name": "732842001",
  "promised_lead_time": 4,
  "model": "x-ai/grok-4.1-fast",
  "num_runs_llm": 1,
  "num_runs_deterministic": 1,
  "max_periods": null,
  "summary": {
    "perfect_score": 3137.0,
    "ratios": {
      "or": -1.0889384762511953,
      "llm": -2.1396238444373608,
      "llm_to_or": -0.8830092445011157,
      "or_to_llm": -1.4937838699394326,
      "perfect_score": 1.0
    },
    "warnings": null
  },
  "results": {
    "or": {
      "rewards": [
        -3416.0
      ],
      "mean": -3416.0,
      "std": 0.0,
      "min": -3416.0,
      "max": -3416.0,
      "count": 1,
      "ratio_to_perfect": -1.0889384762511953
    },
    "llm": {
      "rewards": [
        -6712.0
      ],
      "mean": -6712.0,
      "std": 0.0,
      "min": -6712.0,
      "max": -6712.0,
      "count": 1,
      "ratio_to_perfect": -2.1396238444373608
    },
    "llm_to_or": {
      "rewards": [
        -2770.0
      ],
      "mean": -2770.0,
      "std": 0.0,
      "min": -2770.0,
      "max": -2770.0,
      "count": 1,
      "ratio_to_perfect": -0.8830092445011157
    },
    "or_to_llm": {
      "rewards": [
        -4686.0
      ],
      "mean": -4686.0,
      "std": 0.0,
      "min": -4686.0,
      "max": -4686.0,
      "count": 1,
      "ratio_to_perfect": -1.4937838699394326
    },
    "perfect_score": {
      "rewards": [
        3137.0
      ],
      "mean": 3137.0,
      "std": 0.0,
      "min": 3137.0,
      "max": 3137.0,
      "count": 1,
      "ratio_to_perfect": 1.0
    }
  },
  "errors": {}
}