{
  "instance_dir": "/shared/share_malatown/OR_Agent/examples/benchmark/synthetic_trajectory/lead_time_stochastic/p04_increasing_trend/v2_linear_50_3t/r2_high",
  "instance_name": "r2_high",
  "promised_lead_time": 2,
  "model": "x-ai/grok-4.1-fast",
  "num_runs_llm": 1,
  "num_runs_deterministic": 1,
  "max_periods": null,
  "summary": {
    "perfect_score": 122816.0,
    "ratios": {
      "or": 0.10264134966128191,
      "llm": 0.6714841714434602,
      "llm_to_or": 0.36586438249088066,
      "or_to_llm": 0.5540564747264201,
      "perfect_score": 1.0
    },
    "warnings": null
  },
  "results": {
    "or": {
      "rewards": [
        12606.0
      ],
      "mean": 12606.0,
      "std": 0.0,
      "min": 12606.0,
      "max": 12606.0,
      "count": 1,
      "ratio_to_perfect": 0.10264134966128191
    },
    "llm": {
      "rewards": [
        82469.0
      ],
      "mean": 82469.0,
      "std": 0.0,
      "min": 82469.0,
      "max": 82469.0,
      "count": 1,
      "ratio_to_perfect": 0.6714841714434602
    },
    "llm_to_or": {
      "rewards": [
        44934.0
      ],
      "mean": 44934.0,
      "std": 0.0,
      "min": 44934.0,
      "max": 44934.0,
      "count": 1,
      "ratio_to_perfect": 0.36586438249088066
    },
    "or_to_llm": {
      "rewards": [
        68047.0
      ],
      "mean": 68047.0,
      "std": 0.0,
      "min": 68047.0,
      "max": 68047.0,
      "count": 1,
      "ratio_to_perfect": 0.5540564747264201
    },
    "perfect_score": {
      "rewards": [
        122816.0
      ],
      "mean": 122816.0,
      "std": 0.0,
      "min": 122816.0,
      "max": 122816.0,
      "count": 1,
      "ratio_to_perfect": 1.0
    }
  },
  "errors": {}
}