{
  "instance_dir": "D:\\TextArena\\examples\\benchmark\\synthetic_trajectory\\lead_time_4\\p04_increasing_trend\\v3_exp_1_05\\r1_med",
  "instance_name": "r1_med",
  "promised_lead_time": 4,
  "model": "google/gemini-3-flash-preview",
  "num_runs_llm": 1,
  "num_runs_deterministic": 1,
  "max_periods": null,
  "summary": {
    "perfect_score": 87272.0,
    "ratios": {
      "or": 0.4976051883765698,
      "llm": 0.7057933816115134,
      "llm_to_or": 0.7799408745072876,
      "or_to_llm": 0.788981574846457,
      "perfect_score": 1.0
    },
    "warnings": null
  },
  "results": {
    "or": {
      "rewards": [
        43427.0
      ],
      "mean": 43427.0,
      "std": 0.0,
      "min": 43427.0,
      "max": 43427.0,
      "count": 1,
      "ratio_to_perfect": 0.4976051883765698
    },
    "llm": {
      "rewards": [
        61596.0
      ],
      "mean": 61596.0,
      "std": 0.0,
      "min": 61596.0,
      "max": 61596.0,
      "count": 1,
      "ratio_to_perfect": 0.7057933816115134
    },
    "llm_to_or": {
      "rewards": [
        68067.0
      ],
      "mean": 68067.0,
      "std": 0.0,
      "min": 68067.0,
      "max": 68067.0,
      "count": 1,
      "ratio_to_perfect": 0.7799408745072876
    },
    "or_to_llm": {
      "rewards": [
        68856.0
      ],
      "mean": 68856.0,
      "std": 0.0,
      "min": 68856.0,
      "max": 68856.0,
      "count": 1,
      "ratio_to_perfect": 0.788981574846457
    },
    "perfect_score": {
      "rewards": [
        87272.0
      ],
      "mean": 87272.0,
      "std": 0.0,
      "min": 87272.0,
      "max": 87272.0,
      "count": 1,
      "ratio_to_perfect": 1.0
    }
  },
  "errors": {}
}