{
  "instance_dir": "/shared/share_malatown/OR-Agent-GPT5mini-benchmark/examples/benchmark/real_trajectory/lead_time_0/618800007",
  "instance_name": "618800007",
  "promised_lead_time": 0,
  "model": "openai/gpt-5-mini",
  "num_runs_llm": 1,
  "num_runs_deterministic": 1,
  "max_periods": null,
  "summary": {
    "perfect_score": 2925.0,
    "ratios": {
      "or": 0.27452991452991454,
      "llm": 0.7193162393162393,
      "llm_to_or": 0.6779487179487179,
      "or_to_llm": 0.6912820512820513,
      "perfect_score": 1.0
    },
    "warnings": null
  },
  "results": {
    "or": {
      "rewards": [
        803.0
      ],
      "mean": 803.0,
      "std": 0.0,
      "min": 803.0,
      "max": 803.0,
      "count": 1,
      "ratio_to_perfect": 0.27452991452991454
    },
    "llm": {
      "rewards": [
        2104.0
      ],
      "mean": 2104.0,
      "std": 0.0,
      "min": 2104.0,
      "max": 2104.0,
      "count": 1,
      "ratio_to_perfect": 0.7193162393162393
    },
    "llm_to_or": {
      "rewards": [
        1983.0
      ],
      "mean": 1983.0,
      "std": 0.0,
      "min": 1983.0,
      "max": 1983.0,
      "count": 1,
      "ratio_to_perfect": 0.6779487179487179
    },
    "or_to_llm": {
      "rewards": [
        2022.0
      ],
      "mean": 2022.0,
      "std": 0.0,
      "min": 2022.0,
      "max": 2022.0,
      "count": 1,
      "ratio_to_perfect": 0.6912820512820513
    },
    "perfect_score": {
      "rewards": [
        2925.0
      ],
      "mean": 2925.0,
      "std": 0.0,
      "min": 2925.0,
      "max": 2925.0,
      "count": 1,
      "ratio_to_perfect": 1.0
    }
  },
  "errors": {}
}