{
  "instance_dir": "D:\\TextArena\\examples\\benchmark\\real_trajectory\\lead_time_4\\570003002",
  "instance_name": "570003002",
  "promised_lead_time": 4,
  "model": "google/gemini-3-flash-preview",
  "num_runs_llm": 1,
  "num_runs_deterministic": 1,
  "max_periods": null,
  "summary": {
    "perfect_score": 2711.0,
    "ratios": {
      "or": 0.07414238288454444,
      "llm": -0.9262264846919955,
      "llm_to_or": 0.1648838067133899,
      "or_to_llm": 0.09479896717078569,
      "perfect_score": 1.0
    },
    "warnings": null
  },
  "results": {
    "or": {
      "rewards": [
        201.0
      ],
      "mean": 201.0,
      "std": 0.0,
      "min": 201.0,
      "max": 201.0,
      "count": 1,
      "ratio_to_perfect": 0.07414238288454444
    },
    "llm": {
      "rewards": [
        -2511.0
      ],
      "mean": -2511.0,
      "std": 0.0,
      "min": -2511.0,
      "max": -2511.0,
      "count": 1,
      "ratio_to_perfect": -0.9262264846919955
    },
    "llm_to_or": {
      "rewards": [
        447.0
      ],
      "mean": 447.0,
      "std": 0.0,
      "min": 447.0,
      "max": 447.0,
      "count": 1,
      "ratio_to_perfect": 0.1648838067133899
    },
    "or_to_llm": {
      "rewards": [
        257.0
      ],
      "mean": 257.0,
      "std": 0.0,
      "min": 257.0,
      "max": 257.0,
      "count": 1,
      "ratio_to_perfect": 0.09479896717078569
    },
    "perfect_score": {
      "rewards": [
        2711.0
      ],
      "mean": 2711.0,
      "std": 0.0,
      "min": 2711.0,
      "max": 2711.0,
      "count": 1,
      "ratio_to_perfect": 1.0
    }
  },
  "errors": {}
}