{
  "instance_dir": "D:\\TextArena\\examples\\benchmark\\synthetic_trajectory\\lead_time_stochastic\\p03_mean_decrease\\v3_100to30\\r1_high",
  "instance_name": "r1_high",
  "promised_lead_time": 2,
  "model": "google/gemini-3-flash-preview",
  "num_runs_llm": 1,
  "num_runs_deterministic": 1,
  "max_periods": null,
  "summary": {
    "perfect_score": 49495.0,
    "ratios": {
      "or": 0.23927669461561774,
      "llm": 0.706960299020103,
      "llm_to_or": 0.5195070209112032,
      "or_to_llm": 0.5724214567127993,
      "perfect_score": 1.0
    },
    "warnings": null
  },
  "results": {
    "or": {
      "rewards": [
        11843.0
      ],
      "mean": 11843.0,
      "std": 0.0,
      "min": 11843.0,
      "max": 11843.0,
      "count": 1,
      "ratio_to_perfect": 0.23927669461561774
    },
    "llm": {
      "rewards": [
        34991.0
      ],
      "mean": 34991.0,
      "std": 0.0,
      "min": 34991.0,
      "max": 34991.0,
      "count": 1,
      "ratio_to_perfect": 0.706960299020103
    },
    "llm_to_or": {
      "rewards": [
        25713.0
      ],
      "mean": 25713.0,
      "std": 0.0,
      "min": 25713.0,
      "max": 25713.0,
      "count": 1,
      "ratio_to_perfect": 0.5195070209112032
    },
    "or_to_llm": {
      "rewards": [
        28332.0
      ],
      "mean": 28332.0,
      "std": 0.0,
      "min": 28332.0,
      "max": 28332.0,
      "count": 1,
      "ratio_to_perfect": 0.5724214567127993
    },
    "perfect_score": {
      "rewards": [
        49495.0
      ],
      "mean": 49495.0,
      "std": 0.0,
      "min": 49495.0,
      "max": 49495.0,
      "count": 1,
      "ratio_to_perfect": 1.0
    }
  },
  "errors": {}
}