{
  "instance_dir": "/shared/share_malatown/OR_Agent/examples/benchmark/real_trajectory/lead_time_4/692226004",
  "instance_name": "692226004",
  "promised_lead_time": 4,
  "model": "x-ai/grok-4.1-fast",
  "num_runs_llm": 1,
  "num_runs_deterministic": 1,
  "max_periods": null,
  "summary": {
    "perfect_score": 47177.0,
    "ratios": {
      "or": 0.5374864870593722,
      "llm": 0.08186192424274541,
      "llm_to_or": 0.6271276257498357,
      "or_to_llm": 0.5749411789643258,
      "perfect_score": 1.0
    },
    "warnings": null
  },
  "results": {
    "or": {
      "rewards": [
        25357.0
      ],
      "mean": 25357.0,
      "std": 0.0,
      "min": 25357.0,
      "max": 25357.0,
      "count": 1,
      "ratio_to_perfect": 0.5374864870593722
    },
    "llm": {
      "rewards": [
        3862.0
      ],
      "mean": 3862.0,
      "std": 0.0,
      "min": 3862.0,
      "max": 3862.0,
      "count": 1,
      "ratio_to_perfect": 0.08186192424274541
    },
    "llm_to_or": {
      "rewards": [
        29586.0
      ],
      "mean": 29586.0,
      "std": 0.0,
      "min": 29586.0,
      "max": 29586.0,
      "count": 1,
      "ratio_to_perfect": 0.6271276257498357
    },
    "or_to_llm": {
      "rewards": [
        27124.0
      ],
      "mean": 27124.0,
      "std": 0.0,
      "min": 27124.0,
      "max": 27124.0,
      "count": 1,
      "ratio_to_perfect": 0.5749411789643258
    },
    "perfect_score": {
      "rewards": [
        47177.0
      ],
      "mean": 47177.0,
      "std": 0.0,
      "min": 47177.0,
      "max": 47177.0,
      "count": 1,
      "ratio_to_perfect": 1.0
    }
  },
  "errors": {}
}