{
  "instance_dir": "D:\\TextArena\\examples\\benchmark\\real_trajectory\\lead_time_0\\678692001",
  "instance_name": "678692001",
  "promised_lead_time": 0,
  "model": "google/gemini-3-flash-preview",
  "num_runs_llm": 1,
  "num_runs_deterministic": 1,
  "max_periods": null,
  "summary": {
    "perfect_score": 9220.0,
    "ratios": {
      "or": 0.42483731019522775,
      "llm": 0.854880694143167,
      "llm_to_or": 0.8399132321041215,
      "or_to_llm": 0.7477223427331887,
      "perfect_score": 1.0
    },
    "warnings": null
  },
  "results": {
    "or": {
      "rewards": [
        3917.0
      ],
      "mean": 3917.0,
      "std": 0.0,
      "min": 3917.0,
      "max": 3917.0,
      "count": 1,
      "ratio_to_perfect": 0.42483731019522775
    },
    "llm": {
      "rewards": [
        7882.0
      ],
      "mean": 7882.0,
      "std": 0.0,
      "min": 7882.0,
      "max": 7882.0,
      "count": 1,
      "ratio_to_perfect": 0.854880694143167
    },
    "llm_to_or": {
      "rewards": [
        7744.0
      ],
      "mean": 7744.0,
      "std": 0.0,
      "min": 7744.0,
      "max": 7744.0,
      "count": 1,
      "ratio_to_perfect": 0.8399132321041215
    },
    "or_to_llm": {
      "rewards": [
        6894.0
      ],
      "mean": 6894.0,
      "std": 0.0,
      "min": 6894.0,
      "max": 6894.0,
      "count": 1,
      "ratio_to_perfect": 0.7477223427331887
    },
    "perfect_score": {
      "rewards": [
        9220.0
      ],
      "mean": 9220.0,
      "std": 0.0,
      "min": 9220.0,
      "max": 9220.0,
      "count": 1,
      "ratio_to_perfect": 1.0
    }
  },
  "errors": {}
}