{
  "instance_dir": "D:\\TextArena\\examples\\benchmark\\real_trajectory\\lead_time_stochastic\\678696001",
  "instance_name": "678696001",
  "promised_lead_time": 2,
  "model": "google/gemini-3-flash-preview",
  "num_runs_llm": 1,
  "num_runs_deterministic": 1,
  "max_periods": null,
  "summary": {
    "perfect_score": 45790.0,
    "ratios": {
      "or": 0.5286088665647521,
      "llm": 0.47558418868748636,
      "llm_to_or": 0.4522384800174711,
      "or_to_llm": 0.6402489626556016,
      "perfect_score": 1.0
    },
    "warnings": null
  },
  "results": {
    "or": {
      "rewards": [
        24205.0
      ],
      "mean": 24205.0,
      "std": 0.0,
      "min": 24205.0,
      "max": 24205.0,
      "count": 1,
      "ratio_to_perfect": 0.5286088665647521
    },
    "llm": {
      "rewards": [
        21777.0
      ],
      "mean": 21777.0,
      "std": 0.0,
      "min": 21777.0,
      "max": 21777.0,
      "count": 1,
      "ratio_to_perfect": 0.47558418868748636
    },
    "llm_to_or": {
      "rewards": [
        20708.0
      ],
      "mean": 20708.0,
      "std": 0.0,
      "min": 20708.0,
      "max": 20708.0,
      "count": 1,
      "ratio_to_perfect": 0.4522384800174711
    },
    "or_to_llm": {
      "rewards": [
        29317.0
      ],
      "mean": 29317.0,
      "std": 0.0,
      "min": 29317.0,
      "max": 29317.0,
      "count": 1,
      "ratio_to_perfect": 0.6402489626556016
    },
    "perfect_score": {
      "rewards": [
        45790.0
      ],
      "mean": 45790.0,
      "std": 0.0,
      "min": 45790.0,
      "max": 45790.0,
      "count": 1,
      "ratio_to_perfect": 1.0
    }
  },
  "errors": {}
}