{
  "instance_dir": "D:\\TextArena\\examples\\benchmark\\synthetic_trajectory\\lead_time_stochastic\\p09_temp_spike_dip\\v3_surge_new_normal\\r1_high",
  "instance_name": "r1_high",
  "promised_lead_time": 2,
  "model": "google/gemini-3-flash-preview",
  "num_runs_llm": 1,
  "num_runs_deterministic": 1,
  "max_periods": null,
  "summary": {
    "perfect_score": 136401.0,
    "ratios": {
      "or": 0.10529248319293846,
      "llm": 0.4378853527466807,
      "llm_to_or": 0.36381698081392366,
      "or_to_llm": 0.5291750060483428,
      "perfect_score": 1.0
    },
    "warnings": null
  },
  "results": {
    "or": {
      "rewards": [
        14362.0
      ],
      "mean": 14362.0,
      "std": 0.0,
      "min": 14362.0,
      "max": 14362.0,
      "count": 1,
      "ratio_to_perfect": 0.10529248319293846
    },
    "llm": {
      "rewards": [
        59728.0
      ],
      "mean": 59728.0,
      "std": 0.0,
      "min": 59728.0,
      "max": 59728.0,
      "count": 1,
      "ratio_to_perfect": 0.4378853527466807
    },
    "llm_to_or": {
      "rewards": [
        49625.0
      ],
      "mean": 49625.0,
      "std": 0.0,
      "min": 49625.0,
      "max": 49625.0,
      "count": 1,
      "ratio_to_perfect": 0.36381698081392366
    },
    "or_to_llm": {
      "rewards": [
        72180.0
      ],
      "mean": 72180.0,
      "std": 0.0,
      "min": 72180.0,
      "max": 72180.0,
      "count": 1,
      "ratio_to_perfect": 0.5291750060483428
    },
    "perfect_score": {
      "rewards": [
        136401.0
      ],
      "mean": 136401.0,
      "std": 0.0,
      "min": 136401.0,
      "max": 136401.0,
      "count": 1,
      "ratio_to_perfect": 1.0
    }
  },
  "errors": {}
}