{
  "instance_dir": "D:\\TextArena\\examples\\benchmark\\real_trajectory\\lead_time_0\\717490001",
  "instance_name": "717490001",
  "promised_lead_time": 0,
  "model": "google/gemini-3-flash-preview",
  "num_runs_llm": 1,
  "num_runs_deterministic": 1,
  "max_periods": null,
  "summary": {
    "perfect_score": 95703.0,
    "ratios": {
      "or": 0.923492471500371,
      "llm": 0.8920618998359509,
      "llm_to_or": 0.9067322863442108,
      "or_to_llm": 0.9142555614766518,
      "perfect_score": 1.0
    },
    "warnings": null
  },
  "results": {
    "or": {
      "rewards": [
        88381.0
      ],
      "mean": 88381.0,
      "std": 0.0,
      "min": 88381.0,
      "max": 88381.0,
      "count": 1,
      "ratio_to_perfect": 0.923492471500371
    },
    "llm": {
      "rewards": [
        85373.0
      ],
      "mean": 85373.0,
      "std": 0.0,
      "min": 85373.0,
      "max": 85373.0,
      "count": 1,
      "ratio_to_perfect": 0.8920618998359509
    },
    "llm_to_or": {
      "rewards": [
        86777.0
      ],
      "mean": 86777.0,
      "std": 0.0,
      "min": 86777.0,
      "max": 86777.0,
      "count": 1,
      "ratio_to_perfect": 0.9067322863442108
    },
    "or_to_llm": {
      "rewards": [
        87497.0
      ],
      "mean": 87497.0,
      "std": 0.0,
      "min": 87497.0,
      "max": 87497.0,
      "count": 1,
      "ratio_to_perfect": 0.9142555614766518
    },
    "perfect_score": {
      "rewards": [
        95703.0
      ],
      "mean": 95703.0,
      "std": 0.0,
      "min": 95703.0,
      "max": 95703.0,
      "count": 1,
      "ratio_to_perfect": 1.0
    }
  },
  "errors": {}
}