{
  "instance_dir": "D:\\TextArena\\examples\\benchmark\\synthetic_trajectory\\lead_time_0\\p03_mean_decrease\\v1_100to50\\r1_med",
  "instance_name": "r1_med",
  "promised_lead_time": 0,
  "model": "google/gemini-3-flash-preview",
  "num_runs_llm": 1,
  "num_runs_deterministic": 1,
  "max_periods": null,
  "summary": {
    "perfect_score": 12484.0,
    "ratios": {
      "or": 0.8201698173662287,
      "llm": 0.8421980134572252,
      "llm_to_or": 0.8884972765139378,
      "or_to_llm": 0.8357898109580263,
      "perfect_score": 1.0
    },
    "warnings": null
  },
  "results": {
    "or": {
      "rewards": [
        10239.0
      ],
      "mean": 10239.0,
      "std": 0.0,
      "min": 10239.0,
      "max": 10239.0,
      "count": 1,
      "ratio_to_perfect": 0.8201698173662287
    },
    "llm": {
      "rewards": [
        10514.0
      ],
      "mean": 10514.0,
      "std": 0.0,
      "min": 10514.0,
      "max": 10514.0,
      "count": 1,
      "ratio_to_perfect": 0.8421980134572252
    },
    "llm_to_or": {
      "rewards": [
        11092.0
      ],
      "mean": 11092.0,
      "std": 0.0,
      "min": 11092.0,
      "max": 11092.0,
      "count": 1,
      "ratio_to_perfect": 0.8884972765139378
    },
    "or_to_llm": {
      "rewards": [
        10434.0
      ],
      "mean": 10434.0,
      "std": 0.0,
      "min": 10434.0,
      "max": 10434.0,
      "count": 1,
      "ratio_to_perfect": 0.8357898109580263
    },
    "perfect_score": {
      "rewards": [
        12484.0
      ],
      "mean": 12484.0,
      "std": 0.0,
      "min": 12484.0,
      "max": 12484.0,
      "count": 1,
      "ratio_to_perfect": 1.0
    }
  },
  "errors": {}
}