{
  "instance_dir": "D:\\TextArena\\examples\\benchmark\\real_trajectory\\lead_time_0\\516859008",
  "instance_name": "516859008",
  "promised_lead_time": 0,
  "model": "google/gemini-3-flash-preview",
  "num_runs_llm": 1,
  "num_runs_deterministic": 1,
  "max_periods": null,
  "summary": {
    "perfect_score": 75088.0,
    "ratios": {
      "or": 0.9399904112507991,
      "llm": 0.9152461112294907,
      "llm_to_or": 0.9515102279991476,
      "or_to_llm": 0.9275516727040273,
      "perfect_score": 1.0
    },
    "warnings": null
  },
  "results": {
    "or": {
      "rewards": [
        70582.0
      ],
      "mean": 70582.0,
      "std": 0.0,
      "min": 70582.0,
      "max": 70582.0,
      "count": 1,
      "ratio_to_perfect": 0.9399904112507991
    },
    "llm": {
      "rewards": [
        68724.0
      ],
      "mean": 68724.0,
      "std": 0.0,
      "min": 68724.0,
      "max": 68724.0,
      "count": 1,
      "ratio_to_perfect": 0.9152461112294907
    },
    "llm_to_or": {
      "rewards": [
        71447.0
      ],
      "mean": 71447.0,
      "std": 0.0,
      "min": 71447.0,
      "max": 71447.0,
      "count": 1,
      "ratio_to_perfect": 0.9515102279991476
    },
    "or_to_llm": {
      "rewards": [
        69648.0
      ],
      "mean": 69648.0,
      "std": 0.0,
      "min": 69648.0,
      "max": 69648.0,
      "count": 1,
      "ratio_to_perfect": 0.9275516727040273
    },
    "perfect_score": {
      "rewards": [
        75088.0
      ],
      "mean": 75088.0,
      "std": 0.0,
      "min": 75088.0,
      "max": 75088.0,
      "count": 1,
      "ratio_to_perfect": 1.0
    }
  },
  "errors": {}
}