{
  "instance_dir": "D:\\TextArena\\examples\\benchmark\\synthetic_trajectory\\lead_time_0\\p07_seasonal\\v2_period5_amp50\\r1_high",
  "instance_name": "r1_high",
  "promised_lead_time": 0,
  "model": "openai/gpt-5-mini",
  "num_runs_llm": 1,
  "num_runs_deterministic": 1,
  "max_periods": null,
  "summary": {
    "perfect_score": 92530.0,
    "ratios": {
      "or": 0.9494218091429807,
      "llm": 0.8779530962930941,
      "llm_to_or": 0.9490003242191721,
      "or_to_llm": 0.9350913217334919,
      "perfect_score": 1.0
    },
    "warnings": null
  },
  "results": {
    "or": {
      "rewards": [
        87850.0
      ],
      "mean": 87850.0,
      "std": 0.0,
      "min": 87850.0,
      "max": 87850.0,
      "count": 1,
      "ratio_to_perfect": 0.9494218091429807
    },
    "llm": {
      "rewards": [
        81237.0
      ],
      "mean": 81237.0,
      "std": 0.0,
      "min": 81237.0,
      "max": 81237.0,
      "count": 1,
      "ratio_to_perfect": 0.8779530962930941
    },
    "llm_to_or": {
      "rewards": [
        87811.0
      ],
      "mean": 87811.0,
      "std": 0.0,
      "min": 87811.0,
      "max": 87811.0,
      "count": 1,
      "ratio_to_perfect": 0.9490003242191721
    },
    "or_to_llm": {
      "rewards": [
        86524.0
      ],
      "mean": 86524.0,
      "std": 0.0,
      "min": 86524.0,
      "max": 86524.0,
      "count": 1,
      "ratio_to_perfect": 0.9350913217334919
    },
    "perfect_score": {
      "rewards": [
        92530.0
      ],
      "mean": 92530.0,
      "std": 0.0,
      "min": 92530.0,
      "max": 92530.0,
      "count": 1,
      "ratio_to_perfect": 1.0
    }
  },
  "errors": {}
}