{
  "instance_dir": "/shared/share_malatown/OR-Agent-GPT5mini-benchmark/examples/benchmark/synthetic_trajectory/lead_time_stochastic/p02_mean_increase/v1_100to200/r1_high",
  "instance_name": "r1_high",
  "promised_lead_time": 2,
  "model": "openai/gpt-5-mini",
  "num_runs_llm": 1,
  "num_runs_deterministic": 1,
  "max_periods": null,
  "summary": {
    "perfect_score": 159372.0,
    "ratios": {
      "or": 0.09266997967020556,
      "llm": 0.11852772130612654,
      "llm_to_or": 0.12671611073463343,
      "or_to_llm": 0.1738322917450995,
      "perfect_score": 1.0
    },
    "warnings": null
  },
  "results": {
    "or": {
      "rewards": [
        14769.0
      ],
      "mean": 14769.0,
      "std": 0.0,
      "min": 14769.0,
      "max": 14769.0,
      "count": 1,
      "ratio_to_perfect": 0.09266997967020556
    },
    "llm": {
      "rewards": [
        18890.0
      ],
      "mean": 18890.0,
      "std": 0.0,
      "min": 18890.0,
      "max": 18890.0,
      "count": 1,
      "ratio_to_perfect": 0.11852772130612654
    },
    "llm_to_or": {
      "rewards": [
        20195.0
      ],
      "mean": 20195.0,
      "std": 0.0,
      "min": 20195.0,
      "max": 20195.0,
      "count": 1,
      "ratio_to_perfect": 0.12671611073463343
    },
    "or_to_llm": {
      "rewards": [
        27704.0
      ],
      "mean": 27704.0,
      "std": 0.0,
      "min": 27704.0,
      "max": 27704.0,
      "count": 1,
      "ratio_to_perfect": 0.1738322917450995
    },
    "perfect_score": {
      "rewards": [
        159372.0
      ],
      "mean": 159372.0,
      "std": 0.0,
      "min": 159372.0,
      "max": 159372.0,
      "count": 1,
      "ratio_to_perfect": 1.0
    }
  },
  "errors": {}
}