{
  "instance_dir": "/shared/share_malatown/OR_Agent/examples/benchmark/synthetic_trajectory/lead_time_0/p07_seasonal/v2_period5_amp50/r1_high",
  "instance_name": "r1_high",
  "promised_lead_time": 0,
  "model": "x-ai/grok-4.1-fast",
  "num_runs_llm": 1,
  "num_runs_deterministic": 1,
  "max_periods": null,
  "summary": {
    "perfect_score": 92530.0,
    "ratios": {
      "or": 0.9494218091429807,
      "llm": 0.9271695666270399,
      "llm_to_or": 0.9018480492813141,
      "or_to_llm": 0.9481681616772939,
      "perfect_score": 1.0
    },
    "warnings": null
  },
  "results": {
    "or": {
      "rewards": [
        87850.0
      ],
      "mean": 87850.0,
      "std": 0.0,
      "min": 87850.0,
      "max": 87850.0,
      "count": 1,
      "ratio_to_perfect": 0.9494218091429807
    },
    "llm": {
      "rewards": [
        85791.0
      ],
      "mean": 85791.0,
      "std": 0.0,
      "min": 85791.0,
      "max": 85791.0,
      "count": 1,
      "ratio_to_perfect": 0.9271695666270399
    },
    "llm_to_or": {
      "rewards": [
        83448.0
      ],
      "mean": 83448.0,
      "std": 0.0,
      "min": 83448.0,
      "max": 83448.0,
      "count": 1,
      "ratio_to_perfect": 0.9018480492813141
    },
    "or_to_llm": {
      "rewards": [
        87734.0
      ],
      "mean": 87734.0,
      "std": 0.0,
      "min": 87734.0,
      "max": 87734.0,
      "count": 1,
      "ratio_to_perfect": 0.9481681616772939
    },
    "perfect_score": {
      "rewards": [
        92530.0
      ],
      "mean": 92530.0,
      "std": 0.0,
      "min": 92530.0,
      "max": 92530.0,
      "count": 1,
      "ratio_to_perfect": 1.0
    }
  },
  "errors": {}
}