{
  "instance_dir": "D:\\TextArena\\examples\\benchmark\\synthetic_trajectory\\lead_time_0\\p10_autocorrelated\\v2_phi_0_5\\r1_med",
  "instance_name": "r1_med",
  "promised_lead_time": 0,
  "model": "google/gemini-3-flash-preview",
  "num_runs_llm": 1,
  "num_runs_deterministic": 1,
  "max_periods": null,
  "summary": {
    "perfect_score": 23104.0,
    "ratios": {
      "or": 0.917200484764543,
      "llm": 0.9188019390581718,
      "llm_to_or": 0.8942174515235457,
      "or_to_llm": 0.9085006925207756,
      "perfect_score": 1.0
    },
    "warnings": null
  },
  "results": {
    "or": {
      "rewards": [
        21191.0
      ],
      "mean": 21191.0,
      "std": 0.0,
      "min": 21191.0,
      "max": 21191.0,
      "count": 1,
      "ratio_to_perfect": 0.917200484764543
    },
    "llm": {
      "rewards": [
        21228.0
      ],
      "mean": 21228.0,
      "std": 0.0,
      "min": 21228.0,
      "max": 21228.0,
      "count": 1,
      "ratio_to_perfect": 0.9188019390581718
    },
    "llm_to_or": {
      "rewards": [
        20660.0
      ],
      "mean": 20660.0,
      "std": 0.0,
      "min": 20660.0,
      "max": 20660.0,
      "count": 1,
      "ratio_to_perfect": 0.8942174515235457
    },
    "or_to_llm": {
      "rewards": [
        20990.0
      ],
      "mean": 20990.0,
      "std": 0.0,
      "min": 20990.0,
      "max": 20990.0,
      "count": 1,
      "ratio_to_perfect": 0.9085006925207756
    },
    "perfect_score": {
      "rewards": [
        23104.0
      ],
      "mean": 23104.0,
      "std": 0.0,
      "min": 23104.0,
      "max": 23104.0,
      "count": 1,
      "ratio_to_perfect": 1.0
    }
  },
  "errors": {}
}