{
  "instance_dir": "/shared/share_malatown/OR_Agent/examples/benchmark/synthetic_trajectory/lead_time_0/p09_temp_spike_dip/v2_temp_dip/r1_high",
  "instance_name": "r1_high",
  "promised_lead_time": 0,
  "model": "x-ai/grok-4.1-fast",
  "num_runs_llm": 1,
  "num_runs_deterministic": 1,
  "max_periods": null,
  "summary": {
    "perfect_score": 88122.0,
    "ratios": {
      "or": 0.9655023717119448,
      "llm": 0.9503869635278364,
      "llm_to_or": 0.9485259072649281,
      "or_to_llm": 0.9653321531513129,
      "perfect_score": 1.0
    },
    "warnings": null
  },
  "results": {
    "or": {
      "rewards": [
        85082.0
      ],
      "mean": 85082.0,
      "std": 0.0,
      "min": 85082.0,
      "max": 85082.0,
      "count": 1,
      "ratio_to_perfect": 0.9655023717119448
    },
    "llm": {
      "rewards": [
        83750.0
      ],
      "mean": 83750.0,
      "std": 0.0,
      "min": 83750.0,
      "max": 83750.0,
      "count": 1,
      "ratio_to_perfect": 0.9503869635278364
    },
    "llm_to_or": {
      "rewards": [
        83586.0
      ],
      "mean": 83586.0,
      "std": 0.0,
      "min": 83586.0,
      "max": 83586.0,
      "count": 1,
      "ratio_to_perfect": 0.9485259072649281
    },
    "or_to_llm": {
      "rewards": [
        85067.0
      ],
      "mean": 85067.0,
      "std": 0.0,
      "min": 85067.0,
      "max": 85067.0,
      "count": 1,
      "ratio_to_perfect": 0.9653321531513129
    },
    "perfect_score": {
      "rewards": [
        88122.0
      ],
      "mean": 88122.0,
      "std": 0.0,
      "min": 88122.0,
      "max": 88122.0,
      "count": 1,
      "ratio_to_perfect": 1.0
    }
  },
  "errors": {}
}