{
  "instance_dir": "D:\\TextArena\\examples\\benchmark\\synthetic_trajectory\\lead_time_0\\p05_decreasing_trend\\v4_200_div_sqrt_t\\r2_high",
  "instance_name": "r2_high",
  "promised_lead_time": 0,
  "model": "google/gemini-3-flash-preview",
  "num_runs_llm": 1,
  "num_runs_deterministic": 1,
  "max_periods": null,
  "summary": {
    "perfect_score": 50483.0,
    "ratios": {
      "or": 0.8894875502644455,
      "llm": 0.9420200859695343,
      "llm_to_or": 0.9552918804349979,
      "or_to_llm": 0.9390685973496028,
      "perfect_score": 1.0
    },
    "warnings": null
  },
  "results": {
    "or": {
      "rewards": [
        44904.0
      ],
      "mean": 44904.0,
      "std": 0.0,
      "min": 44904.0,
      "max": 44904.0,
      "count": 1,
      "ratio_to_perfect": 0.8894875502644455
    },
    "llm": {
      "rewards": [
        47556.0
      ],
      "mean": 47556.0,
      "std": 0.0,
      "min": 47556.0,
      "max": 47556.0,
      "count": 1,
      "ratio_to_perfect": 0.9420200859695343
    },
    "llm_to_or": {
      "rewards": [
        48226.0
      ],
      "mean": 48226.0,
      "std": 0.0,
      "min": 48226.0,
      "max": 48226.0,
      "count": 1,
      "ratio_to_perfect": 0.9552918804349979
    },
    "or_to_llm": {
      "rewards": [
        47407.0
      ],
      "mean": 47407.0,
      "std": 0.0,
      "min": 47407.0,
      "max": 47407.0,
      "count": 1,
      "ratio_to_perfect": 0.9390685973496028
    },
    "perfect_score": {
      "rewards": [
        50483.0
      ],
      "mean": 50483.0,
      "std": 0.0,
      "min": 50483.0,
      "max": 50483.0,
      "count": 1,
      "ratio_to_perfect": 1.0
    }
  },
  "errors": {}
}