{
  "instance_dir": "D:\\TextArena\\examples\\benchmark\\real_trajectory\\lead_time_4\\695632001",
  "instance_name": "695632001",
  "promised_lead_time": 4,
  "model": "google/gemini-3-flash-preview",
  "num_runs_llm": 1,
  "num_runs_deterministic": 1,
  "max_periods": null,
  "summary": {
    "perfect_score": 133285.0,
    "ratios": {
      "or": 0.6660314363956934,
      "llm": 0.6828075177251753,
      "llm_to_or": 0.7028097685410961,
      "or_to_llm": 0.6673294069100049,
      "perfect_score": 1.0
    },
    "warnings": null
  },
  "results": {
    "or": {
      "rewards": [
        88772.0
      ],
      "mean": 88772.0,
      "std": 0.0,
      "min": 88772.0,
      "max": 88772.0,
      "count": 1,
      "ratio_to_perfect": 0.6660314363956934
    },
    "llm": {
      "rewards": [
        91008.0
      ],
      "mean": 91008.0,
      "std": 0.0,
      "min": 91008.0,
      "max": 91008.0,
      "count": 1,
      "ratio_to_perfect": 0.6828075177251753
    },
    "llm_to_or": {
      "rewards": [
        93674.0
      ],
      "mean": 93674.0,
      "std": 0.0,
      "min": 93674.0,
      "max": 93674.0,
      "count": 1,
      "ratio_to_perfect": 0.7028097685410961
    },
    "or_to_llm": {
      "rewards": [
        88945.0
      ],
      "mean": 88945.0,
      "std": 0.0,
      "min": 88945.0,
      "max": 88945.0,
      "count": 1,
      "ratio_to_perfect": 0.6673294069100049
    },
    "perfect_score": {
      "rewards": [
        133285.0
      ],
      "mean": 133285.0,
      "std": 0.0,
      "min": 133285.0,
      "max": 133285.0,
      "count": 1,
      "ratio_to_perfect": 1.0
    }
  },
  "errors": {}
}