{
  "instance_dir": "D:\\TextArena\\examples\\benchmark\\synthetic_trajectory\\lead_time_0\\p04_increasing_trend\\v3_exp_1_05\\r1_med",
  "instance_name": "r1_med",
  "promised_lead_time": 0,
  "model": "google/gemini-3-flash-preview",
  "num_runs_llm": 1,
  "num_runs_deterministic": 1,
  "max_periods": null,
  "summary": {
    "perfect_score": 87272.0,
    "ratios": {
      "or": 0.6556398386653222,
      "llm": 0.9644215785131542,
      "llm_to_or": 0.9229420661838849,
      "or_to_llm": 0.963883032358603,
      "perfect_score": 1.0
    },
    "warnings": null
  },
  "results": {
    "or": {
      "rewards": [
        57219.0
      ],
      "mean": 57219.0,
      "std": 0.0,
      "min": 57219.0,
      "max": 57219.0,
      "count": 1,
      "ratio_to_perfect": 0.6556398386653222
    },
    "llm": {
      "rewards": [
        84167.0
      ],
      "mean": 84167.0,
      "std": 0.0,
      "min": 84167.0,
      "max": 84167.0,
      "count": 1,
      "ratio_to_perfect": 0.9644215785131542
    },
    "llm_to_or": {
      "rewards": [
        80547.0
      ],
      "mean": 80547.0,
      "std": 0.0,
      "min": 80547.0,
      "max": 80547.0,
      "count": 1,
      "ratio_to_perfect": 0.9229420661838849
    },
    "or_to_llm": {
      "rewards": [
        84120.0
      ],
      "mean": 84120.0,
      "std": 0.0,
      "min": 84120.0,
      "max": 84120.0,
      "count": 1,
      "ratio_to_perfect": 0.963883032358603
    },
    "perfect_score": {
      "rewards": [
        87272.0
      ],
      "mean": 87272.0,
      "std": 0.0,
      "min": 87272.0,
      "max": 87272.0,
      "count": 1,
      "ratio_to_perfect": 1.0
    }
  },
  "errors": {}
}