{
  "instance_dir": "D:\\TextArena\\examples\\benchmark\\synthetic_trajectory\\lead_time_0\\p05_decreasing_trend\\v2_exp_decay_0_97\\r1_high",
  "instance_name": "r1_high",
  "promised_lead_time": 0,
  "model": "google/gemini-3-flash-preview",
  "num_runs_llm": 1,
  "num_runs_deterministic": 1,
  "max_periods": null,
  "summary": {
    "perfect_score": 95285.0,
    "ratios": {
      "or": 0.9399065960014693,
      "llm": 0.9553130083433908,
      "llm_to_or": 0.9598467754630844,
      "or_to_llm": 0.9546938132969512,
      "perfect_score": 1.0
    },
    "warnings": null
  },
  "results": {
    "or": {
      "rewards": [
        89559.0
      ],
      "mean": 89559.0,
      "std": 0.0,
      "min": 89559.0,
      "max": 89559.0,
      "count": 1,
      "ratio_to_perfect": 0.9399065960014693
    },
    "llm": {
      "rewards": [
        91027.0
      ],
      "mean": 91027.0,
      "std": 0.0,
      "min": 91027.0,
      "max": 91027.0,
      "count": 1,
      "ratio_to_perfect": 0.9553130083433908
    },
    "llm_to_or": {
      "rewards": [
        91459.0
      ],
      "mean": 91459.0,
      "std": 0.0,
      "min": 91459.0,
      "max": 91459.0,
      "count": 1,
      "ratio_to_perfect": 0.9598467754630844
    },
    "or_to_llm": {
      "rewards": [
        90968.0
      ],
      "mean": 90968.0,
      "std": 0.0,
      "min": 90968.0,
      "max": 90968.0,
      "count": 1,
      "ratio_to_perfect": 0.9546938132969512
    },
    "perfect_score": {
      "rewards": [
        95285.0
      ],
      "mean": 95285.0,
      "std": 0.0,
      "min": 95285.0,
      "max": 95285.0,
      "count": 1,
      "ratio_to_perfect": 1.0
    }
  },
  "errors": {}
}