{
  "instance_dir": "D:\\TextArena\\examples\\benchmark\\synthetic_trajectory\\lead_time_4\\p02_mean_increase\\v1_100to200\\r2_high",
  "instance_name": "r2_high",
  "promised_lead_time": 4,
  "model": "google/gemini-3-flash-preview",
  "num_runs_llm": 1,
  "num_runs_deterministic": 1,
  "max_periods": null,
  "summary": {
    "perfect_score": 163856.0,
    "ratios": {
      "or": 0.8005626891905088,
      "llm": 0.8059637730690362,
      "llm_to_or": 0.8463589981447124,
      "or_to_llm": 0.8246814275949614,
      "perfect_score": 1.0
    },
    "warnings": null
  },
  "results": {
    "or": {
      "rewards": [
        131177.0
      ],
      "mean": 131177.0,
      "std": 0.0,
      "min": 131177.0,
      "max": 131177.0,
      "count": 1,
      "ratio_to_perfect": 0.8005626891905088
    },
    "llm": {
      "rewards": [
        132062.0
      ],
      "mean": 132062.0,
      "std": 0.0,
      "min": 132062.0,
      "max": 132062.0,
      "count": 1,
      "ratio_to_perfect": 0.8059637730690362
    },
    "llm_to_or": {
      "rewards": [
        138681.0
      ],
      "mean": 138681.0,
      "std": 0.0,
      "min": 138681.0,
      "max": 138681.0,
      "count": 1,
      "ratio_to_perfect": 0.8463589981447124
    },
    "or_to_llm": {
      "rewards": [
        135129.0
      ],
      "mean": 135129.0,
      "std": 0.0,
      "min": 135129.0,
      "max": 135129.0,
      "count": 1,
      "ratio_to_perfect": 0.8246814275949614
    },
    "perfect_score": {
      "rewards": [
        163856.0
      ],
      "mean": 163856.0,
      "std": 0.0,
      "min": 163856.0,
      "max": 163856.0,
      "count": 1,
      "ratio_to_perfect": 1.0
    }
  },
  "errors": {}
}