{
  "instance_dir": "D:\\TextArena\\examples\\benchmark\\synthetic_trajectory\\lead_time_0\\p07_seasonal\\v3_period25_amp40\\r1_high",
  "instance_name": "r1_high",
  "promised_lead_time": 0,
  "model": "google/gemini-3-flash-preview",
  "num_runs_llm": 1,
  "num_runs_deterministic": 1,
  "max_periods": null,
  "summary": {
    "perfect_score": 94753.0,
    "ratios": {
      "or": 0.9536162443405486,
      "llm": 0.9634417907612424,
      "llm_to_or": 0.9640539085833694,
      "or_to_llm": 0.9539856257849356,
      "perfect_score": 1.0
    },
    "warnings": null
  },
  "results": {
    "or": {
      "rewards": [
        90358.0
      ],
      "mean": 90358.0,
      "std": 0.0,
      "min": 90358.0,
      "max": 90358.0,
      "count": 1,
      "ratio_to_perfect": 0.9536162443405486
    },
    "llm": {
      "rewards": [
        91289.0
      ],
      "mean": 91289.0,
      "std": 0.0,
      "min": 91289.0,
      "max": 91289.0,
      "count": 1,
      "ratio_to_perfect": 0.9634417907612424
    },
    "llm_to_or": {
      "rewards": [
        91347.0
      ],
      "mean": 91347.0,
      "std": 0.0,
      "min": 91347.0,
      "max": 91347.0,
      "count": 1,
      "ratio_to_perfect": 0.9640539085833694
    },
    "or_to_llm": {
      "rewards": [
        90393.0
      ],
      "mean": 90393.0,
      "std": 0.0,
      "min": 90393.0,
      "max": 90393.0,
      "count": 1,
      "ratio_to_perfect": 0.9539856257849356
    },
    "perfect_score": {
      "rewards": [
        94753.0
      ],
      "mean": 94753.0,
      "std": 0.0,
      "min": 94753.0,
      "max": 94753.0,
      "count": 1,
      "ratio_to_perfect": 1.0
    }
  },
  "errors": {}
}