{
  "instance_dir": "/shared/share_malatown/OR-Agent-GPT5mini-benchmark/examples/benchmark/real_trajectory/lead_time_stochastic/578476001",
  "instance_name": "578476001",
  "promised_lead_time": 2,
  "model": "openai/gpt-5-mini",
  "num_runs_llm": 1,
  "num_runs_deterministic": 1,
  "max_periods": null,
  "summary": {
    "perfect_score": 13896.0,
    "ratios": {
      "or": 0.16645077720207255,
      "llm": 0.09052964881980426,
      "llm_to_or": 0.28612550374208406,
      "or_to_llm": 0.10002878526194589,
      "perfect_score": 1.0
    },
    "warnings": null
  },
  "results": {
    "or": {
      "rewards": [
        2313.0
      ],
      "mean": 2313.0,
      "std": 0.0,
      "min": 2313.0,
      "max": 2313.0,
      "count": 1,
      "ratio_to_perfect": 0.16645077720207255
    },
    "llm": {
      "rewards": [
        1258.0
      ],
      "mean": 1258.0,
      "std": 0.0,
      "min": 1258.0,
      "max": 1258.0,
      "count": 1,
      "ratio_to_perfect": 0.09052964881980426
    },
    "llm_to_or": {
      "rewards": [
        3976.0
      ],
      "mean": 3976.0,
      "std": 0.0,
      "min": 3976.0,
      "max": 3976.0,
      "count": 1,
      "ratio_to_perfect": 0.28612550374208406
    },
    "or_to_llm": {
      "rewards": [
        1390.0
      ],
      "mean": 1390.0,
      "std": 0.0,
      "min": 1390.0,
      "max": 1390.0,
      "count": 1,
      "ratio_to_perfect": 0.10002878526194589
    },
    "perfect_score": {
      "rewards": [
        13896.0
      ],
      "mean": 13896.0,
      "std": 0.0,
      "min": 13896.0,
      "max": 13896.0,
      "count": 1,
      "ratio_to_perfect": 1.0
    }
  },
  "errors": {}
}