{
  "instance_dir": "/shared/share_malatown/OR_Agent/examples/benchmark/real_trajectory/lead_time_0/706016001",
  "instance_name": "706016001",
  "promised_lead_time": 0,
  "model": "x-ai/grok-4.1-fast",
  "num_runs_llm": 1,
  "num_runs_deterministic": 1,
  "max_periods": null,
  "summary": {
    "perfect_score": 26370.0,
    "ratios": {
      "or": 0.6356465680697763,
      "llm": 0.5315510049298445,
      "llm_to_or": 0.5503981797497156,
      "or_to_llm": 0.6477057262040197,
      "perfect_score": 1.0
    },
    "warnings": null
  },
  "results": {
    "or": {
      "rewards": [
        16762.0
      ],
      "mean": 16762.0,
      "std": 0.0,
      "min": 16762.0,
      "max": 16762.0,
      "count": 1,
      "ratio_to_perfect": 0.6356465680697763
    },
    "llm": {
      "rewards": [
        14017.0
      ],
      "mean": 14017.0,
      "std": 0.0,
      "min": 14017.0,
      "max": 14017.0,
      "count": 1,
      "ratio_to_perfect": 0.5315510049298445
    },
    "llm_to_or": {
      "rewards": [
        14514.0
      ],
      "mean": 14514.0,
      "std": 0.0,
      "min": 14514.0,
      "max": 14514.0,
      "count": 1,
      "ratio_to_perfect": 0.5503981797497156
    },
    "or_to_llm": {
      "rewards": [
        17080.0
      ],
      "mean": 17080.0,
      "std": 0.0,
      "min": 17080.0,
      "max": 17080.0,
      "count": 1,
      "ratio_to_perfect": 0.6477057262040197
    },
    "perfect_score": {
      "rewards": [
        26370.0
      ],
      "mean": 26370.0,
      "std": 0.0,
      "min": 26370.0,
      "max": 26370.0,
      "count": 1,
      "ratio_to_perfect": 1.0
    }
  },
  "errors": {}
}