{
  "instance_dir": "D:\\TextArena\\examples\\benchmark\\synthetic_trajectory\\lead_time_4\\p02_mean_increase\\v3_100to300\\r1_high",
  "instance_name": "r1_high",
  "promised_lead_time": 4,
  "model": "google/gemini-3-flash-preview",
  "num_runs_llm": 1,
  "num_runs_deterministic": 1,
  "max_periods": null,
  "summary": {
    "perfect_score": 222585.0,
    "ratios": {
      "or": 0.7833277175011794,
      "llm": 0.8402093582227015,
      "llm_to_or": 0.8659163914908912,
      "or_to_llm": 0.8256665992766808,
      "perfect_score": 1.0
    },
    "warnings": null
  },
  "results": {
    "or": {
      "rewards": [
        174357.0
      ],
      "mean": 174357.0,
      "std": 0.0,
      "min": 174357.0,
      "max": 174357.0,
      "count": 1,
      "ratio_to_perfect": 0.7833277175011794
    },
    "llm": {
      "rewards": [
        187018.0
      ],
      "mean": 187018.0,
      "std": 0.0,
      "min": 187018.0,
      "max": 187018.0,
      "count": 1,
      "ratio_to_perfect": 0.8402093582227015
    },
    "llm_to_or": {
      "rewards": [
        192740.0
      ],
      "mean": 192740.0,
      "std": 0.0,
      "min": 192740.0,
      "max": 192740.0,
      "count": 1,
      "ratio_to_perfect": 0.8659163914908912
    },
    "or_to_llm": {
      "rewards": [
        183781.0
      ],
      "mean": 183781.0,
      "std": 0.0,
      "min": 183781.0,
      "max": 183781.0,
      "count": 1,
      "ratio_to_perfect": 0.8256665992766808
    },
    "perfect_score": {
      "rewards": [
        222585.0
      ],
      "mean": 222585.0,
      "std": 0.0,
      "min": 222585.0,
      "max": 222585.0,
      "count": 1,
      "ratio_to_perfect": 1.0
    }
  },
  "errors": {}
}