{
  "instance_dir": "D:\\TextArena\\examples\\benchmark\\synthetic_trajectory\\lead_time_0\\p01_stationary_iid\\v4_uniform_50_150\\r2_high",
  "instance_name": "r2_high",
  "promised_lead_time": 0,
  "model": "openai/gpt-5-mini",
  "num_runs_llm": 1,
  "num_runs_deterministic": 1,
  "max_periods": null,
  "summary": {
    "perfect_score": 86659.0,
    "ratios": {
      "or": 0.9670893963696788,
      "llm": 0.9023875188959023,
      "llm_to_or": 0.966754751381853,
      "or_to_llm": 0.9512803055654924,
      "perfect_score": 1.0
    },
    "warnings": null
  },
  "results": {
    "or": {
      "rewards": [
        83807.0
      ],
      "mean": 83807.0,
      "std": 0.0,
      "min": 83807.0,
      "max": 83807.0,
      "count": 1,
      "ratio_to_perfect": 0.9670893963696788
    },
    "llm": {
      "rewards": [
        78200.0
      ],
      "mean": 78200.0,
      "std": 0.0,
      "min": 78200.0,
      "max": 78200.0,
      "count": 1,
      "ratio_to_perfect": 0.9023875188959023
    },
    "llm_to_or": {
      "rewards": [
        83778.0
      ],
      "mean": 83778.0,
      "std": 0.0,
      "min": 83778.0,
      "max": 83778.0,
      "count": 1,
      "ratio_to_perfect": 0.966754751381853
    },
    "or_to_llm": {
      "rewards": [
        82437.0
      ],
      "mean": 82437.0,
      "std": 0.0,
      "min": 82437.0,
      "max": 82437.0,
      "count": 1,
      "ratio_to_perfect": 0.9512803055654924
    },
    "perfect_score": {
      "rewards": [
        86659.0
      ],
      "mean": 86659.0,
      "std": 0.0,
      "min": 86659.0,
      "max": 86659.0,
      "count": 1,
      "ratio_to_perfect": 1.0
    }
  },
  "errors": {}
}