{
  "instance_dir": "/shared/share_malatown/OR-Agent-GPT5mini-benchmark/examples/benchmark/real_trajectory/lead_time_4/615141002",
  "instance_name": "615141002",
  "promised_lead_time": 4,
  "model": "openai/gpt-5-mini",
  "num_runs_llm": 1,
  "num_runs_deterministic": 1,
  "max_periods": null,
  "summary": {
    "perfect_score": 16508.0,
    "ratios": {
      "or": -0.6224254906711897,
      "llm": -3.6004361521686454,
      "llm_to_or": -0.6332687181972377,
      "or_to_llm": -3.5088441967530892,
      "perfect_score": 1.0
    },
    "warnings": null
  },
  "results": {
    "or": {
      "rewards": [
        -10275.0
      ],
      "mean": -10275.0,
      "std": 0.0,
      "min": -10275.0,
      "max": -10275.0,
      "count": 1,
      "ratio_to_perfect": -0.6224254906711897
    },
    "llm": {
      "rewards": [
        -59436.0
      ],
      "mean": -59436.0,
      "std": 0.0,
      "min": -59436.0,
      "max": -59436.0,
      "count": 1,
      "ratio_to_perfect": -3.6004361521686454
    },
    "llm_to_or": {
      "rewards": [
        -10454.0
      ],
      "mean": -10454.0,
      "std": 0.0,
      "min": -10454.0,
      "max": -10454.0,
      "count": 1,
      "ratio_to_perfect": -0.6332687181972377
    },
    "or_to_llm": {
      "rewards": [
        -57924.0
      ],
      "mean": -57924.0,
      "std": 0.0,
      "min": -57924.0,
      "max": -57924.0,
      "count": 1,
      "ratio_to_perfect": -3.5088441967530892
    },
    "perfect_score": {
      "rewards": [
        16508.0
      ],
      "mean": 16508.0,
      "std": 0.0,
      "min": 16508.0,
      "max": 16508.0,
      "count": 1,
      "ratio_to_perfect": 1.0
    }
  },
  "errors": {}
}