{
  "instance_dir": "/shared/share_malatown/OR-Agent-GPT5mini-benchmark/examples/benchmark/synthetic_trajectory/lead_time_stochastic/p02_mean_increase/v4_100to200_samevar/r1_high",
  "instance_name": "r1_high",
  "promised_lead_time": 2,
  "model": "openai/gpt-5-mini",
  "num_runs_llm": 1,
  "num_runs_deterministic": 1,
  "max_periods": null,
  "summary": {
    "perfect_score": 160949.0,
    "ratios": {
      "or": 0.11060025225381953,
      "llm": 0.13913102908374703,
      "llm_to_or": 0.1498797755810847,
      "or_to_llm": 0.20243058360101648,
      "perfect_score": 1.0
    },
    "warnings": null
  },
  "results": {
    "or": {
      "rewards": [
        17801.0
      ],
      "mean": 17801.0,
      "std": 0.0,
      "min": 17801.0,
      "max": 17801.0,
      "count": 1,
      "ratio_to_perfect": 0.11060025225381953
    },
    "llm": {
      "rewards": [
        22393.0
      ],
      "mean": 22393.0,
      "std": 0.0,
      "min": 22393.0,
      "max": 22393.0,
      "count": 1,
      "ratio_to_perfect": 0.13913102908374703
    },
    "llm_to_or": {
      "rewards": [
        24123.0
      ],
      "mean": 24123.0,
      "std": 0.0,
      "min": 24123.0,
      "max": 24123.0,
      "count": 1,
      "ratio_to_perfect": 0.1498797755810847
    },
    "or_to_llm": {
      "rewards": [
        32581.0
      ],
      "mean": 32581.0,
      "std": 0.0,
      "min": 32581.0,
      "max": 32581.0,
      "count": 1,
      "ratio_to_perfect": 0.20243058360101648
    },
    "perfect_score": {
      "rewards": [
        160949.0
      ],
      "mean": 160949.0,
      "std": 0.0,
      "min": 160949.0,
      "max": 160949.0,
      "count": 1,
      "ratio_to_perfect": 1.0
    }
  },
  "errors": {}
}