{
  "instance_dir": "/shared/share_malatown/OR_Agent/examples/benchmark/synthetic_trajectory/lead_time_0/p02_mean_increase/v1_100to200/r1_high",
  "instance_name": "r1_high",
  "promised_lead_time": 0,
  "model": "x-ai/grok-4.1-fast",
  "num_runs_llm": 1,
  "num_runs_deterministic": 1,
  "max_periods": null,
  "summary": {
    "perfect_score": 159372.0,
    "ratios": {
      "or": 0.9642722686544688,
      "llm": 0.9588007931129684,
      "llm_to_or": 0.9610659337901263,
      "or_to_llm": 0.9605137665336445,
      "perfect_score": 1.0
    },
    "warnings": null
  },
  "results": {
    "or": {
      "rewards": [
        153678.0
      ],
      "mean": 153678.0,
      "std": 0.0,
      "min": 153678.0,
      "max": 153678.0,
      "count": 1,
      "ratio_to_perfect": 0.9642722686544688
    },
    "llm": {
      "rewards": [
        152806.0
      ],
      "mean": 152806.0,
      "std": 0.0,
      "min": 152806.0,
      "max": 152806.0,
      "count": 1,
      "ratio_to_perfect": 0.9588007931129684
    },
    "llm_to_or": {
      "rewards": [
        153167.0
      ],
      "mean": 153167.0,
      "std": 0.0,
      "min": 153167.0,
      "max": 153167.0,
      "count": 1,
      "ratio_to_perfect": 0.9610659337901263
    },
    "or_to_llm": {
      "rewards": [
        153079.0
      ],
      "mean": 153079.0,
      "std": 0.0,
      "min": 153079.0,
      "max": 153079.0,
      "count": 1,
      "ratio_to_perfect": 0.9605137665336445
    },
    "perfect_score": {
      "rewards": [
        159372.0
      ],
      "mean": 159372.0,
      "std": 0.0,
      "min": 159372.0,
      "max": 159372.0,
      "count": 1,
      "ratio_to_perfect": 1.0
    }
  },
  "errors": {}
}