{
  "instance_dir": "D:\\TextArena\\examples\\benchmark\\synthetic_trajectory\\lead_time_4\\p03_mean_decrease\\v3_100to30\\r2_high",
  "instance_name": "r2_high",
  "promised_lead_time": 4,
  "model": "google/gemini-3-flash-preview",
  "num_runs_llm": 1,
  "num_runs_deterministic": 1,
  "max_periods": null,
  "summary": {
    "perfect_score": 49780.0,
    "ratios": {
      "or": 0.6093009240658899,
      "llm": 0.6573724387304138,
      "llm_to_or": 0.6971474487746083,
      "or_to_llm": 0.7248493370831659,
      "perfect_score": 1.0
    },
    "warnings": null
  },
  "results": {
    "or": {
      "rewards": [
        30331.0
      ],
      "mean": 30331.0,
      "std": 0.0,
      "min": 30331.0,
      "max": 30331.0,
      "count": 1,
      "ratio_to_perfect": 0.6093009240658899
    },
    "llm": {
      "rewards": [
        32724.0
      ],
      "mean": 32724.0,
      "std": 0.0,
      "min": 32724.0,
      "max": 32724.0,
      "count": 1,
      "ratio_to_perfect": 0.6573724387304138
    },
    "llm_to_or": {
      "rewards": [
        34704.0
      ],
      "mean": 34704.0,
      "std": 0.0,
      "min": 34704.0,
      "max": 34704.0,
      "count": 1,
      "ratio_to_perfect": 0.6971474487746083
    },
    "or_to_llm": {
      "rewards": [
        36083.0
      ],
      "mean": 36083.0,
      "std": 0.0,
      "min": 36083.0,
      "max": 36083.0,
      "count": 1,
      "ratio_to_perfect": 0.7248493370831659
    },
    "perfect_score": {
      "rewards": [
        49780.0
      ],
      "mean": 49780.0,
      "std": 0.0,
      "min": 49780.0,
      "max": 49780.0,
      "count": 1,
      "ratio_to_perfect": 1.0
    }
  },
  "errors": {}
}