{
  "instance_dir": "/shared/share_malatown/OR-Agent-GPT5mini-benchmark/examples/benchmark/real_trajectory/lead_time_0/717490002",
  "instance_name": "717490002",
  "promised_lead_time": 0,
  "model": "openai/gpt-5-mini",
  "num_runs_llm": 1,
  "num_runs_deterministic": 1,
  "max_periods": null,
  "summary": {
    "perfect_score": 4539.0,
    "ratios": {
      "or": 0.5170742454285084,
      "llm": 0.46574135272086364,
      "llm_to_or": 0.48667107292355144,
      "or_to_llm": 0.4712491738268341,
      "perfect_score": 1.0
    },
    "warnings": null
  },
  "results": {
    "or": {
      "rewards": [
        2347.0
      ],
      "mean": 2347.0,
      "std": 0.0,
      "min": 2347.0,
      "max": 2347.0,
      "count": 1,
      "ratio_to_perfect": 0.5170742454285084
    },
    "llm": {
      "rewards": [
        2114.0
      ],
      "mean": 2114.0,
      "std": 0.0,
      "min": 2114.0,
      "max": 2114.0,
      "count": 1,
      "ratio_to_perfect": 0.46574135272086364
    },
    "llm_to_or": {
      "rewards": [
        2209.0
      ],
      "mean": 2209.0,
      "std": 0.0,
      "min": 2209.0,
      "max": 2209.0,
      "count": 1,
      "ratio_to_perfect": 0.48667107292355144
    },
    "or_to_llm": {
      "rewards": [
        2139.0
      ],
      "mean": 2139.0,
      "std": 0.0,
      "min": 2139.0,
      "max": 2139.0,
      "count": 1,
      "ratio_to_perfect": 0.4712491738268341
    },
    "perfect_score": {
      "rewards": [
        4539.0
      ],
      "mean": 4539.0,
      "std": 0.0,
      "min": 4539.0,
      "max": 4539.0,
      "count": 1,
      "ratio_to_perfect": 1.0
    }
  },
  "errors": {}
}