{
  "instance_dir": "D:\\TextArena\\examples\\benchmark\\synthetic_trajectory\\lead_time_0\\p01_stationary_iid\\v1_normal_100_25\\r2_med",
  "instance_name": "r2_med",
  "promised_lead_time": 0,
  "model": "openai/gpt-5-mini",
  "num_runs_llm": 1,
  "num_runs_deterministic": 1,
  "max_periods": null,
  "summary": {
    "perfect_score": 18892.0,
    "ratios": {
      "or": 0.9156256616557273,
      "llm": 0.8812724962947279,
      "llm_to_or": 0.9124497141647258,
      "or_to_llm": 0.89265297480415,
      "perfect_score": 1.0
    },
    "warnings": null
  },
  "results": {
    "or": {
      "rewards": [
        17298.0
      ],
      "mean": 17298.0,
      "std": 0.0,
      "min": 17298.0,
      "max": 17298.0,
      "count": 1,
      "ratio_to_perfect": 0.9156256616557273
    },
    "llm": {
      "rewards": [
        16649.0
      ],
      "mean": 16649.0,
      "std": 0.0,
      "min": 16649.0,
      "max": 16649.0,
      "count": 1,
      "ratio_to_perfect": 0.8812724962947279
    },
    "llm_to_or": {
      "rewards": [
        17238.0
      ],
      "mean": 17238.0,
      "std": 0.0,
      "min": 17238.0,
      "max": 17238.0,
      "count": 1,
      "ratio_to_perfect": 0.9124497141647258
    },
    "or_to_llm": {
      "rewards": [
        16864.0
      ],
      "mean": 16864.0,
      "std": 0.0,
      "min": 16864.0,
      "max": 16864.0,
      "count": 1,
      "ratio_to_perfect": 0.89265297480415
    },
    "perfect_score": {
      "rewards": [
        18892.0
      ],
      "mean": 18892.0,
      "std": 0.0,
      "min": 18892.0,
      "max": 18892.0,
      "count": 1,
      "ratio_to_perfect": 1.0
    }
  },
  "errors": {}
}