{
  "instance_dir": "/shared/share_malatown/OR_Agent/examples/benchmark/real_trajectory/lead_time_stochastic/573085004",
  "instance_name": "573085004",
  "promised_lead_time": 2,
  "model": "x-ai/grok-4.1-fast",
  "num_runs_llm": 1,
  "num_runs_deterministic": 1,
  "max_periods": null,
  "summary": {
    "perfect_score": 5513.0,
    "ratios": {
      "or": 0.10085253038273173,
      "llm": -1.8363867222927626,
      "llm_to_or": -2.877743515327408,
      "or_to_llm": -1.4759658987846906,
      "perfect_score": 1.0
    },
    "warnings": null
  },
  "results": {
    "or": {
      "rewards": [
        556.0
      ],
      "mean": 556.0,
      "std": 0.0,
      "min": 556.0,
      "max": 556.0,
      "count": 1,
      "ratio_to_perfect": 0.10085253038273173
    },
    "llm": {
      "rewards": [
        -10124.0
      ],
      "mean": -10124.0,
      "std": 0.0,
      "min": -10124.0,
      "max": -10124.0,
      "count": 1,
      "ratio_to_perfect": -1.8363867222927626
    },
    "llm_to_or": {
      "rewards": [
        -15865.0
      ],
      "mean": -15865.0,
      "std": 0.0,
      "min": -15865.0,
      "max": -15865.0,
      "count": 1,
      "ratio_to_perfect": -2.877743515327408
    },
    "or_to_llm": {
      "rewards": [
        -8137.0
      ],
      "mean": -8137.0,
      "std": 0.0,
      "min": -8137.0,
      "max": -8137.0,
      "count": 1,
      "ratio_to_perfect": -1.4759658987846906
    },
    "perfect_score": {
      "rewards": [
        5513.0
      ],
      "mean": 5513.0,
      "std": 0.0,
      "min": 5513.0,
      "max": 5513.0,
      "count": 1,
      "ratio_to_perfect": 1.0
    }
  },
  "errors": {}
}