{
  "instance_dir": "/shared/share_malatown/OR_Agent/examples/benchmark/synthetic_trajectory/lead_time_0/p03_mean_decrease/v2_100to70/r2_high",
  "instance_name": "r2_high",
  "promised_lead_time": 0,
  "model": "x-ai/grok-4.1-fast",
  "num_runs_llm": 1,
  "num_runs_deterministic": 1,
  "max_periods": null,
  "summary": {
    "perfect_score": 77292.0,
    "ratios": {
      "or": 0.9563085442219117,
      "llm": 0.9495290586347875,
      "llm_to_or": 0.9386353050768514,
      "or_to_llm": 0.9563085442219117,
      "perfect_score": 1.0
    },
    "warnings": null
  },
  "results": {
    "or": {
      "rewards": [
        73915.0
      ],
      "mean": 73915.0,
      "std": 0.0,
      "min": 73915.0,
      "max": 73915.0,
      "count": 1,
      "ratio_to_perfect": 0.9563085442219117
    },
    "llm": {
      "rewards": [
        73391.0
      ],
      "mean": 73391.0,
      "std": 0.0,
      "min": 73391.0,
      "max": 73391.0,
      "count": 1,
      "ratio_to_perfect": 0.9495290586347875
    },
    "llm_to_or": {
      "rewards": [
        72549.0
      ],
      "mean": 72549.0,
      "std": 0.0,
      "min": 72549.0,
      "max": 72549.0,
      "count": 1,
      "ratio_to_perfect": 0.9386353050768514
    },
    "or_to_llm": {
      "rewards": [
        73915.0
      ],
      "mean": 73915.0,
      "std": 0.0,
      "min": 73915.0,
      "max": 73915.0,
      "count": 1,
      "ratio_to_perfect": 0.9563085442219117
    },
    "perfect_score": {
      "rewards": [
        77292.0
      ],
      "mean": 77292.0,
      "std": 0.0,
      "min": 77292.0,
      "max": 77292.0,
      "count": 1,
      "ratio_to_perfect": 1.0
    }
  },
  "errors": {}
}