{
  "instance_dir": "/shared/share_malatown/OR_Agent/examples/benchmark/synthetic_trajectory/lead_time_4/p01_stationary_iid/v2_normal_100_40/r2_med",
  "instance_name": "r2_med",
  "promised_lead_time": 4,
  "model": "x-ai/grok-4.1-fast",
  "num_runs_llm": 1,
  "num_runs_deterministic": 1,
  "max_periods": null,
  "summary": {
    "perfect_score": 19564.0,
    "ratios": {
      "or": 0.7781639746473114,
      "llm": 0.49074831322837864,
      "llm_to_or": 0.7633919443876508,
      "or_to_llm": 0.7701901451645881,
      "perfect_score": 1.0
    },
    "warnings": null
  },
  "results": {
    "or": {
      "rewards": [
        15224.0
      ],
      "mean": 15224.0,
      "std": 0.0,
      "min": 15224.0,
      "max": 15224.0,
      "count": 1,
      "ratio_to_perfect": 0.7781639746473114
    },
    "llm": {
      "rewards": [
        9601.0
      ],
      "mean": 9601.0,
      "std": 0.0,
      "min": 9601.0,
      "max": 9601.0,
      "count": 1,
      "ratio_to_perfect": 0.49074831322837864
    },
    "llm_to_or": {
      "rewards": [
        14935.0
      ],
      "mean": 14935.0,
      "std": 0.0,
      "min": 14935.0,
      "max": 14935.0,
      "count": 1,
      "ratio_to_perfect": 0.7633919443876508
    },
    "or_to_llm": {
      "rewards": [
        15068.0
      ],
      "mean": 15068.0,
      "std": 0.0,
      "min": 15068.0,
      "max": 15068.0,
      "count": 1,
      "ratio_to_perfect": 0.7701901451645881
    },
    "perfect_score": {
      "rewards": [
        19564.0
      ],
      "mean": 19564.0,
      "std": 0.0,
      "min": 19564.0,
      "max": 19564.0,
      "count": 1,
      "ratio_to_perfect": 1.0
    }
  },
  "errors": {}
}