{
  "instance_dir": "D:\\TextArena\\examples\\benchmark\\real_trajectory\\lead_time_0\\554450019",
  "instance_name": "554450019",
  "promised_lead_time": 0,
  "model": "google/gemini-3-flash-preview",
  "num_runs_llm": 1,
  "num_runs_deterministic": 1,
  "max_periods": null,
  "summary": {
    "perfect_score": 51623.0,
    "ratios": {
      "or": 0.8235282722817349,
      "llm": 0.813029076186971,
      "llm_to_or": 0.8561300195649226,
      "or_to_llm": 0.8461151037328323,
      "perfect_score": 1.0
    },
    "warnings": null
  },
  "results": {
    "or": {
      "rewards": [
        42513.0
      ],
      "mean": 42513.0,
      "std": 0.0,
      "min": 42513.0,
      "max": 42513.0,
      "count": 1,
      "ratio_to_perfect": 0.8235282722817349
    },
    "llm": {
      "rewards": [
        41971.0
      ],
      "mean": 41971.0,
      "std": 0.0,
      "min": 41971.0,
      "max": 41971.0,
      "count": 1,
      "ratio_to_perfect": 0.813029076186971
    },
    "llm_to_or": {
      "rewards": [
        44196.0
      ],
      "mean": 44196.0,
      "std": 0.0,
      "min": 44196.0,
      "max": 44196.0,
      "count": 1,
      "ratio_to_perfect": 0.8561300195649226
    },
    "or_to_llm": {
      "rewards": [
        43679.0
      ],
      "mean": 43679.0,
      "std": 0.0,
      "min": 43679.0,
      "max": 43679.0,
      "count": 1,
      "ratio_to_perfect": 0.8461151037328323
    },
    "perfect_score": {
      "rewards": [
        51623.0
      ],
      "mean": 51623.0,
      "std": 0.0,
      "min": 51623.0,
      "max": 51623.0,
      "count": 1,
      "ratio_to_perfect": 1.0
    }
  },
  "errors": {}
}