{
  "instance_dir": "D:\\TextArena\\examples\\benchmark\\real_trajectory\\lead_time_stochastic\\487722001",
  "instance_name": "487722001",
  "promised_lead_time": 2,
  "model": "google/gemini-3-flash-preview",
  "num_runs_llm": 1,
  "num_runs_deterministic": 1,
  "max_periods": null,
  "summary": {
    "perfect_score": 62035.0,
    "ratios": {
      "or": 0.17483678568550012,
      "llm": 0.6208269525267994,
      "llm_to_or": 0.48258241315386474,
      "or_to_llm": 0.5192391391956154,
      "perfect_score": 1.0
    },
    "warnings": null
  },
  "results": {
    "or": {
      "rewards": [
        10846.0
      ],
      "mean": 10846.0,
      "std": 0.0,
      "min": 10846.0,
      "max": 10846.0,
      "count": 1,
      "ratio_to_perfect": 0.17483678568550012
    },
    "llm": {
      "rewards": [
        38513.0
      ],
      "mean": 38513.0,
      "std": 0.0,
      "min": 38513.0,
      "max": 38513.0,
      "count": 1,
      "ratio_to_perfect": 0.6208269525267994
    },
    "llm_to_or": {
      "rewards": [
        29937.0
      ],
      "mean": 29937.0,
      "std": 0.0,
      "min": 29937.0,
      "max": 29937.0,
      "count": 1,
      "ratio_to_perfect": 0.48258241315386474
    },
    "or_to_llm": {
      "rewards": [
        32211.0
      ],
      "mean": 32211.0,
      "std": 0.0,
      "min": 32211.0,
      "max": 32211.0,
      "count": 1,
      "ratio_to_perfect": 0.5192391391956154
    },
    "perfect_score": {
      "rewards": [
        62035.0
      ],
      "mean": 62035.0,
      "std": 0.0,
      "min": 62035.0,
      "max": 62035.0,
      "count": 1,
      "ratio_to_perfect": 1.0
    }
  },
  "errors": {}
}