{
  "instance_dir": "D:\\TextArena\\examples\\benchmark\\synthetic_trajectory\\lead_time_4\\p06_variance_change\\v2_var_increase\\r2_high",
  "instance_name": "r2_high",
  "promised_lead_time": 4,
  "model": "openai/gpt-5-mini",
  "num_runs_llm": 1,
  "num_runs_deterministic": 1,
  "max_periods": null,
  "summary": {
    "perfect_score": 95741.0,
    "ratios": {
      "or": 0.80366822991195,
      "llm": 0.7092050427716443,
      "llm_to_or": 0.8047022696650338,
      "or_to_llm": 0.7987800419882809,
      "perfect_score": 1.0
    },
    "warnings": null
  },
  "results": {
    "or": {
      "rewards": [
        76944.0
      ],
      "mean": 76944.0,
      "std": 0.0,
      "min": 76944.0,
      "max": 76944.0,
      "count": 1,
      "ratio_to_perfect": 0.80366822991195
    },
    "llm": {
      "rewards": [
        67900.0
      ],
      "mean": 67900.0,
      "std": 0.0,
      "min": 67900.0,
      "max": 67900.0,
      "count": 1,
      "ratio_to_perfect": 0.7092050427716443
    },
    "llm_to_or": {
      "rewards": [
        77043.0
      ],
      "mean": 77043.0,
      "std": 0.0,
      "min": 77043.0,
      "max": 77043.0,
      "count": 1,
      "ratio_to_perfect": 0.8047022696650338
    },
    "or_to_llm": {
      "rewards": [
        76476.0
      ],
      "mean": 76476.0,
      "std": 0.0,
      "min": 76476.0,
      "max": 76476.0,
      "count": 1,
      "ratio_to_perfect": 0.7987800419882809
    },
    "perfect_score": {
      "rewards": [
        95741.0
      ],
      "mean": 95741.0,
      "std": 0.0,
      "min": 95741.0,
      "max": 95741.0,
      "count": 1,
      "ratio_to_perfect": 1.0
    }
  },
  "errors": {}
}