{
  "instance_dir": "/shared/share_malatown/OR-Agent-GPT5mini-benchmark/examples/benchmark/real_trajectory/lead_time_stochastic/720504001",
  "instance_name": "720504001",
  "promised_lead_time": 2,
  "model": "openai/gpt-5-mini",
  "num_runs_llm": 1,
  "num_runs_deterministic": 1,
  "max_periods": null,
  "summary": {
    "perfect_score": 10676.0,
    "ratios": {
      "or": 0.1981079055826152,
      "llm": 0.26667291120269765,
      "llm_to_or": 0.1994192581491195,
      "or_to_llm": 0.2503746721618584,
      "perfect_score": 1.0
    },
    "warnings": null
  },
  "results": {
    "or": {
      "rewards": [
        2115.0
      ],
      "mean": 2115.0,
      "std": 0.0,
      "min": 2115.0,
      "max": 2115.0,
      "count": 1,
      "ratio_to_perfect": 0.1981079055826152
    },
    "llm": {
      "rewards": [
        2847.0
      ],
      "mean": 2847.0,
      "std": 0.0,
      "min": 2847.0,
      "max": 2847.0,
      "count": 1,
      "ratio_to_perfect": 0.26667291120269765
    },
    "llm_to_or": {
      "rewards": [
        2129.0
      ],
      "mean": 2129.0,
      "std": 0.0,
      "min": 2129.0,
      "max": 2129.0,
      "count": 1,
      "ratio_to_perfect": 0.1994192581491195
    },
    "or_to_llm": {
      "rewards": [
        2673.0
      ],
      "mean": 2673.0,
      "std": 0.0,
      "min": 2673.0,
      "max": 2673.0,
      "count": 1,
      "ratio_to_perfect": 0.2503746721618584
    },
    "perfect_score": {
      "rewards": [
        10676.0
      ],
      "mean": 10676.0,
      "std": 0.0,
      "min": 10676.0,
      "max": 10676.0,
      "count": 1,
      "ratio_to_perfect": 1.0
    }
  },
  "errors": {}
}