{
  "instance_dir": "D:\\TextArena\\examples\\benchmark\\real_trajectory\\lead_time_4\\465655019",
  "instance_name": "465655019",
  "promised_lead_time": 4,
  "model": "google/gemini-3-flash-preview",
  "num_runs_llm": 1,
  "num_runs_deterministic": 1,
  "max_periods": null,
  "summary": {
    "perfect_score": 3029.0,
    "ratios": {
      "or": 0.4219214262132717,
      "llm": -0.3364146583030703,
      "llm_to_or": 0.2433146252888742,
      "or_to_llm": 0.2941564872895345,
      "perfect_score": 1.0
    },
    "warnings": null
  },
  "results": {
    "or": {
      "rewards": [
        1278.0
      ],
      "mean": 1278.0,
      "std": 0.0,
      "min": 1278.0,
      "max": 1278.0,
      "count": 1,
      "ratio_to_perfect": 0.4219214262132717
    },
    "llm": {
      "rewards": [
        -1019.0
      ],
      "mean": -1019.0,
      "std": 0.0,
      "min": -1019.0,
      "max": -1019.0,
      "count": 1,
      "ratio_to_perfect": -0.3364146583030703
    },
    "llm_to_or": {
      "rewards": [
        737.0
      ],
      "mean": 737.0,
      "std": 0.0,
      "min": 737.0,
      "max": 737.0,
      "count": 1,
      "ratio_to_perfect": 0.2433146252888742
    },
    "or_to_llm": {
      "rewards": [
        891.0
      ],
      "mean": 891.0,
      "std": 0.0,
      "min": 891.0,
      "max": 891.0,
      "count": 1,
      "ratio_to_perfect": 0.2941564872895345
    },
    "perfect_score": {
      "rewards": [
        3029.0
      ],
      "mean": 3029.0,
      "std": 0.0,
      "min": 3029.0,
      "max": 3029.0,
      "count": 1,
      "ratio_to_perfect": 1.0
    }
  },
  "errors": {}
}