{
  "instance_dir": "/shared/share_malatown/OR_Agent/examples/benchmark/real_trajectory/lead_time_0/554450004",
  "instance_name": "554450004",
  "promised_lead_time": 0,
  "model": "x-ai/grok-4.1-fast",
  "num_runs_llm": 1,
  "num_runs_deterministic": 1,
  "max_periods": null,
  "summary": {
    "perfect_score": 87571.0,
    "ratios": {
      "or": 0.9162508136255153,
      "llm": 0.8958330954311359,
      "llm_to_or": 0.9158511379337909,
      "or_to_llm": 0.9209898253988192,
      "perfect_score": 1.0
    },
    "warnings": null
  },
  "results": {
    "or": {
      "rewards": [
        80237.0
      ],
      "mean": 80237.0,
      "std": 0.0,
      "min": 80237.0,
      "max": 80237.0,
      "count": 1,
      "ratio_to_perfect": 0.9162508136255153
    },
    "llm": {
      "rewards": [
        78449.0
      ],
      "mean": 78449.0,
      "std": 0.0,
      "min": 78449.0,
      "max": 78449.0,
      "count": 1,
      "ratio_to_perfect": 0.8958330954311359
    },
    "llm_to_or": {
      "rewards": [
        80202.0
      ],
      "mean": 80202.0,
      "std": 0.0,
      "min": 80202.0,
      "max": 80202.0,
      "count": 1,
      "ratio_to_perfect": 0.9158511379337909
    },
    "or_to_llm": {
      "rewards": [
        80652.0
      ],
      "mean": 80652.0,
      "std": 0.0,
      "min": 80652.0,
      "max": 80652.0,
      "count": 1,
      "ratio_to_perfect": 0.9209898253988192
    },
    "perfect_score": {
      "rewards": [
        87571.0
      ],
      "mean": 87571.0,
      "std": 0.0,
      "min": 87571.0,
      "max": 87571.0,
      "count": 1,
      "ratio_to_perfect": 1.0
    }
  },
  "errors": {}
}