{
  "instance_dir": "/shared/share_malatown/OR_Agent/examples/benchmark/synthetic_trajectory/lead_time_stochastic/p02_mean_increase/v2_100to150/r2_med",
  "instance_name": "r2_med",
  "promised_lead_time": 2,
  "model": "x-ai/grok-4.1-fast",
  "num_runs_llm": 1,
  "num_runs_deterministic": 1,
  "max_periods": null,
  "summary": {
    "perfect_score": 26504.0,
    "ratios": {
      "or": 0.08342137035919106,
      "llm": 0.46687292484153337,
      "llm_to_or": 0.279618170842137,
      "or_to_llm": 0.43367038937518865,
      "perfect_score": 1.0
    },
    "warnings": null
  },
  "results": {
    "or": {
      "rewards": [
        2211.0
      ],
      "mean": 2211.0,
      "std": 0.0,
      "min": 2211.0,
      "max": 2211.0,
      "count": 1,
      "ratio_to_perfect": 0.08342137035919106
    },
    "llm": {
      "rewards": [
        12374.0
      ],
      "mean": 12374.0,
      "std": 0.0,
      "min": 12374.0,
      "max": 12374.0,
      "count": 1,
      "ratio_to_perfect": 0.46687292484153337
    },
    "llm_to_or": {
      "rewards": [
        7411.0
      ],
      "mean": 7411.0,
      "std": 0.0,
      "min": 7411.0,
      "max": 7411.0,
      "count": 1,
      "ratio_to_perfect": 0.279618170842137
    },
    "or_to_llm": {
      "rewards": [
        11494.0
      ],
      "mean": 11494.0,
      "std": 0.0,
      "min": 11494.0,
      "max": 11494.0,
      "count": 1,
      "ratio_to_perfect": 0.43367038937518865
    },
    "perfect_score": {
      "rewards": [
        26504.0
      ],
      "mean": 26504.0,
      "std": 0.0,
      "min": 26504.0,
      "max": 26504.0,
      "count": 1,
      "ratio_to_perfect": 1.0
    }
  },
  "errors": {}
}