{
  "instance_dir": "/shared/share_malatown/OR-Agent-GPT5mini-benchmark/examples/benchmark/real_trajectory/lead_time_0/608776002",
  "instance_name": "608776002",
  "promised_lead_time": 0,
  "model": "openai/gpt-5-mini",
  "num_runs_llm": 1,
  "num_runs_deterministic": 1,
  "max_periods": null,
  "summary": {
    "perfect_score": 155230.0,
    "ratios": {
      "or": 0.8492172904722025,
      "llm": 0.8690072795207112,
      "llm_to_or": 0.8992784899826065,
      "or_to_llm": 0.8717709205694776,
      "perfect_score": 1.0
    },
    "warnings": null
  },
  "results": {
    "or": {
      "rewards": [
        131824.0
      ],
      "mean": 131824.0,
      "std": 0.0,
      "min": 131824.0,
      "max": 131824.0,
      "count": 1,
      "ratio_to_perfect": 0.8492172904722025
    },
    "llm": {
      "rewards": [
        134896.0
      ],
      "mean": 134896.0,
      "std": 0.0,
      "min": 134896.0,
      "max": 134896.0,
      "count": 1,
      "ratio_to_perfect": 0.8690072795207112
    },
    "llm_to_or": {
      "rewards": [
        139595.0
      ],
      "mean": 139595.0,
      "std": 0.0,
      "min": 139595.0,
      "max": 139595.0,
      "count": 1,
      "ratio_to_perfect": 0.8992784899826065
    },
    "or_to_llm": {
      "rewards": [
        135325.0
      ],
      "mean": 135325.0,
      "std": 0.0,
      "min": 135325.0,
      "max": 135325.0,
      "count": 1,
      "ratio_to_perfect": 0.8717709205694776
    },
    "perfect_score": {
      "rewards": [
        155230.0
      ],
      "mean": 155230.0,
      "std": 0.0,
      "min": 155230.0,
      "max": 155230.0,
      "count": 1,
      "ratio_to_perfect": 1.0
    }
  },
  "errors": {}
}