{
  "instance_dir": "/shared/share_malatown/OR_Agent/examples/benchmark/real_trajectory/lead_time_0/568808001",
  "instance_name": "568808001",
  "promised_lead_time": 0,
  "model": "x-ai/grok-4.1-fast",
  "num_runs_llm": 1,
  "num_runs_deterministic": 1,
  "max_periods": null,
  "summary": {
    "perfect_score": 2896.0,
    "ratios": {
      "or": 0.669889502762431,
      "llm": 0.6039364640883977,
      "llm_to_or": 0.7320441988950276,
      "or_to_llm": 0.6902624309392266,
      "perfect_score": 1.0
    },
    "warnings": null
  },
  "results": {
    "or": {
      "rewards": [
        1940.0
      ],
      "mean": 1940.0,
      "std": 0.0,
      "min": 1940.0,
      "max": 1940.0,
      "count": 1,
      "ratio_to_perfect": 0.669889502762431
    },
    "llm": {
      "rewards": [
        1749.0
      ],
      "mean": 1749.0,
      "std": 0.0,
      "min": 1749.0,
      "max": 1749.0,
      "count": 1,
      "ratio_to_perfect": 0.6039364640883977
    },
    "llm_to_or": {
      "rewards": [
        2120.0
      ],
      "mean": 2120.0,
      "std": 0.0,
      "min": 2120.0,
      "max": 2120.0,
      "count": 1,
      "ratio_to_perfect": 0.7320441988950276
    },
    "or_to_llm": {
      "rewards": [
        1999.0
      ],
      "mean": 1999.0,
      "std": 0.0,
      "min": 1999.0,
      "max": 1999.0,
      "count": 1,
      "ratio_to_perfect": 0.6902624309392266
    },
    "perfect_score": {
      "rewards": [
        2896.0
      ],
      "mean": 2896.0,
      "std": 0.0,
      "min": 2896.0,
      "max": 2896.0,
      "count": 1,
      "ratio_to_perfect": 1.0
    }
  },
  "errors": {}
}