{
  "instance_dir": "D:\\TextArena\\examples\\benchmark\\synthetic_trajectory\\lead_time_0\\p06_variance_change\\v1_normal_to_uniform\\r1_high",
  "instance_name": "r1_high",
  "promised_lead_time": 0,
  "model": "openai/gpt-5-mini",
  "num_runs_llm": 1,
  "num_runs_deterministic": 1,
  "max_periods": null,
  "summary": {
    "perfect_score": 97337.0,
    "ratios": {
      "or": 0.947902647503005,
      "llm": 0.8472934238778677,
      "llm_to_or": 0.9474917040796408,
      "or_to_llm": 0.9125306923369325,
      "perfect_score": 1.0
    },
    "warnings": null
  },
  "results": {
    "or": {
      "rewards": [
        92266.0
      ],
      "mean": 92266.0,
      "std": 0.0,
      "min": 92266.0,
      "max": 92266.0,
      "count": 1,
      "ratio_to_perfect": 0.947902647503005
    },
    "llm": {
      "rewards": [
        82473.0
      ],
      "mean": 82473.0,
      "std": 0.0,
      "min": 82473.0,
      "max": 82473.0,
      "count": 1,
      "ratio_to_perfect": 0.8472934238778677
    },
    "llm_to_or": {
      "rewards": [
        92226.0
      ],
      "mean": 92226.0,
      "std": 0.0,
      "min": 92226.0,
      "max": 92226.0,
      "count": 1,
      "ratio_to_perfect": 0.9474917040796408
    },
    "or_to_llm": {
      "rewards": [
        88823.0
      ],
      "mean": 88823.0,
      "std": 0.0,
      "min": 88823.0,
      "max": 88823.0,
      "count": 1,
      "ratio_to_perfect": 0.9125306923369325
    },
    "perfect_score": {
      "rewards": [
        97337.0
      ],
      "mean": 97337.0,
      "std": 0.0,
      "min": 97337.0,
      "max": 97337.0,
      "count": 1,
      "ratio_to_perfect": 1.0
    }
  },
  "errors": {}
}