{
  "instance_dir": "D:\\TextArena\\examples\\benchmark\\real_trajectory\\lead_time_stochastic\\399256001",
  "instance_name": "399256001",
  "promised_lead_time": 2,
  "model": "google/gemini-3-flash-preview",
  "num_runs_llm": 1,
  "num_runs_deterministic": 1,
  "max_periods": null,
  "summary": {
    "perfect_score": 189278.0,
    "ratios": {
      "or": 0.191290060123205,
      "llm": 0.5212703008273545,
      "llm_to_or": 0.4528260019653631,
      "or_to_llm": 0.5667378142203532,
      "perfect_score": 1.0
    },
    "warnings": null
  },
  "results": {
    "or": {
      "rewards": [
        36207.0
      ],
      "mean": 36207.0,
      "std": 0.0,
      "min": 36207.0,
      "max": 36207.0,
      "count": 1,
      "ratio_to_perfect": 0.191290060123205
    },
    "llm": {
      "rewards": [
        98665.0
      ],
      "mean": 98665.0,
      "std": 0.0,
      "min": 98665.0,
      "max": 98665.0,
      "count": 1,
      "ratio_to_perfect": 0.5212703008273545
    },
    "llm_to_or": {
      "rewards": [
        85710.0
      ],
      "mean": 85710.0,
      "std": 0.0,
      "min": 85710.0,
      "max": 85710.0,
      "count": 1,
      "ratio_to_perfect": 0.4528260019653631
    },
    "or_to_llm": {
      "rewards": [
        107271.0
      ],
      "mean": 107271.0,
      "std": 0.0,
      "min": 107271.0,
      "max": 107271.0,
      "count": 1,
      "ratio_to_perfect": 0.5667378142203532
    },
    "perfect_score": {
      "rewards": [
        189278.0
      ],
      "mean": 189278.0,
      "std": 0.0,
      "min": 189278.0,
      "max": 189278.0,
      "count": 1,
      "ratio_to_perfect": 1.0
    }
  },
  "errors": {}
}