{
  "instance_dir": "D:\\TextArena\\examples\\benchmark\\synthetic_trajectory\\lead_time_4\\p05_decreasing_trend\\v1_200_minus_3t\\r2_med",
  "instance_name": "r2_med",
  "promised_lead_time": 4,
  "model": "openai/gpt-5-mini",
  "num_runs_llm": 1,
  "num_runs_deterministic": 1,
  "max_periods": null,
  "summary": {
    "perfect_score": 25156.0,
    "ratios": {
      "or": 0.3542296072507553,
      "llm": 0.6274447447924948,
      "llm_to_or": 0.35733025918269995,
      "or_to_llm": 0.28820162187947207,
      "perfect_score": 1.0
    },
    "warnings": null
  },
  "results": {
    "or": {
      "rewards": [
        8911.0
      ],
      "mean": 8911.0,
      "std": 0.0,
      "min": 8911.0,
      "max": 8911.0,
      "count": 1,
      "ratio_to_perfect": 0.3542296072507553
    },
    "llm": {
      "rewards": [
        15784.0
      ],
      "mean": 15784.0,
      "std": 0.0,
      "min": 15784.0,
      "max": 15784.0,
      "count": 1,
      "ratio_to_perfect": 0.6274447447924948
    },
    "llm_to_or": {
      "rewards": [
        8989.0
      ],
      "mean": 8989.0,
      "std": 0.0,
      "min": 8989.0,
      "max": 8989.0,
      "count": 1,
      "ratio_to_perfect": 0.35733025918269995
    },
    "or_to_llm": {
      "rewards": [
        7250.0
      ],
      "mean": 7250.0,
      "std": 0.0,
      "min": 7250.0,
      "max": 7250.0,
      "count": 1,
      "ratio_to_perfect": 0.28820162187947207
    },
    "perfect_score": {
      "rewards": [
        25156.0
      ],
      "mean": 25156.0,
      "std": 0.0,
      "min": 25156.0,
      "max": 25156.0,
      "count": 1,
      "ratio_to_perfect": 1.0
    }
  },
  "errors": {}
}