{
  "instance_dir": "/shared/share_malatown/OR-Agent-GPT5mini-benchmark/examples/benchmark/real_trajectory/lead_time_0/711053003",
  "instance_name": "711053003",
  "promised_lead_time": 0,
  "model": "openai/gpt-5-mini",
  "num_runs_llm": 1,
  "num_runs_deterministic": 1,
  "max_periods": null,
  "summary": {
    "perfect_score": 6117.0,
    "ratios": {
      "or": 0.6083047245381723,
      "llm": 0.6401830962890306,
      "llm_to_or": 0.6483570377636096,
      "or_to_llm": 0.6176230178191924,
      "perfect_score": 1.0
    },
    "warnings": null
  },
  "results": {
    "or": {
      "rewards": [
        3721.0
      ],
      "mean": 3721.0,
      "std": 0.0,
      "min": 3721.0,
      "max": 3721.0,
      "count": 1,
      "ratio_to_perfect": 0.6083047245381723
    },
    "llm": {
      "rewards": [
        3916.0
      ],
      "mean": 3916.0,
      "std": 0.0,
      "min": 3916.0,
      "max": 3916.0,
      "count": 1,
      "ratio_to_perfect": 0.6401830962890306
    },
    "llm_to_or": {
      "rewards": [
        3966.0
      ],
      "mean": 3966.0,
      "std": 0.0,
      "min": 3966.0,
      "max": 3966.0,
      "count": 1,
      "ratio_to_perfect": 0.6483570377636096
    },
    "or_to_llm": {
      "rewards": [
        3778.0
      ],
      "mean": 3778.0,
      "std": 0.0,
      "min": 3778.0,
      "max": 3778.0,
      "count": 1,
      "ratio_to_perfect": 0.6176230178191924
    },
    "perfect_score": {
      "rewards": [
        6117.0
      ],
      "mean": 6117.0,
      "std": 0.0,
      "min": 6117.0,
      "max": 6117.0,
      "count": 1,
      "ratio_to_perfect": 1.0
    }
  },
  "errors": {}
}