{
  "instance_dir": "D:\\TextArena\\examples\\benchmark\\synthetic_trajectory\\lead_time_0\\p07_seasonal\\v3_period25_amp40\\r2_med",
  "instance_name": "r2_med",
  "promised_lead_time": 0,
  "model": "openai/gpt-5-mini",
  "num_runs_llm": 1,
  "num_runs_deterministic": 1,
  "max_periods": null,
  "summary": {
    "perfect_score": 20172.0,
    "ratios": {
      "or": 0.8579218719016458,
      "llm": 0.8749752131667659,
      "llm_to_or": 0.8709597461828277,
      "or_to_llm": 0.8734880031727147,
      "perfect_score": 1.0
    },
    "warnings": null
  },
  "results": {
    "or": {
      "rewards": [
        17306.0
      ],
      "mean": 17306.0,
      "std": 0.0,
      "min": 17306.0,
      "max": 17306.0,
      "count": 1,
      "ratio_to_perfect": 0.8579218719016458
    },
    "llm": {
      "rewards": [
        17650.0
      ],
      "mean": 17650.0,
      "std": 0.0,
      "min": 17650.0,
      "max": 17650.0,
      "count": 1,
      "ratio_to_perfect": 0.8749752131667659
    },
    "llm_to_or": {
      "rewards": [
        17569.0
      ],
      "mean": 17569.0,
      "std": 0.0,
      "min": 17569.0,
      "max": 17569.0,
      "count": 1,
      "ratio_to_perfect": 0.8709597461828277
    },
    "or_to_llm": {
      "rewards": [
        17620.0
      ],
      "mean": 17620.0,
      "std": 0.0,
      "min": 17620.0,
      "max": 17620.0,
      "count": 1,
      "ratio_to_perfect": 0.8734880031727147
    },
    "perfect_score": {
      "rewards": [
        20172.0
      ],
      "mean": 20172.0,
      "std": 0.0,
      "min": 20172.0,
      "max": 20172.0,
      "count": 1,
      "ratio_to_perfect": 1.0
    }
  },
  "errors": {}
}