{
  "instance_dir": "D:\\TextArena\\examples\\benchmark\\synthetic_trajectory\\lead_time_4\\p09_temp_spike_dip\\v2_temp_dip\\r2_med",
  "instance_name": "r2_med",
  "promised_lead_time": 4,
  "model": "openai/gpt-5-mini",
  "num_runs_llm": 1,
  "num_runs_deterministic": 1,
  "max_periods": null,
  "summary": {
    "perfect_score": 17600.0,
    "ratios": {
      "or": 0.5845454545454546,
      "llm": 0.5757954545454546,
      "llm_to_or": 0.5714772727272728,
      "or_to_llm": 0.5634090909090909,
      "perfect_score": 1.0
    },
    "warnings": null
  },
  "results": {
    "or": {
      "rewards": [
        10288.0
      ],
      "mean": 10288.0,
      "std": 0.0,
      "min": 10288.0,
      "max": 10288.0,
      "count": 1,
      "ratio_to_perfect": 0.5845454545454546
    },
    "llm": {
      "rewards": [
        10134.0
      ],
      "mean": 10134.0,
      "std": 0.0,
      "min": 10134.0,
      "max": 10134.0,
      "count": 1,
      "ratio_to_perfect": 0.5757954545454546
    },
    "llm_to_or": {
      "rewards": [
        10058.0
      ],
      "mean": 10058.0,
      "std": 0.0,
      "min": 10058.0,
      "max": 10058.0,
      "count": 1,
      "ratio_to_perfect": 0.5714772727272728
    },
    "or_to_llm": {
      "rewards": [
        9916.0
      ],
      "mean": 9916.0,
      "std": 0.0,
      "min": 9916.0,
      "max": 9916.0,
      "count": 1,
      "ratio_to_perfect": 0.5634090909090909
    },
    "perfect_score": {
      "rewards": [
        17600.0
      ],
      "mean": 17600.0,
      "std": 0.0,
      "min": 17600.0,
      "max": 17600.0,
      "count": 1,
      "ratio_to_perfect": 1.0
    }
  },
  "errors": {}
}