{
  "instance_dir": "/shared/share_malatown/OR_Agent/examples/benchmark/synthetic_trajectory/lead_time_0/p09_temp_spike_dip/v2_temp_dip/r1_med",
  "instance_name": "r1_med",
  "promised_lead_time": 0,
  "model": "x-ai/grok-4.1-fast",
  "num_runs_llm": 1,
  "num_runs_deterministic": 1,
  "max_periods": null,
  "summary": {
    "perfect_score": 18552.0,
    "ratios": {
      "or": 0.8917097887020268,
      "llm": 0.8847024579560155,
      "llm_to_or": 0.8828697714532125,
      "or_to_llm": 0.8749460974557999,
      "perfect_score": 1.0
    },
    "warnings": null
  },
  "results": {
    "or": {
      "rewards": [
        16543.0
      ],
      "mean": 16543.0,
      "std": 0.0,
      "min": 16543.0,
      "max": 16543.0,
      "count": 1,
      "ratio_to_perfect": 0.8917097887020268
    },
    "llm": {
      "rewards": [
        16413.0
      ],
      "mean": 16413.0,
      "std": 0.0,
      "min": 16413.0,
      "max": 16413.0,
      "count": 1,
      "ratio_to_perfect": 0.8847024579560155
    },
    "llm_to_or": {
      "rewards": [
        16379.0
      ],
      "mean": 16379.0,
      "std": 0.0,
      "min": 16379.0,
      "max": 16379.0,
      "count": 1,
      "ratio_to_perfect": 0.8828697714532125
    },
    "or_to_llm": {
      "rewards": [
        16232.0
      ],
      "mean": 16232.0,
      "std": 0.0,
      "min": 16232.0,
      "max": 16232.0,
      "count": 1,
      "ratio_to_perfect": 0.8749460974557999
    },
    "perfect_score": {
      "rewards": [
        18552.0
      ],
      "mean": 18552.0,
      "std": 0.0,
      "min": 18552.0,
      "max": 18552.0,
      "count": 1,
      "ratio_to_perfect": 1.0
    }
  },
  "errors": {}
}