{
  "instance_dir": "/shared/share_malatown/OR_Agent/examples/benchmark/real_trajectory/lead_time_0/624486001",
  "instance_name": "624486001",
  "promised_lead_time": 0,
  "model": "x-ai/grok-4.1-fast",
  "num_runs_llm": 1,
  "num_runs_deterministic": 1,
  "max_periods": null,
  "summary": {
    "perfect_score": 19908.0,
    "ratios": {
      "or": 0.7109704641350211,
      "llm": 0.8666867590918224,
      "llm_to_or": 0.879395218002813,
      "or_to_llm": 0.8652802893309223,
      "perfect_score": 1.0
    },
    "warnings": null
  },
  "results": {
    "or": {
      "rewards": [
        14154.0
      ],
      "mean": 14154.0,
      "std": 0.0,
      "min": 14154.0,
      "max": 14154.0,
      "count": 1,
      "ratio_to_perfect": 0.7109704641350211
    },
    "llm": {
      "rewards": [
        17254.0
      ],
      "mean": 17254.0,
      "std": 0.0,
      "min": 17254.0,
      "max": 17254.0,
      "count": 1,
      "ratio_to_perfect": 0.8666867590918224
    },
    "llm_to_or": {
      "rewards": [
        17507.0
      ],
      "mean": 17507.0,
      "std": 0.0,
      "min": 17507.0,
      "max": 17507.0,
      "count": 1,
      "ratio_to_perfect": 0.879395218002813
    },
    "or_to_llm": {
      "rewards": [
        17226.0
      ],
      "mean": 17226.0,
      "std": 0.0,
      "min": 17226.0,
      "max": 17226.0,
      "count": 1,
      "ratio_to_perfect": 0.8652802893309223
    },
    "perfect_score": {
      "rewards": [
        19908.0
      ],
      "mean": 19908.0,
      "std": 0.0,
      "min": 19908.0,
      "max": 19908.0,
      "count": 1,
      "ratio_to_perfect": 1.0
    }
  },
  "errors": {}
}