{
  "instance_dir": "/shared/share_malatown/OR_Agent/examples/benchmark/synthetic_trajectory/lead_time_4/p04_increasing_trend/v2_linear_50_3t/r2_high",
  "instance_name": "r2_high",
  "promised_lead_time": 4,
  "model": "x-ai/grok-4.1-fast",
  "num_runs_llm": 1,
  "num_runs_deterministic": 1,
  "max_periods": null,
  "summary": {
    "perfect_score": 122816.0,
    "ratios": {
      "or": 0.7676768499218343,
      "llm": 0.771446717040125,
      "llm_to_or": 0.8776706618030224,
      "or_to_llm": 0.8548071912454404,
      "perfect_score": 1.0
    },
    "warnings": null
  },
  "results": {
    "or": {
      "rewards": [
        94283.0
      ],
      "mean": 94283.0,
      "std": 0.0,
      "min": 94283.0,
      "max": 94283.0,
      "count": 1,
      "ratio_to_perfect": 0.7676768499218343
    },
    "llm": {
      "rewards": [
        94746.0
      ],
      "mean": 94746.0,
      "std": 0.0,
      "min": 94746.0,
      "max": 94746.0,
      "count": 1,
      "ratio_to_perfect": 0.771446717040125
    },
    "llm_to_or": {
      "rewards": [
        107792.0
      ],
      "mean": 107792.0,
      "std": 0.0,
      "min": 107792.0,
      "max": 107792.0,
      "count": 1,
      "ratio_to_perfect": 0.8776706618030224
    },
    "or_to_llm": {
      "rewards": [
        104984.0
      ],
      "mean": 104984.0,
      "std": 0.0,
      "min": 104984.0,
      "max": 104984.0,
      "count": 1,
      "ratio_to_perfect": 0.8548071912454404
    },
    "perfect_score": {
      "rewards": [
        122816.0
      ],
      "mean": 122816.0,
      "std": 0.0,
      "min": 122816.0,
      "max": 122816.0,
      "count": 1,
      "ratio_to_perfect": 1.0
    }
  },
  "errors": {}
}