{
  "instance_dir": "D:\\TextArena\\examples\\benchmark\\real_trajectory\\lead_time_4\\615141002",
  "instance_name": "615141002",
  "promised_lead_time": 4,
  "model": "google/gemini-3-flash-preview",
  "num_runs_llm": 1,
  "num_runs_deterministic": 1,
  "max_periods": null,
  "summary": {
    "perfect_score": 16508.0,
    "ratios": {
      "or": -0.6224254906711897,
      "llm": -1.9217349164041677,
      "llm_to_or": -1.9715895323479524,
      "or_to_llm": -1.140053307487279,
      "perfect_score": 1.0
    },
    "warnings": null
  },
  "results": {
    "or": {
      "rewards": [
        -10275.0
      ],
      "mean": -10275.0,
      "std": 0.0,
      "min": -10275.0,
      "max": -10275.0,
      "count": 1,
      "ratio_to_perfect": -0.6224254906711897
    },
    "llm": {
      "rewards": [
        -31724.0
      ],
      "mean": -31724.0,
      "std": 0.0,
      "min": -31724.0,
      "max": -31724.0,
      "count": 1,
      "ratio_to_perfect": -1.9217349164041677
    },
    "llm_to_or": {
      "rewards": [
        -32547.0
      ],
      "mean": -32547.0,
      "std": 0.0,
      "min": -32547.0,
      "max": -32547.0,
      "count": 1,
      "ratio_to_perfect": -1.9715895323479524
    },
    "or_to_llm": {
      "rewards": [
        -18820.0
      ],
      "mean": -18820.0,
      "std": 0.0,
      "min": -18820.0,
      "max": -18820.0,
      "count": 1,
      "ratio_to_perfect": -1.140053307487279
    },
    "perfect_score": {
      "rewards": [
        16508.0
      ],
      "mean": 16508.0,
      "std": 0.0,
      "min": 16508.0,
      "max": 16508.0,
      "count": 1,
      "ratio_to_perfect": 1.0
    }
  },
  "errors": {}
}