{
  "instance_dir": "D:\\TextArena\\examples\\benchmark\\real_trajectory\\lead_time_4\\706016001",
  "instance_name": "706016001",
  "promised_lead_time": 4,
  "model": "google/gemini-3-flash-preview",
  "num_runs_llm": 1,
  "num_runs_deterministic": 1,
  "max_periods": null,
  "summary": {
    "perfect_score": 501030.0,
    "ratios": {
      "or": 0.6954992715007086,
      "llm": 0.5851685527812706,
      "llm_to_or": 0.6622298065984072,
      "or_to_llm": 0.6264674769973854,
      "perfect_score": 1.0
    },
    "warnings": null
  },
  "results": {
    "or": {
      "rewards": [
        348466.0
      ],
      "mean": 348466.0,
      "std": 0.0,
      "min": 348466.0,
      "max": 348466.0,
      "count": 1,
      "ratio_to_perfect": 0.6954992715007086
    },
    "llm": {
      "rewards": [
        293187.0
      ],
      "mean": 293187.0,
      "std": 0.0,
      "min": 293187.0,
      "max": 293187.0,
      "count": 1,
      "ratio_to_perfect": 0.5851685527812706
    },
    "llm_to_or": {
      "rewards": [
        331797.0
      ],
      "mean": 331797.0,
      "std": 0.0,
      "min": 331797.0,
      "max": 331797.0,
      "count": 1,
      "ratio_to_perfect": 0.6622298065984072
    },
    "or_to_llm": {
      "rewards": [
        313879.0
      ],
      "mean": 313879.0,
      "std": 0.0,
      "min": 313879.0,
      "max": 313879.0,
      "count": 1,
      "ratio_to_perfect": 0.6264674769973854
    },
    "perfect_score": {
      "rewards": [
        501030.0
      ],
      "mean": 501030.0,
      "std": 0.0,
      "min": 501030.0,
      "max": 501030.0,
      "count": 1,
      "ratio_to_perfect": 1.0
    }
  },
  "errors": {}
}