{
  "instance_dir": "/shared/share_malatown/OR_Agent/examples/benchmark/real_trajectory/lead_time_0/399061008",
  "instance_name": "399061008",
  "promised_lead_time": 0,
  "model": "x-ai/grok-4.1-fast",
  "num_runs_llm": 1,
  "num_runs_deterministic": 1,
  "max_periods": null,
  "summary": {
    "perfect_score": 77292.0,
    "ratios": {
      "or": 0.8404362676603012,
      "llm": 0.8533742172540496,
      "llm_to_or": 0.8911659680173886,
      "or_to_llm": 0.8785644051130777,
      "perfect_score": 1.0
    },
    "warnings": null
  },
  "results": {
    "or": {
      "rewards": [
        64959.0
      ],
      "mean": 64959.0,
      "std": 0.0,
      "min": 64959.0,
      "max": 64959.0,
      "count": 1,
      "ratio_to_perfect": 0.8404362676603012
    },
    "llm": {
      "rewards": [
        65959.0
      ],
      "mean": 65959.0,
      "std": 0.0,
      "min": 65959.0,
      "max": 65959.0,
      "count": 1,
      "ratio_to_perfect": 0.8533742172540496
    },
    "llm_to_or": {
      "rewards": [
        68880.0
      ],
      "mean": 68880.0,
      "std": 0.0,
      "min": 68880.0,
      "max": 68880.0,
      "count": 1,
      "ratio_to_perfect": 0.8911659680173886
    },
    "or_to_llm": {
      "rewards": [
        67906.0
      ],
      "mean": 67906.0,
      "std": 0.0,
      "min": 67906.0,
      "max": 67906.0,
      "count": 1,
      "ratio_to_perfect": 0.8785644051130777
    },
    "perfect_score": {
      "rewards": [
        77292.0
      ],
      "mean": 77292.0,
      "std": 0.0,
      "min": 77292.0,
      "max": 77292.0,
      "count": 1,
      "ratio_to_perfect": 1.0
    }
  },
  "errors": {}
}