{
  "instance_dir": "D:\\TextArena\\examples\\benchmark\\real_trajectory\\lead_time_stochastic\\685814003",
  "instance_name": "685814003",
  "promised_lead_time": 2,
  "model": "google/gemini-3-flash-preview",
  "num_runs_llm": 1,
  "num_runs_deterministic": 1,
  "max_periods": null,
  "summary": {
    "perfect_score": 72732.0,
    "ratios": {
      "or": 0.19908705934114282,
      "llm": 0.5903041302315349,
      "llm_to_or": 0.5461007534510257,
      "or_to_llm": 0.5771737337073091,
      "perfect_score": 1.0
    },
    "warnings": null
  },
  "results": {
    "or": {
      "rewards": [
        14480.0
      ],
      "mean": 14480.0,
      "std": 0.0,
      "min": 14480.0,
      "max": 14480.0,
      "count": 1,
      "ratio_to_perfect": 0.19908705934114282
    },
    "llm": {
      "rewards": [
        42934.0
      ],
      "mean": 42934.0,
      "std": 0.0,
      "min": 42934.0,
      "max": 42934.0,
      "count": 1,
      "ratio_to_perfect": 0.5903041302315349
    },
    "llm_to_or": {
      "rewards": [
        39719.0
      ],
      "mean": 39719.0,
      "std": 0.0,
      "min": 39719.0,
      "max": 39719.0,
      "count": 1,
      "ratio_to_perfect": 0.5461007534510257
    },
    "or_to_llm": {
      "rewards": [
        41979.0
      ],
      "mean": 41979.0,
      "std": 0.0,
      "min": 41979.0,
      "max": 41979.0,
      "count": 1,
      "ratio_to_perfect": 0.5771737337073091
    },
    "perfect_score": {
      "rewards": [
        72732.0
      ],
      "mean": 72732.0,
      "std": 0.0,
      "min": 72732.0,
      "max": 72732.0,
      "count": 1,
      "ratio_to_perfect": 1.0
    }
  },
  "errors": {}
}