{
  "instance_dir": "/shared/share_malatown/OR_Agent/examples/benchmark/real_trajectory/lead_time_4/685816001",
  "instance_name": "685816001",
  "promised_lead_time": 4,
  "model": "x-ai/grok-4.1-fast",
  "num_runs_llm": 1,
  "num_runs_deterministic": 1,
  "max_periods": null,
  "summary": {
    "perfect_score": 4859.0,
    "ratios": {
      "or": 0.05309734513274336,
      "llm": -1.1887219592508746,
      "llm_to_or": 0.060712080675036015,
      "or_to_llm": -0.19098579954723194,
      "perfect_score": 1.0
    },
    "warnings": null
  },
  "results": {
    "or": {
      "rewards": [
        258.0
      ],
      "mean": 258.0,
      "std": 0.0,
      "min": 258.0,
      "max": 258.0,
      "count": 1,
      "ratio_to_perfect": 0.05309734513274336
    },
    "llm": {
      "rewards": [
        -5776.0
      ],
      "mean": -5776.0,
      "std": 0.0,
      "min": -5776.0,
      "max": -5776.0,
      "count": 1,
      "ratio_to_perfect": -1.1887219592508746
    },
    "llm_to_or": {
      "rewards": [
        295.0
      ],
      "mean": 295.0,
      "std": 0.0,
      "min": 295.0,
      "max": 295.0,
      "count": 1,
      "ratio_to_perfect": 0.060712080675036015
    },
    "or_to_llm": {
      "rewards": [
        -928.0
      ],
      "mean": -928.0,
      "std": 0.0,
      "min": -928.0,
      "max": -928.0,
      "count": 1,
      "ratio_to_perfect": -0.19098579954723194
    },
    "perfect_score": {
      "rewards": [
        4859.0
      ],
      "mean": 4859.0,
      "std": 0.0,
      "min": 4859.0,
      "max": 4859.0,
      "count": 1,
      "ratio_to_perfect": 1.0
    }
  },
  "errors": {}
}