{
  "instance_dir": "D:\\TextArena\\examples\\benchmark\\synthetic_trajectory\\lead_time_0\\p06_variance_change\\v3_var_decrease\\r1_high",
  "instance_name": "r1_high",
  "promised_lead_time": 0,
  "model": "google/gemini-3-flash-preview",
  "num_runs_llm": 1,
  "num_runs_deterministic": 1,
  "max_periods": null,
  "summary": {
    "perfect_score": 90611.0,
    "ratios": {
      "or": 0.9285406849058061,
      "llm": 0.8930703777687036,
      "llm_to_or": 0.9154296939665162,
      "or_to_llm": 0.9262893026233018,
      "perfect_score": 1.0
    },
    "warnings": null
  },
  "results": {
    "or": {
      "rewards": [
        84136.0
      ],
      "mean": 84136.0,
      "std": 0.0,
      "min": 84136.0,
      "max": 84136.0,
      "count": 1,
      "ratio_to_perfect": 0.9285406849058061
    },
    "llm": {
      "rewards": [
        80922.0
      ],
      "mean": 80922.0,
      "std": 0.0,
      "min": 80922.0,
      "max": 80922.0,
      "count": 1,
      "ratio_to_perfect": 0.8930703777687036
    },
    "llm_to_or": {
      "rewards": [
        82948.0
      ],
      "mean": 82948.0,
      "std": 0.0,
      "min": 82948.0,
      "max": 82948.0,
      "count": 1,
      "ratio_to_perfect": 0.9154296939665162
    },
    "or_to_llm": {
      "rewards": [
        83932.0
      ],
      "mean": 83932.0,
      "std": 0.0,
      "min": 83932.0,
      "max": 83932.0,
      "count": 1,
      "ratio_to_perfect": 0.9262893026233018
    },
    "perfect_score": {
      "rewards": [
        90611.0
      ],
      "mean": 90611.0,
      "std": 0.0,
      "min": 90611.0,
      "max": 90611.0,
      "count": 1,
      "ratio_to_perfect": 1.0
    }
  },
  "errors": {}
}