{
  "instance_dir": "/shared/share_malatown/OR-Agent-GPT5mini-benchmark/examples/benchmark/real_trajectory/lead_time_stochastic/253448003",
  "instance_name": "253448003",
  "promised_lead_time": 2,
  "model": "openai/gpt-5-mini",
  "num_runs_llm": 1,
  "num_runs_deterministic": 1,
  "max_periods": null,
  "summary": {
    "perfect_score": 57323.0,
    "ratios": {
      "or": 0.3420267606370916,
      "llm": 0.45206984979851017,
      "llm_to_or": 0.22446487448319175,
      "or_to_llm": 0.27510772290354657,
      "perfect_score": 1.0
    },
    "warnings": null
  },
  "results": {
    "or": {
      "rewards": [
        19606.0
      ],
      "mean": 19606.0,
      "std": 0.0,
      "min": 19606.0,
      "max": 19606.0,
      "count": 1,
      "ratio_to_perfect": 0.3420267606370916
    },
    "llm": {
      "rewards": [
        25914.0
      ],
      "mean": 25914.0,
      "std": 0.0,
      "min": 25914.0,
      "max": 25914.0,
      "count": 1,
      "ratio_to_perfect": 0.45206984979851017
    },
    "llm_to_or": {
      "rewards": [
        12867.0
      ],
      "mean": 12867.0,
      "std": 0.0,
      "min": 12867.0,
      "max": 12867.0,
      "count": 1,
      "ratio_to_perfect": 0.22446487448319175
    },
    "or_to_llm": {
      "rewards": [
        15770.0
      ],
      "mean": 15770.0,
      "std": 0.0,
      "min": 15770.0,
      "max": 15770.0,
      "count": 1,
      "ratio_to_perfect": 0.27510772290354657
    },
    "perfect_score": {
      "rewards": [
        57323.0
      ],
      "mean": 57323.0,
      "std": 0.0,
      "min": 57323.0,
      "max": 57323.0,
      "count": 1,
      "ratio_to_perfect": 1.0
    }
  },
  "errors": {}
}