{
  "instance_dir": "/shared/share_malatown/OR_Agent/examples/benchmark/real_trajectory/lead_time_4/516903005",
  "instance_name": "516903005",
  "promised_lead_time": 4,
  "model": "x-ai/grok-4.1-fast",
  "num_runs_llm": 1,
  "num_runs_deterministic": 1,
  "max_periods": null,
  "summary": {
    "perfect_score": 62985.0,
    "ratios": {
      "or": 0.493530205604509,
      "llm": 0.2710169087878066,
      "llm_to_or": 0.4610621576565849,
      "or_to_llm": 0.48595697388267045,
      "perfect_score": 1.0
    },
    "warnings": null
  },
  "results": {
    "or": {
      "rewards": [
        31085.0
      ],
      "mean": 31085.0,
      "std": 0.0,
      "min": 31085.0,
      "max": 31085.0,
      "count": 1,
      "ratio_to_perfect": 0.493530205604509
    },
    "llm": {
      "rewards": [
        17070.0
      ],
      "mean": 17070.0,
      "std": 0.0,
      "min": 17070.0,
      "max": 17070.0,
      "count": 1,
      "ratio_to_perfect": 0.2710169087878066
    },
    "llm_to_or": {
      "rewards": [
        29040.0
      ],
      "mean": 29040.0,
      "std": 0.0,
      "min": 29040.0,
      "max": 29040.0,
      "count": 1,
      "ratio_to_perfect": 0.4610621576565849
    },
    "or_to_llm": {
      "rewards": [
        30608.0
      ],
      "mean": 30608.0,
      "std": 0.0,
      "min": 30608.0,
      "max": 30608.0,
      "count": 1,
      "ratio_to_perfect": 0.48595697388267045
    },
    "perfect_score": {
      "rewards": [
        62985.0
      ],
      "mean": 62985.0,
      "std": 0.0,
      "min": 62985.0,
      "max": 62985.0,
      "count": 1,
      "ratio_to_perfect": 1.0
    }
  },
  "errors": {}
}