{
  "instance_dir": "/shared/share_malatown/OR_Agent/examples/benchmark/real_trajectory/lead_time_0/156231001",
  "instance_name": "156231001",
  "promised_lead_time": 0,
  "model": "x-ai/grok-4.1-fast",
  "num_runs_llm": 1,
  "num_runs_deterministic": 1,
  "max_periods": null,
  "summary": {
    "perfect_score": 43580.0,
    "ratios": {
      "or": 0.7908444240477284,
      "llm": 0.8653740247820101,
      "llm_to_or": 0.8451583295089491,
      "or_to_llm": 0.8440110142267095,
      "perfect_score": 1.0
    },
    "warnings": null
  },
  "results": {
    "or": {
      "rewards": [
        34465.0
      ],
      "mean": 34465.0,
      "std": 0.0,
      "min": 34465.0,
      "max": 34465.0,
      "count": 1,
      "ratio_to_perfect": 0.7908444240477284
    },
    "llm": {
      "rewards": [
        37713.0
      ],
      "mean": 37713.0,
      "std": 0.0,
      "min": 37713.0,
      "max": 37713.0,
      "count": 1,
      "ratio_to_perfect": 0.8653740247820101
    },
    "llm_to_or": {
      "rewards": [
        36832.0
      ],
      "mean": 36832.0,
      "std": 0.0,
      "min": 36832.0,
      "max": 36832.0,
      "count": 1,
      "ratio_to_perfect": 0.8451583295089491
    },
    "or_to_llm": {
      "rewards": [
        36782.0
      ],
      "mean": 36782.0,
      "std": 0.0,
      "min": 36782.0,
      "max": 36782.0,
      "count": 1,
      "ratio_to_perfect": 0.8440110142267095
    },
    "perfect_score": {
      "rewards": [
        43580.0
      ],
      "mean": 43580.0,
      "std": 0.0,
      "min": 43580.0,
      "max": 43580.0,
      "count": 1,
      "ratio_to_perfect": 1.0
    }
  },
  "errors": {}
}