{
  "instance_dir": "D:\\TextArena\\examples\\benchmark\\synthetic_trajectory\\lead_time_4\\p01_stationary_iid\\v1_normal_100_25\\r1_high",
  "instance_name": "r1_high",
  "promised_lead_time": 4,
  "model": "google/gemini-3-flash-preview",
  "num_runs_llm": 1,
  "num_runs_deterministic": 1,
  "max_periods": null,
  "summary": {
    "perfect_score": 97318.0,
    "ratios": {
      "or": 0.872202470252163,
      "llm": 0.8365461682319818,
      "llm_to_or": 0.8543332168766312,
      "or_to_llm": 0.8552991224644978,
      "perfect_score": 1.0
    },
    "warnings": null
  },
  "results": {
    "or": {
      "rewards": [
        84881.0
      ],
      "mean": 84881.0,
      "std": 0.0,
      "min": 84881.0,
      "max": 84881.0,
      "count": 1,
      "ratio_to_perfect": 0.872202470252163
    },
    "llm": {
      "rewards": [
        81411.0
      ],
      "mean": 81411.0,
      "std": 0.0,
      "min": 81411.0,
      "max": 81411.0,
      "count": 1,
      "ratio_to_perfect": 0.8365461682319818
    },
    "llm_to_or": {
      "rewards": [
        83142.0
      ],
      "mean": 83142.0,
      "std": 0.0,
      "min": 83142.0,
      "max": 83142.0,
      "count": 1,
      "ratio_to_perfect": 0.8543332168766312
    },
    "or_to_llm": {
      "rewards": [
        83236.0
      ],
      "mean": 83236.0,
      "std": 0.0,
      "min": 83236.0,
      "max": 83236.0,
      "count": 1,
      "ratio_to_perfect": 0.8552991224644978
    },
    "perfect_score": {
      "rewards": [
        97318.0
      ],
      "mean": 97318.0,
      "std": 0.0,
      "min": 97318.0,
      "max": 97318.0,
      "count": 1,
      "ratio_to_perfect": 1.0
    }
  },
  "errors": {}
}