{
  "instance_dir": "/shared/share_malatown/OR-Agent-GPT5mini-benchmark/examples/benchmark/real_trajectory/lead_time_0/640021005",
  "instance_name": "640021005",
  "promised_lead_time": 0,
  "model": "openai/gpt-5-mini",
  "num_runs_llm": 1,
  "num_runs_deterministic": 1,
  "max_periods": null,
  "summary": {
    "perfect_score": 6021.0,
    "ratios": {
      "or": 0.4617173227038698,
      "llm": 0.5990699219398771,
      "llm_to_or": 0.5044012622487959,
      "or_to_llm": 0.6460720810496595,
      "perfect_score": 1.0
    },
    "warnings": null
  },
  "results": {
    "or": {
      "rewards": [
        2780.0
      ],
      "mean": 2780.0,
      "std": 0.0,
      "min": 2780.0,
      "max": 2780.0,
      "count": 1,
      "ratio_to_perfect": 0.4617173227038698
    },
    "llm": {
      "rewards": [
        3607.0
      ],
      "mean": 3607.0,
      "std": 0.0,
      "min": 3607.0,
      "max": 3607.0,
      "count": 1,
      "ratio_to_perfect": 0.5990699219398771
    },
    "llm_to_or": {
      "rewards": [
        3037.0
      ],
      "mean": 3037.0,
      "std": 0.0,
      "min": 3037.0,
      "max": 3037.0,
      "count": 1,
      "ratio_to_perfect": 0.5044012622487959
    },
    "or_to_llm": {
      "rewards": [
        3890.0
      ],
      "mean": 3890.0,
      "std": 0.0,
      "min": 3890.0,
      "max": 3890.0,
      "count": 1,
      "ratio_to_perfect": 0.6460720810496595
    },
    "perfect_score": {
      "rewards": [
        6021.0
      ],
      "mean": 6021.0,
      "std": 0.0,
      "min": 6021.0,
      "max": 6021.0,
      "count": 1,
      "ratio_to_perfect": 1.0
    }
  },
  "errors": {}
}