{
  "instance_dir": "D:\\TextArena\\examples\\benchmark\\synthetic_trajectory\\lead_time_stochastic\\p05_decreasing_trend\\v4_200_div_sqrt_t\\r2_high",
  "instance_name": "r2_high",
  "promised_lead_time": 2,
  "model": "google/gemini-3-flash-preview",
  "num_runs_llm": 1,
  "num_runs_deterministic": 1,
  "max_periods": null,
  "summary": {
    "perfect_score": 50483.0,
    "ratios": {
      "or": 0.30582572351088483,
      "llm": 0.6041439692569776,
      "llm_to_or": 0.3805835627835113,
      "or_to_llm": 0.5978844363449082,
      "perfect_score": 1.0
    },
    "warnings": null
  },
  "results": {
    "or": {
      "rewards": [
        15439.0
      ],
      "mean": 15439.0,
      "std": 0.0,
      "min": 15439.0,
      "max": 15439.0,
      "count": 1,
      "ratio_to_perfect": 0.30582572351088483
    },
    "llm": {
      "rewards": [
        30499.0
      ],
      "mean": 30499.0,
      "std": 0.0,
      "min": 30499.0,
      "max": 30499.0,
      "count": 1,
      "ratio_to_perfect": 0.6041439692569776
    },
    "llm_to_or": {
      "rewards": [
        19213.0
      ],
      "mean": 19213.0,
      "std": 0.0,
      "min": 19213.0,
      "max": 19213.0,
      "count": 1,
      "ratio_to_perfect": 0.3805835627835113
    },
    "or_to_llm": {
      "rewards": [
        30183.0
      ],
      "mean": 30183.0,
      "std": 0.0,
      "min": 30183.0,
      "max": 30183.0,
      "count": 1,
      "ratio_to_perfect": 0.5978844363449082
    },
    "perfect_score": {
      "rewards": [
        50483.0
      ],
      "mean": 50483.0,
      "std": 0.0,
      "min": 50483.0,
      "max": 50483.0,
      "count": 1,
      "ratio_to_perfect": 1.0
    }
  },
  "errors": {}
}