{
  "instance_dir": "/shared/share_malatown/OR_Agent/examples/benchmark/synthetic_trajectory/lead_time_0/p05_decreasing_trend/v2_exp_decay_0_97/r1_high",
  "instance_name": "r1_high",
  "promised_lead_time": 0,
  "model": "x-ai/grok-4.1-fast",
  "num_runs_llm": 1,
  "num_runs_deterministic": 1,
  "max_periods": null,
  "summary": {
    "perfect_score": 95285.0,
    "ratios": {
      "or": 0.9399065960014693,
      "llm": 0.9540536285879204,
      "llm_to_or": 0.9571181193262318,
      "or_to_llm": 0.9563205121477673,
      "perfect_score": 1.0
    },
    "warnings": null
  },
  "results": {
    "or": {
      "rewards": [
        89559.0
      ],
      "mean": 89559.0,
      "std": 0.0,
      "min": 89559.0,
      "max": 89559.0,
      "count": 1,
      "ratio_to_perfect": 0.9399065960014693
    },
    "llm": {
      "rewards": [
        90907.0
      ],
      "mean": 90907.0,
      "std": 0.0,
      "min": 90907.0,
      "max": 90907.0,
      "count": 1,
      "ratio_to_perfect": 0.9540536285879204
    },
    "llm_to_or": {
      "rewards": [
        91199.0
      ],
      "mean": 91199.0,
      "std": 0.0,
      "min": 91199.0,
      "max": 91199.0,
      "count": 1,
      "ratio_to_perfect": 0.9571181193262318
    },
    "or_to_llm": {
      "rewards": [
        91123.0
      ],
      "mean": 91123.0,
      "std": 0.0,
      "min": 91123.0,
      "max": 91123.0,
      "count": 1,
      "ratio_to_perfect": 0.9563205121477673
    },
    "perfect_score": {
      "rewards": [
        95285.0
      ],
      "mean": 95285.0,
      "std": 0.0,
      "min": 95285.0,
      "max": 95285.0,
      "count": 1,
      "ratio_to_perfect": 1.0
    }
  },
  "errors": {}
}