{
  "instance_dir": "/shared/share_malatown/OR_Agent/examples/benchmark/real_trajectory/lead_time_stochastic/732842002",
  "instance_name": "732842002",
  "promised_lead_time": 2,
  "model": "x-ai/grok-4.1-fast",
  "num_runs_llm": 1,
  "num_runs_deterministic": 1,
  "max_periods": null,
  "summary": {
    "perfect_score": 14196.0,
    "ratios": {
      "or": 0.2713440405748098,
      "llm": 0.13785573400958015,
      "llm_to_or": -0.4746407438715131,
      "or_to_llm": 0.40335305719921105,
      "perfect_score": 1.0
    },
    "warnings": null
  },
  "results": {
    "or": {
      "rewards": [
        3852.0
      ],
      "mean": 3852.0,
      "std": 0.0,
      "min": 3852.0,
      "max": 3852.0,
      "count": 1,
      "ratio_to_perfect": 0.2713440405748098
    },
    "llm": {
      "rewards": [
        1957.0
      ],
      "mean": 1957.0,
      "std": 0.0,
      "min": 1957.0,
      "max": 1957.0,
      "count": 1,
      "ratio_to_perfect": 0.13785573400958015
    },
    "llm_to_or": {
      "rewards": [
        -6738.0
      ],
      "mean": -6738.0,
      "std": 0.0,
      "min": -6738.0,
      "max": -6738.0,
      "count": 1,
      "ratio_to_perfect": -0.4746407438715131
    },
    "or_to_llm": {
      "rewards": [
        5726.0
      ],
      "mean": 5726.0,
      "std": 0.0,
      "min": 5726.0,
      "max": 5726.0,
      "count": 1,
      "ratio_to_perfect": 0.40335305719921105
    },
    "perfect_score": {
      "rewards": [
        14196.0
      ],
      "mean": 14196.0,
      "std": 0.0,
      "min": 14196.0,
      "max": 14196.0,
      "count": 1,
      "ratio_to_perfect": 1.0
    }
  },
  "errors": {}
}