{
  "instance_dir": "D:\\TextArena\\examples\\benchmark\\synthetic_trajectory\\lead_time_4\\p08_multi_changepoint\\v2_down_then_up\\r1_high",
  "instance_name": "r1_high",
  "promised_lead_time": 4,
  "model": "openai/gpt-5-mini",
  "num_runs_llm": 1,
  "num_runs_deterministic": 1,
  "max_periods": null,
  "summary": {
    "perfect_score": 83961.0,
    "ratios": {
      "or": 0.8038374959802765,
      "llm": 0.7767058515263039,
      "llm_to_or": 0.8024082609783113,
      "or_to_llm": 0.7694167530162813,
      "perfect_score": 1.0
    },
    "warnings": null
  },
  "results": {
    "or": {
      "rewards": [
        67491.0
      ],
      "mean": 67491.0,
      "std": 0.0,
      "min": 67491.0,
      "max": 67491.0,
      "count": 1,
      "ratio_to_perfect": 0.8038374959802765
    },
    "llm": {
      "rewards": [
        65213.0
      ],
      "mean": 65213.0,
      "std": 0.0,
      "min": 65213.0,
      "max": 65213.0,
      "count": 1,
      "ratio_to_perfect": 0.7767058515263039
    },
    "llm_to_or": {
      "rewards": [
        67371.0
      ],
      "mean": 67371.0,
      "std": 0.0,
      "min": 67371.0,
      "max": 67371.0,
      "count": 1,
      "ratio_to_perfect": 0.8024082609783113
    },
    "or_to_llm": {
      "rewards": [
        64601.0
      ],
      "mean": 64601.0,
      "std": 0.0,
      "min": 64601.0,
      "max": 64601.0,
      "count": 1,
      "ratio_to_perfect": 0.7694167530162813
    },
    "perfect_score": {
      "rewards": [
        83961.0
      ],
      "mean": 83961.0,
      "std": 0.0,
      "min": 83961.0,
      "max": 83961.0,
      "count": 1,
      "ratio_to_perfect": 1.0
    }
  },
  "errors": {}
}