{
  "instance_dir": "/shared/share_malatown/OR_Agent/examples/benchmark/synthetic_trajectory/lead_time_stochastic/p03_mean_decrease/v4_150to80/r2_high",
  "instance_name": "r2_high",
  "promised_lead_time": 2,
  "model": "x-ai/grok-4.1-fast",
  "num_runs_llm": 1,
  "num_runs_deterministic": 1,
  "max_periods": null,
  "summary": {
    "perfect_score": 95551.0,
    "ratios": {
      "or": 0.17297568837584118,
      "llm": 0.7798348525918096,
      "llm_to_or": 0.5089324025912864,
      "or_to_llm": 0.6418457159004092,
      "perfect_score": 1.0
    },
    "warnings": null
  },
  "results": {
    "or": {
      "rewards": [
        16528.0
      ],
      "mean": 16528.0,
      "std": 0.0,
      "min": 16528.0,
      "max": 16528.0,
      "count": 1,
      "ratio_to_perfect": 0.17297568837584118
    },
    "llm": {
      "rewards": [
        74514.0
      ],
      "mean": 74514.0,
      "std": 0.0,
      "min": 74514.0,
      "max": 74514.0,
      "count": 1,
      "ratio_to_perfect": 0.7798348525918096
    },
    "llm_to_or": {
      "rewards": [
        48629.0
      ],
      "mean": 48629.0,
      "std": 0.0,
      "min": 48629.0,
      "max": 48629.0,
      "count": 1,
      "ratio_to_perfect": 0.5089324025912864
    },
    "or_to_llm": {
      "rewards": [
        61329.0
      ],
      "mean": 61329.0,
      "std": 0.0,
      "min": 61329.0,
      "max": 61329.0,
      "count": 1,
      "ratio_to_perfect": 0.6418457159004092
    },
    "perfect_score": {
      "rewards": [
        95551.0
      ],
      "mean": 95551.0,
      "std": 0.0,
      "min": 95551.0,
      "max": 95551.0,
      "count": 1,
      "ratio_to_perfect": 1.0
    }
  },
  "errors": {}
}