{
  "instance_dir": "/shared/share_malatown/OR_Agent/examples/benchmark/synthetic_trajectory/lead_time_4/p07_seasonal/v1_period10_amp30/r2_high",
  "instance_name": "r2_high",
  "promised_lead_time": 4,
  "model": "x-ai/grok-4.1-fast",
  "num_runs_llm": 1,
  "num_runs_deterministic": 1,
  "max_periods": null,
  "summary": {
    "perfect_score": 91276.0,
    "ratios": {
      "or": 0.8202923002760857,
      "llm": 0.6893268767255357,
      "llm_to_or": 0.7943490074061089,
      "or_to_llm": 0.818090188001227,
      "perfect_score": 1.0
    },
    "warnings": null
  },
  "results": {
    "or": {
      "rewards": [
        74873.0
      ],
      "mean": 74873.0,
      "std": 0.0,
      "min": 74873.0,
      "max": 74873.0,
      "count": 1,
      "ratio_to_perfect": 0.8202923002760857
    },
    "llm": {
      "rewards": [
        62919.0
      ],
      "mean": 62919.0,
      "std": 0.0,
      "min": 62919.0,
      "max": 62919.0,
      "count": 1,
      "ratio_to_perfect": 0.6893268767255357
    },
    "llm_to_or": {
      "rewards": [
        72505.0
      ],
      "mean": 72505.0,
      "std": 0.0,
      "min": 72505.0,
      "max": 72505.0,
      "count": 1,
      "ratio_to_perfect": 0.7943490074061089
    },
    "or_to_llm": {
      "rewards": [
        74672.0
      ],
      "mean": 74672.0,
      "std": 0.0,
      "min": 74672.0,
      "max": 74672.0,
      "count": 1,
      "ratio_to_perfect": 0.818090188001227
    },
    "perfect_score": {
      "rewards": [
        91276.0
      ],
      "mean": 91276.0,
      "std": 0.0,
      "min": 91276.0,
      "max": 91276.0,
      "count": 1,
      "ratio_to_perfect": 1.0
    }
  },
  "errors": {}
}