{
  "instance_dir": "D:\\TextArena\\examples\\benchmark\\synthetic_trajectory\\lead_time_4\\p07_seasonal\\v1_period10_amp30\\r1_med",
  "instance_name": "r1_med",
  "promised_lead_time": 4,
  "model": "google/gemini-3-flash-preview",
  "num_runs_llm": 1,
  "num_runs_deterministic": 1,
  "max_periods": null,
  "summary": {
    "perfect_score": 19540.0,
    "ratios": {
      "or": 0.6031729785056295,
      "llm": 0.32860798362333676,
      "llm_to_or": 0.5001535312180143,
      "or_to_llm": 0.5351586489252814,
      "perfect_score": 1.0
    },
    "warnings": null
  },
  "results": {
    "or": {
      "rewards": [
        11786.0
      ],
      "mean": 11786.0,
      "std": 0.0,
      "min": 11786.0,
      "max": 11786.0,
      "count": 1,
      "ratio_to_perfect": 0.6031729785056295
    },
    "llm": {
      "rewards": [
        6421.0
      ],
      "mean": 6421.0,
      "std": 0.0,
      "min": 6421.0,
      "max": 6421.0,
      "count": 1,
      "ratio_to_perfect": 0.32860798362333676
    },
    "llm_to_or": {
      "rewards": [
        9773.0
      ],
      "mean": 9773.0,
      "std": 0.0,
      "min": 9773.0,
      "max": 9773.0,
      "count": 1,
      "ratio_to_perfect": 0.5001535312180143
    },
    "or_to_llm": {
      "rewards": [
        10457.0
      ],
      "mean": 10457.0,
      "std": 0.0,
      "min": 10457.0,
      "max": 10457.0,
      "count": 1,
      "ratio_to_perfect": 0.5351586489252814
    },
    "perfect_score": {
      "rewards": [
        19540.0
      ],
      "mean": 19540.0,
      "std": 0.0,
      "min": 19540.0,
      "max": 19540.0,
      "count": 1,
      "ratio_to_perfect": 1.0
    }
  },
  "errors": {}
}