{
  "instance_dir": "D:\\TextArena\\examples\\benchmark\\synthetic_trajectory\\lead_time_4\\p07_seasonal\\v2_period5_amp50\\r1_med",
  "instance_name": "r1_med",
  "promised_lead_time": 4,
  "model": "openai/gpt-5-mini",
  "num_runs_llm": 1,
  "num_runs_deterministic": 1,
  "max_periods": null,
  "summary": {
    "perfect_score": 19480.0,
    "ratios": {
      "or": 0.7239733059548255,
      "llm": 0.6693018480492813,
      "llm_to_or": 0.7106776180698152,
      "or_to_llm": 0.6163244353182752,
      "perfect_score": 1.0
    },
    "warnings": null
  },
  "results": {
    "or": {
      "rewards": [
        14103.0
      ],
      "mean": 14103.0,
      "std": 0.0,
      "min": 14103.0,
      "max": 14103.0,
      "count": 1,
      "ratio_to_perfect": 0.7239733059548255
    },
    "llm": {
      "rewards": [
        13038.0
      ],
      "mean": 13038.0,
      "std": 0.0,
      "min": 13038.0,
      "max": 13038.0,
      "count": 1,
      "ratio_to_perfect": 0.6693018480492813
    },
    "llm_to_or": {
      "rewards": [
        13844.0
      ],
      "mean": 13844.0,
      "std": 0.0,
      "min": 13844.0,
      "max": 13844.0,
      "count": 1,
      "ratio_to_perfect": 0.7106776180698152
    },
    "or_to_llm": {
      "rewards": [
        12006.0
      ],
      "mean": 12006.0,
      "std": 0.0,
      "min": 12006.0,
      "max": 12006.0,
      "count": 1,
      "ratio_to_perfect": 0.6163244353182752
    },
    "perfect_score": {
      "rewards": [
        19480.0
      ],
      "mean": 19480.0,
      "std": 0.0,
      "min": 19480.0,
      "max": 19480.0,
      "count": 1,
      "ratio_to_perfect": 1.0
    }
  },
  "errors": {}
}