{
  "instance_dir": "/shared/share_malatown/OR_Agent/examples/benchmark/real_trajectory/lead_time_stochastic/658030020",
  "instance_name": "658030020",
  "promised_lead_time": 2,
  "model": "x-ai/grok-4.1-fast",
  "num_runs_llm": 1,
  "num_runs_deterministic": 1,
  "max_periods": null,
  "summary": {
    "perfect_score": 13496.0,
    "ratios": {
      "or": 0.1642708950800237,
      "llm": 0.22213989330171902,
      "llm_to_or": -0.6759039715471251,
      "or_to_llm": 0.40093360995850624,
      "perfect_score": 1.0
    },
    "warnings": null
  },
  "results": {
    "or": {
      "rewards": [
        2217.0
      ],
      "mean": 2217.0,
      "std": 0.0,
      "min": 2217.0,
      "max": 2217.0,
      "count": 1,
      "ratio_to_perfect": 0.1642708950800237
    },
    "llm": {
      "rewards": [
        2998.0
      ],
      "mean": 2998.0,
      "std": 0.0,
      "min": 2998.0,
      "max": 2998.0,
      "count": 1,
      "ratio_to_perfect": 0.22213989330171902
    },
    "llm_to_or": {
      "rewards": [
        -9122.0
      ],
      "mean": -9122.0,
      "std": 0.0,
      "min": -9122.0,
      "max": -9122.0,
      "count": 1,
      "ratio_to_perfect": -0.6759039715471251
    },
    "or_to_llm": {
      "rewards": [
        5411.0
      ],
      "mean": 5411.0,
      "std": 0.0,
      "min": 5411.0,
      "max": 5411.0,
      "count": 1,
      "ratio_to_perfect": 0.40093360995850624
    },
    "perfect_score": {
      "rewards": [
        13496.0
      ],
      "mean": 13496.0,
      "std": 0.0,
      "min": 13496.0,
      "max": 13496.0,
      "count": 1,
      "ratio_to_perfect": 1.0
    }
  },
  "errors": {}
}