{
  "instance_dir": "D:\\TextArena\\examples\\benchmark\\real_trajectory\\lead_time_4\\547780001",
  "instance_name": "547780001",
  "promised_lead_time": 4,
  "model": "google/gemini-3-flash-preview",
  "num_runs_llm": 1,
  "num_runs_deterministic": 1,
  "max_periods": null,
  "summary": {
    "perfect_score": 3046.0,
    "ratios": {
      "or": -0.2856204858831254,
      "llm": -2.4944189100459617,
      "llm_to_or": -0.4799737360472751,
      "or_to_llm": -1.2708470124753775,
      "perfect_score": 1.0
    },
    "warnings": null
  },
  "results": {
    "or": {
      "rewards": [
        -870.0
      ],
      "mean": -870.0,
      "std": 0.0,
      "min": -870.0,
      "max": -870.0,
      "count": 1,
      "ratio_to_perfect": -0.2856204858831254
    },
    "llm": {
      "rewards": [
        -7598.0
      ],
      "mean": -7598.0,
      "std": 0.0,
      "min": -7598.0,
      "max": -7598.0,
      "count": 1,
      "ratio_to_perfect": -2.4944189100459617
    },
    "llm_to_or": {
      "rewards": [
        -1462.0
      ],
      "mean": -1462.0,
      "std": 0.0,
      "min": -1462.0,
      "max": -1462.0,
      "count": 1,
      "ratio_to_perfect": -0.4799737360472751
    },
    "or_to_llm": {
      "rewards": [
        -3871.0
      ],
      "mean": -3871.0,
      "std": 0.0,
      "min": -3871.0,
      "max": -3871.0,
      "count": 1,
      "ratio_to_perfect": -1.2708470124753775
    },
    "perfect_score": {
      "rewards": [
        3046.0
      ],
      "mean": 3046.0,
      "std": 0.0,
      "min": 3046.0,
      "max": 3046.0,
      "count": 1,
      "ratio_to_perfect": 1.0
    }
  },
  "errors": {}
}