{
  "instance_dir": "D:\\TextArena\\examples\\benchmark\\real_trajectory\\lead_time_0\\538699007",
  "instance_name": "538699007",
  "promised_lead_time": 0,
  "model": "google/gemini-3-flash-preview",
  "num_runs_llm": 1,
  "num_runs_deterministic": 1,
  "max_periods": null,
  "summary": {
    "perfect_score": 2914.0,
    "ratios": {
      "or": 0.10501029512697323,
      "llm": 0.619423472889499,
      "llm_to_or": 0.6218256691832532,
      "or_to_llm": 0.5308853809196981,
      "perfect_score": 1.0
    },
    "warnings": null
  },
  "results": {
    "or": {
      "rewards": [
        306.0
      ],
      "mean": 306.0,
      "std": 0.0,
      "min": 306.0,
      "max": 306.0,
      "count": 1,
      "ratio_to_perfect": 0.10501029512697323
    },
    "llm": {
      "rewards": [
        1805.0
      ],
      "mean": 1805.0,
      "std": 0.0,
      "min": 1805.0,
      "max": 1805.0,
      "count": 1,
      "ratio_to_perfect": 0.619423472889499
    },
    "llm_to_or": {
      "rewards": [
        1812.0
      ],
      "mean": 1812.0,
      "std": 0.0,
      "min": 1812.0,
      "max": 1812.0,
      "count": 1,
      "ratio_to_perfect": 0.6218256691832532
    },
    "or_to_llm": {
      "rewards": [
        1547.0
      ],
      "mean": 1547.0,
      "std": 0.0,
      "min": 1547.0,
      "max": 1547.0,
      "count": 1,
      "ratio_to_perfect": 0.5308853809196981
    },
    "perfect_score": {
      "rewards": [
        2914.0
      ],
      "mean": 2914.0,
      "std": 0.0,
      "min": 2914.0,
      "max": 2914.0,
      "count": 1,
      "ratio_to_perfect": 1.0
    }
  },
  "errors": {}
}