{
  "instance_dir": "D:\\TextArena\\examples\\benchmark\\real_trajectory\\lead_time_0\\554772003",
  "instance_name": "554772003",
  "promised_lead_time": 0,
  "model": "google/gemini-3-flash-preview",
  "num_runs_llm": 1,
  "num_runs_deterministic": 1,
  "max_periods": null,
  "summary": {
    "perfect_score": 2360.0,
    "ratios": {
      "or": 0.3635593220338983,
      "llm": 0.5809322033898305,
      "llm_to_or": 0.6063559322033898,
      "or_to_llm": 0.44152542372881354,
      "perfect_score": 1.0
    },
    "warnings": null
  },
  "results": {
    "or": {
      "rewards": [
        858.0
      ],
      "mean": 858.0,
      "std": 0.0,
      "min": 858.0,
      "max": 858.0,
      "count": 1,
      "ratio_to_perfect": 0.3635593220338983
    },
    "llm": {
      "rewards": [
        1371.0
      ],
      "mean": 1371.0,
      "std": 0.0,
      "min": 1371.0,
      "max": 1371.0,
      "count": 1,
      "ratio_to_perfect": 0.5809322033898305
    },
    "llm_to_or": {
      "rewards": [
        1431.0
      ],
      "mean": 1431.0,
      "std": 0.0,
      "min": 1431.0,
      "max": 1431.0,
      "count": 1,
      "ratio_to_perfect": 0.6063559322033898
    },
    "or_to_llm": {
      "rewards": [
        1042.0
      ],
      "mean": 1042.0,
      "std": 0.0,
      "min": 1042.0,
      "max": 1042.0,
      "count": 1,
      "ratio_to_perfect": 0.44152542372881354
    },
    "perfect_score": {
      "rewards": [
        2360.0
      ],
      "mean": 2360.0,
      "std": 0.0,
      "min": 2360.0,
      "max": 2360.0,
      "count": 1,
      "ratio_to_perfect": 1.0
    }
  },
  "errors": {}
}