{
  "instance_dir": "/shared/share_malatown/OR-Agent-GPT5mini-benchmark/examples/benchmark/real_trajectory/lead_time_4/160442007",
  "instance_name": "160442007",
  "promised_lead_time": 4,
  "model": "openai/gpt-5-mini",
  "num_runs_llm": 1,
  "num_runs_deterministic": 1,
  "max_periods": null,
  "summary": {
    "perfect_score": 160835.0,
    "ratios": {
      "or": 0.7630366524699226,
      "llm": 0.7382783598097429,
      "llm_to_or": 0.7603444523890944,
      "or_to_llm": 0.6448036807908726,
      "perfect_score": 1.0
    },
    "warnings": null
  },
  "results": {
    "or": {
      "rewards": [
        122723.0
      ],
      "mean": 122723.0,
      "std": 0.0,
      "min": 122723.0,
      "max": 122723.0,
      "count": 1,
      "ratio_to_perfect": 0.7630366524699226
    },
    "llm": {
      "rewards": [
        118741.0
      ],
      "mean": 118741.0,
      "std": 0.0,
      "min": 118741.0,
      "max": 118741.0,
      "count": 1,
      "ratio_to_perfect": 0.7382783598097429
    },
    "llm_to_or": {
      "rewards": [
        122290.0
      ],
      "mean": 122290.0,
      "std": 0.0,
      "min": 122290.0,
      "max": 122290.0,
      "count": 1,
      "ratio_to_perfect": 0.7603444523890944
    },
    "or_to_llm": {
      "rewards": [
        103707.0
      ],
      "mean": 103707.0,
      "std": 0.0,
      "min": 103707.0,
      "max": 103707.0,
      "count": 1,
      "ratio_to_perfect": 0.6448036807908726
    },
    "perfect_score": {
      "rewards": [
        160835.0
      ],
      "mean": 160835.0,
      "std": 0.0,
      "min": 160835.0,
      "max": 160835.0,
      "count": 1,
      "ratio_to_perfect": 1.0
    }
  },
  "errors": {}
}