{
  "instance_dir": "D:\\TextArena\\examples\\benchmark\\real_trajectory\\lead_time_0\\678696001",
  "instance_name": "678696001",
  "promised_lead_time": 0,
  "model": "google/gemini-3-flash-preview",
  "num_runs_llm": 1,
  "num_runs_deterministic": 1,
  "max_periods": null,
  "summary": {
    "perfect_score": 2410.0,
    "ratios": {
      "or": -0.4717842323651452,
      "llm": 0.3962655601659751,
      "llm_to_or": 0.6390041493775933,
      "or_to_llm": 0.4605809128630705,
      "perfect_score": 1.0
    },
    "warnings": null
  },
  "results": {
    "or": {
      "rewards": [
        -1137.0
      ],
      "mean": -1137.0,
      "std": 0.0,
      "min": -1137.0,
      "max": -1137.0,
      "count": 1,
      "ratio_to_perfect": -0.4717842323651452
    },
    "llm": {
      "rewards": [
        955.0
      ],
      "mean": 955.0,
      "std": 0.0,
      "min": 955.0,
      "max": 955.0,
      "count": 1,
      "ratio_to_perfect": 0.3962655601659751
    },
    "llm_to_or": {
      "rewards": [
        1540.0
      ],
      "mean": 1540.0,
      "std": 0.0,
      "min": 1540.0,
      "max": 1540.0,
      "count": 1,
      "ratio_to_perfect": 0.6390041493775933
    },
    "or_to_llm": {
      "rewards": [
        1110.0
      ],
      "mean": 1110.0,
      "std": 0.0,
      "min": 1110.0,
      "max": 1110.0,
      "count": 1,
      "ratio_to_perfect": 0.4605809128630705
    },
    "perfect_score": {
      "rewards": [
        2410.0
      ],
      "mean": 2410.0,
      "std": 0.0,
      "min": 2410.0,
      "max": 2410.0,
      "count": 1,
      "ratio_to_perfect": 1.0
    }
  },
  "errors": {}
}