{
  "instance_dir": "/shared/share_malatown/OR-Agent-GPT5mini-benchmark/examples/benchmark/real_trajectory/lead_time_4/573085004",
  "instance_name": "573085004",
  "promised_lead_time": 4,
  "model": "openai/gpt-5-mini",
  "num_runs_llm": 1,
  "num_runs_deterministic": 1,
  "max_periods": null,
  "summary": {
    "perfect_score": 22052.0,
    "ratios": {
      "or": -0.32817884999093055,
      "llm": -0.7478686740431707,
      "llm_to_or": -0.7785688372936695,
      "or_to_llm": -0.5916016687828768,
      "perfect_score": 1.0
    },
    "warnings": null
  },
  "results": {
    "or": {
      "rewards": [
        -7237.0
      ],
      "mean": -7237.0,
      "std": 0.0,
      "min": -7237.0,
      "max": -7237.0,
      "count": 1,
      "ratio_to_perfect": -0.32817884999093055
    },
    "llm": {
      "rewards": [
        -16492.0
      ],
      "mean": -16492.0,
      "std": 0.0,
      "min": -16492.0,
      "max": -16492.0,
      "count": 1,
      "ratio_to_perfect": -0.7478686740431707
    },
    "llm_to_or": {
      "rewards": [
        -17169.0
      ],
      "mean": -17169.0,
      "std": 0.0,
      "min": -17169.0,
      "max": -17169.0,
      "count": 1,
      "ratio_to_perfect": -0.7785688372936695
    },
    "or_to_llm": {
      "rewards": [
        -13046.0
      ],
      "mean": -13046.0,
      "std": 0.0,
      "min": -13046.0,
      "max": -13046.0,
      "count": 1,
      "ratio_to_perfect": -0.5916016687828768
    },
    "perfect_score": {
      "rewards": [
        22052.0
      ],
      "mean": 22052.0,
      "std": 0.0,
      "min": 22052.0,
      "max": 22052.0,
      "count": 1,
      "ratio_to_perfect": 1.0
    }
  },
  "errors": {}
}