{
  "instance_dir": "/shared/share_malatown/OR_Agent/examples/benchmark/real_trajectory/lead_time_0/538699001",
  "instance_name": "538699001",
  "promised_lead_time": 0,
  "model": "x-ai/grok-4.1-fast",
  "num_runs_llm": 1,
  "num_runs_deterministic": 1,
  "max_periods": null,
  "summary": {
    "perfect_score": 18276.0,
    "ratios": {
      "or": 0.6004596191726855,
      "llm": 0.7854563361785949,
      "llm_to_or": 0.8418144014007442,
      "or_to_llm": 0.8048260013131976,
      "perfect_score": 1.0
    },
    "warnings": null
  },
  "results": {
    "or": {
      "rewards": [
        10974.0
      ],
      "mean": 10974.0,
      "std": 0.0,
      "min": 10974.0,
      "max": 10974.0,
      "count": 1,
      "ratio_to_perfect": 0.6004596191726855
    },
    "llm": {
      "rewards": [
        14355.0
      ],
      "mean": 14355.0,
      "std": 0.0,
      "min": 14355.0,
      "max": 14355.0,
      "count": 1,
      "ratio_to_perfect": 0.7854563361785949
    },
    "llm_to_or": {
      "rewards": [
        15385.0
      ],
      "mean": 15385.0,
      "std": 0.0,
      "min": 15385.0,
      "max": 15385.0,
      "count": 1,
      "ratio_to_perfect": 0.8418144014007442
    },
    "or_to_llm": {
      "rewards": [
        14709.0
      ],
      "mean": 14709.0,
      "std": 0.0,
      "min": 14709.0,
      "max": 14709.0,
      "count": 1,
      "ratio_to_perfect": 0.8048260013131976
    },
    "perfect_score": {
      "rewards": [
        18276.0
      ],
      "mean": 18276.0,
      "std": 0.0,
      "min": 18276.0,
      "max": 18276.0,
      "count": 1,
      "ratio_to_perfect": 1.0
    }
  },
  "errors": {}
}