{
  "instance_dir": "D:\\TextArena\\examples\\benchmark\\real_trajectory\\lead_time_4\\658030006",
  "instance_name": "658030006",
  "promised_lead_time": 4,
  "model": "google/gemini-3-flash-preview",
  "num_runs_llm": 1,
  "num_runs_deterministic": 1,
  "max_periods": null,
  "summary": {
    "perfect_score": 58235.0,
    "ratios": {
      "or": 0.5938524942045161,
      "llm": 0.6616639477977162,
      "llm_to_or": 0.6691680261011419,
      "or_to_llm": 0.6708680346870439,
      "perfect_score": 1.0
    },
    "warnings": null
  },
  "results": {
    "or": {
      "rewards": [
        34583.0
      ],
      "mean": 34583.0,
      "std": 0.0,
      "min": 34583.0,
      "max": 34583.0,
      "count": 1,
      "ratio_to_perfect": 0.5938524942045161
    },
    "llm": {
      "rewards": [
        38532.0
      ],
      "mean": 38532.0,
      "std": 0.0,
      "min": 38532.0,
      "max": 38532.0,
      "count": 1,
      "ratio_to_perfect": 0.6616639477977162
    },
    "llm_to_or": {
      "rewards": [
        38969.0
      ],
      "mean": 38969.0,
      "std": 0.0,
      "min": 38969.0,
      "max": 38969.0,
      "count": 1,
      "ratio_to_perfect": 0.6691680261011419
    },
    "or_to_llm": {
      "rewards": [
        39068.0
      ],
      "mean": 39068.0,
      "std": 0.0,
      "min": 39068.0,
      "max": 39068.0,
      "count": 1,
      "ratio_to_perfect": 0.6708680346870439
    },
    "perfect_score": {
      "rewards": [
        58235.0
      ],
      "mean": 58235.0,
      "std": 0.0,
      "min": 58235.0,
      "max": 58235.0,
      "count": 1,
      "ratio_to_perfect": 1.0
    }
  },
  "errors": {}
}