{
  "instance_dir": "D:\\TextArena\\examples\\benchmark\\synthetic_trajectory\\lead_time_4\\p08_multi_changepoint\\v4_mild_fluctuations\\r1_med",
  "instance_name": "r1_med",
  "promised_lead_time": 4,
  "model": "google/gemini-3-flash-preview",
  "num_runs_llm": 1,
  "num_runs_deterministic": 1,
  "max_periods": null,
  "summary": {
    "perfect_score": 19756.0,
    "ratios": {
      "or": 0.7518222312208949,
      "llm": 0.5803300263211176,
      "llm_to_or": 0.7141121684551529,
      "or_to_llm": 0.6878416683539178,
      "perfect_score": 1.0
    },
    "warnings": null
  },
  "results": {
    "or": {
      "rewards": [
        14853.0
      ],
      "mean": 14853.0,
      "std": 0.0,
      "min": 14853.0,
      "max": 14853.0,
      "count": 1,
      "ratio_to_perfect": 0.7518222312208949
    },
    "llm": {
      "rewards": [
        11465.0
      ],
      "mean": 11465.0,
      "std": 0.0,
      "min": 11465.0,
      "max": 11465.0,
      "count": 1,
      "ratio_to_perfect": 0.5803300263211176
    },
    "llm_to_or": {
      "rewards": [
        14108.0
      ],
      "mean": 14108.0,
      "std": 0.0,
      "min": 14108.0,
      "max": 14108.0,
      "count": 1,
      "ratio_to_perfect": 0.7141121684551529
    },
    "or_to_llm": {
      "rewards": [
        13589.0
      ],
      "mean": 13589.0,
      "std": 0.0,
      "min": 13589.0,
      "max": 13589.0,
      "count": 1,
      "ratio_to_perfect": 0.6878416683539178
    },
    "perfect_score": {
      "rewards": [
        19756.0
      ],
      "mean": 19756.0,
      "std": 0.0,
      "min": 19756.0,
      "max": 19756.0,
      "count": 1,
      "ratio_to_perfect": 1.0
    }
  },
  "errors": {}
}