{
  "instance_dir": "D:\\TextArena\\examples\\benchmark\\synthetic_trajectory\\lead_time_0\\p04_increasing_trend\\v3_exp_1_05\\r2_low",
  "instance_name": "r2_low",
  "promised_lead_time": 0,
  "model": "google/gemini-3-flash-preview",
  "num_runs_llm": 1,
  "num_runs_deterministic": 1,
  "max_periods": null,
  "summary": {
    "perfect_score": 21969.0,
    "ratios": {
      "or": 0.4607401338249351,
      "llm": 0.9391870362783923,
      "llm_to_or": 0.9099185215530975,
      "or_to_llm": 0.9388228867950293,
      "perfect_score": 1.0
    },
    "warnings": null
  },
  "results": {
    "or": {
      "rewards": [
        10122.0
      ],
      "mean": 10122.0,
      "std": 0.0,
      "min": 10122.0,
      "max": 10122.0,
      "count": 1,
      "ratio_to_perfect": 0.4607401338249351
    },
    "llm": {
      "rewards": [
        20633.0
      ],
      "mean": 20633.0,
      "std": 0.0,
      "min": 20633.0,
      "max": 20633.0,
      "count": 1,
      "ratio_to_perfect": 0.9391870362783923
    },
    "llm_to_or": {
      "rewards": [
        19990.0
      ],
      "mean": 19990.0,
      "std": 0.0,
      "min": 19990.0,
      "max": 19990.0,
      "count": 1,
      "ratio_to_perfect": 0.9099185215530975
    },
    "or_to_llm": {
      "rewards": [
        20625.0
      ],
      "mean": 20625.0,
      "std": 0.0,
      "min": 20625.0,
      "max": 20625.0,
      "count": 1,
      "ratio_to_perfect": 0.9388228867950293
    },
    "perfect_score": {
      "rewards": [
        21969.0
      ],
      "mean": 21969.0,
      "std": 0.0,
      "min": 21969.0,
      "max": 21969.0,
      "count": 1,
      "ratio_to_perfect": 1.0
    }
  },
  "errors": {}
}