{
  "instance_dir": "D:\\TextArena\\examples\\benchmark\\real_trajectory\\lead_time_stochastic\\678342002",
  "instance_name": "678342002",
  "promised_lead_time": 2,
  "model": "google/gemini-3-flash-preview",
  "num_runs_llm": 1,
  "num_runs_deterministic": 1,
  "max_periods": null,
  "summary": {
    "perfect_score": 55100.0,
    "ratios": {
      "or": 0.1969147005444646,
      "llm": 0.6966424682395644,
      "llm_to_or": 0.40261343012704176,
      "or_to_llm": 0.5789110707803993,
      "perfect_score": 1.0
    },
    "warnings": null
  },
  "results": {
    "or": {
      "rewards": [
        10850.0
      ],
      "mean": 10850.0,
      "std": 0.0,
      "min": 10850.0,
      "max": 10850.0,
      "count": 1,
      "ratio_to_perfect": 0.1969147005444646
    },
    "llm": {
      "rewards": [
        38385.0
      ],
      "mean": 38385.0,
      "std": 0.0,
      "min": 38385.0,
      "max": 38385.0,
      "count": 1,
      "ratio_to_perfect": 0.6966424682395644
    },
    "llm_to_or": {
      "rewards": [
        22184.0
      ],
      "mean": 22184.0,
      "std": 0.0,
      "min": 22184.0,
      "max": 22184.0,
      "count": 1,
      "ratio_to_perfect": 0.40261343012704176
    },
    "or_to_llm": {
      "rewards": [
        31898.0
      ],
      "mean": 31898.0,
      "std": 0.0,
      "min": 31898.0,
      "max": 31898.0,
      "count": 1,
      "ratio_to_perfect": 0.5789110707803993
    },
    "perfect_score": {
      "rewards": [
        55100.0
      ],
      "mean": 55100.0,
      "std": 0.0,
      "min": 55100.0,
      "max": 55100.0,
      "count": 1,
      "ratio_to_perfect": 1.0
    }
  },
  "errors": {}
}