{
  "instance_dir": "/shared/share_malatown/OR_Agent/examples/benchmark/real_trajectory/lead_time_stochastic/516859008",
  "instance_name": "516859008",
  "promised_lead_time": 2,
  "model": "x-ai/grok-4.1-fast",
  "num_runs_llm": 1,
  "num_runs_deterministic": 1,
  "max_periods": null,
  "summary": {
    "perfect_score": 75088.0,
    "ratios": {
      "or": 0.18821915619007032,
      "llm": 0.7667137225655232,
      "llm_to_or": 0.44941934796505434,
      "or_to_llm": 0.6041444704879608,
      "perfect_score": 1.0
    },
    "warnings": null
  },
  "results": {
    "or": {
      "rewards": [
        14133.0
      ],
      "mean": 14133.0,
      "std": 0.0,
      "min": 14133.0,
      "max": 14133.0,
      "count": 1,
      "ratio_to_perfect": 0.18821915619007032
    },
    "llm": {
      "rewards": [
        57571.0
      ],
      "mean": 57571.0,
      "std": 0.0,
      "min": 57571.0,
      "max": 57571.0,
      "count": 1,
      "ratio_to_perfect": 0.7667137225655232
    },
    "llm_to_or": {
      "rewards": [
        33746.0
      ],
      "mean": 33746.0,
      "std": 0.0,
      "min": 33746.0,
      "max": 33746.0,
      "count": 1,
      "ratio_to_perfect": 0.44941934796505434
    },
    "or_to_llm": {
      "rewards": [
        45364.0
      ],
      "mean": 45364.0,
      "std": 0.0,
      "min": 45364.0,
      "max": 45364.0,
      "count": 1,
      "ratio_to_perfect": 0.6041444704879608
    },
    "perfect_score": {
      "rewards": [
        75088.0
      ],
      "mean": 75088.0,
      "std": 0.0,
      "min": 75088.0,
      "max": 75088.0,
      "count": 1,
      "ratio_to_perfect": 1.0
    }
  },
  "errors": {}
}