{
  "instance_dir": "D:\\TextArena\\examples\\benchmark\\synthetic_trajectory\\lead_time_4\\p01_stationary_iid\\v4_uniform_50_150\\r1_high",
  "instance_name": "r1_high",
  "promised_lead_time": 4,
  "model": "google/gemini-3-flash-preview",
  "num_runs_llm": 1,
  "num_runs_deterministic": 1,
  "max_periods": null,
  "summary": {
    "perfect_score": 103607.0,
    "ratios": {
      "or": 0.8672387000878319,
      "llm": 0.8566023531228585,
      "llm_to_or": 0.8638026388178405,
      "or_to_llm": 0.8690822048703273,
      "perfect_score": 1.0
    },
    "warnings": null
  },
  "results": {
    "or": {
      "rewards": [
        89852.0
      ],
      "mean": 89852.0,
      "std": 0.0,
      "min": 89852.0,
      "max": 89852.0,
      "count": 1,
      "ratio_to_perfect": 0.8672387000878319
    },
    "llm": {
      "rewards": [
        88750.0
      ],
      "mean": 88750.0,
      "std": 0.0,
      "min": 88750.0,
      "max": 88750.0,
      "count": 1,
      "ratio_to_perfect": 0.8566023531228585
    },
    "llm_to_or": {
      "rewards": [
        89496.0
      ],
      "mean": 89496.0,
      "std": 0.0,
      "min": 89496.0,
      "max": 89496.0,
      "count": 1,
      "ratio_to_perfect": 0.8638026388178405
    },
    "or_to_llm": {
      "rewards": [
        90043.0
      ],
      "mean": 90043.0,
      "std": 0.0,
      "min": 90043.0,
      "max": 90043.0,
      "count": 1,
      "ratio_to_perfect": 0.8690822048703273
    },
    "perfect_score": {
      "rewards": [
        103607.0
      ],
      "mean": 103607.0,
      "std": 0.0,
      "min": 103607.0,
      "max": 103607.0,
      "count": 1,
      "ratio_to_perfect": 1.0
    }
  },
  "errors": {}
}