{
  "instance_dir": "/shared/share_malatown/OR_Agent/examples/benchmark/real_trajectory/lead_time_stochastic/224606019",
  "instance_name": "224606019",
  "promised_lead_time": 2,
  "model": "x-ai/grok-4.1-fast",
  "num_runs_llm": 1,
  "num_runs_deterministic": 1,
  "max_periods": null,
  "summary": {
    "perfect_score": 55575.0,
    "ratios": {
      "or": 0.07339631129104814,
      "llm": 0.6935672514619883,
      "llm_to_or": 0.360629779577148,
      "or_to_llm": 0.555663517768781,
      "perfect_score": 1.0
    },
    "warnings": null
  },
  "results": {
    "or": {
      "rewards": [
        4079.0
      ],
      "mean": 4079.0,
      "std": 0.0,
      "min": 4079.0,
      "max": 4079.0,
      "count": 1,
      "ratio_to_perfect": 0.07339631129104814
    },
    "llm": {
      "rewards": [
        38545.0
      ],
      "mean": 38545.0,
      "std": 0.0,
      "min": 38545.0,
      "max": 38545.0,
      "count": 1,
      "ratio_to_perfect": 0.6935672514619883
    },
    "llm_to_or": {
      "rewards": [
        20042.0
      ],
      "mean": 20042.0,
      "std": 0.0,
      "min": 20042.0,
      "max": 20042.0,
      "count": 1,
      "ratio_to_perfect": 0.360629779577148
    },
    "or_to_llm": {
      "rewards": [
        30881.0
      ],
      "mean": 30881.0,
      "std": 0.0,
      "min": 30881.0,
      "max": 30881.0,
      "count": 1,
      "ratio_to_perfect": 0.555663517768781
    },
    "perfect_score": {
      "rewards": [
        55575.0
      ],
      "mean": 55575.0,
      "std": 0.0,
      "min": 55575.0,
      "max": 55575.0,
      "count": 1,
      "ratio_to_perfect": 1.0
    }
  },
  "errors": {}
}