{
  "instance_dir": "/shared/share_malatown/OR-Agent-GPT5mini-benchmark/examples/benchmark/real_trajectory/lead_time_0/575347003",
  "instance_name": "575347003",
  "promised_lead_time": 0,
  "model": "openai/gpt-5-mini",
  "num_runs_llm": 1,
  "num_runs_deterministic": 1,
  "max_periods": null,
  "summary": {
    "perfect_score": 3760.0,
    "ratios": {
      "or": 0.5638297872340425,
      "llm": 0.7101063829787234,
      "llm_to_or": 0.685372340425532,
      "or_to_llm": 0.7151595744680851,
      "perfect_score": 1.0
    },
    "warnings": null
  },
  "results": {
    "or": {
      "rewards": [
        2120.0
      ],
      "mean": 2120.0,
      "std": 0.0,
      "min": 2120.0,
      "max": 2120.0,
      "count": 1,
      "ratio_to_perfect": 0.5638297872340425
    },
    "llm": {
      "rewards": [
        2670.0
      ],
      "mean": 2670.0,
      "std": 0.0,
      "min": 2670.0,
      "max": 2670.0,
      "count": 1,
      "ratio_to_perfect": 0.7101063829787234
    },
    "llm_to_or": {
      "rewards": [
        2577.0
      ],
      "mean": 2577.0,
      "std": 0.0,
      "min": 2577.0,
      "max": 2577.0,
      "count": 1,
      "ratio_to_perfect": 0.685372340425532
    },
    "or_to_llm": {
      "rewards": [
        2689.0
      ],
      "mean": 2689.0,
      "std": 0.0,
      "min": 2689.0,
      "max": 2689.0,
      "count": 1,
      "ratio_to_perfect": 0.7151595744680851
    },
    "perfect_score": {
      "rewards": [
        3760.0
      ],
      "mean": 3760.0,
      "std": 0.0,
      "min": 3760.0,
      "max": 3760.0,
      "count": 1,
      "ratio_to_perfect": 1.0
    }
  },
  "errors": {}
}