{
  "instance_dir": "D:\\TextArena\\examples\\benchmark\\real_trajectory\\lead_time_4\\639448001",
  "instance_name": "639448001",
  "promised_lead_time": 4,
  "model": "google/gemini-3-flash-preview",
  "num_runs_llm": 1,
  "num_runs_deterministic": 1,
  "max_periods": null,
  "summary": {
    "perfect_score": 9636.0,
    "ratios": {
      "or": 0.1250518887505189,
      "llm": -0.6290992112909921,
      "llm_to_or": 0.2026774595267746,
      "or_to_llm": 0.15348692403486924,
      "perfect_score": 1.0
    },
    "warnings": null
  },
  "results": {
    "or": {
      "rewards": [
        1205.0
      ],
      "mean": 1205.0,
      "std": 0.0,
      "min": 1205.0,
      "max": 1205.0,
      "count": 1,
      "ratio_to_perfect": 0.1250518887505189
    },
    "llm": {
      "rewards": [
        -6062.0
      ],
      "mean": -6062.0,
      "std": 0.0,
      "min": -6062.0,
      "max": -6062.0,
      "count": 1,
      "ratio_to_perfect": -0.6290992112909921
    },
    "llm_to_or": {
      "rewards": [
        1953.0
      ],
      "mean": 1953.0,
      "std": 0.0,
      "min": 1953.0,
      "max": 1953.0,
      "count": 1,
      "ratio_to_perfect": 0.2026774595267746
    },
    "or_to_llm": {
      "rewards": [
        1479.0
      ],
      "mean": 1479.0,
      "std": 0.0,
      "min": 1479.0,
      "max": 1479.0,
      "count": 1,
      "ratio_to_perfect": 0.15348692403486924
    },
    "perfect_score": {
      "rewards": [
        9636.0
      ],
      "mean": 9636.0,
      "std": 0.0,
      "min": 9636.0,
      "max": 9636.0,
      "count": 1,
      "ratio_to_perfect": 1.0
    }
  },
  "errors": {}
}