{
  "instance_dir": "/shared/share_malatown/OR-Agent-GPT5mini-benchmark/examples/benchmark/real_trajectory/lead_time_stochastic/399087030",
  "instance_name": "399087030",
  "promised_lead_time": 2,
  "model": "openai/gpt-5-mini",
  "num_runs_llm": 1,
  "num_runs_deterministic": 1,
  "max_periods": null,
  "summary": {
    "perfect_score": 63517.0,
    "ratios": {
      "or": 0.23305571736700412,
      "llm": 0.1850685643213628,
      "llm_to_or": 0.3210951398838106,
      "or_to_llm": 0.21633578412078655,
      "perfect_score": 1.0
    },
    "warnings": null
  },
  "results": {
    "or": {
      "rewards": [
        14803.0
      ],
      "mean": 14803.0,
      "std": 0.0,
      "min": 14803.0,
      "max": 14803.0,
      "count": 1,
      "ratio_to_perfect": 0.23305571736700412
    },
    "llm": {
      "rewards": [
        11755.0
      ],
      "mean": 11755.0,
      "std": 0.0,
      "min": 11755.0,
      "max": 11755.0,
      "count": 1,
      "ratio_to_perfect": 0.1850685643213628
    },
    "llm_to_or": {
      "rewards": [
        20395.0
      ],
      "mean": 20395.0,
      "std": 0.0,
      "min": 20395.0,
      "max": 20395.0,
      "count": 1,
      "ratio_to_perfect": 0.3210951398838106
    },
    "or_to_llm": {
      "rewards": [
        13741.0
      ],
      "mean": 13741.0,
      "std": 0.0,
      "min": 13741.0,
      "max": 13741.0,
      "count": 1,
      "ratio_to_perfect": 0.21633578412078655
    },
    "perfect_score": {
      "rewards": [
        63517.0
      ],
      "mean": 63517.0,
      "std": 0.0,
      "min": 63517.0,
      "max": 63517.0,
      "count": 1,
      "ratio_to_perfect": 1.0
    }
  },
  "errors": {}
}