{
  "instance_dir": "/shared/share_malatown/OR_Agent/examples/benchmark/synthetic_trajectory/lead_time_0/p08_multi_changepoint/v1_up_then_down/r2_med",
  "instance_name": "r2_med",
  "promised_lead_time": 0,
  "model": "x-ai/grok-4.1-fast",
  "num_runs_llm": 1,
  "num_runs_deterministic": 1,
  "max_periods": null,
  "summary": {
    "perfect_score": 21436.0,
    "ratios": {
      "or": 0.8600951670087703,
      "llm": 0.8879455122224296,
      "llm_to_or": 0.8864060459040866,
      "or_to_llm": 0.8711513342041426,
      "perfect_score": 1.0
    },
    "warnings": null
  },
  "results": {
    "or": {
      "rewards": [
        18437.0
      ],
      "mean": 18437.0,
      "std": 0.0,
      "min": 18437.0,
      "max": 18437.0,
      "count": 1,
      "ratio_to_perfect": 0.8600951670087703
    },
    "llm": {
      "rewards": [
        19034.0
      ],
      "mean": 19034.0,
      "std": 0.0,
      "min": 19034.0,
      "max": 19034.0,
      "count": 1,
      "ratio_to_perfect": 0.8879455122224296
    },
    "llm_to_or": {
      "rewards": [
        19001.0
      ],
      "mean": 19001.0,
      "std": 0.0,
      "min": 19001.0,
      "max": 19001.0,
      "count": 1,
      "ratio_to_perfect": 0.8864060459040866
    },
    "or_to_llm": {
      "rewards": [
        18674.0
      ],
      "mean": 18674.0,
      "std": 0.0,
      "min": 18674.0,
      "max": 18674.0,
      "count": 1,
      "ratio_to_perfect": 0.8711513342041426
    },
    "perfect_score": {
      "rewards": [
        21436.0
      ],
      "mean": 21436.0,
      "std": 0.0,
      "min": 21436.0,
      "max": 21436.0,
      "count": 1,
      "ratio_to_perfect": 1.0
    }
  },
  "errors": {}
}