{
  "instance_dir": "D:\\TextArena\\examples\\benchmark\\synthetic_trajectory\\lead_time_0\\p02_mean_increase\\v2_100to150\\r1_med",
  "instance_name": "r1_med",
  "promised_lead_time": 0,
  "model": "google/gemini-3-flash-preview",
  "num_runs_llm": 1,
  "num_runs_deterministic": 1,
  "max_periods": null,
  "summary": {
    "perfect_score": 28372.0,
    "ratios": {
      "or": 0.8952488368814324,
      "llm": 0.9188284223882701,
      "llm_to_or": 0.9235866347102777,
      "or_to_llm": 0.9254899196390808,
      "perfect_score": 1.0
    },
    "warnings": null
  },
  "results": {
    "or": {
      "rewards": [
        25400.0
      ],
      "mean": 25400.0,
      "std": 0.0,
      "min": 25400.0,
      "max": 25400.0,
      "count": 1,
      "ratio_to_perfect": 0.8952488368814324
    },
    "llm": {
      "rewards": [
        26069.0
      ],
      "mean": 26069.0,
      "std": 0.0,
      "min": 26069.0,
      "max": 26069.0,
      "count": 1,
      "ratio_to_perfect": 0.9188284223882701
    },
    "llm_to_or": {
      "rewards": [
        26204.0
      ],
      "mean": 26204.0,
      "std": 0.0,
      "min": 26204.0,
      "max": 26204.0,
      "count": 1,
      "ratio_to_perfect": 0.9235866347102777
    },
    "or_to_llm": {
      "rewards": [
        26258.0
      ],
      "mean": 26258.0,
      "std": 0.0,
      "min": 26258.0,
      "max": 26258.0,
      "count": 1,
      "ratio_to_perfect": 0.9254899196390808
    },
    "perfect_score": {
      "rewards": [
        28372.0
      ],
      "mean": 28372.0,
      "std": 0.0,
      "min": 28372.0,
      "max": 28372.0,
      "count": 1,
      "ratio_to_perfect": 1.0
    }
  },
  "errors": {}
}