{
  "instance_dir": "/shared/share_malatown/OR-Agent-GPT5mini-benchmark/examples/benchmark/real_trajectory/lead_time_4/732842002",
  "instance_name": "732842002",
  "promised_lead_time": 4,
  "model": "openai/gpt-5-mini",
  "num_runs_llm": 1,
  "num_runs_deterministic": 1,
  "max_periods": null,
  "summary": {
    "perfect_score": 67431.0,
    "ratios": {
      "or": 0.5896546098975248,
      "llm": 0.6170604024855036,
      "llm_to_or": 0.6283311829870535,
      "or_to_llm": 0.6511990034257241,
      "perfect_score": 1.0
    },
    "warnings": null
  },
  "results": {
    "or": {
      "rewards": [
        39761.0
      ],
      "mean": 39761.0,
      "std": 0.0,
      "min": 39761.0,
      "max": 39761.0,
      "count": 1,
      "ratio_to_perfect": 0.5896546098975248
    },
    "llm": {
      "rewards": [
        41609.0
      ],
      "mean": 41609.0,
      "std": 0.0,
      "min": 41609.0,
      "max": 41609.0,
      "count": 1,
      "ratio_to_perfect": 0.6170604024855036
    },
    "llm_to_or": {
      "rewards": [
        42369.0
      ],
      "mean": 42369.0,
      "std": 0.0,
      "min": 42369.0,
      "max": 42369.0,
      "count": 1,
      "ratio_to_perfect": 0.6283311829870535
    },
    "or_to_llm": {
      "rewards": [
        43911.0
      ],
      "mean": 43911.0,
      "std": 0.0,
      "min": 43911.0,
      "max": 43911.0,
      "count": 1,
      "ratio_to_perfect": 0.6511990034257241
    },
    "perfect_score": {
      "rewards": [
        67431.0
      ],
      "mean": 67431.0,
      "std": 0.0,
      "min": 67431.0,
      "max": 67431.0,
      "count": 1,
      "ratio_to_perfect": 1.0
    }
  },
  "errors": {}
}