{
  "instance_dir": "/shared/share_malatown/OR-Agent-GPT5mini-benchmark/examples/benchmark/real_trajectory/lead_time_4/457892003",
  "instance_name": "457892003",
  "promised_lead_time": 4,
  "model": "openai/gpt-5-mini",
  "num_runs_llm": 1,
  "num_runs_deterministic": 1,
  "max_periods": null,
  "summary": {
    "perfect_score": 41477.0,
    "ratios": {
      "or": 0.6777008944716348,
      "llm": 0.6679846662005449,
      "llm_to_or": 0.6958555343925549,
      "or_to_llm": 0.5871205728476023,
      "perfect_score": 1.0
    },
    "warnings": null
  },
  "results": {
    "or": {
      "rewards": [
        28109.0
      ],
      "mean": 28109.0,
      "std": 0.0,
      "min": 28109.0,
      "max": 28109.0,
      "count": 1,
      "ratio_to_perfect": 0.6777008944716348
    },
    "llm": {
      "rewards": [
        27706.0
      ],
      "mean": 27706.0,
      "std": 0.0,
      "min": 27706.0,
      "max": 27706.0,
      "count": 1,
      "ratio_to_perfect": 0.6679846662005449
    },
    "llm_to_or": {
      "rewards": [
        28862.0
      ],
      "mean": 28862.0,
      "std": 0.0,
      "min": 28862.0,
      "max": 28862.0,
      "count": 1,
      "ratio_to_perfect": 0.6958555343925549
    },
    "or_to_llm": {
      "rewards": [
        24352.0
      ],
      "mean": 24352.0,
      "std": 0.0,
      "min": 24352.0,
      "max": 24352.0,
      "count": 1,
      "ratio_to_perfect": 0.5871205728476023
    },
    "perfect_score": {
      "rewards": [
        41477.0
      ],
      "mean": 41477.0,
      "std": 0.0,
      "min": 41477.0,
      "max": 41477.0,
      "count": 1,
      "ratio_to_perfect": 1.0
    }
  },
  "errors": {}
}