{
  "instance_dir": "D:\\TextArena\\examples\\benchmark\\real_trajectory\\lead_time_4\\160442010",
  "instance_name": "160442010",
  "promised_lead_time": 4,
  "model": "google/gemini-3-flash-preview",
  "num_runs_llm": 1,
  "num_runs_deterministic": 1,
  "max_periods": null,
  "summary": {
    "perfect_score": 30816.0,
    "ratios": {
      "or": 0.07969885773624091,
      "llm": 0.24237409138110072,
      "llm_to_or": 0.4763110072689512,
      "or_to_llm": 0.49604101765316716,
      "perfect_score": 1.0
    },
    "warnings": null
  },
  "results": {
    "or": {
      "rewards": [
        2456.0
      ],
      "mean": 2456.0,
      "std": 0.0,
      "min": 2456.0,
      "max": 2456.0,
      "count": 1,
      "ratio_to_perfect": 0.07969885773624091
    },
    "llm": {
      "rewards": [
        7469.0
      ],
      "mean": 7469.0,
      "std": 0.0,
      "min": 7469.0,
      "max": 7469.0,
      "count": 1,
      "ratio_to_perfect": 0.24237409138110072
    },
    "llm_to_or": {
      "rewards": [
        14678.0
      ],
      "mean": 14678.0,
      "std": 0.0,
      "min": 14678.0,
      "max": 14678.0,
      "count": 1,
      "ratio_to_perfect": 0.4763110072689512
    },
    "or_to_llm": {
      "rewards": [
        15286.0
      ],
      "mean": 15286.0,
      "std": 0.0,
      "min": 15286.0,
      "max": 15286.0,
      "count": 1,
      "ratio_to_perfect": 0.49604101765316716
    },
    "perfect_score": {
      "rewards": [
        30816.0
      ],
      "mean": 30816.0,
      "std": 0.0,
      "min": 30816.0,
      "max": 30816.0,
      "count": 1,
      "ratio_to_perfect": 1.0
    }
  },
  "errors": {}
}