{
  "instance_dir": "D:\\TextArena\\examples\\benchmark\\real_trajectory\\lead_time_4\\605094001",
  "instance_name": "605094001",
  "promised_lead_time": 4,
  "model": "google/gemini-3-flash-preview",
  "num_runs_llm": 1,
  "num_runs_deterministic": 1,
  "max_periods": null,
  "summary": {
    "perfect_score": 45277.0,
    "ratios": {
      "or": 0.6450736577070035,
      "llm": 0.6208891931885947,
      "llm_to_or": 0.6822448483777636,
      "or_to_llm": 0.6587229719283522,
      "perfect_score": 1.0
    },
    "warnings": null
  },
  "results": {
    "or": {
      "rewards": [
        29207.0
      ],
      "mean": 29207.0,
      "std": 0.0,
      "min": 29207.0,
      "max": 29207.0,
      "count": 1,
      "ratio_to_perfect": 0.6450736577070035
    },
    "llm": {
      "rewards": [
        28112.0
      ],
      "mean": 28112.0,
      "std": 0.0,
      "min": 28112.0,
      "max": 28112.0,
      "count": 1,
      "ratio_to_perfect": 0.6208891931885947
    },
    "llm_to_or": {
      "rewards": [
        30890.0
      ],
      "mean": 30890.0,
      "std": 0.0,
      "min": 30890.0,
      "max": 30890.0,
      "count": 1,
      "ratio_to_perfect": 0.6822448483777636
    },
    "or_to_llm": {
      "rewards": [
        29825.0
      ],
      "mean": 29825.0,
      "std": 0.0,
      "min": 29825.0,
      "max": 29825.0,
      "count": 1,
      "ratio_to_perfect": 0.6587229719283522
    },
    "perfect_score": {
      "rewards": [
        45277.0
      ],
      "mean": 45277.0,
      "std": 0.0,
      "min": 45277.0,
      "max": 45277.0,
      "count": 1,
      "ratio_to_perfect": 1.0
    }
  },
  "errors": {}
}