{
  "instance_dir": "D:\\TextArena\\examples\\benchmark\\real_trajectory\\lead_time_4\\636323002",
  "instance_name": "636323002",
  "promised_lead_time": 4,
  "model": "google/gemini-3-flash-preview",
  "num_runs_llm": 1,
  "num_runs_deterministic": 1,
  "max_periods": null,
  "summary": {
    "perfect_score": 10512.0,
    "ratios": {
      "or": 0.20367199391171995,
      "llm": -0.2750190258751903,
      "llm_to_or": 0.1232876712328767,
      "or_to_llm": 0.3681506849315068,
      "perfect_score": 1.0
    },
    "warnings": null
  },
  "results": {
    "or": {
      "rewards": [
        2141.0
      ],
      "mean": 2141.0,
      "std": 0.0,
      "min": 2141.0,
      "max": 2141.0,
      "count": 1,
      "ratio_to_perfect": 0.20367199391171995
    },
    "llm": {
      "rewards": [
        -2891.0
      ],
      "mean": -2891.0,
      "std": 0.0,
      "min": -2891.0,
      "max": -2891.0,
      "count": 1,
      "ratio_to_perfect": -0.2750190258751903
    },
    "llm_to_or": {
      "rewards": [
        1296.0
      ],
      "mean": 1296.0,
      "std": 0.0,
      "min": 1296.0,
      "max": 1296.0,
      "count": 1,
      "ratio_to_perfect": 0.1232876712328767
    },
    "or_to_llm": {
      "rewards": [
        3870.0
      ],
      "mean": 3870.0,
      "std": 0.0,
      "min": 3870.0,
      "max": 3870.0,
      "count": 1,
      "ratio_to_perfect": 0.3681506849315068
    },
    "perfect_score": {
      "rewards": [
        10512.0
      ],
      "mean": 10512.0,
      "std": 0.0,
      "min": 10512.0,
      "max": 10512.0,
      "count": 1,
      "ratio_to_perfect": 1.0
    }
  },
  "errors": {}
}