{
  "instance_dir": "/shared/share_malatown/OR_Agent/examples/benchmark/synthetic_trajectory/lead_time_stochastic/p05_decreasing_trend/v1_200_minus_3t/r1_med",
  "instance_name": "r1_med",
  "promised_lead_time": 2,
  "model": "x-ai/grok-4.1-fast",
  "num_runs_llm": 1,
  "num_runs_deterministic": 1,
  "max_periods": null,
  "summary": {
    "perfect_score": 25200.0,
    "ratios": {
      "or": 0.13452380952380952,
      "llm": 0.49912698412698414,
      "llm_to_or": -0.6321428571428571,
      "or_to_llm": 0.39321428571428574,
      "perfect_score": 1.0
    },
    "warnings": null
  },
  "results": {
    "or": {
      "rewards": [
        3390.0
      ],
      "mean": 3390.0,
      "std": 0.0,
      "min": 3390.0,
      "max": 3390.0,
      "count": 1,
      "ratio_to_perfect": 0.13452380952380952
    },
    "llm": {
      "rewards": [
        12578.0
      ],
      "mean": 12578.0,
      "std": 0.0,
      "min": 12578.0,
      "max": 12578.0,
      "count": 1,
      "ratio_to_perfect": 0.49912698412698414
    },
    "llm_to_or": {
      "rewards": [
        -15930.0
      ],
      "mean": -15930.0,
      "std": 0.0,
      "min": -15930.0,
      "max": -15930.0,
      "count": 1,
      "ratio_to_perfect": -0.6321428571428571
    },
    "or_to_llm": {
      "rewards": [
        9909.0
      ],
      "mean": 9909.0,
      "std": 0.0,
      "min": 9909.0,
      "max": 9909.0,
      "count": 1,
      "ratio_to_perfect": 0.39321428571428574
    },
    "perfect_score": {
      "rewards": [
        25200.0
      ],
      "mean": 25200.0,
      "std": 0.0,
      "min": 25200.0,
      "max": 25200.0,
      "count": 1,
      "ratio_to_perfect": 1.0
    }
  },
  "errors": {}
}