{
  "instance_dir": "/shared/share_malatown/OR_Agent/examples/benchmark/real_trajectory/lead_time_0/618800001",
  "instance_name": "618800001",
  "promised_lead_time": 0,
  "model": "x-ai/grok-4.1-fast",
  "num_runs_llm": 1,
  "num_runs_deterministic": 1,
  "max_periods": null,
  "summary": {
    "perfect_score": 6039.0,
    "ratios": {
      "or": 0.2346414969365789,
      "llm": 0.44030468620632557,
      "llm_to_or": 0.5598609041231992,
      "or_to_llm": 0.3808577579069382,
      "perfect_score": 1.0
    },
    "warnings": null
  },
  "results": {
    "or": {
      "rewards": [
        1417.0
      ],
      "mean": 1417.0,
      "std": 0.0,
      "min": 1417.0,
      "max": 1417.0,
      "count": 1,
      "ratio_to_perfect": 0.2346414969365789
    },
    "llm": {
      "rewards": [
        2659.0
      ],
      "mean": 2659.0,
      "std": 0.0,
      "min": 2659.0,
      "max": 2659.0,
      "count": 1,
      "ratio_to_perfect": 0.44030468620632557
    },
    "llm_to_or": {
      "rewards": [
        3381.0
      ],
      "mean": 3381.0,
      "std": 0.0,
      "min": 3381.0,
      "max": 3381.0,
      "count": 1,
      "ratio_to_perfect": 0.5598609041231992
    },
    "or_to_llm": {
      "rewards": [
        2300.0
      ],
      "mean": 2300.0,
      "std": 0.0,
      "min": 2300.0,
      "max": 2300.0,
      "count": 1,
      "ratio_to_perfect": 0.3808577579069382
    },
    "perfect_score": {
      "rewards": [
        6039.0
      ],
      "mean": 6039.0,
      "std": 0.0,
      "min": 6039.0,
      "max": 6039.0,
      "count": 1,
      "ratio_to_perfect": 1.0
    }
  },
  "errors": {}
}