{
  "instance_dir": "/shared/share_malatown/OR_Agent/examples/benchmark/real_trajectory/lead_time_4/685813002",
  "instance_name": "685813002",
  "promised_lead_time": 4,
  "model": "x-ai/grok-4.1-fast",
  "num_runs_llm": 1,
  "num_runs_deterministic": 1,
  "max_periods": null,
  "summary": {
    "perfect_score": 2329.0,
    "ratios": {
      "or": -0.48389866895663375,
      "llm": -4.651352511807643,
      "llm_to_or": 0.018892228424216402,
      "or_to_llm": -0.5822241305281236,
      "perfect_score": 1.0
    },
    "warnings": null
  },
  "results": {
    "or": {
      "rewards": [
        -1127.0
      ],
      "mean": -1127.0,
      "std": 0.0,
      "min": -1127.0,
      "max": -1127.0,
      "count": 1,
      "ratio_to_perfect": -0.48389866895663375
    },
    "llm": {
      "rewards": [
        -10833.0
      ],
      "mean": -10833.0,
      "std": 0.0,
      "min": -10833.0,
      "max": -10833.0,
      "count": 1,
      "ratio_to_perfect": -4.651352511807643
    },
    "llm_to_or": {
      "rewards": [
        44.0
      ],
      "mean": 44.0,
      "std": 0.0,
      "min": 44.0,
      "max": 44.0,
      "count": 1,
      "ratio_to_perfect": 0.018892228424216402
    },
    "or_to_llm": {
      "rewards": [
        -1356.0
      ],
      "mean": -1356.0,
      "std": 0.0,
      "min": -1356.0,
      "max": -1356.0,
      "count": 1,
      "ratio_to_perfect": -0.5822241305281236
    },
    "perfect_score": {
      "rewards": [
        2329.0
      ],
      "mean": 2329.0,
      "std": 0.0,
      "min": 2329.0,
      "max": 2329.0,
      "count": 1,
      "ratio_to_perfect": 1.0
    }
  },
  "errors": {}
}