{
  "instance_dir": "/shared/share_malatown/OR_Agent/examples/benchmark/real_trajectory/lead_time_0/692226003",
  "instance_name": "692226003",
  "promised_lead_time": 0,
  "model": "x-ai/grok-4.1-fast",
  "num_runs_llm": 1,
  "num_runs_deterministic": 1,
  "max_periods": null,
  "summary": {
    "perfect_score": 71668.0,
    "ratios": {
      "or": 0.8935089579728749,
      "llm": 0.924931629178992,
      "llm_to_or": 0.9499916280627337,
      "or_to_llm": 0.9451359044482893,
      "perfect_score": 1.0
    },
    "warnings": null
  },
  "results": {
    "or": {
      "rewards": [
        64036.0
      ],
      "mean": 64036.0,
      "std": 0.0,
      "min": 64036.0,
      "max": 64036.0,
      "count": 1,
      "ratio_to_perfect": 0.8935089579728749
    },
    "llm": {
      "rewards": [
        66288.0
      ],
      "mean": 66288.0,
      "std": 0.0,
      "min": 66288.0,
      "max": 66288.0,
      "count": 1,
      "ratio_to_perfect": 0.924931629178992
    },
    "llm_to_or": {
      "rewards": [
        68084.0
      ],
      "mean": 68084.0,
      "std": 0.0,
      "min": 68084.0,
      "max": 68084.0,
      "count": 1,
      "ratio_to_perfect": 0.9499916280627337
    },
    "or_to_llm": {
      "rewards": [
        67736.0
      ],
      "mean": 67736.0,
      "std": 0.0,
      "min": 67736.0,
      "max": 67736.0,
      "count": 1,
      "ratio_to_perfect": 0.9451359044482893
    },
    "perfect_score": {
      "rewards": [
        71668.0
      ],
      "mean": 71668.0,
      "std": 0.0,
      "min": 71668.0,
      "max": 71668.0,
      "count": 1,
      "ratio_to_perfect": 1.0
    }
  },
  "errors": {}
}