{
  "instance_dir": "/shared/share_malatown/OR_Agent/examples/benchmark/real_trajectory/lead_time_4/728162001",
  "instance_name": "728162001",
  "promised_lead_time": 4,
  "model": "x-ai/grok-4.1-fast",
  "num_runs_llm": 1,
  "num_runs_deterministic": 1,
  "max_periods": null,
  "summary": {
    "perfect_score": 5417.0,
    "ratios": {
      "or": -0.3387483847147868,
      "llm": -1.8851762968432713,
      "llm_to_or": -0.6989108362562304,
      "or_to_llm": -0.8641314380653499,
      "perfect_score": 1.0
    },
    "warnings": null
  },
  "results": {
    "or": {
      "rewards": [
        -1835.0
      ],
      "mean": -1835.0,
      "std": 0.0,
      "min": -1835.0,
      "max": -1835.0,
      "count": 1,
      "ratio_to_perfect": -0.3387483847147868
    },
    "llm": {
      "rewards": [
        -10212.0
      ],
      "mean": -10212.0,
      "std": 0.0,
      "min": -10212.0,
      "max": -10212.0,
      "count": 1,
      "ratio_to_perfect": -1.8851762968432713
    },
    "llm_to_or": {
      "rewards": [
        -3786.0
      ],
      "mean": -3786.0,
      "std": 0.0,
      "min": -3786.0,
      "max": -3786.0,
      "count": 1,
      "ratio_to_perfect": -0.6989108362562304
    },
    "or_to_llm": {
      "rewards": [
        -4681.0
      ],
      "mean": -4681.0,
      "std": 0.0,
      "min": -4681.0,
      "max": -4681.0,
      "count": 1,
      "ratio_to_perfect": -0.8641314380653499
    },
    "perfect_score": {
      "rewards": [
        5417.0
      ],
      "mean": 5417.0,
      "std": 0.0,
      "min": 5417.0,
      "max": 5417.0,
      "count": 1,
      "ratio_to_perfect": 1.0
    }
  },
  "errors": {}
}