{
  "instance_dir": "/shared/share_malatown/OR_Agent/examples/benchmark/real_trajectory/lead_time_stochastic/706016002",
  "instance_name": "706016002",
  "promised_lead_time": 2,
  "model": "x-ai/grok-4.1-fast",
  "num_runs_llm": 1,
  "num_runs_deterministic": 1,
  "max_periods": null,
  "summary": {
    "perfect_score": 78224.0,
    "ratios": {
      "or": 0.2650593168337083,
      "llm": 0.43214358764573535,
      "llm_to_or": 0.3381059521374514,
      "or_to_llm": 0.4123031294743301,
      "perfect_score": 1.0
    },
    "warnings": null
  },
  "results": {
    "or": {
      "rewards": [
        20734.0
      ],
      "mean": 20734.0,
      "std": 0.0,
      "min": 20734.0,
      "max": 20734.0,
      "count": 1,
      "ratio_to_perfect": 0.2650593168337083
    },
    "llm": {
      "rewards": [
        33804.0
      ],
      "mean": 33804.0,
      "std": 0.0,
      "min": 33804.0,
      "max": 33804.0,
      "count": 1,
      "ratio_to_perfect": 0.43214358764573535
    },
    "llm_to_or": {
      "rewards": [
        26448.0
      ],
      "mean": 26448.0,
      "std": 0.0,
      "min": 26448.0,
      "max": 26448.0,
      "count": 1,
      "ratio_to_perfect": 0.3381059521374514
    },
    "or_to_llm": {
      "rewards": [
        32252.0
      ],
      "mean": 32252.0,
      "std": 0.0,
      "min": 32252.0,
      "max": 32252.0,
      "count": 1,
      "ratio_to_perfect": 0.4123031294743301
    },
    "perfect_score": {
      "rewards": [
        78224.0
      ],
      "mean": 78224.0,
      "std": 0.0,
      "min": 78224.0,
      "max": 78224.0,
      "count": 1,
      "ratio_to_perfect": 1.0
    }
  },
  "errors": {}
}