{
  "instance_dir": "D:\\TextArena\\examples\\benchmark\\real_trajectory\\lead_time_stochastic\\464908002",
  "instance_name": "464908002",
  "promised_lead_time": 2,
  "model": "google/gemini-3-flash-preview",
  "num_runs_llm": 1,
  "num_runs_deterministic": 1,
  "max_periods": null,
  "summary": {
    "perfect_score": 10332.0,
    "ratios": {
      "or": 0.23170731707317074,
      "llm": 0.4186024003097174,
      "llm_to_or": 0.23586914440572976,
      "or_to_llm": 0.5507162214479288,
      "perfect_score": 1.0
    },
    "warnings": null
  },
  "results": {
    "or": {
      "rewards": [
        2394.0
      ],
      "mean": 2394.0,
      "std": 0.0,
      "min": 2394.0,
      "max": 2394.0,
      "count": 1,
      "ratio_to_perfect": 0.23170731707317074
    },
    "llm": {
      "rewards": [
        4325.0
      ],
      "mean": 4325.0,
      "std": 0.0,
      "min": 4325.0,
      "max": 4325.0,
      "count": 1,
      "ratio_to_perfect": 0.4186024003097174
    },
    "llm_to_or": {
      "rewards": [
        2437.0
      ],
      "mean": 2437.0,
      "std": 0.0,
      "min": 2437.0,
      "max": 2437.0,
      "count": 1,
      "ratio_to_perfect": 0.23586914440572976
    },
    "or_to_llm": {
      "rewards": [
        5690.0
      ],
      "mean": 5690.0,
      "std": 0.0,
      "min": 5690.0,
      "max": 5690.0,
      "count": 1,
      "ratio_to_perfect": 0.5507162214479288
    },
    "perfect_score": {
      "rewards": [
        10332.0
      ],
      "mean": 10332.0,
      "std": 0.0,
      "min": 10332.0,
      "max": 10332.0,
      "count": 1,
      "ratio_to_perfect": 1.0
    }
  },
  "errors": {}
}