{
  "instance_dir": "/shared/share_malatown/OR-Agent-GPT5mini-benchmark/examples/benchmark/real_trajectory/lead_time_stochastic/658030020",
  "instance_name": "658030020",
  "promised_lead_time": 2,
  "model": "openai/gpt-5-mini",
  "num_runs_llm": 1,
  "num_runs_deterministic": 1,
  "max_periods": null,
  "summary": {
    "perfect_score": 13496.0,
    "ratios": {
      "or": 0.1642708950800237,
      "llm": 0.11810906935388263,
      "llm_to_or": 0.10766152934202727,
      "or_to_llm": 0.13107587433313575,
      "perfect_score": 1.0
    },
    "warnings": null
  },
  "results": {
    "or": {
      "rewards": [
        2217.0
      ],
      "mean": 2217.0,
      "std": 0.0,
      "min": 2217.0,
      "max": 2217.0,
      "count": 1,
      "ratio_to_perfect": 0.1642708950800237
    },
    "llm": {
      "rewards": [
        1594.0
      ],
      "mean": 1594.0,
      "std": 0.0,
      "min": 1594.0,
      "max": 1594.0,
      "count": 1,
      "ratio_to_perfect": 0.11810906935388263
    },
    "llm_to_or": {
      "rewards": [
        1453.0
      ],
      "mean": 1453.0,
      "std": 0.0,
      "min": 1453.0,
      "max": 1453.0,
      "count": 1,
      "ratio_to_perfect": 0.10766152934202727
    },
    "or_to_llm": {
      "rewards": [
        1769.0
      ],
      "mean": 1769.0,
      "std": 0.0,
      "min": 1769.0,
      "max": 1769.0,
      "count": 1,
      "ratio_to_perfect": 0.13107587433313575
    },
    "perfect_score": {
      "rewards": [
        13496.0
      ],
      "mean": 13496.0,
      "std": 0.0,
      "min": 13496.0,
      "max": 13496.0,
      "count": 1,
      "ratio_to_perfect": 1.0
    }
  },
  "errors": {}
}