{
  "instance_dir": "D:\\TextArena\\examples\\benchmark\\synthetic_trajectory\\lead_time_0\\p04_increasing_trend\\v2_linear_50_3t\\r2_med",
  "instance_name": "r2_med",
  "promised_lead_time": 0,
  "model": "openai/gpt-5-mini",
  "num_runs_llm": 1,
  "num_runs_deterministic": 1,
  "max_periods": null,
  "summary": {
    "perfect_score": 25856.0,
    "ratios": {
      "or": 0.8374845297029703,
      "llm": 0.8930615717821783,
      "llm_to_or": 0.8992883663366337,
      "or_to_llm": 0.9000618811881188,
      "perfect_score": 1.0
    },
    "warnings": null
  },
  "results": {
    "or": {
      "rewards": [
        21654.0
      ],
      "mean": 21654.0,
      "std": 0.0,
      "min": 21654.0,
      "max": 21654.0,
      "count": 1,
      "ratio_to_perfect": 0.8374845297029703
    },
    "llm": {
      "rewards": [
        23091.0
      ],
      "mean": 23091.0,
      "std": 0.0,
      "min": 23091.0,
      "max": 23091.0,
      "count": 1,
      "ratio_to_perfect": 0.8930615717821783
    },
    "llm_to_or": {
      "rewards": [
        23252.0
      ],
      "mean": 23252.0,
      "std": 0.0,
      "min": 23252.0,
      "max": 23252.0,
      "count": 1,
      "ratio_to_perfect": 0.8992883663366337
    },
    "or_to_llm": {
      "rewards": [
        23272.0
      ],
      "mean": 23272.0,
      "std": 0.0,
      "min": 23272.0,
      "max": 23272.0,
      "count": 1,
      "ratio_to_perfect": 0.9000618811881188
    },
    "perfect_score": {
      "rewards": [
        25856.0
      ],
      "mean": 25856.0,
      "std": 0.0,
      "min": 25856.0,
      "max": 25856.0,
      "count": 1,
      "ratio_to_perfect": 1.0
    }
  },
  "errors": {}
}