{
  "instance_dir": "D:\\TextArena\\examples\\benchmark\\real_trajectory\\lead_time_stochastic\\655784001",
  "instance_name": "655784001",
  "promised_lead_time": 2,
  "model": "google/gemini-3-flash-preview",
  "num_runs_llm": 1,
  "num_runs_deterministic": 1,
  "max_periods": null,
  "summary": {
    "perfect_score": 66709.0,
    "ratios": {
      "or": 0.16071294727847818,
      "llm": 0.5830847411893447,
      "llm_to_or": 0.538068326612601,
      "or_to_llm": 0.49233236894571947,
      "perfect_score": 1.0
    },
    "warnings": null
  },
  "results": {
    "or": {
      "rewards": [
        10721.0
      ],
      "mean": 10721.0,
      "std": 0.0,
      "min": 10721.0,
      "max": 10721.0,
      "count": 1,
      "ratio_to_perfect": 0.16071294727847818
    },
    "llm": {
      "rewards": [
        38897.0
      ],
      "mean": 38897.0,
      "std": 0.0,
      "min": 38897.0,
      "max": 38897.0,
      "count": 1,
      "ratio_to_perfect": 0.5830847411893447
    },
    "llm_to_or": {
      "rewards": [
        35894.0
      ],
      "mean": 35894.0,
      "std": 0.0,
      "min": 35894.0,
      "max": 35894.0,
      "count": 1,
      "ratio_to_perfect": 0.538068326612601
    },
    "or_to_llm": {
      "rewards": [
        32843.0
      ],
      "mean": 32843.0,
      "std": 0.0,
      "min": 32843.0,
      "max": 32843.0,
      "count": 1,
      "ratio_to_perfect": 0.49233236894571947
    },
    "perfect_score": {
      "rewards": [
        66709.0
      ],
      "mean": 66709.0,
      "std": 0.0,
      "min": 66709.0,
      "max": 66709.0,
      "count": 1,
      "ratio_to_perfect": 1.0
    }
  },
  "errors": {}
}