{
  "instance_dir": "D:\\TextArena\\examples\\benchmark\\real_trajectory\\lead_time_stochastic\\399061008",
  "instance_name": "399061008",
  "promised_lead_time": 2,
  "model": "google/gemini-3-flash-preview",
  "num_runs_llm": 1,
  "num_runs_deterministic": 1,
  "max_periods": null,
  "summary": {
    "perfect_score": 4068.0,
    "ratios": {
      "or": 0.21337266470009833,
      "llm": -1.0548180924287118,
      "llm_to_or": -4.509341199606686,
      "or_to_llm": 0.12536873156342182,
      "perfect_score": 1.0
    },
    "warnings": null
  },
  "results": {
    "or": {
      "rewards": [
        868.0
      ],
      "mean": 868.0,
      "std": 0.0,
      "min": 868.0,
      "max": 868.0,
      "count": 1,
      "ratio_to_perfect": 0.21337266470009833
    },
    "llm": {
      "rewards": [
        -4291.0
      ],
      "mean": -4291.0,
      "std": 0.0,
      "min": -4291.0,
      "max": -4291.0,
      "count": 1,
      "ratio_to_perfect": -1.0548180924287118
    },
    "llm_to_or": {
      "rewards": [
        -18344.0
      ],
      "mean": -18344.0,
      "std": 0.0,
      "min": -18344.0,
      "max": -18344.0,
      "count": 1,
      "ratio_to_perfect": -4.509341199606686
    },
    "or_to_llm": {
      "rewards": [
        510.0
      ],
      "mean": 510.0,
      "std": 0.0,
      "min": 510.0,
      "max": 510.0,
      "count": 1,
      "ratio_to_perfect": 0.12536873156342182
    },
    "perfect_score": {
      "rewards": [
        4068.0
      ],
      "mean": 4068.0,
      "std": 0.0,
      "min": 4068.0,
      "max": 4068.0,
      "count": 1,
      "ratio_to_perfect": 1.0
    }
  },
  "errors": {}
}