{
  "instance_dir": "/shared/share_malatown/OR_Agent/examples/benchmark/real_trajectory/lead_time_0/573085004",
  "instance_name": "573085004",
  "promised_lead_time": 0,
  "model": "x-ai/grok-4.1-fast",
  "num_runs_llm": 1,
  "num_runs_deterministic": 1,
  "max_periods": null,
  "summary": {
    "perfect_score": 104747.0,
    "ratios": {
      "or": 0.8144863337374817,
      "llm": 0.8387256914279168,
      "llm_to_or": 0.8715094465712622,
      "or_to_llm": 0.8519384803383391,
      "perfect_score": 1.0
    },
    "warnings": null
  },
  "results": {
    "or": {
      "rewards": [
        85315.0
      ],
      "mean": 85315.0,
      "std": 0.0,
      "min": 85315.0,
      "max": 85315.0,
      "count": 1,
      "ratio_to_perfect": 0.8144863337374817
    },
    "llm": {
      "rewards": [
        87854.0
      ],
      "mean": 87854.0,
      "std": 0.0,
      "min": 87854.0,
      "max": 87854.0,
      "count": 1,
      "ratio_to_perfect": 0.8387256914279168
    },
    "llm_to_or": {
      "rewards": [
        91288.0
      ],
      "mean": 91288.0,
      "std": 0.0,
      "min": 91288.0,
      "max": 91288.0,
      "count": 1,
      "ratio_to_perfect": 0.8715094465712622
    },
    "or_to_llm": {
      "rewards": [
        89238.0
      ],
      "mean": 89238.0,
      "std": 0.0,
      "min": 89238.0,
      "max": 89238.0,
      "count": 1,
      "ratio_to_perfect": 0.8519384803383391
    },
    "perfect_score": {
      "rewards": [
        104747.0
      ],
      "mean": 104747.0,
      "std": 0.0,
      "min": 104747.0,
      "max": 104747.0,
      "count": 1,
      "ratio_to_perfect": 1.0
    }
  },
  "errors": {}
}