{
  "instance_dir": "D:\\TextArena\\examples\\benchmark\\synthetic_trajectory\\lead_time_4\\p06_variance_change\\v3_var_decrease\\r2_high",
  "instance_name": "r2_high",
  "promised_lead_time": 4,
  "model": "openai/gpt-5-mini",
  "num_runs_llm": 1,
  "num_runs_deterministic": 1,
  "max_periods": null,
  "summary": {
    "perfect_score": 95057.0,
    "ratios": {
      "or": 0.7871487633735548,
      "llm": 0.7747456789084444,
      "llm_to_or": 0.793008405483026,
      "or_to_llm": 0.6624972384990059,
      "perfect_score": 1.0
    },
    "warnings": null
  },
  "results": {
    "or": {
      "rewards": [
        74824.0
      ],
      "mean": 74824.0,
      "std": 0.0,
      "min": 74824.0,
      "max": 74824.0,
      "count": 1,
      "ratio_to_perfect": 0.7871487633735548
    },
    "llm": {
      "rewards": [
        73645.0
      ],
      "mean": 73645.0,
      "std": 0.0,
      "min": 73645.0,
      "max": 73645.0,
      "count": 1,
      "ratio_to_perfect": 0.7747456789084444
    },
    "llm_to_or": {
      "rewards": [
        75381.0
      ],
      "mean": 75381.0,
      "std": 0.0,
      "min": 75381.0,
      "max": 75381.0,
      "count": 1,
      "ratio_to_perfect": 0.793008405483026
    },
    "or_to_llm": {
      "rewards": [
        62975.0
      ],
      "mean": 62975.0,
      "std": 0.0,
      "min": 62975.0,
      "max": 62975.0,
      "count": 1,
      "ratio_to_perfect": 0.6624972384990059
    },
    "perfect_score": {
      "rewards": [
        95057.0
      ],
      "mean": 95057.0,
      "std": 0.0,
      "min": 95057.0,
      "max": 95057.0,
      "count": 1,
      "ratio_to_perfect": 1.0
    }
  },
  "errors": {}
}