{
  "instance_dir": "/shared/share_malatown/OR_Agent/examples/benchmark/synthetic_trajectory/lead_time_0/p06_variance_change/v3_var_decrease/r1_high",
  "instance_name": "r1_high",
  "promised_lead_time": 0,
  "model": "x-ai/grok-4.1-fast",
  "num_runs_llm": 1,
  "num_runs_deterministic": 1,
  "max_periods": null,
  "summary": {
    "perfect_score": 90611.0,
    "ratios": {
      "or": 0.9285406849058061,
      "llm": 0.900563949189392,
      "llm_to_or": 0.9007736367549194,
      "or_to_llm": 0.9269845824458399,
      "perfect_score": 1.0
    },
    "warnings": null
  },
  "results": {
    "or": {
      "rewards": [
        84136.0
      ],
      "mean": 84136.0,
      "std": 0.0,
      "min": 84136.0,
      "max": 84136.0,
      "count": 1,
      "ratio_to_perfect": 0.9285406849058061
    },
    "llm": {
      "rewards": [
        81601.0
      ],
      "mean": 81601.0,
      "std": 0.0,
      "min": 81601.0,
      "max": 81601.0,
      "count": 1,
      "ratio_to_perfect": 0.900563949189392
    },
    "llm_to_or": {
      "rewards": [
        81620.0
      ],
      "mean": 81620.0,
      "std": 0.0,
      "min": 81620.0,
      "max": 81620.0,
      "count": 1,
      "ratio_to_perfect": 0.9007736367549194
    },
    "or_to_llm": {
      "rewards": [
        83995.0
      ],
      "mean": 83995.0,
      "std": 0.0,
      "min": 83995.0,
      "max": 83995.0,
      "count": 1,
      "ratio_to_perfect": 0.9269845824458399
    },
    "perfect_score": {
      "rewards": [
        90611.0
      ],
      "mean": 90611.0,
      "std": 0.0,
      "min": 90611.0,
      "max": 90611.0,
      "count": 1,
      "ratio_to_perfect": 1.0
    }
  },
  "errors": {}
}