{
  "instance_dir": "/shared/share_malatown/OR_Agent/examples/benchmark/real_trajectory/lead_time_4/697054003",
  "instance_name": "697054003",
  "promised_lead_time": 4,
  "model": "x-ai/grok-4.1-fast",
  "num_runs_llm": 1,
  "num_runs_deterministic": 1,
  "max_periods": null,
  "summary": {
    "perfect_score": 13780.0,
    "ratios": {
      "or": 0.27053701015965165,
      "llm": -0.9524673439767779,
      "llm_to_or": 0.47597968069666186,
      "or_to_llm": 0.26103047895500725,
      "perfect_score": 1.0
    },
    "warnings": null
  },
  "results": {
    "or": {
      "rewards": [
        3728.0
      ],
      "mean": 3728.0,
      "std": 0.0,
      "min": 3728.0,
      "max": 3728.0,
      "count": 1,
      "ratio_to_perfect": 0.27053701015965165
    },
    "llm": {
      "rewards": [
        -13125.0
      ],
      "mean": -13125.0,
      "std": 0.0,
      "min": -13125.0,
      "max": -13125.0,
      "count": 1,
      "ratio_to_perfect": -0.9524673439767779
    },
    "llm_to_or": {
      "rewards": [
        6559.0
      ],
      "mean": 6559.0,
      "std": 0.0,
      "min": 6559.0,
      "max": 6559.0,
      "count": 1,
      "ratio_to_perfect": 0.47597968069666186
    },
    "or_to_llm": {
      "rewards": [
        3597.0
      ],
      "mean": 3597.0,
      "std": 0.0,
      "min": 3597.0,
      "max": 3597.0,
      "count": 1,
      "ratio_to_perfect": 0.26103047895500725
    },
    "perfect_score": {
      "rewards": [
        13780.0
      ],
      "mean": 13780.0,
      "std": 0.0,
      "min": 13780.0,
      "max": 13780.0,
      "count": 1,
      "ratio_to_perfect": 1.0
    }
  },
  "errors": {}
}