{
  "instance_dir": "/shared/share_malatown/OR_Agent/examples/benchmark/real_trajectory/lead_time_stochastic/160442010",
  "instance_name": "160442010",
  "promised_lead_time": 2,
  "model": "x-ai/grok-4.1-fast",
  "num_runs_llm": 1,
  "num_runs_deterministic": 1,
  "max_periods": null,
  "summary": {
    "perfect_score": 146376.0,
    "ratios": {
      "or": 0.29722768759905993,
      "llm": 0.6384858173471061,
      "llm_to_or": 0.4254522599333224,
      "or_to_llm": 0.5458750068317211,
      "perfect_score": 1.0
    },
    "warnings": null
  },
  "results": {
    "or": {
      "rewards": [
        43507.0
      ],
      "mean": 43507.0,
      "std": 0.0,
      "min": 43507.0,
      "max": 43507.0,
      "count": 1,
      "ratio_to_perfect": 0.29722768759905993
    },
    "llm": {
      "rewards": [
        93459.0
      ],
      "mean": 93459.0,
      "std": 0.0,
      "min": 93459.0,
      "max": 93459.0,
      "count": 1,
      "ratio_to_perfect": 0.6384858173471061
    },
    "llm_to_or": {
      "rewards": [
        62276.0
      ],
      "mean": 62276.0,
      "std": 0.0,
      "min": 62276.0,
      "max": 62276.0,
      "count": 1,
      "ratio_to_perfect": 0.4254522599333224
    },
    "or_to_llm": {
      "rewards": [
        79903.0
      ],
      "mean": 79903.0,
      "std": 0.0,
      "min": 79903.0,
      "max": 79903.0,
      "count": 1,
      "ratio_to_perfect": 0.5458750068317211
    },
    "perfect_score": {
      "rewards": [
        146376.0
      ],
      "mean": 146376.0,
      "std": 0.0,
      "min": 146376.0,
      "max": 146376.0,
      "count": 1,
      "ratio_to_perfect": 1.0
    }
  },
  "errors": {}
}