{
  "instance_dir": "/shared/share_malatown/OR_Agent/examples/benchmark/synthetic_trajectory/lead_time_0/p09_temp_spike_dip/v2_temp_dip/r2_high",
  "instance_name": "r2_high",
  "promised_lead_time": 0,
  "model": "x-ai/grok-4.1-fast",
  "num_runs_llm": 1,
  "num_runs_deterministic": 1,
  "max_periods": null,
  "summary": {
    "perfect_score": 83600.0,
    "ratios": {
      "or": 0.9688277511961723,
      "llm": 0.9549760765550239,
      "llm_to_or": 0.9641626794258373,
      "or_to_llm": 0.9709090909090909,
      "perfect_score": 1.0
    },
    "warnings": null
  },
  "results": {
    "or": {
      "rewards": [
        80994.0
      ],
      "mean": 80994.0,
      "std": 0.0,
      "min": 80994.0,
      "max": 80994.0,
      "count": 1,
      "ratio_to_perfect": 0.9688277511961723
    },
    "llm": {
      "rewards": [
        79836.0
      ],
      "mean": 79836.0,
      "std": 0.0,
      "min": 79836.0,
      "max": 79836.0,
      "count": 1,
      "ratio_to_perfect": 0.9549760765550239
    },
    "llm_to_or": {
      "rewards": [
        80604.0
      ],
      "mean": 80604.0,
      "std": 0.0,
      "min": 80604.0,
      "max": 80604.0,
      "count": 1,
      "ratio_to_perfect": 0.9641626794258373
    },
    "or_to_llm": {
      "rewards": [
        81168.0
      ],
      "mean": 81168.0,
      "std": 0.0,
      "min": 81168.0,
      "max": 81168.0,
      "count": 1,
      "ratio_to_perfect": 0.9709090909090909
    },
    "perfect_score": {
      "rewards": [
        83600.0
      ],
      "mean": 83600.0,
      "std": 0.0,
      "min": 83600.0,
      "max": 83600.0,
      "count": 1,
      "ratio_to_perfect": 1.0
    }
  },
  "errors": {}
}