{
  "instance_dir": "D:\\TextArena\\examples\\benchmark\\synthetic_trajectory\\lead_time_0\\p08_multi_changepoint\\v2_down_then_up\\r1_med",
  "instance_name": "r1_med",
  "promised_lead_time": 0,
  "model": "google/gemini-3-flash-preview",
  "num_runs_llm": 1,
  "num_runs_deterministic": 1,
  "max_periods": null,
  "summary": {
    "perfect_score": 17676.0,
    "ratios": {
      "or": 0.8525118805159538,
      "llm": 0.8565286263860602,
      "llm_to_or": 0.8540393754243042,
      "or_to_llm": 0.8595836162027608,
      "perfect_score": 1.0
    },
    "warnings": null
  },
  "results": {
    "or": {
      "rewards": [
        15069.0
      ],
      "mean": 15069.0,
      "std": 0.0,
      "min": 15069.0,
      "max": 15069.0,
      "count": 1,
      "ratio_to_perfect": 0.8525118805159538
    },
    "llm": {
      "rewards": [
        15140.0
      ],
      "mean": 15140.0,
      "std": 0.0,
      "min": 15140.0,
      "max": 15140.0,
      "count": 1,
      "ratio_to_perfect": 0.8565286263860602
    },
    "llm_to_or": {
      "rewards": [
        15096.0
      ],
      "mean": 15096.0,
      "std": 0.0,
      "min": 15096.0,
      "max": 15096.0,
      "count": 1,
      "ratio_to_perfect": 0.8540393754243042
    },
    "or_to_llm": {
      "rewards": [
        15194.0
      ],
      "mean": 15194.0,
      "std": 0.0,
      "min": 15194.0,
      "max": 15194.0,
      "count": 1,
      "ratio_to_perfect": 0.8595836162027608
    },
    "perfect_score": {
      "rewards": [
        17676.0
      ],
      "mean": 17676.0,
      "std": 0.0,
      "min": 17676.0,
      "max": 17676.0,
      "count": 1,
      "ratio_to_perfect": 1.0
    }
  },
  "errors": {}
}