{
  "instance_dir": "/shared/share_malatown/OR-Agent-GPT5mini-benchmark/examples/benchmark/real_trajectory/lead_time_stochastic/685813001",
  "instance_name": "685813001",
  "promised_lead_time": 2,
  "model": "openai/gpt-5-mini",
  "num_runs_llm": 1,
  "num_runs_deterministic": 1,
  "max_periods": null,
  "summary": {
    "perfect_score": 85215.0,
    "ratios": {
      "or": 0.19070586164407674,
      "llm": 0.4226368597077979,
      "llm_to_or": 0.2827201783723523,
      "or_to_llm": 0.23249427917620138,
      "perfect_score": 1.0
    },
    "warnings": null
  },
  "results": {
    "or": {
      "rewards": [
        16251.0
      ],
      "mean": 16251.0,
      "std": 0.0,
      "min": 16251.0,
      "max": 16251.0,
      "count": 1,
      "ratio_to_perfect": 0.19070586164407674
    },
    "llm": {
      "rewards": [
        36015.0
      ],
      "mean": 36015.0,
      "std": 0.0,
      "min": 36015.0,
      "max": 36015.0,
      "count": 1,
      "ratio_to_perfect": 0.4226368597077979
    },
    "llm_to_or": {
      "rewards": [
        24092.0
      ],
      "mean": 24092.0,
      "std": 0.0,
      "min": 24092.0,
      "max": 24092.0,
      "count": 1,
      "ratio_to_perfect": 0.2827201783723523
    },
    "or_to_llm": {
      "rewards": [
        19812.0
      ],
      "mean": 19812.0,
      "std": 0.0,
      "min": 19812.0,
      "max": 19812.0,
      "count": 1,
      "ratio_to_perfect": 0.23249427917620138
    },
    "perfect_score": {
      "rewards": [
        85215.0
      ],
      "mean": 85215.0,
      "std": 0.0,
      "min": 85215.0,
      "max": 85215.0,
      "count": 1,
      "ratio_to_perfect": 1.0
    }
  },
  "errors": {}
}