{
  "instance_dir": "/shared/share_malatown/OR_Agent/examples/benchmark/synthetic_trajectory/lead_time_stochastic/p02_mean_increase/v4_100to200_samevar/r2_high",
  "instance_name": "r2_high",
  "promised_lead_time": 2,
  "model": "x-ai/grok-4.1-fast",
  "num_runs_llm": 1,
  "num_runs_deterministic": 1,
  "max_periods": null,
  "summary": {
    "perfect_score": 158631.0,
    "ratios": {
      "or": 0.10740019290050494,
      "llm": 0.6587867440790262,
      "llm_to_or": 0.48626687091426013,
      "or_to_llm": 0.6313393977217567,
      "perfect_score": 1.0
    },
    "warnings": null
  },
  "results": {
    "or": {
      "rewards": [
        17037.0
      ],
      "mean": 17037.0,
      "std": 0.0,
      "min": 17037.0,
      "max": 17037.0,
      "count": 1,
      "ratio_to_perfect": 0.10740019290050494
    },
    "llm": {
      "rewards": [
        104504.0
      ],
      "mean": 104504.0,
      "std": 0.0,
      "min": 104504.0,
      "max": 104504.0,
      "count": 1,
      "ratio_to_perfect": 0.6587867440790262
    },
    "llm_to_or": {
      "rewards": [
        77137.0
      ],
      "mean": 77137.0,
      "std": 0.0,
      "min": 77137.0,
      "max": 77137.0,
      "count": 1,
      "ratio_to_perfect": 0.48626687091426013
    },
    "or_to_llm": {
      "rewards": [
        100150.0
      ],
      "mean": 100150.0,
      "std": 0.0,
      "min": 100150.0,
      "max": 100150.0,
      "count": 1,
      "ratio_to_perfect": 0.6313393977217567
    },
    "perfect_score": {
      "rewards": [
        158631.0
      ],
      "mean": 158631.0,
      "std": 0.0,
      "min": 158631.0,
      "max": 158631.0,
      "count": 1,
      "ratio_to_perfect": 1.0
    }
  },
  "errors": {}
}