{
  "instance_dir": "/shared/share_malatown/OR-Agent-GPT5mini-benchmark/examples/benchmark/real_trajectory/lead_time_0/111586001",
  "instance_name": "111586001",
  "promised_lead_time": 0,
  "model": "openai/gpt-5-mini",
  "num_runs_llm": 1,
  "num_runs_deterministic": 1,
  "max_periods": null,
  "summary": {
    "perfect_score": 7661.0,
    "ratios": {
      "or": 0.3893747552538833,
      "llm": 0.7491189139798982,
      "llm_to_or": 0.6869860331549406,
      "or_to_llm": 0.6251142148544576,
      "perfect_score": 1.0
    },
    "warnings": null
  },
  "results": {
    "or": {
      "rewards": [
        2983.0
      ],
      "mean": 2983.0,
      "std": 0.0,
      "min": 2983.0,
      "max": 2983.0,
      "count": 1,
      "ratio_to_perfect": 0.3893747552538833
    },
    "llm": {
      "rewards": [
        5739.0
      ],
      "mean": 5739.0,
      "std": 0.0,
      "min": 5739.0,
      "max": 5739.0,
      "count": 1,
      "ratio_to_perfect": 0.7491189139798982
    },
    "llm_to_or": {
      "rewards": [
        5263.0
      ],
      "mean": 5263.0,
      "std": 0.0,
      "min": 5263.0,
      "max": 5263.0,
      "count": 1,
      "ratio_to_perfect": 0.6869860331549406
    },
    "or_to_llm": {
      "rewards": [
        4789.0
      ],
      "mean": 4789.0,
      "std": 0.0,
      "min": 4789.0,
      "max": 4789.0,
      "count": 1,
      "ratio_to_perfect": 0.6251142148544576
    },
    "perfect_score": {
      "rewards": [
        7661.0
      ],
      "mean": 7661.0,
      "std": 0.0,
      "min": 7661.0,
      "max": 7661.0,
      "count": 1,
      "ratio_to_perfect": 1.0
    }
  },
  "errors": {}
}