{
  "instance_dir": "D:\\TextArena\\examples\\benchmark\\synthetic_trajectory\\lead_time_stochastic\\p07_seasonal\\v3_period25_amp40\\r1_high",
  "instance_name": "r1_high",
  "promised_lead_time": 2,
  "model": "google/gemini-3-flash-preview",
  "num_runs_llm": 1,
  "num_runs_deterministic": 1,
  "max_periods": null,
  "summary": {
    "perfect_score": 94753.0,
    "ratios": {
      "or": 0.14591622428841303,
      "llm": 0.6889913775817125,
      "llm_to_or": 0.2975525840870474,
      "or_to_llm": 0.6546389032537229,
      "perfect_score": 1.0
    },
    "warnings": null
  },
  "results": {
    "or": {
      "rewards": [
        13826.0
      ],
      "mean": 13826.0,
      "std": 0.0,
      "min": 13826.0,
      "max": 13826.0,
      "count": 1,
      "ratio_to_perfect": 0.14591622428841303
    },
    "llm": {
      "rewards": [
        65284.0
      ],
      "mean": 65284.0,
      "std": 0.0,
      "min": 65284.0,
      "max": 65284.0,
      "count": 1,
      "ratio_to_perfect": 0.6889913775817125
    },
    "llm_to_or": {
      "rewards": [
        28194.0
      ],
      "mean": 28194.0,
      "std": 0.0,
      "min": 28194.0,
      "max": 28194.0,
      "count": 1,
      "ratio_to_perfect": 0.2975525840870474
    },
    "or_to_llm": {
      "rewards": [
        62029.0
      ],
      "mean": 62029.0,
      "std": 0.0,
      "min": 62029.0,
      "max": 62029.0,
      "count": 1,
      "ratio_to_perfect": 0.6546389032537229
    },
    "perfect_score": {
      "rewards": [
        94753.0
      ],
      "mean": 94753.0,
      "std": 0.0,
      "min": 94753.0,
      "max": 94753.0,
      "count": 1,
      "ratio_to_perfect": 1.0
    }
  },
  "errors": {}
}