{
  "instance_dir": "/shared/share_malatown/OR_Agent/examples/benchmark/synthetic_trajectory/lead_time_0/p09_temp_spike_dip/v1_temp_surge/r1_med",
  "instance_name": "r1_med",
  "promised_lead_time": 0,
  "model": "x-ai/grok-4.1-fast",
  "num_runs_llm": 1,
  "num_runs_deterministic": 1,
  "max_periods": null,
  "summary": {
    "perfect_score": 24816.0,
    "ratios": {
      "or": 0.81785944551902,
      "llm": 0.8770954223081883,
      "llm_to_or": 0.8842279174725983,
      "or_to_llm": 0.8786669890393295,
      "perfect_score": 1.0
    },
    "warnings": null
  },
  "results": {
    "or": {
      "rewards": [
        20296.0
      ],
      "mean": 20296.0,
      "std": 0.0,
      "min": 20296.0,
      "max": 20296.0,
      "count": 1,
      "ratio_to_perfect": 0.81785944551902
    },
    "llm": {
      "rewards": [
        21766.0
      ],
      "mean": 21766.0,
      "std": 0.0,
      "min": 21766.0,
      "max": 21766.0,
      "count": 1,
      "ratio_to_perfect": 0.8770954223081883
    },
    "llm_to_or": {
      "rewards": [
        21943.0
      ],
      "mean": 21943.0,
      "std": 0.0,
      "min": 21943.0,
      "max": 21943.0,
      "count": 1,
      "ratio_to_perfect": 0.8842279174725983
    },
    "or_to_llm": {
      "rewards": [
        21805.0
      ],
      "mean": 21805.0,
      "std": 0.0,
      "min": 21805.0,
      "max": 21805.0,
      "count": 1,
      "ratio_to_perfect": 0.8786669890393295
    },
    "perfect_score": {
      "rewards": [
        24816.0
      ],
      "mean": 24816.0,
      "std": 0.0,
      "min": 24816.0,
      "max": 24816.0,
      "count": 1,
      "ratio_to_perfect": 1.0
    }
  },
  "errors": {}
}