{
  "instance_dir": "D:\\TextArena\\examples\\benchmark\\synthetic_trajectory\\lead_time_4\\p03_mean_decrease\\v1_100to50\\r2_high",
  "instance_name": "r2_high",
  "promised_lead_time": 4,
  "model": "google/gemini-3-flash-preview",
  "num_runs_llm": 1,
  "num_runs_deterministic": 1,
  "max_periods": null,
  "summary": {
    "perfect_score": 64562.0,
    "ratios": {
      "or": 0.6806790372045476,
      "llm": 0.7614541061305412,
      "llm_to_or": 0.7732412254886776,
      "or_to_llm": 0.7095969765496731,
      "perfect_score": 1.0
    },
    "warnings": null
  },
  "results": {
    "or": {
      "rewards": [
        43946.0
      ],
      "mean": 43946.0,
      "std": 0.0,
      "min": 43946.0,
      "max": 43946.0,
      "count": 1,
      "ratio_to_perfect": 0.6806790372045476
    },
    "llm": {
      "rewards": [
        49161.0
      ],
      "mean": 49161.0,
      "std": 0.0,
      "min": 49161.0,
      "max": 49161.0,
      "count": 1,
      "ratio_to_perfect": 0.7614541061305412
    },
    "llm_to_or": {
      "rewards": [
        49922.0
      ],
      "mean": 49922.0,
      "std": 0.0,
      "min": 49922.0,
      "max": 49922.0,
      "count": 1,
      "ratio_to_perfect": 0.7732412254886776
    },
    "or_to_llm": {
      "rewards": [
        45813.0
      ],
      "mean": 45813.0,
      "std": 0.0,
      "min": 45813.0,
      "max": 45813.0,
      "count": 1,
      "ratio_to_perfect": 0.7095969765496731
    },
    "perfect_score": {
      "rewards": [
        64562.0
      ],
      "mean": 64562.0,
      "std": 0.0,
      "min": 64562.0,
      "max": 64562.0,
      "count": 1,
      "ratio_to_perfect": 1.0
    }
  },
  "errors": {}
}