{
  "instance_dir": "D:\\TextArena\\examples\\benchmark\\synthetic_trajectory\\lead_time_4\\p07_seasonal\\v4_multiplicative\\r1_high",
  "instance_name": "r1_high",
  "promised_lead_time": 4,
  "model": "google/gemini-3-flash-preview",
  "num_runs_llm": 1,
  "num_runs_deterministic": 1,
  "max_periods": null,
  "summary": {
    "perfect_score": 89851.0,
    "ratios": {
      "or": 0.8103749540906612,
      "llm": 0.6917897407930907,
      "llm_to_or": 0.7744933278427619,
      "or_to_llm": 0.7602363913590278,
      "perfect_score": 1.0
    },
    "warnings": null
  },
  "results": {
    "or": {
      "rewards": [
        72813.0
      ],
      "mean": 72813.0,
      "std": 0.0,
      "min": 72813.0,
      "max": 72813.0,
      "count": 1,
      "ratio_to_perfect": 0.8103749540906612
    },
    "llm": {
      "rewards": [
        62158.0
      ],
      "mean": 62158.0,
      "std": 0.0,
      "min": 62158.0,
      "max": 62158.0,
      "count": 1,
      "ratio_to_perfect": 0.6917897407930907
    },
    "llm_to_or": {
      "rewards": [
        69589.0
      ],
      "mean": 69589.0,
      "std": 0.0,
      "min": 69589.0,
      "max": 69589.0,
      "count": 1,
      "ratio_to_perfect": 0.7744933278427619
    },
    "or_to_llm": {
      "rewards": [
        68308.0
      ],
      "mean": 68308.0,
      "std": 0.0,
      "min": 68308.0,
      "max": 68308.0,
      "count": 1,
      "ratio_to_perfect": 0.7602363913590278
    },
    "perfect_score": {
      "rewards": [
        89851.0
      ],
      "mean": 89851.0,
      "std": 0.0,
      "min": 89851.0,
      "max": 89851.0,
      "count": 1,
      "ratio_to_perfect": 1.0
    }
  },
  "errors": {}
}