{
  "instance_dir": "/shared/share_malatown/OR_Agent/examples/benchmark/synthetic_trajectory/lead_time_stochastic/p02_mean_increase/v3_100to300/r2_high",
  "instance_name": "r2_high",
  "promised_lead_time": 2,
  "model": "x-ai/grok-4.1-fast",
  "num_runs_llm": 1,
  "num_runs_deterministic": 1,
  "max_periods": null,
  "summary": {
    "perfect_score": 217398.0,
    "ratios": {
      "or": 0.08387841654477042,
      "llm": 0.6277288659509287,
      "llm_to_or": 0.47959042861479867,
      "or_to_llm": 0.522543905647706,
      "perfect_score": 1.0
    },
    "warnings": null
  },
  "results": {
    "or": {
      "rewards": [
        18235.0
      ],
      "mean": 18235.0,
      "std": 0.0,
      "min": 18235.0,
      "max": 18235.0,
      "count": 1,
      "ratio_to_perfect": 0.08387841654477042
    },
    "llm": {
      "rewards": [
        136467.0
      ],
      "mean": 136467.0,
      "std": 0.0,
      "min": 136467.0,
      "max": 136467.0,
      "count": 1,
      "ratio_to_perfect": 0.6277288659509287
    },
    "llm_to_or": {
      "rewards": [
        104262.0
      ],
      "mean": 104262.0,
      "std": 0.0,
      "min": 104262.0,
      "max": 104262.0,
      "count": 1,
      "ratio_to_perfect": 0.47959042861479867
    },
    "or_to_llm": {
      "rewards": [
        113600.0
      ],
      "mean": 113600.0,
      "std": 0.0,
      "min": 113600.0,
      "max": 113600.0,
      "count": 1,
      "ratio_to_perfect": 0.522543905647706
    },
    "perfect_score": {
      "rewards": [
        217398.0
      ],
      "mean": 217398.0,
      "std": 0.0,
      "min": 217398.0,
      "max": 217398.0,
      "count": 1,
      "ratio_to_perfect": 1.0
    }
  },
  "errors": {}
}