{
  "instance_dir": "D:\\TextArena\\examples\\benchmark\\synthetic_trajectory\\lead_time_4\\p03_mean_decrease\\v4_150to80\\r1_high",
  "instance_name": "r1_high",
  "promised_lead_time": 4,
  "model": "google/gemini-3-flash-preview",
  "num_runs_llm": 1,
  "num_runs_deterministic": 1,
  "max_periods": null,
  "summary": {
    "perfect_score": 95779.0,
    "ratios": {
      "or": 0.741112352394575,
      "llm": 0.767788346088391,
      "llm_to_or": 0.7885444617296067,
      "or_to_llm": 0.8091857296484616,
      "perfect_score": 1.0
    },
    "warnings": null
  },
  "results": {
    "or": {
      "rewards": [
        70983.0
      ],
      "mean": 70983.0,
      "std": 0.0,
      "min": 70983.0,
      "max": 70983.0,
      "count": 1,
      "ratio_to_perfect": 0.741112352394575
    },
    "llm": {
      "rewards": [
        73538.0
      ],
      "mean": 73538.0,
      "std": 0.0,
      "min": 73538.0,
      "max": 73538.0,
      "count": 1,
      "ratio_to_perfect": 0.767788346088391
    },
    "llm_to_or": {
      "rewards": [
        75526.0
      ],
      "mean": 75526.0,
      "std": 0.0,
      "min": 75526.0,
      "max": 75526.0,
      "count": 1,
      "ratio_to_perfect": 0.7885444617296067
    },
    "or_to_llm": {
      "rewards": [
        77503.0
      ],
      "mean": 77503.0,
      "std": 0.0,
      "min": 77503.0,
      "max": 77503.0,
      "count": 1,
      "ratio_to_perfect": 0.8091857296484616
    },
    "perfect_score": {
      "rewards": [
        95779.0
      ],
      "mean": 95779.0,
      "std": 0.0,
      "min": 95779.0,
      "max": 95779.0,
      "count": 1,
      "ratio_to_perfect": 1.0
    }
  },
  "errors": {}
}