{
  "instance_dir": "D:\\TextArena\\examples\\benchmark\\real_trajectory\\lead_time_stochastic\\658030020",
  "instance_name": "658030020",
  "promised_lead_time": 2,
  "model": "google/gemini-3-flash-preview",
  "num_runs_llm": 1,
  "num_runs_deterministic": 1,
  "max_periods": null,
  "summary": {
    "perfect_score": 13496.0,
    "ratios": {
      "or": 0.1642708950800237,
      "llm": 0.4454653230586841,
      "llm_to_or": -0.051719027860106695,
      "or_to_llm": 0.4116034380557202,
      "perfect_score": 1.0
    },
    "warnings": null
  },
  "results": {
    "or": {
      "rewards": [
        2217.0
      ],
      "mean": 2217.0,
      "std": 0.0,
      "min": 2217.0,
      "max": 2217.0,
      "count": 1,
      "ratio_to_perfect": 0.1642708950800237
    },
    "llm": {
      "rewards": [
        6012.0
      ],
      "mean": 6012.0,
      "std": 0.0,
      "min": 6012.0,
      "max": 6012.0,
      "count": 1,
      "ratio_to_perfect": 0.4454653230586841
    },
    "llm_to_or": {
      "rewards": [
        -698.0
      ],
      "mean": -698.0,
      "std": 0.0,
      "min": -698.0,
      "max": -698.0,
      "count": 1,
      "ratio_to_perfect": -0.051719027860106695
    },
    "or_to_llm": {
      "rewards": [
        5555.0
      ],
      "mean": 5555.0,
      "std": 0.0,
      "min": 5555.0,
      "max": 5555.0,
      "count": 1,
      "ratio_to_perfect": 0.4116034380557202
    },
    "perfect_score": {
      "rewards": [
        13496.0
      ],
      "mean": 13496.0,
      "std": 0.0,
      "min": 13496.0,
      "max": 13496.0,
      "count": 1,
      "ratio_to_perfect": 1.0
    }
  },
  "errors": {}
}