{
  "instance_dir": "D:\\TextArena\\examples\\benchmark\\real_trajectory\\lead_time_0\\399087014",
  "instance_name": "399087014",
  "promised_lead_time": 0,
  "model": "google/gemini-3-flash-preview",
  "num_runs_llm": 1,
  "num_runs_deterministic": 1,
  "max_periods": null,
  "summary": {
    "perfect_score": 3976.0,
    "ratios": {
      "or": 0.5583501006036218,
      "llm": 0.5850100603621731,
      "llm_to_or": 0.670523138832998,
      "or_to_llm": 0.5933098591549296,
      "perfect_score": 1.0
    },
    "warnings": null
  },
  "results": {
    "or": {
      "rewards": [
        2220.0
      ],
      "mean": 2220.0,
      "std": 0.0,
      "min": 2220.0,
      "max": 2220.0,
      "count": 1,
      "ratio_to_perfect": 0.5583501006036218
    },
    "llm": {
      "rewards": [
        2326.0
      ],
      "mean": 2326.0,
      "std": 0.0,
      "min": 2326.0,
      "max": 2326.0,
      "count": 1,
      "ratio_to_perfect": 0.5850100603621731
    },
    "llm_to_or": {
      "rewards": [
        2666.0
      ],
      "mean": 2666.0,
      "std": 0.0,
      "min": 2666.0,
      "max": 2666.0,
      "count": 1,
      "ratio_to_perfect": 0.670523138832998
    },
    "or_to_llm": {
      "rewards": [
        2359.0
      ],
      "mean": 2359.0,
      "std": 0.0,
      "min": 2359.0,
      "max": 2359.0,
      "count": 1,
      "ratio_to_perfect": 0.5933098591549296
    },
    "perfect_score": {
      "rewards": [
        3976.0
      ],
      "mean": 3976.0,
      "std": 0.0,
      "min": 3976.0,
      "max": 3976.0,
      "count": 1,
      "ratio_to_perfect": 1.0
    }
  },
  "errors": {}
}