{
  "instance_dir": "/shared/share_malatown/OR-Agent-GPT5mini-benchmark/examples/benchmark/real_trajectory/lead_time_4/399087021",
  "instance_name": "399087021",
  "promised_lead_time": 4,
  "model": "openai/gpt-5-mini",
  "num_runs_llm": 1,
  "num_runs_deterministic": 1,
  "max_periods": null,
  "summary": {
    "perfect_score": 8464.0,
    "ratios": {
      "or": -0.4460066162570889,
      "llm": -0.47743383742911155,
      "llm_to_or": -0.5551748582230623,
      "or_to_llm": -0.4710538752362949,
      "perfect_score": 1.0
    },
    "warnings": null
  },
  "results": {
    "or": {
      "rewards": [
        -3775.0
      ],
      "mean": -3775.0,
      "std": 0.0,
      "min": -3775.0,
      "max": -3775.0,
      "count": 1,
      "ratio_to_perfect": -0.4460066162570889
    },
    "llm": {
      "rewards": [
        -4041.0
      ],
      "mean": -4041.0,
      "std": 0.0,
      "min": -4041.0,
      "max": -4041.0,
      "count": 1,
      "ratio_to_perfect": -0.47743383742911155
    },
    "llm_to_or": {
      "rewards": [
        -4699.0
      ],
      "mean": -4699.0,
      "std": 0.0,
      "min": -4699.0,
      "max": -4699.0,
      "count": 1,
      "ratio_to_perfect": -0.5551748582230623
    },
    "or_to_llm": {
      "rewards": [
        -3987.0
      ],
      "mean": -3987.0,
      "std": 0.0,
      "min": -3987.0,
      "max": -3987.0,
      "count": 1,
      "ratio_to_perfect": -0.4710538752362949
    },
    "perfect_score": {
      "rewards": [
        8464.0
      ],
      "mean": 8464.0,
      "std": 0.0,
      "min": 8464.0,
      "max": 8464.0,
      "count": 1,
      "ratio_to_perfect": 1.0
    }
  },
  "errors": {}
}