{
  "instance_dir": "/shared/share_malatown/OR_Agent/examples/benchmark/synthetic_trajectory/lead_time_0/p03_mean_decrease/v4_150to80/r1_high",
  "instance_name": "r1_high",
  "promised_lead_time": 0,
  "model": "x-ai/grok-4.1-fast",
  "num_runs_llm": 1,
  "num_runs_deterministic": 1,
  "max_periods": null,
  "summary": {
    "perfect_score": 95779.0,
    "ratios": {
      "or": 0.9498115453283079,
      "llm": 0.9552824731934976,
      "llm_to_or": 0.953601520166216,
      "or_to_llm": 0.9500516814750624,
      "perfect_score": 1.0
    },
    "warnings": null
  },
  "results": {
    "or": {
      "rewards": [
        90972.0
      ],
      "mean": 90972.0,
      "std": 0.0,
      "min": 90972.0,
      "max": 90972.0,
      "count": 1,
      "ratio_to_perfect": 0.9498115453283079
    },
    "llm": {
      "rewards": [
        91496.0
      ],
      "mean": 91496.0,
      "std": 0.0,
      "min": 91496.0,
      "max": 91496.0,
      "count": 1,
      "ratio_to_perfect": 0.9552824731934976
    },
    "llm_to_or": {
      "rewards": [
        91335.0
      ],
      "mean": 91335.0,
      "std": 0.0,
      "min": 91335.0,
      "max": 91335.0,
      "count": 1,
      "ratio_to_perfect": 0.953601520166216
    },
    "or_to_llm": {
      "rewards": [
        90995.0
      ],
      "mean": 90995.0,
      "std": 0.0,
      "min": 90995.0,
      "max": 90995.0,
      "count": 1,
      "ratio_to_perfect": 0.9500516814750624
    },
    "perfect_score": {
      "rewards": [
        95779.0
      ],
      "mean": 95779.0,
      "std": 0.0,
      "min": 95779.0,
      "max": 95779.0,
      "count": 1,
      "ratio_to_perfect": 1.0
    }
  },
  "errors": {}
}