{
  "instance_dir": "/shared/share_malatown/OR_Agent/examples/benchmark/real_trajectory/lead_time_stochastic/621381001",
  "instance_name": "621381001",
  "promised_lead_time": 2,
  "model": "x-ai/grok-4.1-fast",
  "num_runs_llm": 1,
  "num_runs_deterministic": 1,
  "max_periods": null,
  "summary": {
    "perfect_score": 10368.0,
    "ratios": {
      "or": 0.2623456790123457,
      "llm": 0.2033179012345679,
      "llm_to_or": -0.25559413580246915,
      "or_to_llm": 0.3708526234567901,
      "perfect_score": 1.0
    },
    "warnings": null
  },
  "results": {
    "or": {
      "rewards": [
        2720.0
      ],
      "mean": 2720.0,
      "std": 0.0,
      "min": 2720.0,
      "max": 2720.0,
      "count": 1,
      "ratio_to_perfect": 0.2623456790123457
    },
    "llm": {
      "rewards": [
        2108.0
      ],
      "mean": 2108.0,
      "std": 0.0,
      "min": 2108.0,
      "max": 2108.0,
      "count": 1,
      "ratio_to_perfect": 0.2033179012345679
    },
    "llm_to_or": {
      "rewards": [
        -2650.0
      ],
      "mean": -2650.0,
      "std": 0.0,
      "min": -2650.0,
      "max": -2650.0,
      "count": 1,
      "ratio_to_perfect": -0.25559413580246915
    },
    "or_to_llm": {
      "rewards": [
        3845.0
      ],
      "mean": 3845.0,
      "std": 0.0,
      "min": 3845.0,
      "max": 3845.0,
      "count": 1,
      "ratio_to_perfect": 0.3708526234567901
    },
    "perfect_score": {
      "rewards": [
        10368.0
      ],
      "mean": 10368.0,
      "std": 0.0,
      "min": 10368.0,
      "max": 10368.0,
      "count": 1,
      "ratio_to_perfect": 1.0
    }
  },
  "errors": {}
}