{
  "instance_dir": "/shared/share_malatown/OR_Agent/examples/benchmark/real_trajectory/lead_time_0/706016015",
  "instance_name": "706016015",
  "promised_lead_time": 0,
  "model": "x-ai/grok-4.1-fast",
  "num_runs_llm": 1,
  "num_runs_deterministic": 1,
  "max_periods": null,
  "summary": {
    "perfect_score": 33488.0,
    "ratios": {
      "or": 0.6768693263258481,
      "llm": 0.7411610129001434,
      "llm_to_or": 0.7500597228858098,
      "or_to_llm": 0.7632883420926899,
      "perfect_score": 1.0
    },
    "warnings": null
  },
  "results": {
    "or": {
      "rewards": [
        22667.0
      ],
      "mean": 22667.0,
      "std": 0.0,
      "min": 22667.0,
      "max": 22667.0,
      "count": 1,
      "ratio_to_perfect": 0.6768693263258481
    },
    "llm": {
      "rewards": [
        24820.0
      ],
      "mean": 24820.0,
      "std": 0.0,
      "min": 24820.0,
      "max": 24820.0,
      "count": 1,
      "ratio_to_perfect": 0.7411610129001434
    },
    "llm_to_or": {
      "rewards": [
        25118.0
      ],
      "mean": 25118.0,
      "std": 0.0,
      "min": 25118.0,
      "max": 25118.0,
      "count": 1,
      "ratio_to_perfect": 0.7500597228858098
    },
    "or_to_llm": {
      "rewards": [
        25561.0
      ],
      "mean": 25561.0,
      "std": 0.0,
      "min": 25561.0,
      "max": 25561.0,
      "count": 1,
      "ratio_to_perfect": 0.7632883420926899
    },
    "perfect_score": {
      "rewards": [
        33488.0
      ],
      "mean": 33488.0,
      "std": 0.0,
      "min": 33488.0,
      "max": 33488.0,
      "count": 1,
      "ratio_to_perfect": 1.0
    }
  },
  "errors": {}
}