{
  "instance_dir": "D:\\TextArena\\examples\\benchmark\\real_trajectory\\lead_time_0\\565379001",
  "instance_name": "565379001",
  "promised_lead_time": 0,
  "model": "google/gemini-3-flash-preview",
  "num_runs_llm": 1,
  "num_runs_deterministic": 1,
  "max_periods": null,
  "summary": {
    "perfect_score": 5233.0,
    "ratios": {
      "or": -0.1555513090005733,
      "llm": 0.6258360405121345,
      "llm_to_or": 0.709917829161093,
      "or_to_llm": 0.5478692910376457,
      "perfect_score": 1.0
    },
    "warnings": null
  },
  "results": {
    "or": {
      "rewards": [
        -814.0
      ],
      "mean": -814.0,
      "std": 0.0,
      "min": -814.0,
      "max": -814.0,
      "count": 1,
      "ratio_to_perfect": -0.1555513090005733
    },
    "llm": {
      "rewards": [
        3275.0
      ],
      "mean": 3275.0,
      "std": 0.0,
      "min": 3275.0,
      "max": 3275.0,
      "count": 1,
      "ratio_to_perfect": 0.6258360405121345
    },
    "llm_to_or": {
      "rewards": [
        3715.0
      ],
      "mean": 3715.0,
      "std": 0.0,
      "min": 3715.0,
      "max": 3715.0,
      "count": 1,
      "ratio_to_perfect": 0.709917829161093
    },
    "or_to_llm": {
      "rewards": [
        2867.0
      ],
      "mean": 2867.0,
      "std": 0.0,
      "min": 2867.0,
      "max": 2867.0,
      "count": 1,
      "ratio_to_perfect": 0.5478692910376457
    },
    "perfect_score": {
      "rewards": [
        5233.0
      ],
      "mean": 5233.0,
      "std": 0.0,
      "min": 5233.0,
      "max": 5233.0,
      "count": 1,
      "ratio_to_perfect": 1.0
    }
  },
  "errors": {}
}