{
  "instance_dir": "D:\\TextArena\\examples\\benchmark\\real_trajectory\\lead_time_stochastic\\575347003",
  "instance_name": "575347003",
  "promised_lead_time": 2,
  "model": "google/gemini-3-flash-preview",
  "num_runs_llm": 1,
  "num_runs_deterministic": 1,
  "max_periods": null,
  "summary": {
    "perfect_score": 15040.0,
    "ratios": {
      "or": 0.23763297872340425,
      "llm": 0.3705452127659574,
      "llm_to_or": 0.17992021276595746,
      "or_to_llm": 0.5201462765957446,
      "perfect_score": 1.0
    },
    "warnings": null
  },
  "results": {
    "or": {
      "rewards": [
        3574.0
      ],
      "mean": 3574.0,
      "std": 0.0,
      "min": 3574.0,
      "max": 3574.0,
      "count": 1,
      "ratio_to_perfect": 0.23763297872340425
    },
    "llm": {
      "rewards": [
        5573.0
      ],
      "mean": 5573.0,
      "std": 0.0,
      "min": 5573.0,
      "max": 5573.0,
      "count": 1,
      "ratio_to_perfect": 0.3705452127659574
    },
    "llm_to_or": {
      "rewards": [
        2706.0
      ],
      "mean": 2706.0,
      "std": 0.0,
      "min": 2706.0,
      "max": 2706.0,
      "count": 1,
      "ratio_to_perfect": 0.17992021276595746
    },
    "or_to_llm": {
      "rewards": [
        7823.0
      ],
      "mean": 7823.0,
      "std": 0.0,
      "min": 7823.0,
      "max": 7823.0,
      "count": 1,
      "ratio_to_perfect": 0.5201462765957446
    },
    "perfect_score": {
      "rewards": [
        15040.0
      ],
      "mean": 15040.0,
      "std": 0.0,
      "min": 15040.0,
      "max": 15040.0,
      "count": 1,
      "ratio_to_perfect": 1.0
    }
  },
  "errors": {}
}