{
  "instance_dir": "D:\\TextArena\\examples\\benchmark\\synthetic_trajectory\\lead_time_4\\p03_mean_decrease\\v4_150to80\\r2_high",
  "instance_name": "r2_high",
  "promised_lead_time": 4,
  "model": "google/gemini-3-flash-preview",
  "num_runs_llm": 1,
  "num_runs_deterministic": 1,
  "max_periods": null,
  "summary": {
    "perfect_score": 95551.0,
    "ratios": {
      "or": 0.7344140825318416,
      "llm": 0.7618339944113615,
      "llm_to_or": 0.7891178532930059,
      "or_to_llm": 0.7716821383345019,
      "perfect_score": 1.0
    },
    "warnings": null
  },
  "results": {
    "or": {
      "rewards": [
        70174.0
      ],
      "mean": 70174.0,
      "std": 0.0,
      "min": 70174.0,
      "max": 70174.0,
      "count": 1,
      "ratio_to_perfect": 0.7344140825318416
    },
    "llm": {
      "rewards": [
        72794.0
      ],
      "mean": 72794.0,
      "std": 0.0,
      "min": 72794.0,
      "max": 72794.0,
      "count": 1,
      "ratio_to_perfect": 0.7618339944113615
    },
    "llm_to_or": {
      "rewards": [
        75401.0
      ],
      "mean": 75401.0,
      "std": 0.0,
      "min": 75401.0,
      "max": 75401.0,
      "count": 1,
      "ratio_to_perfect": 0.7891178532930059
    },
    "or_to_llm": {
      "rewards": [
        73735.0
      ],
      "mean": 73735.0,
      "std": 0.0,
      "min": 73735.0,
      "max": 73735.0,
      "count": 1,
      "ratio_to_perfect": 0.7716821383345019
    },
    "perfect_score": {
      "rewards": [
        95551.0
      ],
      "mean": 95551.0,
      "std": 0.0,
      "min": 95551.0,
      "max": 95551.0,
      "count": 1,
      "ratio_to_perfect": 1.0
    }
  },
  "errors": {}
}