{
  "instance_dir": "/shared/share_malatown/OR_Agent/examples/benchmark/synthetic_trajectory/lead_time_4/p06_variance_change/v3_var_decrease/r2_med",
  "instance_name": "r2_med",
  "promised_lead_time": 4,
  "model": "x-ai/grok-4.1-fast",
  "num_runs_llm": 1,
  "num_runs_deterministic": 1,
  "max_periods": null,
  "summary": {
    "perfect_score": 20012.0,
    "ratios": {
      "or": 0.6410653607835299,
      "llm": 0.17744353387967218,
      "llm_to_or": 0.5771537077753348,
      "or_to_llm": 0.6137817309614232,
      "perfect_score": 1.0
    },
    "warnings": null
  },
  "results": {
    "or": {
      "rewards": [
        12829.0
      ],
      "mean": 12829.0,
      "std": 0.0,
      "min": 12829.0,
      "max": 12829.0,
      "count": 1,
      "ratio_to_perfect": 0.6410653607835299
    },
    "llm": {
      "rewards": [
        3551.0
      ],
      "mean": 3551.0,
      "std": 0.0,
      "min": 3551.0,
      "max": 3551.0,
      "count": 1,
      "ratio_to_perfect": 0.17744353387967218
    },
    "llm_to_or": {
      "rewards": [
        11550.0
      ],
      "mean": 11550.0,
      "std": 0.0,
      "min": 11550.0,
      "max": 11550.0,
      "count": 1,
      "ratio_to_perfect": 0.5771537077753348
    },
    "or_to_llm": {
      "rewards": [
        12283.0
      ],
      "mean": 12283.0,
      "std": 0.0,
      "min": 12283.0,
      "max": 12283.0,
      "count": 1,
      "ratio_to_perfect": 0.6137817309614232
    },
    "perfect_score": {
      "rewards": [
        20012.0
      ],
      "mean": 20012.0,
      "std": 0.0,
      "min": 20012.0,
      "max": 20012.0,
      "count": 1,
      "ratio_to_perfect": 1.0
    }
  },
  "errors": {}
}