{
  "instance_dir": "/shared/share_malatown/OR_Agent/examples/benchmark/synthetic_trajectory/lead_time_4/p05_decreasing_trend/v3_150_minus_2t/r1_med",
  "instance_name": "r1_med",
  "promised_lead_time": 4,
  "model": "x-ai/grok-4.1-fast",
  "num_runs_llm": 1,
  "num_runs_deterministic": 1,
  "max_periods": null,
  "summary": {
    "perfect_score": 20200.0,
    "ratios": {
      "or": 0.48287128712871286,
      "llm": -1.0627227722772277,
      "llm_to_or": 0.6461386138613862,
      "or_to_llm": 0.505049504950495,
      "perfect_score": 1.0
    },
    "warnings": null
  },
  "results": {
    "or": {
      "rewards": [
        9754.0
      ],
      "mean": 9754.0,
      "std": 0.0,
      "min": 9754.0,
      "max": 9754.0,
      "count": 1,
      "ratio_to_perfect": 0.48287128712871286
    },
    "llm": {
      "rewards": [
        -21467.0
      ],
      "mean": -21467.0,
      "std": 0.0,
      "min": -21467.0,
      "max": -21467.0,
      "count": 1,
      "ratio_to_perfect": -1.0627227722772277
    },
    "llm_to_or": {
      "rewards": [
        13052.0
      ],
      "mean": 13052.0,
      "std": 0.0,
      "min": 13052.0,
      "max": 13052.0,
      "count": 1,
      "ratio_to_perfect": 0.6461386138613862
    },
    "or_to_llm": {
      "rewards": [
        10202.0
      ],
      "mean": 10202.0,
      "std": 0.0,
      "min": 10202.0,
      "max": 10202.0,
      "count": 1,
      "ratio_to_perfect": 0.505049504950495
    },
    "perfect_score": {
      "rewards": [
        20200.0
      ],
      "mean": 20200.0,
      "std": 0.0,
      "min": 20200.0,
      "max": 20200.0,
      "count": 1,
      "ratio_to_perfect": 1.0
    }
  },
  "errors": {}
}