{
  "instance_dir": "D:\\TextArena\\examples\\benchmark\\synthetic_trajectory\\lead_time_4\\p06_variance_change\\v3_var_decrease\\r2_high",
  "instance_name": "r2_high",
  "promised_lead_time": 4,
  "model": "google/gemini-3-flash-preview",
  "num_runs_llm": 1,
  "num_runs_deterministic": 1,
  "max_periods": null,
  "summary": {
    "perfect_score": 95057.0,
    "ratios": {
      "or": 0.7871487633735548,
      "llm": 0.7786486003134961,
      "llm_to_or": 0.7909044047255857,
      "or_to_llm": 0.7967850868426313,
      "perfect_score": 1.0
    },
    "warnings": null
  },
  "results": {
    "or": {
      "rewards": [
        74824.0
      ],
      "mean": 74824.0,
      "std": 0.0,
      "min": 74824.0,
      "max": 74824.0,
      "count": 1,
      "ratio_to_perfect": 0.7871487633735548
    },
    "llm": {
      "rewards": [
        74016.0
      ],
      "mean": 74016.0,
      "std": 0.0,
      "min": 74016.0,
      "max": 74016.0,
      "count": 1,
      "ratio_to_perfect": 0.7786486003134961
    },
    "llm_to_or": {
      "rewards": [
        75181.0
      ],
      "mean": 75181.0,
      "std": 0.0,
      "min": 75181.0,
      "max": 75181.0,
      "count": 1,
      "ratio_to_perfect": 0.7909044047255857
    },
    "or_to_llm": {
      "rewards": [
        75740.0
      ],
      "mean": 75740.0,
      "std": 0.0,
      "min": 75740.0,
      "max": 75740.0,
      "count": 1,
      "ratio_to_perfect": 0.7967850868426313
    },
    "perfect_score": {
      "rewards": [
        95057.0
      ],
      "mean": 95057.0,
      "std": 0.0,
      "min": 95057.0,
      "max": 95057.0,
      "count": 1,
      "ratio_to_perfect": 1.0
    }
  },
  "errors": {}
}