{
  "instance_dir": "D:\\TextArena\\examples\\benchmark\\synthetic_trajectory\\lead_time_0\\p05_decreasing_trend\\v1_200_minus_3t\\r1_high",
  "instance_name": "r1_high",
  "promised_lead_time": 0,
  "model": "openai/gpt-5-mini",
  "num_runs_llm": 1,
  "num_runs_deterministic": 1,
  "max_periods": null,
  "summary": {
    "perfect_score": 119700.0,
    "ratios": {
      "or": 0.9598997493734336,
      "llm": 0.9685296574770259,
      "llm_to_or": 0.9646198830409357,
      "or_to_llm": 0.9734753550543024,
      "perfect_score": 1.0
    },
    "warnings": null
  },
  "results": {
    "or": {
      "rewards": [
        114900.0
      ],
      "mean": 114900.0,
      "std": 0.0,
      "min": 114900.0,
      "max": 114900.0,
      "count": 1,
      "ratio_to_perfect": 0.9598997493734336
    },
    "llm": {
      "rewards": [
        115933.0
      ],
      "mean": 115933.0,
      "std": 0.0,
      "min": 115933.0,
      "max": 115933.0,
      "count": 1,
      "ratio_to_perfect": 0.9685296574770259
    },
    "llm_to_or": {
      "rewards": [
        115465.0
      ],
      "mean": 115465.0,
      "std": 0.0,
      "min": 115465.0,
      "max": 115465.0,
      "count": 1,
      "ratio_to_perfect": 0.9646198830409357
    },
    "or_to_llm": {
      "rewards": [
        116525.0
      ],
      "mean": 116525.0,
      "std": 0.0,
      "min": 116525.0,
      "max": 116525.0,
      "count": 1,
      "ratio_to_perfect": 0.9734753550543024
    },
    "perfect_score": {
      "rewards": [
        119700.0
      ],
      "mean": 119700.0,
      "std": 0.0,
      "min": 119700.0,
      "max": 119700.0,
      "count": 1,
      "ratio_to_perfect": 1.0
    }
  },
  "errors": {}
}