{
  "instance_dir": "D:\\TextArena\\examples\\benchmark\\real_trajectory\\lead_time_0\\636323003",
  "instance_name": "636323003",
  "promised_lead_time": 0,
  "model": "google/gemini-3-flash-preview",
  "num_runs_llm": 1,
  "num_runs_deterministic": 1,
  "max_periods": null,
  "summary": {
    "perfect_score": 61655.0,
    "ratios": {
      "or": 0.9071932527775525,
      "llm": 0.9058794907144595,
      "llm_to_or": 0.8942178249939178,
      "or_to_llm": 0.9007704160246534,
      "perfect_score": 1.0
    },
    "warnings": null
  },
  "results": {
    "or": {
      "rewards": [
        55933.0
      ],
      "mean": 55933.0,
      "std": 0.0,
      "min": 55933.0,
      "max": 55933.0,
      "count": 1,
      "ratio_to_perfect": 0.9071932527775525
    },
    "llm": {
      "rewards": [
        55852.0
      ],
      "mean": 55852.0,
      "std": 0.0,
      "min": 55852.0,
      "max": 55852.0,
      "count": 1,
      "ratio_to_perfect": 0.9058794907144595
    },
    "llm_to_or": {
      "rewards": [
        55133.0
      ],
      "mean": 55133.0,
      "std": 0.0,
      "min": 55133.0,
      "max": 55133.0,
      "count": 1,
      "ratio_to_perfect": 0.8942178249939178
    },
    "or_to_llm": {
      "rewards": [
        55537.0
      ],
      "mean": 55537.0,
      "std": 0.0,
      "min": 55537.0,
      "max": 55537.0,
      "count": 1,
      "ratio_to_perfect": 0.9007704160246534
    },
    "perfect_score": {
      "rewards": [
        61655.0
      ],
      "mean": 61655.0,
      "std": 0.0,
      "min": 61655.0,
      "max": 61655.0,
      "count": 1,
      "ratio_to_perfect": 1.0
    }
  },
  "errors": {}
}