{
  "instance_dir": "D:\\TextArena\\examples\\benchmark\\real_trajectory\\lead_time_4\\554450027",
  "instance_name": "554450027",
  "promised_lead_time": 4,
  "model": "google/gemini-3-flash-preview",
  "num_runs_llm": 1,
  "num_runs_deterministic": 1,
  "max_periods": null,
  "summary": {
    "perfect_score": 81187.0,
    "ratios": {
      "or": 0.7160998682055009,
      "llm": 0.6682720139923879,
      "llm_to_or": 0.6922167342062153,
      "or_to_llm": 0.6620025373520391,
      "perfect_score": 1.0
    },
    "warnings": null
  },
  "results": {
    "or": {
      "rewards": [
        58138.0
      ],
      "mean": 58138.0,
      "std": 0.0,
      "min": 58138.0,
      "max": 58138.0,
      "count": 1,
      "ratio_to_perfect": 0.7160998682055009
    },
    "llm": {
      "rewards": [
        54255.0
      ],
      "mean": 54255.0,
      "std": 0.0,
      "min": 54255.0,
      "max": 54255.0,
      "count": 1,
      "ratio_to_perfect": 0.6682720139923879
    },
    "llm_to_or": {
      "rewards": [
        56199.0
      ],
      "mean": 56199.0,
      "std": 0.0,
      "min": 56199.0,
      "max": 56199.0,
      "count": 1,
      "ratio_to_perfect": 0.6922167342062153
    },
    "or_to_llm": {
      "rewards": [
        53746.0
      ],
      "mean": 53746.0,
      "std": 0.0,
      "min": 53746.0,
      "max": 53746.0,
      "count": 1,
      "ratio_to_perfect": 0.6620025373520391
    },
    "perfect_score": {
      "rewards": [
        81187.0
      ],
      "mean": 81187.0,
      "std": 0.0,
      "min": 81187.0,
      "max": 81187.0,
      "count": 1,
      "ratio_to_perfect": 1.0
    }
  },
  "errors": {}
}