{
  "instance_dir": "/shared/share_malatown/OR_Agent/examples/benchmark/synthetic_trajectory/lead_time_0/p10_autocorrelated/v1_phi_0_7/r2_high",
  "instance_name": "r2_high",
  "promised_lead_time": 0,
  "model": "x-ai/grok-4.1-fast",
  "num_runs_llm": 1,
  "num_runs_deterministic": 1,
  "max_periods": null,
  "summary": {
    "perfect_score": 95836.0,
    "ratios": {
      "or": 0.96921824784006,
      "llm": 0.9694999791310155,
      "llm_to_or": 0.9733711757585876,
      "or_to_llm": 0.9718373053967194,
      "perfect_score": 1.0
    },
    "warnings": null
  },
  "results": {
    "or": {
      "rewards": [
        92886.0
      ],
      "mean": 92886.0,
      "std": 0.0,
      "min": 92886.0,
      "max": 92886.0,
      "count": 1,
      "ratio_to_perfect": 0.96921824784006
    },
    "llm": {
      "rewards": [
        92913.0
      ],
      "mean": 92913.0,
      "std": 0.0,
      "min": 92913.0,
      "max": 92913.0,
      "count": 1,
      "ratio_to_perfect": 0.9694999791310155
    },
    "llm_to_or": {
      "rewards": [
        93284.0
      ],
      "mean": 93284.0,
      "std": 0.0,
      "min": 93284.0,
      "max": 93284.0,
      "count": 1,
      "ratio_to_perfect": 0.9733711757585876
    },
    "or_to_llm": {
      "rewards": [
        93137.0
      ],
      "mean": 93137.0,
      "std": 0.0,
      "min": 93137.0,
      "max": 93137.0,
      "count": 1,
      "ratio_to_perfect": 0.9718373053967194
    },
    "perfect_score": {
      "rewards": [
        95836.0
      ],
      "mean": 95836.0,
      "std": 0.0,
      "min": 95836.0,
      "max": 95836.0,
      "count": 1,
      "ratio_to_perfect": 1.0
    }
  },
  "errors": {}
}