{
  "instance_dir": "/shared/share_malatown/OR-Agent-GPT5mini-benchmark/examples/benchmark/real_trajectory/lead_time_stochastic/399256001",
  "instance_name": "399256001",
  "promised_lead_time": 2,
  "model": "openai/gpt-5-mini",
  "num_runs_llm": 1,
  "num_runs_deterministic": 1,
  "max_periods": null,
  "summary": {
    "perfect_score": 189278.0,
    "ratios": {
      "or": 0.191290060123205,
      "llm": 0.18081340673506693,
      "llm_to_or": 0.13631272519785712,
      "or_to_llm": 0.3223354008389776,
      "perfect_score": 1.0
    },
    "warnings": null
  },
  "results": {
    "or": {
      "rewards": [
        36207.0
      ],
      "mean": 36207.0,
      "std": 0.0,
      "min": 36207.0,
      "max": 36207.0,
      "count": 1,
      "ratio_to_perfect": 0.191290060123205
    },
    "llm": {
      "rewards": [
        34224.0
      ],
      "mean": 34224.0,
      "std": 0.0,
      "min": 34224.0,
      "max": 34224.0,
      "count": 1,
      "ratio_to_perfect": 0.18081340673506693
    },
    "llm_to_or": {
      "rewards": [
        25801.0
      ],
      "mean": 25801.0,
      "std": 0.0,
      "min": 25801.0,
      "max": 25801.0,
      "count": 1,
      "ratio_to_perfect": 0.13631272519785712
    },
    "or_to_llm": {
      "rewards": [
        61011.0
      ],
      "mean": 61011.0,
      "std": 0.0,
      "min": 61011.0,
      "max": 61011.0,
      "count": 1,
      "ratio_to_perfect": 0.3223354008389776
    },
    "perfect_score": {
      "rewards": [
        189278.0
      ],
      "mean": 189278.0,
      "std": 0.0,
      "min": 189278.0,
      "max": 189278.0,
      "count": 1,
      "ratio_to_perfect": 1.0
    }
  },
  "errors": {}
}