{
  "instance_dir": "/shared/share_malatown/OR_Agent/examples/benchmark/real_trajectory/lead_time_stochastic/372860001",
  "instance_name": "372860001",
  "promised_lead_time": 2,
  "model": "x-ai/grok-4.1-fast",
  "num_runs_llm": 1,
  "num_runs_deterministic": 1,
  "max_periods": null,
  "summary": {
    "perfect_score": 14198.0,
    "ratios": {
      "or": 0.1330469080152134,
      "llm": 0.09036484011832653,
      "llm_to_or": -2.179743625862798,
      "or_to_llm": 0.19453444147062968,
      "perfect_score": 1.0
    },
    "warnings": null
  },
  "results": {
    "or": {
      "rewards": [
        1889.0
      ],
      "mean": 1889.0,
      "std": 0.0,
      "min": 1889.0,
      "max": 1889.0,
      "count": 1,
      "ratio_to_perfect": 0.1330469080152134
    },
    "llm": {
      "rewards": [
        1283.0
      ],
      "mean": 1283.0,
      "std": 0.0,
      "min": 1283.0,
      "max": 1283.0,
      "count": 1,
      "ratio_to_perfect": 0.09036484011832653
    },
    "llm_to_or": {
      "rewards": [
        -30948.0
      ],
      "mean": -30948.0,
      "std": 0.0,
      "min": -30948.0,
      "max": -30948.0,
      "count": 1,
      "ratio_to_perfect": -2.179743625862798
    },
    "or_to_llm": {
      "rewards": [
        2762.0
      ],
      "mean": 2762.0,
      "std": 0.0,
      "min": 2762.0,
      "max": 2762.0,
      "count": 1,
      "ratio_to_perfect": 0.19453444147062968
    },
    "perfect_score": {
      "rewards": [
        14198.0
      ],
      "mean": 14198.0,
      "std": 0.0,
      "min": 14198.0,
      "max": 14198.0,
      "count": 1,
      "ratio_to_perfect": 1.0
    }
  },
  "errors": {}
}