{
  "instance_dir": "D:\\TextArena\\examples\\benchmark\\synthetic_trajectory\\lead_time_0\\p02_mean_increase\\v4_100to200_samevar\\r2_med",
  "instance_name": "r2_med",
  "promised_lead_time": 0,
  "model": "google/gemini-3-flash-preview",
  "num_runs_llm": 1,
  "num_runs_deterministic": 1,
  "max_periods": null,
  "summary": {
    "perfect_score": 33396.0,
    "ratios": {
      "or": 0.890406036651096,
      "llm": 0.910827644029225,
      "llm_to_or": 0.9300215594681998,
      "or_to_llm": 0.9212779973649539,
      "perfect_score": 1.0
    },
    "warnings": null
  },
  "results": {
    "or": {
      "rewards": [
        29736.0
      ],
      "mean": 29736.0,
      "std": 0.0,
      "min": 29736.0,
      "max": 29736.0,
      "count": 1,
      "ratio_to_perfect": 0.890406036651096
    },
    "llm": {
      "rewards": [
        30418.0
      ],
      "mean": 30418.0,
      "std": 0.0,
      "min": 30418.0,
      "max": 30418.0,
      "count": 1,
      "ratio_to_perfect": 0.910827644029225
    },
    "llm_to_or": {
      "rewards": [
        31059.0
      ],
      "mean": 31059.0,
      "std": 0.0,
      "min": 31059.0,
      "max": 31059.0,
      "count": 1,
      "ratio_to_perfect": 0.9300215594681998
    },
    "or_to_llm": {
      "rewards": [
        30767.0
      ],
      "mean": 30767.0,
      "std": 0.0,
      "min": 30767.0,
      "max": 30767.0,
      "count": 1,
      "ratio_to_perfect": 0.9212779973649539
    },
    "perfect_score": {
      "rewards": [
        33396.0
      ],
      "mean": 33396.0,
      "std": 0.0,
      "min": 33396.0,
      "max": 33396.0,
      "count": 1,
      "ratio_to_perfect": 1.0
    }
  },
  "errors": {}
}