{
  "instance_dir": "D:\\TextArena\\examples\\benchmark\\synthetic_trajectory\\lead_time_0\\p02_mean_increase\\v2_100to150\\r2_high",
  "instance_name": "r2_high",
  "promised_lead_time": 0,
  "model": "openai/gpt-5-mini",
  "num_runs_llm": 1,
  "num_runs_deterministic": 1,
  "max_periods": null,
  "summary": {
    "perfect_score": 125894.0,
    "ratios": {
      "or": 0.9621824709676394,
      "llm": 0.918058048834734,
      "llm_to_or": 0.9621983573482453,
      "or_to_llm": 0.9463437495035506,
      "perfect_score": 1.0
    },
    "warnings": null
  },
  "results": {
    "or": {
      "rewards": [
        121133.0
      ],
      "mean": 121133.0,
      "std": 0.0,
      "min": 121133.0,
      "max": 121133.0,
      "count": 1,
      "ratio_to_perfect": 0.9621824709676394
    },
    "llm": {
      "rewards": [
        115578.0
      ],
      "mean": 115578.0,
      "std": 0.0,
      "min": 115578.0,
      "max": 115578.0,
      "count": 1,
      "ratio_to_perfect": 0.918058048834734
    },
    "llm_to_or": {
      "rewards": [
        121135.0
      ],
      "mean": 121135.0,
      "std": 0.0,
      "min": 121135.0,
      "max": 121135.0,
      "count": 1,
      "ratio_to_perfect": 0.9621983573482453
    },
    "or_to_llm": {
      "rewards": [
        119139.0
      ],
      "mean": 119139.0,
      "std": 0.0,
      "min": 119139.0,
      "max": 119139.0,
      "count": 1,
      "ratio_to_perfect": 0.9463437495035506
    },
    "perfect_score": {
      "rewards": [
        125894.0
      ],
      "mean": 125894.0,
      "std": 0.0,
      "min": 125894.0,
      "max": 125894.0,
      "count": 1,
      "ratio_to_perfect": 1.0
    }
  },
  "errors": {}
}