{
  "instance_dir": "/shared/share_malatown/OR-Agent-GPT5mini-benchmark/examples/benchmark/real_trajectory/lead_time_0/685814003",
  "instance_name": "685814003",
  "promised_lead_time": 0,
  "model": "openai/gpt-5-mini",
  "num_runs_llm": 1,
  "num_runs_deterministic": 1,
  "max_periods": null,
  "summary": {
    "perfect_score": 15312.0,
    "ratios": {
      "or": 0.6573275862068966,
      "llm": 0.7011494252873564,
      "llm_to_or": 0.661833855799373,
      "or_to_llm": 0.6666013584117032,
      "perfect_score": 1.0
    },
    "warnings": null
  },
  "results": {
    "or": {
      "rewards": [
        10065.0
      ],
      "mean": 10065.0,
      "std": 0.0,
      "min": 10065.0,
      "max": 10065.0,
      "count": 1,
      "ratio_to_perfect": 0.6573275862068966
    },
    "llm": {
      "rewards": [
        10736.0
      ],
      "mean": 10736.0,
      "std": 0.0,
      "min": 10736.0,
      "max": 10736.0,
      "count": 1,
      "ratio_to_perfect": 0.7011494252873564
    },
    "llm_to_or": {
      "rewards": [
        10134.0
      ],
      "mean": 10134.0,
      "std": 0.0,
      "min": 10134.0,
      "max": 10134.0,
      "count": 1,
      "ratio_to_perfect": 0.661833855799373
    },
    "or_to_llm": {
      "rewards": [
        10207.0
      ],
      "mean": 10207.0,
      "std": 0.0,
      "min": 10207.0,
      "max": 10207.0,
      "count": 1,
      "ratio_to_perfect": 0.6666013584117032
    },
    "perfect_score": {
      "rewards": [
        15312.0
      ],
      "mean": 15312.0,
      "std": 0.0,
      "min": 15312.0,
      "max": 15312.0,
      "count": 1,
      "ratio_to_perfect": 1.0
    }
  },
  "errors": {}
}