{
  "instance_dir": "/shared/share_malatown/OR-Agent-GPT5mini-benchmark/examples/benchmark/real_trajectory/lead_time_4/688432001",
  "instance_name": "688432001",
  "promised_lead_time": 4,
  "model": "openai/gpt-5-mini",
  "num_runs_llm": 1,
  "num_runs_deterministic": 1,
  "max_periods": null,
  "summary": {
    "perfect_score": 14804.0,
    "ratios": {
      "or": 0.3439610915968657,
      "llm": 0.4160362064306944,
      "llm_to_or": 0.32774925695757906,
      "or_to_llm": 0.5278303161307755,
      "perfect_score": 1.0
    },
    "warnings": null
  },
  "results": {
    "or": {
      "rewards": [
        5092.0
      ],
      "mean": 5092.0,
      "std": 0.0,
      "min": 5092.0,
      "max": 5092.0,
      "count": 1,
      "ratio_to_perfect": 0.3439610915968657
    },
    "llm": {
      "rewards": [
        6159.0
      ],
      "mean": 6159.0,
      "std": 0.0,
      "min": 6159.0,
      "max": 6159.0,
      "count": 1,
      "ratio_to_perfect": 0.4160362064306944
    },
    "llm_to_or": {
      "rewards": [
        4852.0
      ],
      "mean": 4852.0,
      "std": 0.0,
      "min": 4852.0,
      "max": 4852.0,
      "count": 1,
      "ratio_to_perfect": 0.32774925695757906
    },
    "or_to_llm": {
      "rewards": [
        7814.0
      ],
      "mean": 7814.0,
      "std": 0.0,
      "min": 7814.0,
      "max": 7814.0,
      "count": 1,
      "ratio_to_perfect": 0.5278303161307755
    },
    "perfect_score": {
      "rewards": [
        14804.0
      ],
      "mean": 14804.0,
      "std": 0.0,
      "min": 14804.0,
      "max": 14804.0,
      "count": 1,
      "ratio_to_perfect": 1.0
    }
  },
  "errors": {}
}