{
  "instance_dir": "D:\\TextArena\\examples\\benchmark\\real_trajectory\\lead_time_stochastic\\160442043",
  "instance_name": "160442043",
  "promised_lead_time": 2,
  "model": "google/gemini-3-flash-preview",
  "num_runs_llm": 1,
  "num_runs_deterministic": 1,
  "max_periods": null,
  "summary": {
    "perfect_score": 60116.0,
    "ratios": {
      "or": 0.2106760263490585,
      "llm": 0.6489453722802582,
      "llm_to_or": 0.15293765386918623,
      "or_to_llm": 0.46854414798057087,
      "perfect_score": 1.0
    },
    "warnings": null
  },
  "results": {
    "or": {
      "rewards": [
        12665.0
      ],
      "mean": 12665.0,
      "std": 0.0,
      "min": 12665.0,
      "max": 12665.0,
      "count": 1,
      "ratio_to_perfect": 0.2106760263490585
    },
    "llm": {
      "rewards": [
        39012.0
      ],
      "mean": 39012.0,
      "std": 0.0,
      "min": 39012.0,
      "max": 39012.0,
      "count": 1,
      "ratio_to_perfect": 0.6489453722802582
    },
    "llm_to_or": {
      "rewards": [
        9194.0
      ],
      "mean": 9194.0,
      "std": 0.0,
      "min": 9194.0,
      "max": 9194.0,
      "count": 1,
      "ratio_to_perfect": 0.15293765386918623
    },
    "or_to_llm": {
      "rewards": [
        28167.0
      ],
      "mean": 28167.0,
      "std": 0.0,
      "min": 28167.0,
      "max": 28167.0,
      "count": 1,
      "ratio_to_perfect": 0.46854414798057087
    },
    "perfect_score": {
      "rewards": [
        60116.0
      ],
      "mean": 60116.0,
      "std": 0.0,
      "min": 60116.0,
      "max": 60116.0,
      "count": 1,
      "ratio_to_perfect": 1.0
    }
  },
  "errors": {}
}