{
  "instance_dir": "/shared/share_malatown/OR_Agent/examples/benchmark/real_trajectory/lead_time_4/562245046",
  "instance_name": "562245046",
  "promised_lead_time": 4,
  "model": "x-ai/grok-4.1-fast",
  "num_runs_llm": 1,
  "num_runs_deterministic": 1,
  "max_periods": null,
  "summary": {
    "perfect_score": 47304.0,
    "ratios": {
      "or": 0.4410409267715204,
      "llm": -0.5533147302553695,
      "llm_to_or": 0.49382716049382713,
      "or_to_llm": 0.42533400980889563,
      "perfect_score": 1.0
    },
    "warnings": null
  },
  "results": {
    "or": {
      "rewards": [
        20863.0
      ],
      "mean": 20863.0,
      "std": 0.0,
      "min": 20863.0,
      "max": 20863.0,
      "count": 1,
      "ratio_to_perfect": 0.4410409267715204
    },
    "llm": {
      "rewards": [
        -26174.0
      ],
      "mean": -26174.0,
      "std": 0.0,
      "min": -26174.0,
      "max": -26174.0,
      "count": 1,
      "ratio_to_perfect": -0.5533147302553695
    },
    "llm_to_or": {
      "rewards": [
        23360.0
      ],
      "mean": 23360.0,
      "std": 0.0,
      "min": 23360.0,
      "max": 23360.0,
      "count": 1,
      "ratio_to_perfect": 0.49382716049382713
    },
    "or_to_llm": {
      "rewards": [
        20120.0
      ],
      "mean": 20120.0,
      "std": 0.0,
      "min": 20120.0,
      "max": 20120.0,
      "count": 1,
      "ratio_to_perfect": 0.42533400980889563
    },
    "perfect_score": {
      "rewards": [
        47304.0
      ],
      "mean": 47304.0,
      "std": 0.0,
      "min": 47304.0,
      "max": 47304.0,
      "count": 1,
      "ratio_to_perfect": 1.0
    }
  },
  "errors": {}
}