{
  "instance_dir": "/shared/share_malatown/OR_Agent/examples/benchmark/synthetic_trajectory/lead_time_0/p05_decreasing_trend/v3_150_minus_2t/r1_high",
  "instance_name": "r1_high",
  "promised_lead_time": 0,
  "model": "x-ai/grok-4.1-fast",
  "num_runs_llm": 1,
  "num_runs_deterministic": 1,
  "max_periods": null,
  "summary": {
    "perfect_score": 95950.0,
    "ratios": {
      "or": 0.967430953621678,
      "llm": 0.9766545075560188,
      "llm_to_or": 0.9788014590932778,
      "or_to_llm": 0.9741427826993225,
      "perfect_score": 1.0
    },
    "warnings": null
  },
  "results": {
    "or": {
      "rewards": [
        92825.0
      ],
      "mean": 92825.0,
      "std": 0.0,
      "min": 92825.0,
      "max": 92825.0,
      "count": 1,
      "ratio_to_perfect": 0.967430953621678
    },
    "llm": {
      "rewards": [
        93710.0
      ],
      "mean": 93710.0,
      "std": 0.0,
      "min": 93710.0,
      "max": 93710.0,
      "count": 1,
      "ratio_to_perfect": 0.9766545075560188
    },
    "llm_to_or": {
      "rewards": [
        93916.0
      ],
      "mean": 93916.0,
      "std": 0.0,
      "min": 93916.0,
      "max": 93916.0,
      "count": 1,
      "ratio_to_perfect": 0.9788014590932778
    },
    "or_to_llm": {
      "rewards": [
        93469.0
      ],
      "mean": 93469.0,
      "std": 0.0,
      "min": 93469.0,
      "max": 93469.0,
      "count": 1,
      "ratio_to_perfect": 0.9741427826993225
    },
    "perfect_score": {
      "rewards": [
        95950.0
      ],
      "mean": 95950.0,
      "std": 0.0,
      "min": 95950.0,
      "max": 95950.0,
      "count": 1,
      "ratio_to_perfect": 1.0
    }
  },
  "errors": {}
}