{
  "instance_dir": "/shared/share_malatown/OR_Agent/examples/benchmark/synthetic_trajectory/lead_time_0/p01_stationary_iid/v3_normal_100_15/r1_med",
  "instance_name": "r1_med",
  "promised_lead_time": 0,
  "model": "x-ai/grok-4.1-fast",
  "num_runs_llm": 1,
  "num_runs_deterministic": 1,
  "max_periods": null,
  "summary": {
    "perfect_score": 19964.0,
    "ratios": {
      "or": 0.9456020837507514,
      "llm": 0.9389400921658986,
      "llm_to_or": 0.945451813263875,
      "or_to_llm": 0.9456020837507514,
      "perfect_score": 1.0
    },
    "warnings": null
  },
  "results": {
    "or": {
      "rewards": [
        18878.0
      ],
      "mean": 18878.0,
      "std": 0.0,
      "min": 18878.0,
      "max": 18878.0,
      "count": 1,
      "ratio_to_perfect": 0.9456020837507514
    },
    "llm": {
      "rewards": [
        18745.0
      ],
      "mean": 18745.0,
      "std": 0.0,
      "min": 18745.0,
      "max": 18745.0,
      "count": 1,
      "ratio_to_perfect": 0.9389400921658986
    },
    "llm_to_or": {
      "rewards": [
        18875.0
      ],
      "mean": 18875.0,
      "std": 0.0,
      "min": 18875.0,
      "max": 18875.0,
      "count": 1,
      "ratio_to_perfect": 0.945451813263875
    },
    "or_to_llm": {
      "rewards": [
        18878.0
      ],
      "mean": 18878.0,
      "std": 0.0,
      "min": 18878.0,
      "max": 18878.0,
      "count": 1,
      "ratio_to_perfect": 0.9456020837507514
    },
    "perfect_score": {
      "rewards": [
        19964.0
      ],
      "mean": 19964.0,
      "std": 0.0,
      "min": 19964.0,
      "max": 19964.0,
      "count": 1,
      "ratio_to_perfect": 1.0
    }
  },
  "errors": {}
}