{
  "instance_dir": "/shared/share_malatown/OR-Agent-GPT5mini-benchmark/examples/benchmark/real_trajectory/lead_time_stochastic/591334019",
  "instance_name": "591334019",
  "promised_lead_time": 2,
  "model": "openai/gpt-5-mini",
  "num_runs_llm": 1,
  "num_runs_deterministic": 1,
  "max_periods": null,
  "summary": {
    "perfect_score": 63118.0,
    "ratios": {
      "or": 0.15529642891092874,
      "llm": 0.26162109065559747,
      "llm_to_or": 0.14762825184574924,
      "or_to_llm": 0.3257707785417789,
      "perfect_score": 1.0
    },
    "warnings": null
  },
  "results": {
    "or": {
      "rewards": [
        9802.0
      ],
      "mean": 9802.0,
      "std": 0.0,
      "min": 9802.0,
      "max": 9802.0,
      "count": 1,
      "ratio_to_perfect": 0.15529642891092874
    },
    "llm": {
      "rewards": [
        16513.0
      ],
      "mean": 16513.0,
      "std": 0.0,
      "min": 16513.0,
      "max": 16513.0,
      "count": 1,
      "ratio_to_perfect": 0.26162109065559747
    },
    "llm_to_or": {
      "rewards": [
        9318.0
      ],
      "mean": 9318.0,
      "std": 0.0,
      "min": 9318.0,
      "max": 9318.0,
      "count": 1,
      "ratio_to_perfect": 0.14762825184574924
    },
    "or_to_llm": {
      "rewards": [
        20562.0
      ],
      "mean": 20562.0,
      "std": 0.0,
      "min": 20562.0,
      "max": 20562.0,
      "count": 1,
      "ratio_to_perfect": 0.3257707785417789
    },
    "perfect_score": {
      "rewards": [
        63118.0
      ],
      "mean": 63118.0,
      "std": 0.0,
      "min": 63118.0,
      "max": 63118.0,
      "count": 1,
      "ratio_to_perfect": 1.0
    }
  },
  "errors": {}
}