{
  "instance_dir": "/shared/share_malatown/OR_Agent/examples/benchmark/real_trajectory/lead_time_0/610776028",
  "instance_name": "610776028",
  "promised_lead_time": 0,
  "model": "x-ai/grok-4.1-fast",
  "num_runs_llm": 1,
  "num_runs_deterministic": 1,
  "max_periods": null,
  "summary": {
    "perfect_score": 4469.0,
    "ratios": {
      "or": 0.3882300290892817,
      "llm": 0.4349966435444171,
      "llm_to_or": 0.6086372790333408,
      "or_to_llm": 0.4367867531886328,
      "perfect_score": 1.0
    },
    "warnings": null
  },
  "results": {
    "or": {
      "rewards": [
        1735.0
      ],
      "mean": 1735.0,
      "std": 0.0,
      "min": 1735.0,
      "max": 1735.0,
      "count": 1,
      "ratio_to_perfect": 0.3882300290892817
    },
    "llm": {
      "rewards": [
        1944.0
      ],
      "mean": 1944.0,
      "std": 0.0,
      "min": 1944.0,
      "max": 1944.0,
      "count": 1,
      "ratio_to_perfect": 0.4349966435444171
    },
    "llm_to_or": {
      "rewards": [
        2720.0
      ],
      "mean": 2720.0,
      "std": 0.0,
      "min": 2720.0,
      "max": 2720.0,
      "count": 1,
      "ratio_to_perfect": 0.6086372790333408
    },
    "or_to_llm": {
      "rewards": [
        1952.0
      ],
      "mean": 1952.0,
      "std": 0.0,
      "min": 1952.0,
      "max": 1952.0,
      "count": 1,
      "ratio_to_perfect": 0.4367867531886328
    },
    "perfect_score": {
      "rewards": [
        4469.0
      ],
      "mean": 4469.0,
      "std": 0.0,
      "min": 4469.0,
      "max": 4469.0,
      "count": 1,
      "ratio_to_perfect": 1.0
    }
  },
  "errors": {}
}