{
  "instance_dir": "/shared/share_malatown/OR_Agent/examples/benchmark/real_trajectory/lead_time_4/685813001",
  "instance_name": "685813001",
  "promised_lead_time": 4,
  "model": "x-ai/grok-4.1-fast",
  "num_runs_llm": 1,
  "num_runs_deterministic": 1,
  "max_periods": null,
  "summary": {
    "perfect_score": 4485.0,
    "ratios": {
      "or": -0.2479375696767001,
      "llm": -0.6697881828316611,
      "llm_to_or": -0.044593088071348944,
      "or_to_llm": -0.16923076923076924,
      "perfect_score": 1.0
    },
    "warnings": null
  },
  "results": {
    "or": {
      "rewards": [
        -1112.0
      ],
      "mean": -1112.0,
      "std": 0.0,
      "min": -1112.0,
      "max": -1112.0,
      "count": 1,
      "ratio_to_perfect": -0.2479375696767001
    },
    "llm": {
      "rewards": [
        -3004.0
      ],
      "mean": -3004.0,
      "std": 0.0,
      "min": -3004.0,
      "max": -3004.0,
      "count": 1,
      "ratio_to_perfect": -0.6697881828316611
    },
    "llm_to_or": {
      "rewards": [
        -200.0
      ],
      "mean": -200.0,
      "std": 0.0,
      "min": -200.0,
      "max": -200.0,
      "count": 1,
      "ratio_to_perfect": -0.044593088071348944
    },
    "or_to_llm": {
      "rewards": [
        -759.0
      ],
      "mean": -759.0,
      "std": 0.0,
      "min": -759.0,
      "max": -759.0,
      "count": 1,
      "ratio_to_perfect": -0.16923076923076924
    },
    "perfect_score": {
      "rewards": [
        4485.0
      ],
      "mean": 4485.0,
      "std": 0.0,
      "min": 4485.0,
      "max": 4485.0,
      "count": 1,
      "ratio_to_perfect": 1.0
    }
  },
  "errors": {}
}