{
  "instance_dir": "D:\\TextArena\\examples\\benchmark\\synthetic_trajectory\\lead_time_4\\p05_decreasing_trend\\v3_150_minus_2t\\r1_med",
  "instance_name": "r1_med",
  "promised_lead_time": 4,
  "model": "google/gemini-3-flash-preview",
  "num_runs_llm": 1,
  "num_runs_deterministic": 1,
  "max_periods": null,
  "summary": {
    "perfect_score": 20200.0,
    "ratios": {
      "or": 0.48287128712871286,
      "llm": 0.4209405940594059,
      "llm_to_or": 0.663960396039604,
      "or_to_llm": 0.6061881188118812,
      "perfect_score": 1.0
    },
    "warnings": null
  },
  "results": {
    "or": {
      "rewards": [
        9754.0
      ],
      "mean": 9754.0,
      "std": 0.0,
      "min": 9754.0,
      "max": 9754.0,
      "count": 1,
      "ratio_to_perfect": 0.48287128712871286
    },
    "llm": {
      "rewards": [
        8503.0
      ],
      "mean": 8503.0,
      "std": 0.0,
      "min": 8503.0,
      "max": 8503.0,
      "count": 1,
      "ratio_to_perfect": 0.4209405940594059
    },
    "llm_to_or": {
      "rewards": [
        13412.0
      ],
      "mean": 13412.0,
      "std": 0.0,
      "min": 13412.0,
      "max": 13412.0,
      "count": 1,
      "ratio_to_perfect": 0.663960396039604
    },
    "or_to_llm": {
      "rewards": [
        12245.0
      ],
      "mean": 12245.0,
      "std": 0.0,
      "min": 12245.0,
      "max": 12245.0,
      "count": 1,
      "ratio_to_perfect": 0.6061881188118812
    },
    "perfect_score": {
      "rewards": [
        20200.0
      ],
      "mean": 20200.0,
      "std": 0.0,
      "min": 20200.0,
      "max": 20200.0,
      "count": 1,
      "ratio_to_perfect": 1.0
    }
  },
  "errors": {}
}