{
  "instance_dir": "D:\\TextArena\\examples\\benchmark\\real_trajectory\\lead_time_0\\685816002",
  "instance_name": "685816002",
  "promised_lead_time": 0,
  "model": "google/gemini-3-flash-preview",
  "num_runs_llm": 1,
  "num_runs_deterministic": 1,
  "max_periods": null,
  "summary": {
    "perfect_score": 18480.0,
    "ratios": {
      "or": 0.8233766233766234,
      "llm": 0.8293831168831168,
      "llm_to_or": 0.8468073593073593,
      "or_to_llm": 0.8472402597402597,
      "perfect_score": 1.0
    },
    "warnings": null
  },
  "results": {
    "or": {
      "rewards": [
        15216.0
      ],
      "mean": 15216.0,
      "std": 0.0,
      "min": 15216.0,
      "max": 15216.0,
      "count": 1,
      "ratio_to_perfect": 0.8233766233766234
    },
    "llm": {
      "rewards": [
        15327.0
      ],
      "mean": 15327.0,
      "std": 0.0,
      "min": 15327.0,
      "max": 15327.0,
      "count": 1,
      "ratio_to_perfect": 0.8293831168831168
    },
    "llm_to_or": {
      "rewards": [
        15649.0
      ],
      "mean": 15649.0,
      "std": 0.0,
      "min": 15649.0,
      "max": 15649.0,
      "count": 1,
      "ratio_to_perfect": 0.8468073593073593
    },
    "or_to_llm": {
      "rewards": [
        15657.0
      ],
      "mean": 15657.0,
      "std": 0.0,
      "min": 15657.0,
      "max": 15657.0,
      "count": 1,
      "ratio_to_perfect": 0.8472402597402597
    },
    "perfect_score": {
      "rewards": [
        18480.0
      ],
      "mean": 18480.0,
      "std": 0.0,
      "min": 18480.0,
      "max": 18480.0,
      "count": 1,
      "ratio_to_perfect": 1.0
    }
  },
  "errors": {}
}