{
  "instance_dir": "D:\\TextArena\\examples\\benchmark\\real_trajectory\\lead_time_0\\562245018",
  "instance_name": "562245018",
  "promised_lead_time": 0,
  "model": "google/gemini-3-flash-preview",
  "num_runs_llm": 1,
  "num_runs_deterministic": 1,
  "max_periods": null,
  "summary": {
    "perfect_score": 27244.0,
    "ratios": {
      "or": 0.5998017912200851,
      "llm": 0.6671560710615181,
      "llm_to_or": 0.547423285861107,
      "or_to_llm": 0.6282484216708266,
      "perfect_score": 1.0
    },
    "warnings": null
  },
  "results": {
    "or": {
      "rewards": [
        16341.0
      ],
      "mean": 16341.0,
      "std": 0.0,
      "min": 16341.0,
      "max": 16341.0,
      "count": 1,
      "ratio_to_perfect": 0.5998017912200851
    },
    "llm": {
      "rewards": [
        18176.0
      ],
      "mean": 18176.0,
      "std": 0.0,
      "min": 18176.0,
      "max": 18176.0,
      "count": 1,
      "ratio_to_perfect": 0.6671560710615181
    },
    "llm_to_or": {
      "rewards": [
        14914.0
      ],
      "mean": 14914.0,
      "std": 0.0,
      "min": 14914.0,
      "max": 14914.0,
      "count": 1,
      "ratio_to_perfect": 0.547423285861107
    },
    "or_to_llm": {
      "rewards": [
        17116.0
      ],
      "mean": 17116.0,
      "std": 0.0,
      "min": 17116.0,
      "max": 17116.0,
      "count": 1,
      "ratio_to_perfect": 0.6282484216708266
    },
    "perfect_score": {
      "rewards": [
        27244.0
      ],
      "mean": 27244.0,
      "std": 0.0,
      "min": 27244.0,
      "max": 27244.0,
      "count": 1,
      "ratio_to_perfect": 1.0
    }
  },
  "errors": {}
}