{
  "instance_dir": "D:\\TextArena\\examples\\benchmark\\real_trajectory\\lead_time_4\\554598047",
  "instance_name": "554598047",
  "promised_lead_time": 4,
  "model": "google/gemini-3-flash-preview",
  "num_runs_llm": 1,
  "num_runs_deterministic": 1,
  "max_periods": null,
  "summary": {
    "perfect_score": 2941.0,
    "ratios": {
      "or": -0.8038082284937096,
      "llm": -1.718123087385243,
      "llm_to_or": -0.5059503570214213,
      "or_to_llm": -0.40496429785787147,
      "perfect_score": 1.0
    },
    "warnings": null
  },
  "results": {
    "or": {
      "rewards": [
        -2364.0
      ],
      "mean": -2364.0,
      "std": 0.0,
      "min": -2364.0,
      "max": -2364.0,
      "count": 1,
      "ratio_to_perfect": -0.8038082284937096
    },
    "llm": {
      "rewards": [
        -5053.0
      ],
      "mean": -5053.0,
      "std": 0.0,
      "min": -5053.0,
      "max": -5053.0,
      "count": 1,
      "ratio_to_perfect": -1.718123087385243
    },
    "llm_to_or": {
      "rewards": [
        -1488.0
      ],
      "mean": -1488.0,
      "std": 0.0,
      "min": -1488.0,
      "max": -1488.0,
      "count": 1,
      "ratio_to_perfect": -0.5059503570214213
    },
    "or_to_llm": {
      "rewards": [
        -1191.0
      ],
      "mean": -1191.0,
      "std": 0.0,
      "min": -1191.0,
      "max": -1191.0,
      "count": 1,
      "ratio_to_perfect": -0.40496429785787147
    },
    "perfect_score": {
      "rewards": [
        2941.0
      ],
      "mean": 2941.0,
      "std": 0.0,
      "min": 2941.0,
      "max": 2941.0,
      "count": 1,
      "ratio_to_perfect": 1.0
    }
  },
  "errors": {}
}