{
  "instance_dir": "/shared/share_malatown/OR-Agent-GPT5mini-benchmark/examples/benchmark/real_trajectory/lead_time_stochastic/565379001",
  "instance_name": "565379001",
  "promised_lead_time": 2,
  "model": "openai/gpt-5-mini",
  "num_runs_llm": 1,
  "num_runs_deterministic": 1,
  "max_periods": null,
  "summary": {
    "perfect_score": 99427.0,
    "ratios": {
      "or": 0.2947891417824132,
      "llm": 0.44000120691562655,
      "llm_to_or": 0.06328260935158458,
      "or_to_llm": 0.33078540034397097,
      "perfect_score": 1.0
    },
    "warnings": null
  },
  "results": {
    "or": {
      "rewards": [
        29310.0
      ],
      "mean": 29310.0,
      "std": 0.0,
      "min": 29310.0,
      "max": 29310.0,
      "count": 1,
      "ratio_to_perfect": 0.2947891417824132
    },
    "llm": {
      "rewards": [
        43748.0
      ],
      "mean": 43748.0,
      "std": 0.0,
      "min": 43748.0,
      "max": 43748.0,
      "count": 1,
      "ratio_to_perfect": 0.44000120691562655
    },
    "llm_to_or": {
      "rewards": [
        6292.0
      ],
      "mean": 6292.0,
      "std": 0.0,
      "min": 6292.0,
      "max": 6292.0,
      "count": 1,
      "ratio_to_perfect": 0.06328260935158458
    },
    "or_to_llm": {
      "rewards": [
        32889.0
      ],
      "mean": 32889.0,
      "std": 0.0,
      "min": 32889.0,
      "max": 32889.0,
      "count": 1,
      "ratio_to_perfect": 0.33078540034397097
    },
    "perfect_score": {
      "rewards": [
        99427.0
      ],
      "mean": 99427.0,
      "std": 0.0,
      "min": 99427.0,
      "max": 99427.0,
      "count": 1,
      "ratio_to_perfect": 1.0
    }
  },
  "errors": {}
}