{
  "instance_dir": "/shared/share_malatown/OR_Agent/examples/benchmark/real_trajectory/lead_time_4/664405002",
  "instance_name": "664405002",
  "promised_lead_time": 4,
  "model": "x-ai/grok-4.1-fast",
  "num_runs_llm": 1,
  "num_runs_deterministic": 1,
  "max_periods": null,
  "summary": {
    "perfect_score": 4332.0,
    "ratios": {
      "or": -0.7539242843951985,
      "llm": -0.34649122807017546,
      "llm_to_or": -0.36149584487534625,
      "or_to_llm": -0.7493074792243767,
      "perfect_score": 1.0
    },
    "warnings": null
  },
  "results": {
    "or": {
      "rewards": [
        -3266.0
      ],
      "mean": -3266.0,
      "std": 0.0,
      "min": -3266.0,
      "max": -3266.0,
      "count": 1,
      "ratio_to_perfect": -0.7539242843951985
    },
    "llm": {
      "rewards": [
        -1501.0
      ],
      "mean": -1501.0,
      "std": 0.0,
      "min": -1501.0,
      "max": -1501.0,
      "count": 1,
      "ratio_to_perfect": -0.34649122807017546
    },
    "llm_to_or": {
      "rewards": [
        -1566.0
      ],
      "mean": -1566.0,
      "std": 0.0,
      "min": -1566.0,
      "max": -1566.0,
      "count": 1,
      "ratio_to_perfect": -0.36149584487534625
    },
    "or_to_llm": {
      "rewards": [
        -3246.0
      ],
      "mean": -3246.0,
      "std": 0.0,
      "min": -3246.0,
      "max": -3246.0,
      "count": 1,
      "ratio_to_perfect": -0.7493074792243767
    },
    "perfect_score": {
      "rewards": [
        4332.0
      ],
      "mean": 4332.0,
      "std": 0.0,
      "min": 4332.0,
      "max": 4332.0,
      "count": 1,
      "ratio_to_perfect": 1.0
    }
  },
  "errors": {}
}