{
  "instance_dir": "D:\\TextArena\\examples\\benchmark\\synthetic_trajectory\\lead_time_4\\p02_mean_increase\\v2_100to150\\r2_med",
  "instance_name": "r2_med",
  "promised_lead_time": 4,
  "model": "openai/gpt-5-mini",
  "num_runs_llm": 1,
  "num_runs_deterministic": 1,
  "max_periods": null,
  "summary": {
    "perfect_score": 26504.0,
    "ratios": {
      "or": 0.7864095985511621,
      "llm": 0.710987020827045,
      "llm_to_or": 0.7893525505584063,
      "or_to_llm": 0.6297162692423786,
      "perfect_score": 1.0
    },
    "warnings": null
  },
  "results": {
    "or": {
      "rewards": [
        20843.0
      ],
      "mean": 20843.0,
      "std": 0.0,
      "min": 20843.0,
      "max": 20843.0,
      "count": 1,
      "ratio_to_perfect": 0.7864095985511621
    },
    "llm": {
      "rewards": [
        18844.0
      ],
      "mean": 18844.0,
      "std": 0.0,
      "min": 18844.0,
      "max": 18844.0,
      "count": 1,
      "ratio_to_perfect": 0.710987020827045
    },
    "llm_to_or": {
      "rewards": [
        20921.0
      ],
      "mean": 20921.0,
      "std": 0.0,
      "min": 20921.0,
      "max": 20921.0,
      "count": 1,
      "ratio_to_perfect": 0.7893525505584063
    },
    "or_to_llm": {
      "rewards": [
        16690.0
      ],
      "mean": 16690.0,
      "std": 0.0,
      "min": 16690.0,
      "max": 16690.0,
      "count": 1,
      "ratio_to_perfect": 0.6297162692423786
    },
    "perfect_score": {
      "rewards": [
        26504.0
      ],
      "mean": 26504.0,
      "std": 0.0,
      "min": 26504.0,
      "max": 26504.0,
      "count": 1,
      "ratio_to_perfect": 1.0
    }
  },
  "errors": {}
}