{
  "instance_dir": "/shared/share_malatown/OR_Agent/examples/benchmark/real_trajectory/lead_time_4/688537004",
  "instance_name": "688537004",
  "promised_lead_time": 4,
  "model": "x-ai/grok-4.1-fast",
  "num_runs_llm": 1,
  "num_runs_deterministic": 1,
  "max_periods": null,
  "summary": {
    "perfect_score": 10154.0,
    "ratios": {
      "or": -1.433720701201497,
      "llm": -2.938841835729762,
      "llm_to_or": -2.4825684459326376,
      "or_to_llm": -1.833760094544022,
      "perfect_score": 1.0
    },
    "warnings": null
  },
  "results": {
    "or": {
      "rewards": [
        -14558.0
      ],
      "mean": -14558.0,
      "std": 0.0,
      "min": -14558.0,
      "max": -14558.0,
      "count": 1,
      "ratio_to_perfect": -1.433720701201497
    },
    "llm": {
      "rewards": [
        -29841.0
      ],
      "mean": -29841.0,
      "std": 0.0,
      "min": -29841.0,
      "max": -29841.0,
      "count": 1,
      "ratio_to_perfect": -2.938841835729762
    },
    "llm_to_or": {
      "rewards": [
        -25208.0
      ],
      "mean": -25208.0,
      "std": 0.0,
      "min": -25208.0,
      "max": -25208.0,
      "count": 1,
      "ratio_to_perfect": -2.4825684459326376
    },
    "or_to_llm": {
      "rewards": [
        -18620.0
      ],
      "mean": -18620.0,
      "std": 0.0,
      "min": -18620.0,
      "max": -18620.0,
      "count": 1,
      "ratio_to_perfect": -1.833760094544022
    },
    "perfect_score": {
      "rewards": [
        10154.0
      ],
      "mean": 10154.0,
      "std": 0.0,
      "min": 10154.0,
      "max": 10154.0,
      "count": 1,
      "ratio_to_perfect": 1.0
    }
  },
  "errors": {}
}