{
  "instance_dir": "D:\\TextArena\\examples\\benchmark\\synthetic_trajectory\\lead_time_4\\p05_decreasing_trend\\v4_200_div_sqrt_t\\r1_high",
  "instance_name": "r1_high",
  "promised_lead_time": 4,
  "model": "openai/gpt-5-mini",
  "num_runs_llm": 1,
  "num_runs_deterministic": 1,
  "max_periods": null,
  "summary": {
    "perfect_score": 46322.0,
    "ratios": {
      "or": 0.4096109839816934,
      "llm": 0.6268511722291784,
      "llm_to_or": 0.41343206251888953,
      "or_to_llm": 0.5207029057467294,
      "perfect_score": 1.0
    },
    "warnings": null
  },
  "results": {
    "or": {
      "rewards": [
        18974.0
      ],
      "mean": 18974.0,
      "std": 0.0,
      "min": 18974.0,
      "max": 18974.0,
      "count": 1,
      "ratio_to_perfect": 0.4096109839816934
    },
    "llm": {
      "rewards": [
        29037.0
      ],
      "mean": 29037.0,
      "std": 0.0,
      "min": 29037.0,
      "max": 29037.0,
      "count": 1,
      "ratio_to_perfect": 0.6268511722291784
    },
    "llm_to_or": {
      "rewards": [
        19151.0
      ],
      "mean": 19151.0,
      "std": 0.0,
      "min": 19151.0,
      "max": 19151.0,
      "count": 1,
      "ratio_to_perfect": 0.41343206251888953
    },
    "or_to_llm": {
      "rewards": [
        24120.0
      ],
      "mean": 24120.0,
      "std": 0.0,
      "min": 24120.0,
      "max": 24120.0,
      "count": 1,
      "ratio_to_perfect": 0.5207029057467294
    },
    "perfect_score": {
      "rewards": [
        46322.0
      ],
      "mean": 46322.0,
      "std": 0.0,
      "min": 46322.0,
      "max": 46322.0,
      "count": 1,
      "ratio_to_perfect": 1.0
    }
  },
  "errors": {}
}