{
  "instance_dir": "D:\\TextArena\\examples\\benchmark\\synthetic_trajectory\\lead_time_4\\p02_mean_increase\\v4_100to200_samevar\\r1_high",
  "instance_name": "r1_high",
  "promised_lead_time": 4,
  "model": "openai/gpt-5-mini",
  "num_runs_llm": 1,
  "num_runs_deterministic": 1,
  "max_periods": null,
  "summary": {
    "perfect_score": 160949.0,
    "ratios": {
      "or": 0.8086785254956539,
      "llm": 0.8258578804466011,
      "llm_to_or": 0.8450751480282575,
      "or_to_llm": 0.7928536368663366,
      "perfect_score": 1.0
    },
    "warnings": null
  },
  "results": {
    "or": {
      "rewards": [
        130156.0
      ],
      "mean": 130156.0,
      "std": 0.0,
      "min": 130156.0,
      "max": 130156.0,
      "count": 1,
      "ratio_to_perfect": 0.8086785254956539
    },
    "llm": {
      "rewards": [
        132921.0
      ],
      "mean": 132921.0,
      "std": 0.0,
      "min": 132921.0,
      "max": 132921.0,
      "count": 1,
      "ratio_to_perfect": 0.8258578804466011
    },
    "llm_to_or": {
      "rewards": [
        136014.0
      ],
      "mean": 136014.0,
      "std": 0.0,
      "min": 136014.0,
      "max": 136014.0,
      "count": 1,
      "ratio_to_perfect": 0.8450751480282575
    },
    "or_to_llm": {
      "rewards": [
        127609.0
      ],
      "mean": 127609.0,
      "std": 0.0,
      "min": 127609.0,
      "max": 127609.0,
      "count": 1,
      "ratio_to_perfect": 0.7928536368663366
    },
    "perfect_score": {
      "rewards": [
        160949.0
      ],
      "mean": 160949.0,
      "std": 0.0,
      "min": 160949.0,
      "max": 160949.0,
      "count": 1,
      "ratio_to_perfect": 1.0
    }
  },
  "errors": {}
}