{
  "instance_dir": "D:\\TextArena\\examples\\benchmark\\synthetic_trajectory\\lead_time_0\\p10_autocorrelated\\v1_phi_0_7\\r1_high",
  "instance_name": "r1_high",
  "promised_lead_time": 0,
  "model": "google/gemini-3-flash-preview",
  "num_runs_llm": 1,
  "num_runs_deterministic": 1,
  "max_periods": null,
  "summary": {
    "perfect_score": 101118.0,
    "ratios": {
      "or": 0.9606301548685694,
      "llm": 0.9546371565893312,
      "llm_to_or": 0.9600170098300995,
      "or_to_llm": 0.9674736446527819,
      "perfect_score": 1.0
    },
    "warnings": null
  },
  "results": {
    "or": {
      "rewards": [
        97137.0
      ],
      "mean": 97137.0,
      "std": 0.0,
      "min": 97137.0,
      "max": 97137.0,
      "count": 1,
      "ratio_to_perfect": 0.9606301548685694
    },
    "llm": {
      "rewards": [
        96531.0
      ],
      "mean": 96531.0,
      "std": 0.0,
      "min": 96531.0,
      "max": 96531.0,
      "count": 1,
      "ratio_to_perfect": 0.9546371565893312
    },
    "llm_to_or": {
      "rewards": [
        97075.0
      ],
      "mean": 97075.0,
      "std": 0.0,
      "min": 97075.0,
      "max": 97075.0,
      "count": 1,
      "ratio_to_perfect": 0.9600170098300995
    },
    "or_to_llm": {
      "rewards": [
        97829.0
      ],
      "mean": 97829.0,
      "std": 0.0,
      "min": 97829.0,
      "max": 97829.0,
      "count": 1,
      "ratio_to_perfect": 0.9674736446527819
    },
    "perfect_score": {
      "rewards": [
        101118.0
      ],
      "mean": 101118.0,
      "std": 0.0,
      "min": 101118.0,
      "max": 101118.0,
      "count": 1,
      "ratio_to_perfect": 1.0
    }
  },
  "errors": {}
}