{
  "instance_dir": "/shared/share_malatown/OR-Agent-GPT5mini-benchmark/examples/benchmark/real_trajectory/lead_time_4/655784001",
  "instance_name": "655784001",
  "promised_lead_time": 4,
  "model": "openai/gpt-5-mini",
  "num_runs_llm": 1,
  "num_runs_deterministic": 1,
  "max_periods": null,
  "summary": {
    "perfect_score": 14044.0,
    "ratios": {
      "or": -0.08893477641697523,
      "llm": 0.02335516946738821,
      "llm_to_or": -0.30283395044146966,
      "or_to_llm": -0.032255767587581884,
      "perfect_score": 1.0
    },
    "warnings": null
  },
  "results": {
    "or": {
      "rewards": [
        -1249.0
      ],
      "mean": -1249.0,
      "std": 0.0,
      "min": -1249.0,
      "max": -1249.0,
      "count": 1,
      "ratio_to_perfect": -0.08893477641697523
    },
    "llm": {
      "rewards": [
        328.0
      ],
      "mean": 328.0,
      "std": 0.0,
      "min": 328.0,
      "max": 328.0,
      "count": 1,
      "ratio_to_perfect": 0.02335516946738821
    },
    "llm_to_or": {
      "rewards": [
        -4253.0
      ],
      "mean": -4253.0,
      "std": 0.0,
      "min": -4253.0,
      "max": -4253.0,
      "count": 1,
      "ratio_to_perfect": -0.30283395044146966
    },
    "or_to_llm": {
      "rewards": [
        -453.0
      ],
      "mean": -453.0,
      "std": 0.0,
      "min": -453.0,
      "max": -453.0,
      "count": 1,
      "ratio_to_perfect": -0.032255767587581884
    },
    "perfect_score": {
      "rewards": [
        14044.0
      ],
      "mean": 14044.0,
      "std": 0.0,
      "min": 14044.0,
      "max": 14044.0,
      "count": 1,
      "ratio_to_perfect": 1.0
    }
  },
  "errors": {}
}