{
  "instance_dir": "/shared/share_malatown/OR_Agent/examples/benchmark/synthetic_trajectory/lead_time_stochastic/p03_mean_decrease/v3_100to30/r1_high",
  "instance_name": "r1_high",
  "promised_lead_time": 2,
  "model": "x-ai/grok-4.1-fast",
  "num_runs_llm": 1,
  "num_runs_deterministic": 1,
  "max_periods": null,
  "summary": {
    "perfect_score": 49495.0,
    "ratios": {
      "or": 0.23927669461561774,
      "llm": 0.6925548035155066,
      "llm_to_or": 0.5952318416001616,
      "or_to_llm": 0.5084756035963228,
      "perfect_score": 1.0
    },
    "warnings": null
  },
  "results": {
    "or": {
      "rewards": [
        11843.0
      ],
      "mean": 11843.0,
      "std": 0.0,
      "min": 11843.0,
      "max": 11843.0,
      "count": 1,
      "ratio_to_perfect": 0.23927669461561774
    },
    "llm": {
      "rewards": [
        34278.0
      ],
      "mean": 34278.0,
      "std": 0.0,
      "min": 34278.0,
      "max": 34278.0,
      "count": 1,
      "ratio_to_perfect": 0.6925548035155066
    },
    "llm_to_or": {
      "rewards": [
        29461.0
      ],
      "mean": 29461.0,
      "std": 0.0,
      "min": 29461.0,
      "max": 29461.0,
      "count": 1,
      "ratio_to_perfect": 0.5952318416001616
    },
    "or_to_llm": {
      "rewards": [
        25167.0
      ],
      "mean": 25167.0,
      "std": 0.0,
      "min": 25167.0,
      "max": 25167.0,
      "count": 1,
      "ratio_to_perfect": 0.5084756035963228
    },
    "perfect_score": {
      "rewards": [
        49495.0
      ],
      "mean": 49495.0,
      "std": 0.0,
      "min": 49495.0,
      "max": 49495.0,
      "count": 1,
      "ratio_to_perfect": 1.0
    }
  },
  "errors": {}
}