{
  "instance_dir": "D:\\TextArena\\examples\\benchmark\\real_trajectory\\lead_time_4\\719655001",
  "instance_name": "719655001",
  "promised_lead_time": 4,
  "model": "google/gemini-3-flash-preview",
  "num_runs_llm": 1,
  "num_runs_deterministic": 1,
  "max_periods": null,
  "summary": {
    "perfect_score": 6062.0,
    "ratios": {
      "or": 0.27251732101616627,
      "llm": -0.6032662487627846,
      "llm_to_or": 0.05394259320356318,
      "or_to_llm": 0.04635433850214451,
      "perfect_score": 1.0
    },
    "warnings": null
  },
  "results": {
    "or": {
      "rewards": [
        1652.0
      ],
      "mean": 1652.0,
      "std": 0.0,
      "min": 1652.0,
      "max": 1652.0,
      "count": 1,
      "ratio_to_perfect": 0.27251732101616627
    },
    "llm": {
      "rewards": [
        -3657.0
      ],
      "mean": -3657.0,
      "std": 0.0,
      "min": -3657.0,
      "max": -3657.0,
      "count": 1,
      "ratio_to_perfect": -0.6032662487627846
    },
    "llm_to_or": {
      "rewards": [
        327.0
      ],
      "mean": 327.0,
      "std": 0.0,
      "min": 327.0,
      "max": 327.0,
      "count": 1,
      "ratio_to_perfect": 0.05394259320356318
    },
    "or_to_llm": {
      "rewards": [
        281.0
      ],
      "mean": 281.0,
      "std": 0.0,
      "min": 281.0,
      "max": 281.0,
      "count": 1,
      "ratio_to_perfect": 0.04635433850214451
    },
    "perfect_score": {
      "rewards": [
        6062.0
      ],
      "mean": 6062.0,
      "std": 0.0,
      "min": 6062.0,
      "max": 6062.0,
      "count": 1,
      "ratio_to_perfect": 1.0
    }
  },
  "errors": {}
}