{
  "instance_dir": "D:\\TextArena\\examples\\benchmark\\real_trajectory\\lead_time_0\\621381001",
  "instance_name": "621381001",
  "promised_lead_time": 0,
  "model": "google/gemini-3-flash-preview",
  "num_runs_llm": 1,
  "num_runs_deterministic": 1,
  "max_periods": null,
  "summary": {
    "perfect_score": 49248.0,
    "ratios": {
      "or": 0.920585607537362,
      "llm": 0.9151843729694606,
      "llm_to_or": 0.9395711500974658,
      "or_to_llm": 0.9357334307992202,
      "perfect_score": 1.0
    },
    "warnings": null
  },
  "results": {
    "or": {
      "rewards": [
        45337.0
      ],
      "mean": 45337.0,
      "std": 0.0,
      "min": 45337.0,
      "max": 45337.0,
      "count": 1,
      "ratio_to_perfect": 0.920585607537362
    },
    "llm": {
      "rewards": [
        45071.0
      ],
      "mean": 45071.0,
      "std": 0.0,
      "min": 45071.0,
      "max": 45071.0,
      "count": 1,
      "ratio_to_perfect": 0.9151843729694606
    },
    "llm_to_or": {
      "rewards": [
        46272.0
      ],
      "mean": 46272.0,
      "std": 0.0,
      "min": 46272.0,
      "max": 46272.0,
      "count": 1,
      "ratio_to_perfect": 0.9395711500974658
    },
    "or_to_llm": {
      "rewards": [
        46083.0
      ],
      "mean": 46083.0,
      "std": 0.0,
      "min": 46083.0,
      "max": 46083.0,
      "count": 1,
      "ratio_to_perfect": 0.9357334307992202
    },
    "perfect_score": {
      "rewards": [
        49248.0
      ],
      "mean": 49248.0,
      "std": 0.0,
      "min": 49248.0,
      "max": 49248.0,
      "count": 1,
      "ratio_to_perfect": 1.0
    }
  },
  "errors": {}
}