{
  "instance_dir": "D:\\TextArena\\examples\\benchmark\\synthetic_trajectory\\lead_time_4\\p05_decreasing_trend\\v1_200_minus_3t\\r1_high",
  "instance_name": "r1_high",
  "promised_lead_time": 4,
  "model": "openai/gpt-5-mini",
  "num_runs_llm": 1,
  "num_runs_deterministic": 1,
  "max_periods": null,
  "summary": {
    "perfect_score": 119700.0,
    "ratios": {
      "or": 0.7487886382623224,
      "llm": 0.8202255639097744,
      "llm_to_or": 0.7528654970760233,
      "or_to_llm": 0.7941687552213867,
      "perfect_score": 1.0
    },
    "warnings": null
  },
  "results": {
    "or": {
      "rewards": [
        89630.0
      ],
      "mean": 89630.0,
      "std": 0.0,
      "min": 89630.0,
      "max": 89630.0,
      "count": 1,
      "ratio_to_perfect": 0.7487886382623224
    },
    "llm": {
      "rewards": [
        98181.0
      ],
      "mean": 98181.0,
      "std": 0.0,
      "min": 98181.0,
      "max": 98181.0,
      "count": 1,
      "ratio_to_perfect": 0.8202255639097744
    },
    "llm_to_or": {
      "rewards": [
        90118.0
      ],
      "mean": 90118.0,
      "std": 0.0,
      "min": 90118.0,
      "max": 90118.0,
      "count": 1,
      "ratio_to_perfect": 0.7528654970760233
    },
    "or_to_llm": {
      "rewards": [
        95062.0
      ],
      "mean": 95062.0,
      "std": 0.0,
      "min": 95062.0,
      "max": 95062.0,
      "count": 1,
      "ratio_to_perfect": 0.7941687552213867
    },
    "perfect_score": {
      "rewards": [
        119700.0
      ],
      "mean": 119700.0,
      "std": 0.0,
      "min": 119700.0,
      "max": 119700.0,
      "count": 1,
      "ratio_to_perfect": 1.0
    }
  },
  "errors": {}
}