{
  "instance_dir": "/shared/share_malatown/OR_Agent/examples/benchmark/synthetic_trajectory/lead_time_4/p01_stationary_iid/v4_uniform_50_150/r1_med",
  "instance_name": "r1_med",
  "promised_lead_time": 4,
  "model": "x-ai/grok-4.1-fast",
  "num_runs_llm": 1,
  "num_runs_deterministic": 1,
  "max_periods": null,
  "summary": {
    "perfect_score": 21812.0,
    "ratios": {
      "or": 0.7366587199706583,
      "llm": -0.44521364386576195,
      "llm_to_or": 0.7205208142306987,
      "or_to_llm": 0.7352374839537869,
      "perfect_score": 1.0
    },
    "warnings": null
  },
  "results": {
    "or": {
      "rewards": [
        16068.0
      ],
      "mean": 16068.0,
      "std": 0.0,
      "min": 16068.0,
      "max": 16068.0,
      "count": 1,
      "ratio_to_perfect": 0.7366587199706583
    },
    "llm": {
      "rewards": [
        -9711.0
      ],
      "mean": -9711.0,
      "std": 0.0,
      "min": -9711.0,
      "max": -9711.0,
      "count": 1,
      "ratio_to_perfect": -0.44521364386576195
    },
    "llm_to_or": {
      "rewards": [
        15716.0
      ],
      "mean": 15716.0,
      "std": 0.0,
      "min": 15716.0,
      "max": 15716.0,
      "count": 1,
      "ratio_to_perfect": 0.7205208142306987
    },
    "or_to_llm": {
      "rewards": [
        16037.0
      ],
      "mean": 16037.0,
      "std": 0.0,
      "min": 16037.0,
      "max": 16037.0,
      "count": 1,
      "ratio_to_perfect": 0.7352374839537869
    },
    "perfect_score": {
      "rewards": [
        21812.0
      ],
      "mean": 21812.0,
      "std": 0.0,
      "min": 21812.0,
      "max": 21812.0,
      "count": 1,
      "ratio_to_perfect": 1.0
    }
  },
  "errors": {}
}