{
  "instance_dir": "D:\\TextArena\\examples\\benchmark\\synthetic_trajectory\\lead_time_0\\p10_autocorrelated\\v2_phi_0_5\\r2_med",
  "instance_name": "r2_med",
  "promised_lead_time": 0,
  "model": "openai/gpt-5-mini",
  "num_runs_llm": 1,
  "num_runs_deterministic": 1,
  "max_periods": null,
  "summary": {
    "perfect_score": 18360.0,
    "ratios": {
      "or": 0.8589324618736384,
      "llm": 0.8253267973856209,
      "llm_to_or": 0.838834422657952,
      "or_to_llm": 0.8416666666666667,
      "perfect_score": 1.0
    },
    "warnings": null
  },
  "results": {
    "or": {
      "rewards": [
        15770.0
      ],
      "mean": 15770.0,
      "std": 0.0,
      "min": 15770.0,
      "max": 15770.0,
      "count": 1,
      "ratio_to_perfect": 0.8589324618736384
    },
    "llm": {
      "rewards": [
        15153.0
      ],
      "mean": 15153.0,
      "std": 0.0,
      "min": 15153.0,
      "max": 15153.0,
      "count": 1,
      "ratio_to_perfect": 0.8253267973856209
    },
    "llm_to_or": {
      "rewards": [
        15401.0
      ],
      "mean": 15401.0,
      "std": 0.0,
      "min": 15401.0,
      "max": 15401.0,
      "count": 1,
      "ratio_to_perfect": 0.838834422657952
    },
    "or_to_llm": {
      "rewards": [
        15453.0
      ],
      "mean": 15453.0,
      "std": 0.0,
      "min": 15453.0,
      "max": 15453.0,
      "count": 1,
      "ratio_to_perfect": 0.8416666666666667
    },
    "perfect_score": {
      "rewards": [
        18360.0
      ],
      "mean": 18360.0,
      "std": 0.0,
      "min": 18360.0,
      "max": 18360.0,
      "count": 1,
      "ratio_to_perfect": 1.0
    }
  },
  "errors": {}
}