{
  "instance_dir": "D:\\TextArena\\examples\\benchmark\\synthetic_trajectory\\lead_time_0\\p07_seasonal\\v1_period10_amp30\\r2_med",
  "instance_name": "r2_med",
  "promised_lead_time": 0,
  "model": "google/gemini-3-flash-preview",
  "num_runs_llm": 1,
  "num_runs_deterministic": 1,
  "max_periods": null,
  "summary": {
    "perfect_score": 19216.0,
    "ratios": {
      "or": 0.8912364696086594,
      "llm": 0.8649562864279767,
      "llm_to_or": 0.8821294754371357,
      "or_to_llm": 0.8859804329725229,
      "perfect_score": 1.0
    },
    "warnings": null
  },
  "results": {
    "or": {
      "rewards": [
        17126.0
      ],
      "mean": 17126.0,
      "std": 0.0,
      "min": 17126.0,
      "max": 17126.0,
      "count": 1,
      "ratio_to_perfect": 0.8912364696086594
    },
    "llm": {
      "rewards": [
        16621.0
      ],
      "mean": 16621.0,
      "std": 0.0,
      "min": 16621.0,
      "max": 16621.0,
      "count": 1,
      "ratio_to_perfect": 0.8649562864279767
    },
    "llm_to_or": {
      "rewards": [
        16951.0
      ],
      "mean": 16951.0,
      "std": 0.0,
      "min": 16951.0,
      "max": 16951.0,
      "count": 1,
      "ratio_to_perfect": 0.8821294754371357
    },
    "or_to_llm": {
      "rewards": [
        17025.0
      ],
      "mean": 17025.0,
      "std": 0.0,
      "min": 17025.0,
      "max": 17025.0,
      "count": 1,
      "ratio_to_perfect": 0.8859804329725229
    },
    "perfect_score": {
      "rewards": [
        19216.0
      ],
      "mean": 19216.0,
      "std": 0.0,
      "min": 19216.0,
      "max": 19216.0,
      "count": 1,
      "ratio_to_perfect": 1.0
    }
  },
  "errors": {}
}