{
  "instance_dir": "D:\\TextArena\\examples\\benchmark\\synthetic_trajectory\\lead_time_0\\p09_temp_spike_dip\\v4_dip_partial_recovery\\r1_med",
  "instance_name": "r1_med",
  "promised_lead_time": 0,
  "model": "google/gemini-3-flash-preview",
  "num_runs_llm": 1,
  "num_runs_deterministic": 1,
  "max_periods": null,
  "summary": {
    "perfect_score": 15668.0,
    "ratios": {
      "or": 0.8632244064334951,
      "llm": 0.8780316568802655,
      "llm_to_or": 0.8951365841205003,
      "or_to_llm": 0.8721598161858565,
      "perfect_score": 1.0
    },
    "warnings": null
  },
  "results": {
    "or": {
      "rewards": [
        13525.0
      ],
      "mean": 13525.0,
      "std": 0.0,
      "min": 13525.0,
      "max": 13525.0,
      "count": 1,
      "ratio_to_perfect": 0.8632244064334951
    },
    "llm": {
      "rewards": [
        13757.0
      ],
      "mean": 13757.0,
      "std": 0.0,
      "min": 13757.0,
      "max": 13757.0,
      "count": 1,
      "ratio_to_perfect": 0.8780316568802655
    },
    "llm_to_or": {
      "rewards": [
        14025.0
      ],
      "mean": 14025.0,
      "std": 0.0,
      "min": 14025.0,
      "max": 14025.0,
      "count": 1,
      "ratio_to_perfect": 0.8951365841205003
    },
    "or_to_llm": {
      "rewards": [
        13665.0
      ],
      "mean": 13665.0,
      "std": 0.0,
      "min": 13665.0,
      "max": 13665.0,
      "count": 1,
      "ratio_to_perfect": 0.8721598161858565
    },
    "perfect_score": {
      "rewards": [
        15668.0
      ],
      "mean": 15668.0,
      "std": 0.0,
      "min": 15668.0,
      "max": 15668.0,
      "count": 1,
      "ratio_to_perfect": 1.0
    }
  },
  "errors": {}
}