{
  "instance_dir": "/shared/share_malatown/OR_Agent/examples/benchmark/real_trajectory/lead_time_4/448509001",
  "instance_name": "448509001",
  "promised_lead_time": 4,
  "model": "x-ai/grok-4.1-fast",
  "num_runs_llm": 1,
  "num_runs_deterministic": 1,
  "max_periods": null,
  "summary": {
    "perfect_score": 22352.0,
    "ratios": {
      "or": 0.3927165354330709,
      "llm": -0.7814513242662849,
      "llm_to_or": 0.3977272727272727,
      "or_to_llm": 0.3829634931997137,
      "perfect_score": 1.0
    },
    "warnings": null
  },
  "results": {
    "or": {
      "rewards": [
        8778.0
      ],
      "mean": 8778.0,
      "std": 0.0,
      "min": 8778.0,
      "max": 8778.0,
      "count": 1,
      "ratio_to_perfect": 0.3927165354330709
    },
    "llm": {
      "rewards": [
        -17467.0
      ],
      "mean": -17467.0,
      "std": 0.0,
      "min": -17467.0,
      "max": -17467.0,
      "count": 1,
      "ratio_to_perfect": -0.7814513242662849
    },
    "llm_to_or": {
      "rewards": [
        8890.0
      ],
      "mean": 8890.0,
      "std": 0.0,
      "min": 8890.0,
      "max": 8890.0,
      "count": 1,
      "ratio_to_perfect": 0.3977272727272727
    },
    "or_to_llm": {
      "rewards": [
        8560.0
      ],
      "mean": 8560.0,
      "std": 0.0,
      "min": 8560.0,
      "max": 8560.0,
      "count": 1,
      "ratio_to_perfect": 0.3829634931997137
    },
    "perfect_score": {
      "rewards": [
        22352.0
      ],
      "mean": 22352.0,
      "std": 0.0,
      "min": 22352.0,
      "max": 22352.0,
      "count": 1,
      "ratio_to_perfect": 1.0
    }
  },
  "errors": {}
}