{
  "instance_dir": "D:\\TextArena\\examples\\benchmark\\synthetic_trajectory\\lead_time_stochastic\\p01_stationary_iid\\v3_normal_100_15\\r2_high",
  "instance_name": "r2_high",
  "promised_lead_time": 2,
  "model": "google/gemini-3-flash-preview",
  "num_runs_llm": 1,
  "num_runs_deterministic": 1,
  "max_periods": null,
  "summary": {
    "perfect_score": 93993.0,
    "ratios": {
      "or": 0.12742438266679434,
      "llm": 0.7209898609470918,
      "llm_to_or": 0.30076707839945527,
      "or_to_llm": 0.6377177023820922,
      "perfect_score": 1.0
    },
    "warnings": null
  },
  "results": {
    "or": {
      "rewards": [
        11977.0
      ],
      "mean": 11977.0,
      "std": 0.0,
      "min": 11977.0,
      "max": 11977.0,
      "count": 1,
      "ratio_to_perfect": 0.12742438266679434
    },
    "llm": {
      "rewards": [
        67768.0
      ],
      "mean": 67768.0,
      "std": 0.0,
      "min": 67768.0,
      "max": 67768.0,
      "count": 1,
      "ratio_to_perfect": 0.7209898609470918
    },
    "llm_to_or": {
      "rewards": [
        28270.0
      ],
      "mean": 28270.0,
      "std": 0.0,
      "min": 28270.0,
      "max": 28270.0,
      "count": 1,
      "ratio_to_perfect": 0.30076707839945527
    },
    "or_to_llm": {
      "rewards": [
        59941.0
      ],
      "mean": 59941.0,
      "std": 0.0,
      "min": 59941.0,
      "max": 59941.0,
      "count": 1,
      "ratio_to_perfect": 0.6377177023820922
    },
    "perfect_score": {
      "rewards": [
        93993.0
      ],
      "mean": 93993.0,
      "std": 0.0,
      "min": 93993.0,
      "max": 93993.0,
      "count": 1,
      "ratio_to_perfect": 1.0
    }
  },
  "errors": {}
}