{
  "instance_dir": "D:\\TextArena\\examples\\benchmark\\synthetic_trajectory\\lead_time_0\\p10_autocorrelated\\v1_phi_0_7\\r2_med",
  "instance_name": "r2_med",
  "promised_lead_time": 0,
  "model": "openai/gpt-5-mini",
  "num_runs_llm": 1,
  "num_runs_deterministic": 1,
  "max_periods": null,
  "summary": {
    "perfect_score": 20176.0,
    "ratios": {
      "or": 0.9133624107850912,
      "llm": 0.8975515463917526,
      "llm_to_or": 0.9120241871530531,
      "or_to_llm": 0.9185170499603489,
      "perfect_score": 1.0
    },
    "warnings": null
  },
  "results": {
    "or": {
      "rewards": [
        18428.0
      ],
      "mean": 18428.0,
      "std": 0.0,
      "min": 18428.0,
      "max": 18428.0,
      "count": 1,
      "ratio_to_perfect": 0.9133624107850912
    },
    "llm": {
      "rewards": [
        18109.0
      ],
      "mean": 18109.0,
      "std": 0.0,
      "min": 18109.0,
      "max": 18109.0,
      "count": 1,
      "ratio_to_perfect": 0.8975515463917526
    },
    "llm_to_or": {
      "rewards": [
        18401.0
      ],
      "mean": 18401.0,
      "std": 0.0,
      "min": 18401.0,
      "max": 18401.0,
      "count": 1,
      "ratio_to_perfect": 0.9120241871530531
    },
    "or_to_llm": {
      "rewards": [
        18532.0
      ],
      "mean": 18532.0,
      "std": 0.0,
      "min": 18532.0,
      "max": 18532.0,
      "count": 1,
      "ratio_to_perfect": 0.9185170499603489
    },
    "perfect_score": {
      "rewards": [
        20176.0
      ],
      "mean": 20176.0,
      "std": 0.0,
      "min": 20176.0,
      "max": 20176.0,
      "count": 1,
      "ratio_to_perfect": 1.0
    }
  },
  "errors": {}
}