{
  "instance_dir": "/shared/share_malatown/OR_Agent/examples/benchmark/real_trajectory/lead_time_stochastic/160442043",
  "instance_name": "160442043",
  "promised_lead_time": 2,
  "model": "x-ai/grok-4.1-fast",
  "num_runs_llm": 1,
  "num_runs_deterministic": 1,
  "max_periods": null,
  "summary": {
    "perfect_score": 60116.0,
    "ratios": {
      "or": 0.2106760263490585,
      "llm": 0.7265619801716681,
      "llm_to_or": 0.30783817951959547,
      "or_to_llm": 0.6282354115376938,
      "perfect_score": 1.0
    },
    "warnings": null
  },
  "results": {
    "or": {
      "rewards": [
        12665.0
      ],
      "mean": 12665.0,
      "std": 0.0,
      "min": 12665.0,
      "max": 12665.0,
      "count": 1,
      "ratio_to_perfect": 0.2106760263490585
    },
    "llm": {
      "rewards": [
        43678.0
      ],
      "mean": 43678.0,
      "std": 0.0,
      "min": 43678.0,
      "max": 43678.0,
      "count": 1,
      "ratio_to_perfect": 0.7265619801716681
    },
    "llm_to_or": {
      "rewards": [
        18506.0
      ],
      "mean": 18506.0,
      "std": 0.0,
      "min": 18506.0,
      "max": 18506.0,
      "count": 1,
      "ratio_to_perfect": 0.30783817951959547
    },
    "or_to_llm": {
      "rewards": [
        37767.0
      ],
      "mean": 37767.0,
      "std": 0.0,
      "min": 37767.0,
      "max": 37767.0,
      "count": 1,
      "ratio_to_perfect": 0.6282354115376938
    },
    "perfect_score": {
      "rewards": [
        60116.0
      ],
      "mean": 60116.0,
      "std": 0.0,
      "min": 60116.0,
      "max": 60116.0,
      "count": 1,
      "ratio_to_perfect": 1.0
    }
  },
  "errors": {}
}