{
  "instance_dir": "D:\\TextArena\\examples\\benchmark\\real_trajectory\\lead_time_4\\554450036",
  "instance_name": "554450036",
  "promised_lead_time": 4,
  "model": "google/gemini-3-flash-preview",
  "num_runs_llm": 1,
  "num_runs_deterministic": 1,
  "max_periods": null,
  "summary": {
    "perfect_score": 65474.0,
    "ratios": {
      "or": 0.7883434645813605,
      "llm": 0.692106790481718,
      "llm_to_or": 0.7506491126248587,
      "or_to_llm": 0.7636313651220332,
      "perfect_score": 1.0
    },
    "warnings": null
  },
  "results": {
    "or": {
      "rewards": [
        51616.0
      ],
      "mean": 51616.0,
      "std": 0.0,
      "min": 51616.0,
      "max": 51616.0,
      "count": 1,
      "ratio_to_perfect": 0.7883434645813605
    },
    "llm": {
      "rewards": [
        45315.0
      ],
      "mean": 45315.0,
      "std": 0.0,
      "min": 45315.0,
      "max": 45315.0,
      "count": 1,
      "ratio_to_perfect": 0.692106790481718
    },
    "llm_to_or": {
      "rewards": [
        49148.0
      ],
      "mean": 49148.0,
      "std": 0.0,
      "min": 49148.0,
      "max": 49148.0,
      "count": 1,
      "ratio_to_perfect": 0.7506491126248587
    },
    "or_to_llm": {
      "rewards": [
        49998.0
      ],
      "mean": 49998.0,
      "std": 0.0,
      "min": 49998.0,
      "max": 49998.0,
      "count": 1,
      "ratio_to_perfect": 0.7636313651220332
    },
    "perfect_score": {
      "rewards": [
        65474.0
      ],
      "mean": 65474.0,
      "std": 0.0,
      "min": 65474.0,
      "max": 65474.0,
      "count": 1,
      "ratio_to_perfect": 1.0
    }
  },
  "errors": {}
}