{
  "instance_dir": "D:\\TextArena\\examples\\benchmark\\synthetic_trajectory\\lead_time_4\\p01_stationary_iid\\v2_normal_100_40\\r2_med",
  "instance_name": "r2_med",
  "promised_lead_time": 4,
  "model": "openai/gpt-5-mini",
  "num_runs_llm": 1,
  "num_runs_deterministic": 1,
  "max_periods": null,
  "summary": {
    "perfect_score": 19564.0,
    "ratios": {
      "or": 0.7781639746473114,
      "llm": 0.70829073809037,
      "llm_to_or": 0.7732570026579432,
      "or_to_llm": 0.7370169699447966,
      "perfect_score": 1.0
    },
    "warnings": null
  },
  "results": {
    "or": {
      "rewards": [
        15224.0
      ],
      "mean": 15224.0,
      "std": 0.0,
      "min": 15224.0,
      "max": 15224.0,
      "count": 1,
      "ratio_to_perfect": 0.7781639746473114
    },
    "llm": {
      "rewards": [
        13857.0
      ],
      "mean": 13857.0,
      "std": 0.0,
      "min": 13857.0,
      "max": 13857.0,
      "count": 1,
      "ratio_to_perfect": 0.70829073809037
    },
    "llm_to_or": {
      "rewards": [
        15128.0
      ],
      "mean": 15128.0,
      "std": 0.0,
      "min": 15128.0,
      "max": 15128.0,
      "count": 1,
      "ratio_to_perfect": 0.7732570026579432
    },
    "or_to_llm": {
      "rewards": [
        14419.0
      ],
      "mean": 14419.0,
      "std": 0.0,
      "min": 14419.0,
      "max": 14419.0,
      "count": 1,
      "ratio_to_perfect": 0.7370169699447966
    },
    "perfect_score": {
      "rewards": [
        19564.0
      ],
      "mean": 19564.0,
      "std": 0.0,
      "min": 19564.0,
      "max": 19564.0,
      "count": 1,
      "ratio_to_perfect": 1.0
    }
  },
  "errors": {}
}