{
  "instance_dir": "D:\\TextArena\\examples\\benchmark\\synthetic_trajectory\\lead_time_0\\p05_decreasing_trend\\v1_200_minus_3t\\r1_high",
  "instance_name": "r1_high",
  "promised_lead_time": 0,
  "model": "google/gemini-3-flash-preview",
  "num_runs_llm": 1,
  "num_runs_deterministic": 1,
  "max_periods": null,
  "summary": {
    "perfect_score": 119700.0,
    "ratios": {
      "or": 0.9598997493734336,
      "llm": 0.9774436090225563,
      "llm_to_or": 0.9702589807852966,
      "or_to_llm": 0.9689390142021721,
      "perfect_score": 1.0
    },
    "warnings": null
  },
  "results": {
    "or": {
      "rewards": [
        114900.0
      ],
      "mean": 114900.0,
      "std": 0.0,
      "min": 114900.0,
      "max": 114900.0,
      "count": 1,
      "ratio_to_perfect": 0.9598997493734336
    },
    "llm": {
      "rewards": [
        117000.0
      ],
      "mean": 117000.0,
      "std": 0.0,
      "min": 117000.0,
      "max": 117000.0,
      "count": 1,
      "ratio_to_perfect": 0.9774436090225563
    },
    "llm_to_or": {
      "rewards": [
        116140.0
      ],
      "mean": 116140.0,
      "std": 0.0,
      "min": 116140.0,
      "max": 116140.0,
      "count": 1,
      "ratio_to_perfect": 0.9702589807852966
    },
    "or_to_llm": {
      "rewards": [
        115982.0
      ],
      "mean": 115982.0,
      "std": 0.0,
      "min": 115982.0,
      "max": 115982.0,
      "count": 1,
      "ratio_to_perfect": 0.9689390142021721
    },
    "perfect_score": {
      "rewards": [
        119700.0
      ],
      "mean": 119700.0,
      "std": 0.0,
      "min": 119700.0,
      "max": 119700.0,
      "count": 1,
      "ratio_to_perfect": 1.0
    }
  },
  "errors": {}
}