{
  "instance_dir": "D:\\TextArena\\examples\\benchmark\\real_trajectory\\lead_time_stochastic\\516859008",
  "instance_name": "516859008",
  "promised_lead_time": 2,
  "model": "google/gemini-3-flash-preview",
  "num_runs_llm": 1,
  "num_runs_deterministic": 1,
  "max_periods": null,
  "summary": {
    "perfect_score": 75088.0,
    "ratios": {
      "or": 0.18821915619007032,
      "llm": 0.6688152567653952,
      "llm_to_or": 0.2087284253142979,
      "or_to_llm": 0.6186607713616024,
      "perfect_score": 1.0
    },
    "warnings": null
  },
  "results": {
    "or": {
      "rewards": [
        14133.0
      ],
      "mean": 14133.0,
      "std": 0.0,
      "min": 14133.0,
      "max": 14133.0,
      "count": 1,
      "ratio_to_perfect": 0.18821915619007032
    },
    "llm": {
      "rewards": [
        50220.0
      ],
      "mean": 50220.0,
      "std": 0.0,
      "min": 50220.0,
      "max": 50220.0,
      "count": 1,
      "ratio_to_perfect": 0.6688152567653952
    },
    "llm_to_or": {
      "rewards": [
        15673.0
      ],
      "mean": 15673.0,
      "std": 0.0,
      "min": 15673.0,
      "max": 15673.0,
      "count": 1,
      "ratio_to_perfect": 0.2087284253142979
    },
    "or_to_llm": {
      "rewards": [
        46454.0
      ],
      "mean": 46454.0,
      "std": 0.0,
      "min": 46454.0,
      "max": 46454.0,
      "count": 1,
      "ratio_to_perfect": 0.6186607713616024
    },
    "perfect_score": {
      "rewards": [
        75088.0
      ],
      "mean": 75088.0,
      "std": 0.0,
      "min": 75088.0,
      "max": 75088.0,
      "count": 1,
      "ratio_to_perfect": 1.0
    }
  },
  "errors": {}
}