{
  "instance_dir": "/shared/share_malatown/OR-Agent-GPT5mini-benchmark/examples/benchmark/real_trajectory/lead_time_4/719655001",
  "instance_name": "719655001",
  "promised_lead_time": 4,
  "model": "openai/gpt-5-mini",
  "num_runs_llm": 1,
  "num_runs_deterministic": 1,
  "max_periods": null,
  "summary": {
    "perfect_score": 6062.0,
    "ratios": {
      "or": 0.27251732101616627,
      "llm": -0.23309138898053447,
      "llm_to_or": 0.07786209171890465,
      "or_to_llm": -0.16232266578686902,
      "perfect_score": 1.0
    },
    "warnings": null
  },
  "results": {
    "or": {
      "rewards": [
        1652.0
      ],
      "mean": 1652.0,
      "std": 0.0,
      "min": 1652.0,
      "max": 1652.0,
      "count": 1,
      "ratio_to_perfect": 0.27251732101616627
    },
    "llm": {
      "rewards": [
        -1413.0
      ],
      "mean": -1413.0,
      "std": 0.0,
      "min": -1413.0,
      "max": -1413.0,
      "count": 1,
      "ratio_to_perfect": -0.23309138898053447
    },
    "llm_to_or": {
      "rewards": [
        472.0
      ],
      "mean": 472.0,
      "std": 0.0,
      "min": 472.0,
      "max": 472.0,
      "count": 1,
      "ratio_to_perfect": 0.07786209171890465
    },
    "or_to_llm": {
      "rewards": [
        -984.0
      ],
      "mean": -984.0,
      "std": 0.0,
      "min": -984.0,
      "max": -984.0,
      "count": 1,
      "ratio_to_perfect": -0.16232266578686902
    },
    "perfect_score": {
      "rewards": [
        6062.0
      ],
      "mean": 6062.0,
      "std": 0.0,
      "min": 6062.0,
      "max": 6062.0,
      "count": 1,
      "ratio_to_perfect": 1.0
    }
  },
  "errors": {}
}