{
  "instance_dir": "D:\\TextArena\\examples\\benchmark\\synthetic_trajectory\\lead_time_4\\p09_temp_spike_dip\\v3_surge_new_normal\\r1_med",
  "instance_name": "r1_med",
  "promised_lead_time": 4,
  "model": "google/gemini-3-flash-preview",
  "num_runs_llm": 1,
  "num_runs_deterministic": 1,
  "max_periods": null,
  "summary": {
    "perfect_score": 28716.0,
    "ratios": {
      "or": 0.5470469424710962,
      "llm": 0.5175511909736732,
      "llm_to_or": 0.6257835353113247,
      "or_to_llm": 0.6603635603844547,
      "perfect_score": 1.0
    },
    "warnings": null
  },
  "results": {
    "or": {
      "rewards": [
        15709.0
      ],
      "mean": 15709.0,
      "std": 0.0,
      "min": 15709.0,
      "max": 15709.0,
      "count": 1,
      "ratio_to_perfect": 0.5470469424710962
    },
    "llm": {
      "rewards": [
        14862.0
      ],
      "mean": 14862.0,
      "std": 0.0,
      "min": 14862.0,
      "max": 14862.0,
      "count": 1,
      "ratio_to_perfect": 0.5175511909736732
    },
    "llm_to_or": {
      "rewards": [
        17970.0
      ],
      "mean": 17970.0,
      "std": 0.0,
      "min": 17970.0,
      "max": 17970.0,
      "count": 1,
      "ratio_to_perfect": 0.6257835353113247
    },
    "or_to_llm": {
      "rewards": [
        18963.0
      ],
      "mean": 18963.0,
      "std": 0.0,
      "min": 18963.0,
      "max": 18963.0,
      "count": 1,
      "ratio_to_perfect": 0.6603635603844547
    },
    "perfect_score": {
      "rewards": [
        28716.0
      ],
      "mean": 28716.0,
      "std": 0.0,
      "min": 28716.0,
      "max": 28716.0,
      "count": 1,
      "ratio_to_perfect": 1.0
    }
  },
  "errors": {}
}