{
  "instance_dir": "/shared/share_malatown/OR-Agent-GPT5mini-benchmark/examples/benchmark/real_trajectory/lead_time_stochastic/610776002",
  "instance_name": "610776002",
  "promised_lead_time": 2,
  "model": "openai/gpt-5-mini",
  "num_runs_llm": 1,
  "num_runs_deterministic": 1,
  "max_periods": null,
  "summary": {
    "perfect_score": 42752.0,
    "ratios": {
      "or": 0.30548278443113774,
      "llm": 0.14612181886227546,
      "llm_to_or": 0.2636835703592814,
      "or_to_llm": 0.2907700224550898,
      "perfect_score": 1.0
    },
    "warnings": null
  },
  "results": {
    "or": {
      "rewards": [
        13060.0
      ],
      "mean": 13060.0,
      "std": 0.0,
      "min": 13060.0,
      "max": 13060.0,
      "count": 1,
      "ratio_to_perfect": 0.30548278443113774
    },
    "llm": {
      "rewards": [
        6247.0
      ],
      "mean": 6247.0,
      "std": 0.0,
      "min": 6247.0,
      "max": 6247.0,
      "count": 1,
      "ratio_to_perfect": 0.14612181886227546
    },
    "llm_to_or": {
      "rewards": [
        11273.0
      ],
      "mean": 11273.0,
      "std": 0.0,
      "min": 11273.0,
      "max": 11273.0,
      "count": 1,
      "ratio_to_perfect": 0.2636835703592814
    },
    "or_to_llm": {
      "rewards": [
        12431.0
      ],
      "mean": 12431.0,
      "std": 0.0,
      "min": 12431.0,
      "max": 12431.0,
      "count": 1,
      "ratio_to_perfect": 0.2907700224550898
    },
    "perfect_score": {
      "rewards": [
        42752.0
      ],
      "mean": 42752.0,
      "std": 0.0,
      "min": 42752.0,
      "max": 42752.0,
      "count": 1,
      "ratio_to_perfect": 1.0
    }
  },
  "errors": {}
}