{
  "instance_dir": "/shared/share_malatown/OR_Agent/examples/benchmark/real_trajectory/lead_time_4/507883009",
  "instance_name": "507883009",
  "promised_lead_time": 4,
  "model": "x-ai/grok-4.1-fast",
  "num_runs_llm": 1,
  "num_runs_deterministic": 1,
  "max_periods": null,
  "summary": {
    "perfect_score": 5691.0,
    "ratios": {
      "or": -0.17589175891758918,
      "llm": -2.9623967668248112,
      "llm_to_or": -0.5556141275698471,
      "or_to_llm": -0.63995782814971,
      "perfect_score": 1.0
    },
    "warnings": null
  },
  "results": {
    "or": {
      "rewards": [
        -1001.0
      ],
      "mean": -1001.0,
      "std": 0.0,
      "min": -1001.0,
      "max": -1001.0,
      "count": 1,
      "ratio_to_perfect": -0.17589175891758918
    },
    "llm": {
      "rewards": [
        -16859.0
      ],
      "mean": -16859.0,
      "std": 0.0,
      "min": -16859.0,
      "max": -16859.0,
      "count": 1,
      "ratio_to_perfect": -2.9623967668248112
    },
    "llm_to_or": {
      "rewards": [
        -3162.0
      ],
      "mean": -3162.0,
      "std": 0.0,
      "min": -3162.0,
      "max": -3162.0,
      "count": 1,
      "ratio_to_perfect": -0.5556141275698471
    },
    "or_to_llm": {
      "rewards": [
        -3642.0
      ],
      "mean": -3642.0,
      "std": 0.0,
      "min": -3642.0,
      "max": -3642.0,
      "count": 1,
      "ratio_to_perfect": -0.63995782814971
    },
    "perfect_score": {
      "rewards": [
        5691.0
      ],
      "mean": 5691.0,
      "std": 0.0,
      "min": 5691.0,
      "max": 5691.0,
      "count": 1,
      "ratio_to_perfect": 1.0
    }
  },
  "errors": {}
}