{
  "instance_dir": "/shared/share_malatown/OR_Agent/examples/benchmark/real_trajectory/lead_time_0/658030011",
  "instance_name": "658030011",
  "promised_lead_time": 0,
  "model": "x-ai/grok-4.1-fast",
  "num_runs_llm": 1,
  "num_runs_deterministic": 1,
  "max_periods": null,
  "summary": {
    "perfect_score": 78337.0,
    "ratios": {
      "or": 0.9340158545770197,
      "llm": 0.9124679270332027,
      "llm_to_or": 0.9167060265264179,
      "or_to_llm": 0.9275055210181651,
      "perfect_score": 1.0
    },
    "warnings": null
  },
  "results": {
    "or": {
      "rewards": [
        73168.0
      ],
      "mean": 73168.0,
      "std": 0.0,
      "min": 73168.0,
      "max": 73168.0,
      "count": 1,
      "ratio_to_perfect": 0.9340158545770197
    },
    "llm": {
      "rewards": [
        71480.0
      ],
      "mean": 71480.0,
      "std": 0.0,
      "min": 71480.0,
      "max": 71480.0,
      "count": 1,
      "ratio_to_perfect": 0.9124679270332027
    },
    "llm_to_or": {
      "rewards": [
        71812.0
      ],
      "mean": 71812.0,
      "std": 0.0,
      "min": 71812.0,
      "max": 71812.0,
      "count": 1,
      "ratio_to_perfect": 0.9167060265264179
    },
    "or_to_llm": {
      "rewards": [
        72658.0
      ],
      "mean": 72658.0,
      "std": 0.0,
      "min": 72658.0,
      "max": 72658.0,
      "count": 1,
      "ratio_to_perfect": 0.9275055210181651
    },
    "perfect_score": {
      "rewards": [
        78337.0
      ],
      "mean": 78337.0,
      "std": 0.0,
      "min": 78337.0,
      "max": 78337.0,
      "count": 1,
      "ratio_to_perfect": 1.0
    }
  },
  "errors": {}
}