{
  "instance_dir": "/shared/share_malatown/OR_Agent/examples/benchmark/real_trajectory/lead_time_4/610776001",
  "instance_name": "610776001",
  "promised_lead_time": 4,
  "model": "x-ai/grok-4.1-fast",
  "num_runs_llm": 1,
  "num_runs_deterministic": 1,
  "max_periods": null,
  "summary": {
    "perfect_score": 158726.0,
    "ratios": {
      "or": 0.6104418935776117,
      "llm": 0.4695261015838615,
      "llm_to_or": 0.7272658543653844,
      "or_to_llm": 0.7136070965059285,
      "perfect_score": 1.0
    },
    "warnings": null
  },
  "results": {
    "or": {
      "rewards": [
        96893.0
      ],
      "mean": 96893.0,
      "std": 0.0,
      "min": 96893.0,
      "max": 96893.0,
      "count": 1,
      "ratio_to_perfect": 0.6104418935776117
    },
    "llm": {
      "rewards": [
        74526.0
      ],
      "mean": 74526.0,
      "std": 0.0,
      "min": 74526.0,
      "max": 74526.0,
      "count": 1,
      "ratio_to_perfect": 0.4695261015838615
    },
    "llm_to_or": {
      "rewards": [
        115436.0
      ],
      "mean": 115436.0,
      "std": 0.0,
      "min": 115436.0,
      "max": 115436.0,
      "count": 1,
      "ratio_to_perfect": 0.7272658543653844
    },
    "or_to_llm": {
      "rewards": [
        113268.0
      ],
      "mean": 113268.0,
      "std": 0.0,
      "min": 113268.0,
      "max": 113268.0,
      "count": 1,
      "ratio_to_perfect": 0.7136070965059285
    },
    "perfect_score": {
      "rewards": [
        158726.0
      ],
      "mean": 158726.0,
      "std": 0.0,
      "min": 158726.0,
      "max": 158726.0,
      "count": 1,
      "ratio_to_perfect": 1.0
    }
  },
  "errors": {}
}