{
  "instance_dir": "/shared/share_malatown/OR-Agent-GPT5mini-benchmark/examples/benchmark/real_trajectory/lead_time_stochastic/678696001",
  "instance_name": "678696001",
  "promised_lead_time": 2,
  "model": "openai/gpt-5-mini",
  "num_runs_llm": 1,
  "num_runs_deterministic": 1,
  "max_periods": null,
  "summary": {
    "perfect_score": 45790.0,
    "ratios": {
      "or": 0.5286088665647521,
      "llm": 0.33509499890805855,
      "llm_to_or": 0.47586809347019,
      "or_to_llm": 0.5790784013976851,
      "perfect_score": 1.0
    },
    "warnings": null
  },
  "results": {
    "or": {
      "rewards": [
        24205.0
      ],
      "mean": 24205.0,
      "std": 0.0,
      "min": 24205.0,
      "max": 24205.0,
      "count": 1,
      "ratio_to_perfect": 0.5286088665647521
    },
    "llm": {
      "rewards": [
        15344.0
      ],
      "mean": 15344.0,
      "std": 0.0,
      "min": 15344.0,
      "max": 15344.0,
      "count": 1,
      "ratio_to_perfect": 0.33509499890805855
    },
    "llm_to_or": {
      "rewards": [
        21790.0
      ],
      "mean": 21790.0,
      "std": 0.0,
      "min": 21790.0,
      "max": 21790.0,
      "count": 1,
      "ratio_to_perfect": 0.47586809347019
    },
    "or_to_llm": {
      "rewards": [
        26516.0
      ],
      "mean": 26516.0,
      "std": 0.0,
      "min": 26516.0,
      "max": 26516.0,
      "count": 1,
      "ratio_to_perfect": 0.5790784013976851
    },
    "perfect_score": {
      "rewards": [
        45790.0
      ],
      "mean": 45790.0,
      "std": 0.0,
      "min": 45790.0,
      "max": 45790.0,
      "count": 1,
      "ratio_to_perfect": 1.0
    }
  },
  "errors": {}
}