{
  "instance_dir": "/shared/share_malatown/OR_Agent/examples/benchmark/synthetic_trajectory/lead_time_stochastic/p02_mean_increase/v1_100to200/r2_med",
  "instance_name": "r2_med",
  "promised_lead_time": 2,
  "model": "x-ai/grok-4.1-fast",
  "num_runs_llm": 1,
  "num_runs_deterministic": 1,
  "max_periods": null,
  "summary": {
    "perfect_score": 34496.0,
    "ratios": {
      "or": 0.07969039888682745,
      "llm": 0.48193993506493504,
      "llm_to_or": 0.39723446196660483,
      "or_to_llm": 0.42575950834879406,
      "perfect_score": 1.0
    },
    "warnings": null
  },
  "results": {
    "or": {
      "rewards": [
        2749.0
      ],
      "mean": 2749.0,
      "std": 0.0,
      "min": 2749.0,
      "max": 2749.0,
      "count": 1,
      "ratio_to_perfect": 0.07969039888682745
    },
    "llm": {
      "rewards": [
        16625.0
      ],
      "mean": 16625.0,
      "std": 0.0,
      "min": 16625.0,
      "max": 16625.0,
      "count": 1,
      "ratio_to_perfect": 0.48193993506493504
    },
    "llm_to_or": {
      "rewards": [
        13703.0
      ],
      "mean": 13703.0,
      "std": 0.0,
      "min": 13703.0,
      "max": 13703.0,
      "count": 1,
      "ratio_to_perfect": 0.39723446196660483
    },
    "or_to_llm": {
      "rewards": [
        14687.0
      ],
      "mean": 14687.0,
      "std": 0.0,
      "min": 14687.0,
      "max": 14687.0,
      "count": 1,
      "ratio_to_perfect": 0.42575950834879406
    },
    "perfect_score": {
      "rewards": [
        34496.0
      ],
      "mean": 34496.0,
      "std": 0.0,
      "min": 34496.0,
      "max": 34496.0,
      "count": 1,
      "ratio_to_perfect": 1.0
    }
  },
  "errors": {}
}