{
  "instance_dir": "D:\\TextArena\\examples\\benchmark\\real_trajectory\\lead_time_0\\658030006",
  "instance_name": "658030006",
  "promised_lead_time": 0,
  "model": "google/gemini-3-flash-preview",
  "num_runs_llm": 1,
  "num_runs_deterministic": 1,
  "max_periods": null,
  "summary": {
    "perfect_score": 3065.0,
    "ratios": {
      "or": 0.4303425774877651,
      "llm": 0.5106035889070146,
      "llm_to_or": 0.5807504078303426,
      "or_to_llm": 0.4756933115823817,
      "perfect_score": 1.0
    },
    "warnings": null
  },
  "results": {
    "or": {
      "rewards": [
        1319.0
      ],
      "mean": 1319.0,
      "std": 0.0,
      "min": 1319.0,
      "max": 1319.0,
      "count": 1,
      "ratio_to_perfect": 0.4303425774877651
    },
    "llm": {
      "rewards": [
        1565.0
      ],
      "mean": 1565.0,
      "std": 0.0,
      "min": 1565.0,
      "max": 1565.0,
      "count": 1,
      "ratio_to_perfect": 0.5106035889070146
    },
    "llm_to_or": {
      "rewards": [
        1780.0
      ],
      "mean": 1780.0,
      "std": 0.0,
      "min": 1780.0,
      "max": 1780.0,
      "count": 1,
      "ratio_to_perfect": 0.5807504078303426
    },
    "or_to_llm": {
      "rewards": [
        1458.0
      ],
      "mean": 1458.0,
      "std": 0.0,
      "min": 1458.0,
      "max": 1458.0,
      "count": 1,
      "ratio_to_perfect": 0.4756933115823817
    },
    "perfect_score": {
      "rewards": [
        3065.0
      ],
      "mean": 3065.0,
      "std": 0.0,
      "min": 3065.0,
      "max": 3065.0,
      "count": 1,
      "ratio_to_perfect": 1.0
    }
  },
  "errors": {}
}