{
  "instance_dir": "/shared/share_malatown/OR_Agent/examples/benchmark/real_trajectory/lead_time_4/678692001",
  "instance_name": "678692001",
  "promised_lead_time": 4,
  "model": "x-ai/grok-4.1-fast",
  "num_runs_llm": 1,
  "num_runs_deterministic": 1,
  "max_periods": null,
  "summary": {
    "perfect_score": 43795.0,
    "ratios": {
      "or": 0.262313049434867,
      "llm": 0.40817444913802947,
      "llm_to_or": 0.5309966891197625,
      "or_to_llm": 0.2891425961867793,
      "perfect_score": 1.0
    },
    "warnings": null
  },
  "results": {
    "or": {
      "rewards": [
        11488.0
      ],
      "mean": 11488.0,
      "std": 0.0,
      "min": 11488.0,
      "max": 11488.0,
      "count": 1,
      "ratio_to_perfect": 0.262313049434867
    },
    "llm": {
      "rewards": [
        17876.0
      ],
      "mean": 17876.0,
      "std": 0.0,
      "min": 17876.0,
      "max": 17876.0,
      "count": 1,
      "ratio_to_perfect": 0.40817444913802947
    },
    "llm_to_or": {
      "rewards": [
        23255.0
      ],
      "mean": 23255.0,
      "std": 0.0,
      "min": 23255.0,
      "max": 23255.0,
      "count": 1,
      "ratio_to_perfect": 0.5309966891197625
    },
    "or_to_llm": {
      "rewards": [
        12663.0
      ],
      "mean": 12663.0,
      "std": 0.0,
      "min": 12663.0,
      "max": 12663.0,
      "count": 1,
      "ratio_to_perfect": 0.2891425961867793
    },
    "perfect_score": {
      "rewards": [
        43795.0
      ],
      "mean": 43795.0,
      "std": 0.0,
      "min": 43795.0,
      "max": 43795.0,
      "count": 1,
      "ratio_to_perfect": 1.0
    }
  },
  "errors": {}
}