{
  "instance_dir": "/shared/share_malatown/OR_Agent/examples/benchmark/real_trajectory/lead_time_4/664319001",
  "instance_name": "664319001",
  "promised_lead_time": 4,
  "model": "x-ai/grok-4.1-fast",
  "num_runs_llm": 1,
  "num_runs_deterministic": 1,
  "max_periods": null,
  "summary": {
    "perfect_score": 3311.0,
    "ratios": {
      "or": -0.7061310782241015,
      "llm": -3.1504077318030808,
      "llm_to_or": -1.3014195107218363,
      "or_to_llm": -1.8888553307157958,
      "perfect_score": 1.0
    },
    "warnings": null
  },
  "results": {
    "or": {
      "rewards": [
        -2338.0
      ],
      "mean": -2338.0,
      "std": 0.0,
      "min": -2338.0,
      "max": -2338.0,
      "count": 1,
      "ratio_to_perfect": -0.7061310782241015
    },
    "llm": {
      "rewards": [
        -10431.0
      ],
      "mean": -10431.0,
      "std": 0.0,
      "min": -10431.0,
      "max": -10431.0,
      "count": 1,
      "ratio_to_perfect": -3.1504077318030808
    },
    "llm_to_or": {
      "rewards": [
        -4309.0
      ],
      "mean": -4309.0,
      "std": 0.0,
      "min": -4309.0,
      "max": -4309.0,
      "count": 1,
      "ratio_to_perfect": -1.3014195107218363
    },
    "or_to_llm": {
      "rewards": [
        -6254.0
      ],
      "mean": -6254.0,
      "std": 0.0,
      "min": -6254.0,
      "max": -6254.0,
      "count": 1,
      "ratio_to_perfect": -1.8888553307157958
    },
    "perfect_score": {
      "rewards": [
        3311.0
      ],
      "mean": 3311.0,
      "std": 0.0,
      "min": 3311.0,
      "max": 3311.0,
      "count": 1,
      "ratio_to_perfect": 1.0
    }
  },
  "errors": {}
}