{
  "instance_dir": "D:\\TextArena\\examples\\benchmark\\real_trajectory\\lead_time_stochastic\\399223033",
  "instance_name": "399223033",
  "promised_lead_time": 2,
  "model": "google/gemini-3-flash-preview",
  "num_runs_llm": 1,
  "num_runs_deterministic": 1,
  "max_periods": null,
  "summary": {
    "perfect_score": 108889.0,
    "ratios": {
      "or": 0.2035008127542727,
      "llm": 0.6523799465510749,
      "llm_to_or": 0.17596818778756348,
      "or_to_llm": 0.5422218956919431,
      "perfect_score": 1.0
    },
    "warnings": null
  },
  "results": {
    "or": {
      "rewards": [
        22159.0
      ],
      "mean": 22159.0,
      "std": 0.0,
      "min": 22159.0,
      "max": 22159.0,
      "count": 1,
      "ratio_to_perfect": 0.2035008127542727
    },
    "llm": {
      "rewards": [
        71037.0
      ],
      "mean": 71037.0,
      "std": 0.0,
      "min": 71037.0,
      "max": 71037.0,
      "count": 1,
      "ratio_to_perfect": 0.6523799465510749
    },
    "llm_to_or": {
      "rewards": [
        19161.0
      ],
      "mean": 19161.0,
      "std": 0.0,
      "min": 19161.0,
      "max": 19161.0,
      "count": 1,
      "ratio_to_perfect": 0.17596818778756348
    },
    "or_to_llm": {
      "rewards": [
        59042.0
      ],
      "mean": 59042.0,
      "std": 0.0,
      "min": 59042.0,
      "max": 59042.0,
      "count": 1,
      "ratio_to_perfect": 0.5422218956919431
    },
    "perfect_score": {
      "rewards": [
        108889.0
      ],
      "mean": 108889.0,
      "std": 0.0,
      "min": 108889.0,
      "max": 108889.0,
      "count": 1,
      "ratio_to_perfect": 1.0
    }
  },
  "errors": {}
}