{
  "instance_dir": "D:\\TextArena\\examples\\benchmark\\real_trajectory\\lead_time_4\\464908002",
  "instance_name": "464908002",
  "promised_lead_time": 4,
  "model": "google/gemini-3-flash-preview",
  "num_runs_llm": 1,
  "num_runs_deterministic": 1,
  "max_periods": null,
  "summary": {
    "perfect_score": 49077.0,
    "ratios": {
      "or": 0.7212747315443079,
      "llm": 0.7059926238360128,
      "llm_to_or": 0.7482731218289627,
      "or_to_llm": 0.7577072763208835,
      "perfect_score": 1.0
    },
    "warnings": null
  },
  "results": {
    "or": {
      "rewards": [
        35398.0
      ],
      "mean": 35398.0,
      "std": 0.0,
      "min": 35398.0,
      "max": 35398.0,
      "count": 1,
      "ratio_to_perfect": 0.7212747315443079
    },
    "llm": {
      "rewards": [
        34648.0
      ],
      "mean": 34648.0,
      "std": 0.0,
      "min": 34648.0,
      "max": 34648.0,
      "count": 1,
      "ratio_to_perfect": 0.7059926238360128
    },
    "llm_to_or": {
      "rewards": [
        36723.0
      ],
      "mean": 36723.0,
      "std": 0.0,
      "min": 36723.0,
      "max": 36723.0,
      "count": 1,
      "ratio_to_perfect": 0.7482731218289627
    },
    "or_to_llm": {
      "rewards": [
        37186.0
      ],
      "mean": 37186.0,
      "std": 0.0,
      "min": 37186.0,
      "max": 37186.0,
      "count": 1,
      "ratio_to_perfect": 0.7577072763208835
    },
    "perfect_score": {
      "rewards": [
        49077.0
      ],
      "mean": 49077.0,
      "std": 0.0,
      "min": 49077.0,
      "max": 49077.0,
      "count": 1,
      "ratio_to_perfect": 1.0
    }
  },
  "errors": {}
}