{
  "instance_dir": "D:\\TextArena\\examples\\benchmark\\synthetic_trajectory\\lead_time_4\\p09_temp_spike_dip\\v4_dip_partial_recovery\\r1_high",
  "instance_name": "r1_high",
  "promised_lead_time": 4,
  "model": "openai/gpt-5-mini",
  "num_runs_llm": 1,
  "num_runs_deterministic": 1,
  "max_periods": null,
  "summary": {
    "perfect_score": 74423.0,
    "ratios": {
      "or": 0.7771253510339545,
      "llm": 0.7503997420152372,
      "llm_to_or": 0.7808338819988444,
      "or_to_llm": 0.7180307163108179,
      "perfect_score": 1.0
    },
    "warnings": null
  },
  "results": {
    "or": {
      "rewards": [
        57836.0
      ],
      "mean": 57836.0,
      "std": 0.0,
      "min": 57836.0,
      "max": 57836.0,
      "count": 1,
      "ratio_to_perfect": 0.7771253510339545
    },
    "llm": {
      "rewards": [
        55847.0
      ],
      "mean": 55847.0,
      "std": 0.0,
      "min": 55847.0,
      "max": 55847.0,
      "count": 1,
      "ratio_to_perfect": 0.7503997420152372
    },
    "llm_to_or": {
      "rewards": [
        58112.0
      ],
      "mean": 58112.0,
      "std": 0.0,
      "min": 58112.0,
      "max": 58112.0,
      "count": 1,
      "ratio_to_perfect": 0.7808338819988444
    },
    "or_to_llm": {
      "rewards": [
        53438.0
      ],
      "mean": 53438.0,
      "std": 0.0,
      "min": 53438.0,
      "max": 53438.0,
      "count": 1,
      "ratio_to_perfect": 0.7180307163108179
    },
    "perfect_score": {
      "rewards": [
        74423.0
      ],
      "mean": 74423.0,
      "std": 0.0,
      "min": 74423.0,
      "max": 74423.0,
      "count": 1,
      "ratio_to_perfect": 1.0
    }
  },
  "errors": {}
}