{
  "instance_dir": "D:\\TextArena\\examples\\benchmark\\real_trajectory\\lead_time_4\\458239001",
  "instance_name": "458239001",
  "promised_lead_time": 4,
  "model": "google/gemini-3-flash-preview",
  "num_runs_llm": 1,
  "num_runs_deterministic": 1,
  "max_periods": null,
  "summary": {
    "perfect_score": 50407.0,
    "ratios": {
      "or": 0.5544666415378816,
      "llm": 0.416271549586367,
      "llm_to_or": 0.4431725752375662,
      "or_to_llm": 0.47572757751899536,
      "perfect_score": 1.0
    },
    "warnings": null
  },
  "results": {
    "or": {
      "rewards": [
        27949.0
      ],
      "mean": 27949.0,
      "std": 0.0,
      "min": 27949.0,
      "max": 27949.0,
      "count": 1,
      "ratio_to_perfect": 0.5544666415378816
    },
    "llm": {
      "rewards": [
        20983.0
      ],
      "mean": 20983.0,
      "std": 0.0,
      "min": 20983.0,
      "max": 20983.0,
      "count": 1,
      "ratio_to_perfect": 0.416271549586367
    },
    "llm_to_or": {
      "rewards": [
        22339.0
      ],
      "mean": 22339.0,
      "std": 0.0,
      "min": 22339.0,
      "max": 22339.0,
      "count": 1,
      "ratio_to_perfect": 0.4431725752375662
    },
    "or_to_llm": {
      "rewards": [
        23980.0
      ],
      "mean": 23980.0,
      "std": 0.0,
      "min": 23980.0,
      "max": 23980.0,
      "count": 1,
      "ratio_to_perfect": 0.47572757751899536
    },
    "perfect_score": {
      "rewards": [
        50407.0
      ],
      "mean": 50407.0,
      "std": 0.0,
      "min": 50407.0,
      "max": 50407.0,
      "count": 1,
      "ratio_to_perfect": 1.0
    }
  },
  "errors": {}
}