{
  "instance_dir": "D:\\TextArena\\examples\\benchmark\\synthetic_trajectory\\lead_time_0\\p09_temp_spike_dip\\v1_temp_surge\\r2_high",
  "instance_name": "r2_high",
  "promised_lead_time": 0,
  "model": "openai/gpt-5-mini",
  "num_runs_llm": 1,
  "num_runs_deterministic": 1,
  "max_periods": null,
  "summary": {
    "perfect_score": 115007.0,
    "ratios": {
      "or": 0.9380298590520577,
      "llm": 0.904710148077943,
      "llm_to_or": 0.9380820297894911,
      "or_to_llm": 0.9386732981470693,
      "perfect_score": 1.0
    },
    "warnings": null
  },
  "results": {
    "or": {
      "rewards": [
        107880.0
      ],
      "mean": 107880.0,
      "std": 0.0,
      "min": 107880.0,
      "max": 107880.0,
      "count": 1,
      "ratio_to_perfect": 0.9380298590520577
    },
    "llm": {
      "rewards": [
        104048.0
      ],
      "mean": 104048.0,
      "std": 0.0,
      "min": 104048.0,
      "max": 104048.0,
      "count": 1,
      "ratio_to_perfect": 0.904710148077943
    },
    "llm_to_or": {
      "rewards": [
        107886.0
      ],
      "mean": 107886.0,
      "std": 0.0,
      "min": 107886.0,
      "max": 107886.0,
      "count": 1,
      "ratio_to_perfect": 0.9380820297894911
    },
    "or_to_llm": {
      "rewards": [
        107954.0
      ],
      "mean": 107954.0,
      "std": 0.0,
      "min": 107954.0,
      "max": 107954.0,
      "count": 1,
      "ratio_to_perfect": 0.9386732981470693
    },
    "perfect_score": {
      "rewards": [
        115007.0
      ],
      "mean": 115007.0,
      "std": 0.0,
      "min": 115007.0,
      "max": 115007.0,
      "count": 1,
      "ratio_to_perfect": 1.0
    }
  },
  "errors": {}
}