{
  "instance_dir": "D:\\TextArena\\examples\\benchmark\\synthetic_trajectory\\lead_time_0\\p05_decreasing_trend\\v1_200_minus_3t\\r1_med",
  "instance_name": "r1_med",
  "promised_lead_time": 0,
  "model": "google/gemini-3-flash-preview",
  "num_runs_llm": 1,
  "num_runs_deterministic": 1,
  "max_periods": null,
  "summary": {
    "perfect_score": 25200.0,
    "ratios": {
      "or": 0.8626190476190476,
      "llm": 0.9143650793650794,
      "llm_to_or": 0.9209920634920635,
      "or_to_llm": 0.8723015873015874,
      "perfect_score": 1.0
    },
    "warnings": null
  },
  "results": {
    "or": {
      "rewards": [
        21738.0
      ],
      "mean": 21738.0,
      "std": 0.0,
      "min": 21738.0,
      "max": 21738.0,
      "count": 1,
      "ratio_to_perfect": 0.8626190476190476
    },
    "llm": {
      "rewards": [
        23042.0
      ],
      "mean": 23042.0,
      "std": 0.0,
      "min": 23042.0,
      "max": 23042.0,
      "count": 1,
      "ratio_to_perfect": 0.9143650793650794
    },
    "llm_to_or": {
      "rewards": [
        23209.0
      ],
      "mean": 23209.0,
      "std": 0.0,
      "min": 23209.0,
      "max": 23209.0,
      "count": 1,
      "ratio_to_perfect": 0.9209920634920635
    },
    "or_to_llm": {
      "rewards": [
        21982.0
      ],
      "mean": 21982.0,
      "std": 0.0,
      "min": 21982.0,
      "max": 21982.0,
      "count": 1,
      "ratio_to_perfect": 0.8723015873015874
    },
    "perfect_score": {
      "rewards": [
        25200.0
      ],
      "mean": 25200.0,
      "std": 0.0,
      "min": 25200.0,
      "max": 25200.0,
      "count": 1,
      "ratio_to_perfect": 1.0
    }
  },
  "errors": {}
}