{
  "instance_dir": "/shared/share_malatown/OR_Agent/examples/benchmark/real_trajectory/lead_time_stochastic/572797002",
  "instance_name": "572797002",
  "promised_lead_time": 2,
  "model": "x-ai/grok-4.1-fast",
  "num_runs_llm": 1,
  "num_runs_deterministic": 1,
  "max_periods": null,
  "summary": {
    "perfect_score": 5818.0,
    "ratios": {
      "or": 0.2528360261258164,
      "llm": -0.39893434169817804,
      "llm_to_or": -1.081986937091784,
      "or_to_llm": -0.3535579236851152,
      "perfect_score": 1.0
    },
    "warnings": null
  },
  "results": {
    "or": {
      "rewards": [
        1471.0
      ],
      "mean": 1471.0,
      "std": 0.0,
      "min": 1471.0,
      "max": 1471.0,
      "count": 1,
      "ratio_to_perfect": 0.2528360261258164
    },
    "llm": {
      "rewards": [
        -2321.0
      ],
      "mean": -2321.0,
      "std": 0.0,
      "min": -2321.0,
      "max": -2321.0,
      "count": 1,
      "ratio_to_perfect": -0.39893434169817804
    },
    "llm_to_or": {
      "rewards": [
        -6295.0
      ],
      "mean": -6295.0,
      "std": 0.0,
      "min": -6295.0,
      "max": -6295.0,
      "count": 1,
      "ratio_to_perfect": -1.081986937091784
    },
    "or_to_llm": {
      "rewards": [
        -2057.0
      ],
      "mean": -2057.0,
      "std": 0.0,
      "min": -2057.0,
      "max": -2057.0,
      "count": 1,
      "ratio_to_perfect": -0.3535579236851152
    },
    "perfect_score": {
      "rewards": [
        5818.0
      ],
      "mean": 5818.0,
      "std": 0.0,
      "min": 5818.0,
      "max": 5818.0,
      "count": 1,
      "ratio_to_perfect": 1.0
    }
  },
  "errors": {}
}