{
  "instance_dir": "D:\\TextArena\\examples\\benchmark\\real_trajectory\\lead_time_stochastic\\706016015",
  "instance_name": "706016015",
  "promised_lead_time": 2,
  "model": "google/gemini-3-flash-preview",
  "num_runs_llm": 1,
  "num_runs_deterministic": 1,
  "max_periods": null,
  "summary": {
    "perfect_score": 33488.0,
    "ratios": {
      "or": 0.10532130912565695,
      "llm": 0.388646679407549,
      "llm_to_or": 0.2850274725274725,
      "or_to_llm": 0.40041208791208793,
      "perfect_score": 1.0
    },
    "warnings": null
  },
  "results": {
    "or": {
      "rewards": [
        3527.0
      ],
      "mean": 3527.0,
      "std": 0.0,
      "min": 3527.0,
      "max": 3527.0,
      "count": 1,
      "ratio_to_perfect": 0.10532130912565695
    },
    "llm": {
      "rewards": [
        13015.0
      ],
      "mean": 13015.0,
      "std": 0.0,
      "min": 13015.0,
      "max": 13015.0,
      "count": 1,
      "ratio_to_perfect": 0.388646679407549
    },
    "llm_to_or": {
      "rewards": [
        9545.0
      ],
      "mean": 9545.0,
      "std": 0.0,
      "min": 9545.0,
      "max": 9545.0,
      "count": 1,
      "ratio_to_perfect": 0.2850274725274725
    },
    "or_to_llm": {
      "rewards": [
        13409.0
      ],
      "mean": 13409.0,
      "std": 0.0,
      "min": 13409.0,
      "max": 13409.0,
      "count": 1,
      "ratio_to_perfect": 0.40041208791208793
    },
    "perfect_score": {
      "rewards": [
        33488.0
      ],
      "mean": 33488.0,
      "std": 0.0,
      "min": 33488.0,
      "max": 33488.0,
      "count": 1,
      "ratio_to_perfect": 1.0
    }
  },
  "errors": {}
}