{
  "instance_dir": "/shared/share_malatown/OR-Agent-GPT5mini-benchmark/examples/benchmark/real_trajectory/lead_time_0/470789001",
  "instance_name": "470789001",
  "promised_lead_time": 0,
  "model": "openai/gpt-5-mini",
  "num_runs_llm": 1,
  "num_runs_deterministic": 1,
  "max_periods": null,
  "summary": {
    "perfect_score": 3959.0,
    "ratios": {
      "or": 0.6105077039656479,
      "llm": 0.6946198534983582,
      "llm_to_or": 0.6511745390250063,
      "or_to_llm": 0.7125536751704976,
      "perfect_score": 1.0
    },
    "warnings": null
  },
  "results": {
    "or": {
      "rewards": [
        2417.0
      ],
      "mean": 2417.0,
      "std": 0.0,
      "min": 2417.0,
      "max": 2417.0,
      "count": 1,
      "ratio_to_perfect": 0.6105077039656479
    },
    "llm": {
      "rewards": [
        2750.0
      ],
      "mean": 2750.0,
      "std": 0.0,
      "min": 2750.0,
      "max": 2750.0,
      "count": 1,
      "ratio_to_perfect": 0.6946198534983582
    },
    "llm_to_or": {
      "rewards": [
        2578.0
      ],
      "mean": 2578.0,
      "std": 0.0,
      "min": 2578.0,
      "max": 2578.0,
      "count": 1,
      "ratio_to_perfect": 0.6511745390250063
    },
    "or_to_llm": {
      "rewards": [
        2821.0
      ],
      "mean": 2821.0,
      "std": 0.0,
      "min": 2821.0,
      "max": 2821.0,
      "count": 1,
      "ratio_to_perfect": 0.7125536751704976
    },
    "perfect_score": {
      "rewards": [
        3959.0
      ],
      "mean": 3959.0,
      "std": 0.0,
      "min": 3959.0,
      "max": 3959.0,
      "count": 1,
      "ratio_to_perfect": 1.0
    }
  },
  "errors": {}
}