{
  "instance_dir": "/shared/share_malatown/OR-Agent-GPT5mini-benchmark/examples/benchmark/real_trajectory/lead_time_0/728162001",
  "instance_name": "728162001",
  "promised_lead_time": 0,
  "model": "openai/gpt-5-mini",
  "num_runs_llm": 1,
  "num_runs_deterministic": 1,
  "max_periods": null,
  "summary": {
    "perfect_score": 102923.0,
    "ratios": {
      "or": 0.8952615061745188,
      "llm": 0.8305140736278577,
      "llm_to_or": 0.9099229521098297,
      "or_to_llm": 0.8956015662194068,
      "perfect_score": 1.0
    },
    "warnings": null
  },
  "results": {
    "or": {
      "rewards": [
        92143.0
      ],
      "mean": 92143.0,
      "std": 0.0,
      "min": 92143.0,
      "max": 92143.0,
      "count": 1,
      "ratio_to_perfect": 0.8952615061745188
    },
    "llm": {
      "rewards": [
        85479.0
      ],
      "mean": 85479.0,
      "std": 0.0,
      "min": 85479.0,
      "max": 85479.0,
      "count": 1,
      "ratio_to_perfect": 0.8305140736278577
    },
    "llm_to_or": {
      "rewards": [
        93652.0
      ],
      "mean": 93652.0,
      "std": 0.0,
      "min": 93652.0,
      "max": 93652.0,
      "count": 1,
      "ratio_to_perfect": 0.9099229521098297
    },
    "or_to_llm": {
      "rewards": [
        92178.0
      ],
      "mean": 92178.0,
      "std": 0.0,
      "min": 92178.0,
      "max": 92178.0,
      "count": 1,
      "ratio_to_perfect": 0.8956015662194068
    },
    "perfect_score": {
      "rewards": [
        102923.0
      ],
      "mean": 102923.0,
      "std": 0.0,
      "min": 102923.0,
      "max": 102923.0,
      "count": 1,
      "ratio_to_perfect": 1.0
    }
  },
  "errors": {}
}