{
  "instance_dir": "D:\\TextArena\\examples\\benchmark\\real_trajectory\\lead_time_0\\372860024",
  "instance_name": "372860024",
  "promised_lead_time": 0,
  "model": "google/gemini-3-flash-preview",
  "num_runs_llm": 1,
  "num_runs_deterministic": 1,
  "max_periods": null,
  "summary": {
    "perfect_score": 56810.0,
    "ratios": {
      "or": 0.9446576306988206,
      "llm": 0.9453265270198908,
      "llm_to_or": 0.9347298010913572,
      "or_to_llm": 0.9532476676641436,
      "perfect_score": 1.0
    },
    "warnings": null
  },
  "results": {
    "or": {
      "rewards": [
        53666.0
      ],
      "mean": 53666.0,
      "std": 0.0,
      "min": 53666.0,
      "max": 53666.0,
      "count": 1,
      "ratio_to_perfect": 0.9446576306988206
    },
    "llm": {
      "rewards": [
        53704.0
      ],
      "mean": 53704.0,
      "std": 0.0,
      "min": 53704.0,
      "max": 53704.0,
      "count": 1,
      "ratio_to_perfect": 0.9453265270198908
    },
    "llm_to_or": {
      "rewards": [
        53102.0
      ],
      "mean": 53102.0,
      "std": 0.0,
      "min": 53102.0,
      "max": 53102.0,
      "count": 1,
      "ratio_to_perfect": 0.9347298010913572
    },
    "or_to_llm": {
      "rewards": [
        54154.0
      ],
      "mean": 54154.0,
      "std": 0.0,
      "min": 54154.0,
      "max": 54154.0,
      "count": 1,
      "ratio_to_perfect": 0.9532476676641436
    },
    "perfect_score": {
      "rewards": [
        56810.0
      ],
      "mean": 56810.0,
      "std": 0.0,
      "min": 56810.0,
      "max": 56810.0,
      "count": 1,
      "ratio_to_perfect": 1.0
    }
  },
  "errors": {}
}