{
  "instance_dir": "D:\\TextArena\\examples\\benchmark\\real_trajectory\\lead_time_stochastic\\507909001",
  "instance_name": "507909001",
  "promised_lead_time": 2,
  "model": "google/gemini-3-flash-preview",
  "num_runs_llm": 1,
  "num_runs_deterministic": 1,
  "max_periods": null,
  "summary": {
    "perfect_score": 34324.0,
    "ratios": {
      "or": 0.17996154294371286,
      "llm": 0.31406595967835915,
      "llm_to_or": 0.1706677543409859,
      "or_to_llm": 0.32030066425824494,
      "perfect_score": 1.0
    },
    "warnings": null
  },
  "results": {
    "or": {
      "rewards": [
        6177.0
      ],
      "mean": 6177.0,
      "std": 0.0,
      "min": 6177.0,
      "max": 6177.0,
      "count": 1,
      "ratio_to_perfect": 0.17996154294371286
    },
    "llm": {
      "rewards": [
        10780.0
      ],
      "mean": 10780.0,
      "std": 0.0,
      "min": 10780.0,
      "max": 10780.0,
      "count": 1,
      "ratio_to_perfect": 0.31406595967835915
    },
    "llm_to_or": {
      "rewards": [
        5858.0
      ],
      "mean": 5858.0,
      "std": 0.0,
      "min": 5858.0,
      "max": 5858.0,
      "count": 1,
      "ratio_to_perfect": 0.1706677543409859
    },
    "or_to_llm": {
      "rewards": [
        10994.0
      ],
      "mean": 10994.0,
      "std": 0.0,
      "min": 10994.0,
      "max": 10994.0,
      "count": 1,
      "ratio_to_perfect": 0.32030066425824494
    },
    "perfect_score": {
      "rewards": [
        34324.0
      ],
      "mean": 34324.0,
      "std": 0.0,
      "min": 34324.0,
      "max": 34324.0,
      "count": 1,
      "ratio_to_perfect": 1.0
    }
  },
  "errors": {}
}