{
  "instance_dir": "/shared/share_malatown/OR_Agent/examples/benchmark/real_trajectory/lead_time_0/562245046",
  "instance_name": "562245046",
  "promised_lead_time": 0,
  "model": "x-ai/grok-4.1-fast",
  "num_runs_llm": 1,
  "num_runs_deterministic": 1,
  "max_periods": null,
  "summary": {
    "perfect_score": 47304.0,
    "ratios": {
      "or": 0.6943387451378319,
      "llm": 0.710933536276002,
      "llm_to_or": 0.7407618806020633,
      "or_to_llm": 0.7329401319127347,
      "perfect_score": 1.0
    },
    "warnings": null
  },
  "results": {
    "or": {
      "rewards": [
        32845.0
      ],
      "mean": 32845.0,
      "std": 0.0,
      "min": 32845.0,
      "max": 32845.0,
      "count": 1,
      "ratio_to_perfect": 0.6943387451378319
    },
    "llm": {
      "rewards": [
        33630.0
      ],
      "mean": 33630.0,
      "std": 0.0,
      "min": 33630.0,
      "max": 33630.0,
      "count": 1,
      "ratio_to_perfect": 0.710933536276002
    },
    "llm_to_or": {
      "rewards": [
        35041.0
      ],
      "mean": 35041.0,
      "std": 0.0,
      "min": 35041.0,
      "max": 35041.0,
      "count": 1,
      "ratio_to_perfect": 0.7407618806020633
    },
    "or_to_llm": {
      "rewards": [
        34671.0
      ],
      "mean": 34671.0,
      "std": 0.0,
      "min": 34671.0,
      "max": 34671.0,
      "count": 1,
      "ratio_to_perfect": 0.7329401319127347
    },
    "perfect_score": {
      "rewards": [
        47304.0
      ],
      "mean": 47304.0,
      "std": 0.0,
      "min": 47304.0,
      "max": 47304.0,
      "count": 1,
      "ratio_to_perfect": 1.0
    }
  },
  "errors": {}
}