{
  "instance_dir": "D:\\TextArena\\examples\\benchmark\\real_trajectory\\lead_time_0\\610776022",
  "instance_name": "610776022",
  "promised_lead_time": 0,
  "model": "google/gemini-3-flash-preview",
  "num_runs_llm": 1,
  "num_runs_deterministic": 1,
  "max_periods": null,
  "summary": {
    "perfect_score": 5459.0,
    "ratios": {
      "or": 0.1648653599560359,
      "llm": 0.6481040483605056,
      "llm_to_or": 0.7004945960798681,
      "or_to_llm": 0.5255541307931856,
      "perfect_score": 1.0
    },
    "warnings": null
  },
  "results": {
    "or": {
      "rewards": [
        900.0
      ],
      "mean": 900.0,
      "std": 0.0,
      "min": 900.0,
      "max": 900.0,
      "count": 1,
      "ratio_to_perfect": 0.1648653599560359
    },
    "llm": {
      "rewards": [
        3538.0
      ],
      "mean": 3538.0,
      "std": 0.0,
      "min": 3538.0,
      "max": 3538.0,
      "count": 1,
      "ratio_to_perfect": 0.6481040483605056
    },
    "llm_to_or": {
      "rewards": [
        3824.0
      ],
      "mean": 3824.0,
      "std": 0.0,
      "min": 3824.0,
      "max": 3824.0,
      "count": 1,
      "ratio_to_perfect": 0.7004945960798681
    },
    "or_to_llm": {
      "rewards": [
        2869.0
      ],
      "mean": 2869.0,
      "std": 0.0,
      "min": 2869.0,
      "max": 2869.0,
      "count": 1,
      "ratio_to_perfect": 0.5255541307931856
    },
    "perfect_score": {
      "rewards": [
        5459.0
      ],
      "mean": 5459.0,
      "std": 0.0,
      "min": 5459.0,
      "max": 5459.0,
      "count": 1,
      "ratio_to_perfect": 1.0
    }
  },
  "errors": {}
}