{
  "instance_dir": "/shared/share_malatown/OR-Agent-GPT5mini-benchmark/examples/benchmark/real_trajectory/lead_time_4/610776001",
  "instance_name": "610776001",
  "promised_lead_time": 4,
  "model": "openai/gpt-5-mini",
  "num_runs_llm": 1,
  "num_runs_deterministic": 1,
  "max_periods": null,
  "summary": {
    "perfect_score": 158726.0,
    "ratios": {
      "or": 0.6104418935776117,
      "llm": 0.7286392903494071,
      "llm_to_or": 0.6182918992477603,
      "or_to_llm": 0.6792396960800373,
      "perfect_score": 1.0
    },
    "warnings": null
  },
  "results": {
    "or": {
      "rewards": [
        96893.0
      ],
      "mean": 96893.0,
      "std": 0.0,
      "min": 96893.0,
      "max": 96893.0,
      "count": 1,
      "ratio_to_perfect": 0.6104418935776117
    },
    "llm": {
      "rewards": [
        115654.0
      ],
      "mean": 115654.0,
      "std": 0.0,
      "min": 115654.0,
      "max": 115654.0,
      "count": 1,
      "ratio_to_perfect": 0.7286392903494071
    },
    "llm_to_or": {
      "rewards": [
        98139.0
      ],
      "mean": 98139.0,
      "std": 0.0,
      "min": 98139.0,
      "max": 98139.0,
      "count": 1,
      "ratio_to_perfect": 0.6182918992477603
    },
    "or_to_llm": {
      "rewards": [
        107813.0
      ],
      "mean": 107813.0,
      "std": 0.0,
      "min": 107813.0,
      "max": 107813.0,
      "count": 1,
      "ratio_to_perfect": 0.6792396960800373
    },
    "perfect_score": {
      "rewards": [
        158726.0
      ],
      "mean": 158726.0,
      "std": 0.0,
      "min": 158726.0,
      "max": 158726.0,
      "count": 1,
      "ratio_to_perfect": 1.0
    }
  },
  "errors": {}
}