{
  "instance_dir": "D:\\TextArena\\examples\\benchmark\\synthetic_trajectory\\lead_time_0\\p02_mean_increase\\v1_100to200\\r2_high",
  "instance_name": "r2_high",
  "promised_lead_time": 0,
  "model": "openai/gpt-5-mini",
  "num_runs_llm": 1,
  "num_runs_deterministic": 1,
  "max_periods": null,
  "summary": {
    "perfect_score": 163856.0,
    "ratios": {
      "or": 0.9492115027829313,
      "llm": 0.9009496142954789,
      "llm_to_or": 0.9521348012889366,
      "or_to_llm": 0.9467825407675031,
      "perfect_score": 1.0
    },
    "warnings": null
  },
  "results": {
    "or": {
      "rewards": [
        155534.0
      ],
      "mean": 155534.0,
      "std": 0.0,
      "min": 155534.0,
      "max": 155534.0,
      "count": 1,
      "ratio_to_perfect": 0.9492115027829313
    },
    "llm": {
      "rewards": [
        147626.0
      ],
      "mean": 147626.0,
      "std": 0.0,
      "min": 147626.0,
      "max": 147626.0,
      "count": 1,
      "ratio_to_perfect": 0.9009496142954789
    },
    "llm_to_or": {
      "rewards": [
        156013.0
      ],
      "mean": 156013.0,
      "std": 0.0,
      "min": 156013.0,
      "max": 156013.0,
      "count": 1,
      "ratio_to_perfect": 0.9521348012889366
    },
    "or_to_llm": {
      "rewards": [
        155136.0
      ],
      "mean": 155136.0,
      "std": 0.0,
      "min": 155136.0,
      "max": 155136.0,
      "count": 1,
      "ratio_to_perfect": 0.9467825407675031
    },
    "perfect_score": {
      "rewards": [
        163856.0
      ],
      "mean": 163856.0,
      "std": 0.0,
      "min": 163856.0,
      "max": 163856.0,
      "count": 1,
      "ratio_to_perfect": 1.0
    }
  },
  "errors": {}
}