{
  "instance_dir": "D:\\TextArena\\examples\\benchmark\\real_trajectory\\lead_time_0\\578476001",
  "instance_name": "578476001",
  "promised_lead_time": 0,
  "model": "google/gemini-3-flash-preview",
  "num_runs_llm": 1,
  "num_runs_deterministic": 1,
  "max_periods": null,
  "summary": {
    "perfect_score": 66006.0,
    "ratios": {
      "or": 0.868663454837439,
      "llm": 0.8860558131078993,
      "llm_to_or": 0.9201890737205709,
      "or_to_llm": 0.9250371178377723,
      "perfect_score": 1.0
    },
    "warnings": null
  },
  "results": {
    "or": {
      "rewards": [
        57337.0
      ],
      "mean": 57337.0,
      "std": 0.0,
      "min": 57337.0,
      "max": 57337.0,
      "count": 1,
      "ratio_to_perfect": 0.868663454837439
    },
    "llm": {
      "rewards": [
        58485.0
      ],
      "mean": 58485.0,
      "std": 0.0,
      "min": 58485.0,
      "max": 58485.0,
      "count": 1,
      "ratio_to_perfect": 0.8860558131078993
    },
    "llm_to_or": {
      "rewards": [
        60738.0
      ],
      "mean": 60738.0,
      "std": 0.0,
      "min": 60738.0,
      "max": 60738.0,
      "count": 1,
      "ratio_to_perfect": 0.9201890737205709
    },
    "or_to_llm": {
      "rewards": [
        61058.0
      ],
      "mean": 61058.0,
      "std": 0.0,
      "min": 61058.0,
      "max": 61058.0,
      "count": 1,
      "ratio_to_perfect": 0.9250371178377723
    },
    "perfect_score": {
      "rewards": [
        66006.0
      ],
      "mean": 66006.0,
      "std": 0.0,
      "min": 66006.0,
      "max": 66006.0,
      "count": 1,
      "ratio_to_perfect": 1.0
    }
  },
  "errors": {}
}