{
  "instance_dir": "/shared/share_malatown/OR_Agent/examples/benchmark/real_trajectory/lead_time_4/399223034",
  "instance_name": "399223034",
  "promised_lead_time": 4,
  "model": "x-ai/grok-4.1-fast",
  "num_runs_llm": 1,
  "num_runs_deterministic": 1,
  "max_periods": null,
  "summary": {
    "perfect_score": 11688.0,
    "ratios": {
      "or": 0.3905715263518138,
      "llm": 0.27686516084873375,
      "llm_to_or": 0.3922826830937714,
      "or_to_llm": 0.37286105407255304,
      "perfect_score": 1.0
    },
    "warnings": null
  },
  "results": {
    "or": {
      "rewards": [
        4565.0
      ],
      "mean": 4565.0,
      "std": 0.0,
      "min": 4565.0,
      "max": 4565.0,
      "count": 1,
      "ratio_to_perfect": 0.3905715263518138
    },
    "llm": {
      "rewards": [
        3236.0
      ],
      "mean": 3236.0,
      "std": 0.0,
      "min": 3236.0,
      "max": 3236.0,
      "count": 1,
      "ratio_to_perfect": 0.27686516084873375
    },
    "llm_to_or": {
      "rewards": [
        4585.0
      ],
      "mean": 4585.0,
      "std": 0.0,
      "min": 4585.0,
      "max": 4585.0,
      "count": 1,
      "ratio_to_perfect": 0.3922826830937714
    },
    "or_to_llm": {
      "rewards": [
        4358.0
      ],
      "mean": 4358.0,
      "std": 0.0,
      "min": 4358.0,
      "max": 4358.0,
      "count": 1,
      "ratio_to_perfect": 0.37286105407255304
    },
    "perfect_score": {
      "rewards": [
        11688.0
      ],
      "mean": 11688.0,
      "std": 0.0,
      "min": 11688.0,
      "max": 11688.0,
      "count": 1,
      "ratio_to_perfect": 1.0
    }
  },
  "errors": {}
}