{
  "instance_dir": "D:\\TextArena\\examples\\benchmark\\synthetic_trajectory\\lead_time_0\\p03_mean_decrease\\v3_100to30\\r1_high",
  "instance_name": "r1_high",
  "promised_lead_time": 0,
  "model": "google/gemini-3-flash-preview",
  "num_runs_llm": 1,
  "num_runs_deterministic": 1,
  "max_periods": null,
  "summary": {
    "perfect_score": 49495.0,
    "ratios": {
      "or": 0.901990100010102,
      "llm": 0.9437518941307202,
      "llm_to_or": 0.9555106576421861,
      "or_to_llm": 0.9395898575613698,
      "perfect_score": 1.0
    },
    "warnings": null
  },
  "results": {
    "or": {
      "rewards": [
        44644.0
      ],
      "mean": 44644.0,
      "std": 0.0,
      "min": 44644.0,
      "max": 44644.0,
      "count": 1,
      "ratio_to_perfect": 0.901990100010102
    },
    "llm": {
      "rewards": [
        46711.0
      ],
      "mean": 46711.0,
      "std": 0.0,
      "min": 46711.0,
      "max": 46711.0,
      "count": 1,
      "ratio_to_perfect": 0.9437518941307202
    },
    "llm_to_or": {
      "rewards": [
        47293.0
      ],
      "mean": 47293.0,
      "std": 0.0,
      "min": 47293.0,
      "max": 47293.0,
      "count": 1,
      "ratio_to_perfect": 0.9555106576421861
    },
    "or_to_llm": {
      "rewards": [
        46505.0
      ],
      "mean": 46505.0,
      "std": 0.0,
      "min": 46505.0,
      "max": 46505.0,
      "count": 1,
      "ratio_to_perfect": 0.9395898575613698
    },
    "perfect_score": {
      "rewards": [
        49495.0
      ],
      "mean": 49495.0,
      "std": 0.0,
      "min": 49495.0,
      "max": 49495.0,
      "count": 1,
      "ratio_to_perfect": 1.0
    }
  },
  "errors": {}
}