{
  "instance_dir": "/shared/share_malatown/OR_Agent/examples/benchmark/real_trajectory/lead_time_0/536139006",
  "instance_name": "536139006",
  "promised_lead_time": 0,
  "model": "x-ai/grok-4.1-fast",
  "num_runs_llm": 1,
  "num_runs_deterministic": 1,
  "max_periods": null,
  "summary": {
    "perfect_score": 87457.0,
    "ratios": {
      "or": 0.8988531506911969,
      "llm": 0.9099786180637341,
      "llm_to_or": 0.9094412111094595,
      "or_to_llm": 0.9149639251289206,
      "perfect_score": 1.0
    },
    "warnings": null
  },
  "results": {
    "or": {
      "rewards": [
        78611.0
      ],
      "mean": 78611.0,
      "std": 0.0,
      "min": 78611.0,
      "max": 78611.0,
      "count": 1,
      "ratio_to_perfect": 0.8988531506911969
    },
    "llm": {
      "rewards": [
        79584.0
      ],
      "mean": 79584.0,
      "std": 0.0,
      "min": 79584.0,
      "max": 79584.0,
      "count": 1,
      "ratio_to_perfect": 0.9099786180637341
    },
    "llm_to_or": {
      "rewards": [
        79537.0
      ],
      "mean": 79537.0,
      "std": 0.0,
      "min": 79537.0,
      "max": 79537.0,
      "count": 1,
      "ratio_to_perfect": 0.9094412111094595
    },
    "or_to_llm": {
      "rewards": [
        80020.0
      ],
      "mean": 80020.0,
      "std": 0.0,
      "min": 80020.0,
      "max": 80020.0,
      "count": 1,
      "ratio_to_perfect": 0.9149639251289206
    },
    "perfect_score": {
      "rewards": [
        87457.0
      ],
      "mean": 87457.0,
      "std": 0.0,
      "min": 87457.0,
      "max": 87457.0,
      "count": 1,
      "ratio_to_perfect": 1.0
    }
  },
  "errors": {}
}