{
  "instance_dir": "/shared/share_malatown/OR-Agent-GPT5mini-benchmark/examples/benchmark/real_trajectory/lead_time_0/579541001",
  "instance_name": "579541001",
  "promised_lead_time": 0,
  "model": "openai/gpt-5-mini",
  "num_runs_llm": 1,
  "num_runs_deterministic": 1,
  "max_periods": null,
  "summary": {
    "perfect_score": 7487.0,
    "ratios": {
      "or": 0.6998797916388406,
      "llm": 0.759316147989849,
      "llm_to_or": 0.7598504073727795,
      "or_to_llm": 0.7582476292239883,
      "perfect_score": 1.0
    },
    "warnings": null
  },
  "results": {
    "or": {
      "rewards": [
        5240.0
      ],
      "mean": 5240.0,
      "std": 0.0,
      "min": 5240.0,
      "max": 5240.0,
      "count": 1,
      "ratio_to_perfect": 0.6998797916388406
    },
    "llm": {
      "rewards": [
        5685.0
      ],
      "mean": 5685.0,
      "std": 0.0,
      "min": 5685.0,
      "max": 5685.0,
      "count": 1,
      "ratio_to_perfect": 0.759316147989849
    },
    "llm_to_or": {
      "rewards": [
        5689.0
      ],
      "mean": 5689.0,
      "std": 0.0,
      "min": 5689.0,
      "max": 5689.0,
      "count": 1,
      "ratio_to_perfect": 0.7598504073727795
    },
    "or_to_llm": {
      "rewards": [
        5677.0
      ],
      "mean": 5677.0,
      "std": 0.0,
      "min": 5677.0,
      "max": 5677.0,
      "count": 1,
      "ratio_to_perfect": 0.7582476292239883
    },
    "perfect_score": {
      "rewards": [
        7487.0
      ],
      "mean": 7487.0,
      "std": 0.0,
      "min": 7487.0,
      "max": 7487.0,
      "count": 1,
      "ratio_to_perfect": 1.0
    }
  },
  "errors": {}
}