{
  "instance_dir": "D:\\TextArena\\examples\\benchmark\\real_trajectory\\lead_time_0\\680262006",
  "instance_name": "680262006",
  "promised_lead_time": 0,
  "model": "google/gemini-3-flash-preview",
  "num_runs_llm": 1,
  "num_runs_deterministic": 1,
  "max_periods": null,
  "summary": {
    "perfect_score": 2164.0,
    "ratios": {
      "or": -0.20794824399260628,
      "llm": 0.44269870609981515,
      "llm_to_or": 0.6141404805914972,
      "or_to_llm": 0.3479667282809612,
      "perfect_score": 1.0
    },
    "warnings": null
  },
  "results": {
    "or": {
      "rewards": [
        -450.0
      ],
      "mean": -450.0,
      "std": 0.0,
      "min": -450.0,
      "max": -450.0,
      "count": 1,
      "ratio_to_perfect": -0.20794824399260628
    },
    "llm": {
      "rewards": [
        958.0
      ],
      "mean": 958.0,
      "std": 0.0,
      "min": 958.0,
      "max": 958.0,
      "count": 1,
      "ratio_to_perfect": 0.44269870609981515
    },
    "llm_to_or": {
      "rewards": [
        1329.0
      ],
      "mean": 1329.0,
      "std": 0.0,
      "min": 1329.0,
      "max": 1329.0,
      "count": 1,
      "ratio_to_perfect": 0.6141404805914972
    },
    "or_to_llm": {
      "rewards": [
        753.0
      ],
      "mean": 753.0,
      "std": 0.0,
      "min": 753.0,
      "max": 753.0,
      "count": 1,
      "ratio_to_perfect": 0.3479667282809612
    },
    "perfect_score": {
      "rewards": [
        2164.0
      ],
      "mean": 2164.0,
      "std": 0.0,
      "min": 2164.0,
      "max": 2164.0,
      "count": 1,
      "ratio_to_perfect": 1.0
    }
  },
  "errors": {}
}