{
  "instance_dir": "D:\\TextArena\\examples\\benchmark\\synthetic_trajectory\\lead_time_0\\p02_mean_increase\\v1_100to200\\r1_high",
  "instance_name": "r1_high",
  "promised_lead_time": 0,
  "model": "google/gemini-3-flash-preview",
  "num_runs_llm": 1,
  "num_runs_deterministic": 1,
  "max_periods": null,
  "summary": {
    "perfect_score": 159372.0,
    "ratios": {
      "or": 0.9642722686544688,
      "llm": 0.9661734809125819,
      "llm_to_or": 0.9635130386768065,
      "or_to_llm": 0.9677044901237357,
      "perfect_score": 1.0
    },
    "warnings": null
  },
  "results": {
    "or": {
      "rewards": [
        153678.0
      ],
      "mean": 153678.0,
      "std": 0.0,
      "min": 153678.0,
      "max": 153678.0,
      "count": 1,
      "ratio_to_perfect": 0.9642722686544688
    },
    "llm": {
      "rewards": [
        153981.0
      ],
      "mean": 153981.0,
      "std": 0.0,
      "min": 153981.0,
      "max": 153981.0,
      "count": 1,
      "ratio_to_perfect": 0.9661734809125819
    },
    "llm_to_or": {
      "rewards": [
        153557.0
      ],
      "mean": 153557.0,
      "std": 0.0,
      "min": 153557.0,
      "max": 153557.0,
      "count": 1,
      "ratio_to_perfect": 0.9635130386768065
    },
    "or_to_llm": {
      "rewards": [
        154225.0
      ],
      "mean": 154225.0,
      "std": 0.0,
      "min": 154225.0,
      "max": 154225.0,
      "count": 1,
      "ratio_to_perfect": 0.9677044901237357
    },
    "perfect_score": {
      "rewards": [
        159372.0
      ],
      "mean": 159372.0,
      "std": 0.0,
      "min": 159372.0,
      "max": 159372.0,
      "count": 1,
      "ratio_to_perfect": 1.0
    }
  },
  "errors": {}
}