{
  "instance_dir": "/shared/share_malatown/OR_Agent/examples/benchmark/real_trajectory/lead_time_0/516903005",
  "instance_name": "516903005",
  "promised_lead_time": 0,
  "model": "x-ai/grok-4.1-fast",
  "num_runs_llm": 1,
  "num_runs_deterministic": 1,
  "max_periods": null,
  "summary": {
    "perfect_score": 13260.0,
    "ratios": {
      "or": 0.5896681749622926,
      "llm": 0.28951734539969837,
      "llm_to_or": 0.6377828054298642,
      "or_to_llm": 0.4928355957767723,
      "perfect_score": 1.0
    },
    "warnings": null
  },
  "results": {
    "or": {
      "rewards": [
        7819.0
      ],
      "mean": 7819.0,
      "std": 0.0,
      "min": 7819.0,
      "max": 7819.0,
      "count": 1,
      "ratio_to_perfect": 0.5896681749622926
    },
    "llm": {
      "rewards": [
        3839.0
      ],
      "mean": 3839.0,
      "std": 0.0,
      "min": 3839.0,
      "max": 3839.0,
      "count": 1,
      "ratio_to_perfect": 0.28951734539969837
    },
    "llm_to_or": {
      "rewards": [
        8457.0
      ],
      "mean": 8457.0,
      "std": 0.0,
      "min": 8457.0,
      "max": 8457.0,
      "count": 1,
      "ratio_to_perfect": 0.6377828054298642
    },
    "or_to_llm": {
      "rewards": [
        6535.0
      ],
      "mean": 6535.0,
      "std": 0.0,
      "min": 6535.0,
      "max": 6535.0,
      "count": 1,
      "ratio_to_perfect": 0.4928355957767723
    },
    "perfect_score": {
      "rewards": [
        13260.0
      ],
      "mean": 13260.0,
      "std": 0.0,
      "min": 13260.0,
      "max": 13260.0,
      "count": 1,
      "ratio_to_perfect": 1.0
    }
  },
  "errors": {}
}