{
  "instance_dir": "D:\\TextArena\\examples\\benchmark\\real_trajectory\\lead_time_stochastic\\507909003",
  "instance_name": "507909003",
  "promised_lead_time": 2,
  "model": "google/gemini-3-flash-preview",
  "num_runs_llm": 1,
  "num_runs_deterministic": 1,
  "max_periods": null,
  "summary": {
    "perfect_score": 72903.0,
    "ratios": {
      "or": 0.20642497565257945,
      "llm": 0.6672976420723427,
      "llm_to_or": 0.38884545217617933,
      "or_to_llm": 0.6098651632991784,
      "perfect_score": 1.0
    },
    "warnings": null
  },
  "results": {
    "or": {
      "rewards": [
        15049.0
      ],
      "mean": 15049.0,
      "std": 0.0,
      "min": 15049.0,
      "max": 15049.0,
      "count": 1,
      "ratio_to_perfect": 0.20642497565257945
    },
    "llm": {
      "rewards": [
        48648.0
      ],
      "mean": 48648.0,
      "std": 0.0,
      "min": 48648.0,
      "max": 48648.0,
      "count": 1,
      "ratio_to_perfect": 0.6672976420723427
    },
    "llm_to_or": {
      "rewards": [
        28348.0
      ],
      "mean": 28348.0,
      "std": 0.0,
      "min": 28348.0,
      "max": 28348.0,
      "count": 1,
      "ratio_to_perfect": 0.38884545217617933
    },
    "or_to_llm": {
      "rewards": [
        44461.0
      ],
      "mean": 44461.0,
      "std": 0.0,
      "min": 44461.0,
      "max": 44461.0,
      "count": 1,
      "ratio_to_perfect": 0.6098651632991784
    },
    "perfect_score": {
      "rewards": [
        72903.0
      ],
      "mean": 72903.0,
      "std": 0.0,
      "min": 72903.0,
      "max": 72903.0,
      "count": 1,
      "ratio_to_perfect": 1.0
    }
  },
  "errors": {}
}