{
  "instance_dir": "/shared/share_malatown/OR-Agent-GPT5mini-benchmark/examples/benchmark/real_trajectory/lead_time_stochastic/516859008",
  "instance_name": "516859008",
  "promised_lead_time": 2,
  "model": "openai/gpt-5-mini",
  "num_runs_llm": 1,
  "num_runs_deterministic": 1,
  "max_periods": null,
  "summary": {
    "perfect_score": 75088.0,
    "ratios": {
      "or": 0.18821915619007032,
      "llm": 0.16330172597485618,
      "llm_to_or": 0.10809982953334754,
      "or_to_llm": 0.09857766886852759,
      "perfect_score": 1.0
    },
    "warnings": null
  },
  "results": {
    "or": {
      "rewards": [
        14133.0
      ],
      "mean": 14133.0,
      "std": 0.0,
      "min": 14133.0,
      "max": 14133.0,
      "count": 1,
      "ratio_to_perfect": 0.18821915619007032
    },
    "llm": {
      "rewards": [
        12262.0
      ],
      "mean": 12262.0,
      "std": 0.0,
      "min": 12262.0,
      "max": 12262.0,
      "count": 1,
      "ratio_to_perfect": 0.16330172597485618
    },
    "llm_to_or": {
      "rewards": [
        8117.0
      ],
      "mean": 8117.0,
      "std": 0.0,
      "min": 8117.0,
      "max": 8117.0,
      "count": 1,
      "ratio_to_perfect": 0.10809982953334754
    },
    "or_to_llm": {
      "rewards": [
        7402.0
      ],
      "mean": 7402.0,
      "std": 0.0,
      "min": 7402.0,
      "max": 7402.0,
      "count": 1,
      "ratio_to_perfect": 0.09857766886852759
    },
    "perfect_score": {
      "rewards": [
        75088.0
      ],
      "mean": 75088.0,
      "std": 0.0,
      "min": 75088.0,
      "max": 75088.0,
      "count": 1,
      "ratio_to_perfect": 1.0
    }
  },
  "errors": {}
}