{
  "instance_dir": "/shared/share_malatown/OR_Agent/examples/benchmark/synthetic_trajectory/lead_time_0/p08_multi_changepoint/v4_mild_fluctuations/r1_high",
  "instance_name": "r1_high",
  "promised_lead_time": 0,
  "model": "x-ai/grok-4.1-fast",
  "num_runs_llm": 1,
  "num_runs_deterministic": 1,
  "max_periods": null,
  "summary": {
    "perfect_score": 93841.0,
    "ratios": {
      "or": 0.9500644707537217,
      "llm": 0.9621487409554459,
      "llm_to_or": 0.9613068914440384,
      "or_to_llm": 0.9588133118786032,
      "perfect_score": 1.0
    },
    "warnings": null
  },
  "results": {
    "or": {
      "rewards": [
        89155.0
      ],
      "mean": 89155.0,
      "std": 0.0,
      "min": 89155.0,
      "max": 89155.0,
      "count": 1,
      "ratio_to_perfect": 0.9500644707537217
    },
    "llm": {
      "rewards": [
        90289.0
      ],
      "mean": 90289.0,
      "std": 0.0,
      "min": 90289.0,
      "max": 90289.0,
      "count": 1,
      "ratio_to_perfect": 0.9621487409554459
    },
    "llm_to_or": {
      "rewards": [
        90210.0
      ],
      "mean": 90210.0,
      "std": 0.0,
      "min": 90210.0,
      "max": 90210.0,
      "count": 1,
      "ratio_to_perfect": 0.9613068914440384
    },
    "or_to_llm": {
      "rewards": [
        89976.0
      ],
      "mean": 89976.0,
      "std": 0.0,
      "min": 89976.0,
      "max": 89976.0,
      "count": 1,
      "ratio_to_perfect": 0.9588133118786032
    },
    "perfect_score": {
      "rewards": [
        93841.0
      ],
      "mean": 93841.0,
      "std": 0.0,
      "min": 93841.0,
      "max": 93841.0,
      "count": 1,
      "ratio_to_perfect": 1.0
    }
  },
  "errors": {}
}