{
  "instance_dir": "/shared/share_malatown/OR_Agent/examples/benchmark/real_trajectory/lead_time_4/732842002",
  "instance_name": "732842002",
  "promised_lead_time": 4,
  "model": "x-ai/grok-4.1-fast",
  "num_runs_llm": 1,
  "num_runs_deterministic": 1,
  "max_periods": null,
  "summary": {
    "perfect_score": 67431.0,
    "ratios": {
      "or": 0.5896546098975248,
      "llm": 0.3555041449778292,
      "llm_to_or": 0.5856208568759176,
      "or_to_llm": 0.5851611276712492,
      "perfect_score": 1.0
    },
    "warnings": null
  },
  "results": {
    "or": {
      "rewards": [
        39761.0
      ],
      "mean": 39761.0,
      "std": 0.0,
      "min": 39761.0,
      "max": 39761.0,
      "count": 1,
      "ratio_to_perfect": 0.5896546098975248
    },
    "llm": {
      "rewards": [
        23972.0
      ],
      "mean": 23972.0,
      "std": 0.0,
      "min": 23972.0,
      "max": 23972.0,
      "count": 1,
      "ratio_to_perfect": 0.3555041449778292
    },
    "llm_to_or": {
      "rewards": [
        39489.0
      ],
      "mean": 39489.0,
      "std": 0.0,
      "min": 39489.0,
      "max": 39489.0,
      "count": 1,
      "ratio_to_perfect": 0.5856208568759176
    },
    "or_to_llm": {
      "rewards": [
        39458.0
      ],
      "mean": 39458.0,
      "std": 0.0,
      "min": 39458.0,
      "max": 39458.0,
      "count": 1,
      "ratio_to_perfect": 0.5851611276712492
    },
    "perfect_score": {
      "rewards": [
        67431.0
      ],
      "mean": 67431.0,
      "std": 0.0,
      "min": 67431.0,
      "max": 67431.0,
      "count": 1,
      "ratio_to_perfect": 1.0
    }
  },
  "errors": {}
}