{
  "instance_dir": "/shared/share_malatown/OR_Agent/examples/benchmark/real_trajectory/lead_time_4/678342002",
  "instance_name": "678342002",
  "promised_lead_time": 4,
  "model": "x-ai/grok-4.1-fast",
  "num_runs_llm": 1,
  "num_runs_deterministic": 1,
  "max_periods": null,
  "summary": {
    "perfect_score": 55100.0,
    "ratios": {
      "or": 0.6960798548094373,
      "llm": 0.10168784029038112,
      "llm_to_or": 0.7007622504537205,
      "or_to_llm": 0.7296007259528131,
      "perfect_score": 1.0
    },
    "warnings": null
  },
  "results": {
    "or": {
      "rewards": [
        38354.0
      ],
      "mean": 38354.0,
      "std": 0.0,
      "min": 38354.0,
      "max": 38354.0,
      "count": 1,
      "ratio_to_perfect": 0.6960798548094373
    },
    "llm": {
      "rewards": [
        5603.0
      ],
      "mean": 5603.0,
      "std": 0.0,
      "min": 5603.0,
      "max": 5603.0,
      "count": 1,
      "ratio_to_perfect": 0.10168784029038112
    },
    "llm_to_or": {
      "rewards": [
        38612.0
      ],
      "mean": 38612.0,
      "std": 0.0,
      "min": 38612.0,
      "max": 38612.0,
      "count": 1,
      "ratio_to_perfect": 0.7007622504537205
    },
    "or_to_llm": {
      "rewards": [
        40201.0
      ],
      "mean": 40201.0,
      "std": 0.0,
      "min": 40201.0,
      "max": 40201.0,
      "count": 1,
      "ratio_to_perfect": 0.7296007259528131
    },
    "perfect_score": {
      "rewards": [
        55100.0
      ],
      "mean": 55100.0,
      "std": 0.0,
      "min": 55100.0,
      "max": 55100.0,
      "count": 1,
      "ratio_to_perfect": 1.0
    }
  },
  "errors": {}
}