{
  "instance_dir": "D:\\TextArena\\examples\\benchmark\\synthetic_trajectory\\lead_time_4\\p07_seasonal\\v1_period10_amp30\\r1_high",
  "instance_name": "r1_high",
  "promised_lead_time": 4,
  "model": "google/gemini-3-flash-preview",
  "num_runs_llm": 1,
  "num_runs_deterministic": 1,
  "max_periods": null,
  "summary": {
    "perfect_score": 92815.0,
    "ratios": {
      "or": 0.8230458438829931,
      "llm": 0.7788180789743038,
      "llm_to_or": 0.7785379518396811,
      "or_to_llm": 0.8209233421321984,
      "perfect_score": 1.0
    },
    "warnings": null
  },
  "results": {
    "or": {
      "rewards": [
        76391.0
      ],
      "mean": 76391.0,
      "std": 0.0,
      "min": 76391.0,
      "max": 76391.0,
      "count": 1,
      "ratio_to_perfect": 0.8230458438829931
    },
    "llm": {
      "rewards": [
        72286.0
      ],
      "mean": 72286.0,
      "std": 0.0,
      "min": 72286.0,
      "max": 72286.0,
      "count": 1,
      "ratio_to_perfect": 0.7788180789743038
    },
    "llm_to_or": {
      "rewards": [
        72260.0
      ],
      "mean": 72260.0,
      "std": 0.0,
      "min": 72260.0,
      "max": 72260.0,
      "count": 1,
      "ratio_to_perfect": 0.7785379518396811
    },
    "or_to_llm": {
      "rewards": [
        76194.0
      ],
      "mean": 76194.0,
      "std": 0.0,
      "min": 76194.0,
      "max": 76194.0,
      "count": 1,
      "ratio_to_perfect": 0.8209233421321984
    },
    "perfect_score": {
      "rewards": [
        92815.0
      ],
      "mean": 92815.0,
      "std": 0.0,
      "min": 92815.0,
      "max": 92815.0,
      "count": 1,
      "ratio_to_perfect": 1.0
    }
  },
  "errors": {}
}