{
  "instance_dir": "D:\\TextArena\\examples\\benchmark\\synthetic_trajectory\\lead_time_0\\p09_temp_spike_dip\\v1_temp_surge\\r2_med",
  "instance_name": "r2_med",
  "promised_lead_time": 0,
  "model": "openai/gpt-5-mini",
  "num_runs_llm": 1,
  "num_runs_deterministic": 1,
  "max_periods": null,
  "summary": {
    "perfect_score": 24212.0,
    "ratios": {
      "or": 0.8391706591772675,
      "llm": 0.8446638030728565,
      "llm_to_or": 0.8758053857591277,
      "or_to_llm": 0.8641582686271271,
      "perfect_score": 1.0
    },
    "warnings": null
  },
  "results": {
    "or": {
      "rewards": [
        20318.0
      ],
      "mean": 20318.0,
      "std": 0.0,
      "min": 20318.0,
      "max": 20318.0,
      "count": 1,
      "ratio_to_perfect": 0.8391706591772675
    },
    "llm": {
      "rewards": [
        20451.0
      ],
      "mean": 20451.0,
      "std": 0.0,
      "min": 20451.0,
      "max": 20451.0,
      "count": 1,
      "ratio_to_perfect": 0.8446638030728565
    },
    "llm_to_or": {
      "rewards": [
        21205.0
      ],
      "mean": 21205.0,
      "std": 0.0,
      "min": 21205.0,
      "max": 21205.0,
      "count": 1,
      "ratio_to_perfect": 0.8758053857591277
    },
    "or_to_llm": {
      "rewards": [
        20923.0
      ],
      "mean": 20923.0,
      "std": 0.0,
      "min": 20923.0,
      "max": 20923.0,
      "count": 1,
      "ratio_to_perfect": 0.8641582686271271
    },
    "perfect_score": {
      "rewards": [
        24212.0
      ],
      "mean": 24212.0,
      "std": 0.0,
      "min": 24212.0,
      "max": 24212.0,
      "count": 1,
      "ratio_to_perfect": 1.0
    }
  },
  "errors": {}
}