{
  "instance_dir": "D:\\TextArena\\examples\\benchmark\\synthetic_trajectory\\lead_time_4\\p10_autocorrelated\\v1_phi_0_7\\r1_high",
  "instance_name": "r1_high",
  "promised_lead_time": 4,
  "model": "openai/gpt-5-mini",
  "num_runs_llm": 1,
  "num_runs_deterministic": 1,
  "max_periods": null,
  "summary": {
    "perfect_score": 101118.0,
    "ratios": {
      "or": 0.8265986273462688,
      "llm": 0.7417274866987085,
      "llm_to_or": 0.8134852350718962,
      "or_to_llm": 0.7420340592179434,
      "perfect_score": 1.0
    },
    "warnings": null
  },
  "results": {
    "or": {
      "rewards": [
        83584.0
      ],
      "mean": 83584.0,
      "std": 0.0,
      "min": 83584.0,
      "max": 83584.0,
      "count": 1,
      "ratio_to_perfect": 0.8265986273462688
    },
    "llm": {
      "rewards": [
        75002.0
      ],
      "mean": 75002.0,
      "std": 0.0,
      "min": 75002.0,
      "max": 75002.0,
      "count": 1,
      "ratio_to_perfect": 0.7417274866987085
    },
    "llm_to_or": {
      "rewards": [
        82258.0
      ],
      "mean": 82258.0,
      "std": 0.0,
      "min": 82258.0,
      "max": 82258.0,
      "count": 1,
      "ratio_to_perfect": 0.8134852350718962
    },
    "or_to_llm": {
      "rewards": [
        75033.0
      ],
      "mean": 75033.0,
      "std": 0.0,
      "min": 75033.0,
      "max": 75033.0,
      "count": 1,
      "ratio_to_perfect": 0.7420340592179434
    },
    "perfect_score": {
      "rewards": [
        101118.0
      ],
      "mean": 101118.0,
      "std": 0.0,
      "min": 101118.0,
      "max": 101118.0,
      "count": 1,
      "ratio_to_perfect": 1.0
    }
  },
  "errors": {}
}