{
  "instance_dir": "D:\\TextArena\\examples\\benchmark\\synthetic_trajectory\\lead_time_4\\p04_increasing_trend\\v4_linear_100_2t\\r1_med",
  "instance_name": "r1_med",
  "promised_lead_time": 4,
  "model": "google/gemini-3-flash-preview",
  "num_runs_llm": 1,
  "num_runs_deterministic": 1,
  "max_periods": null,
  "summary": {
    "perfect_score": 32508.0,
    "ratios": {
      "or": 0.585302079488126,
      "llm": 0.4480435585086748,
      "llm_to_or": 0.532484311554079,
      "or_to_llm": 0.5213178294573644,
      "perfect_score": 1.0
    },
    "warnings": null
  },
  "results": {
    "or": {
      "rewards": [
        19027.0
      ],
      "mean": 19027.0,
      "std": 0.0,
      "min": 19027.0,
      "max": 19027.0,
      "count": 1,
      "ratio_to_perfect": 0.585302079488126
    },
    "llm": {
      "rewards": [
        14565.0
      ],
      "mean": 14565.0,
      "std": 0.0,
      "min": 14565.0,
      "max": 14565.0,
      "count": 1,
      "ratio_to_perfect": 0.4480435585086748
    },
    "llm_to_or": {
      "rewards": [
        17310.0
      ],
      "mean": 17310.0,
      "std": 0.0,
      "min": 17310.0,
      "max": 17310.0,
      "count": 1,
      "ratio_to_perfect": 0.532484311554079
    },
    "or_to_llm": {
      "rewards": [
        16947.0
      ],
      "mean": 16947.0,
      "std": 0.0,
      "min": 16947.0,
      "max": 16947.0,
      "count": 1,
      "ratio_to_perfect": 0.5213178294573644
    },
    "perfect_score": {
      "rewards": [
        32508.0
      ],
      "mean": 32508.0,
      "std": 0.0,
      "min": 32508.0,
      "max": 32508.0,
      "count": 1,
      "ratio_to_perfect": 1.0
    }
  },
  "errors": {}
}