{
  "instance_dir": "/shared/share_malatown/OR_Agent/examples/benchmark/real_trajectory/lead_time_4/253448001",
  "instance_name": "253448001",
  "promised_lead_time": 4,
  "model": "x-ai/grok-4.1-fast",
  "num_runs_llm": 1,
  "num_runs_deterministic": 1,
  "max_periods": null,
  "summary": {
    "perfect_score": 9720.0,
    "ratios": {
      "or": 0.4546296296296296,
      "llm": 0.2189300411522634,
      "llm_to_or": 0.29660493827160495,
      "or_to_llm": 0.407201646090535,
      "perfect_score": 1.0
    },
    "warnings": null
  },
  "results": {
    "or": {
      "rewards": [
        4419.0
      ],
      "mean": 4419.0,
      "std": 0.0,
      "min": 4419.0,
      "max": 4419.0,
      "count": 1,
      "ratio_to_perfect": 0.4546296296296296
    },
    "llm": {
      "rewards": [
        2128.0
      ],
      "mean": 2128.0,
      "std": 0.0,
      "min": 2128.0,
      "max": 2128.0,
      "count": 1,
      "ratio_to_perfect": 0.2189300411522634
    },
    "llm_to_or": {
      "rewards": [
        2883.0
      ],
      "mean": 2883.0,
      "std": 0.0,
      "min": 2883.0,
      "max": 2883.0,
      "count": 1,
      "ratio_to_perfect": 0.29660493827160495
    },
    "or_to_llm": {
      "rewards": [
        3958.0
      ],
      "mean": 3958.0,
      "std": 0.0,
      "min": 3958.0,
      "max": 3958.0,
      "count": 1,
      "ratio_to_perfect": 0.407201646090535
    },
    "perfect_score": {
      "rewards": [
        9720.0
      ],
      "mean": 9720.0,
      "std": 0.0,
      "min": 9720.0,
      "max": 9720.0,
      "count": 1,
      "ratio_to_perfect": 1.0
    }
  },
  "errors": {}
}