{
  "instance_dir": "/shared/share_malatown/OR_Agent/examples/benchmark/real_trajectory/lead_time_4/399223033",
  "instance_name": "399223033",
  "promised_lead_time": 4,
  "model": "x-ai/grok-4.1-fast",
  "num_runs_llm": 1,
  "num_runs_deterministic": 1,
  "max_periods": null,
  "summary": {
    "perfect_score": 22924.0,
    "ratios": {
      "or": 0.49175536555574945,
      "llm": 0.10268714011516315,
      "llm_to_or": 0.44385796545105566,
      "or_to_llm": 0.43325772116559064,
      "perfect_score": 1.0
    },
    "warnings": null
  },
  "results": {
    "or": {
      "rewards": [
        11273.0
      ],
      "mean": 11273.0,
      "std": 0.0,
      "min": 11273.0,
      "max": 11273.0,
      "count": 1,
      "ratio_to_perfect": 0.49175536555574945
    },
    "llm": {
      "rewards": [
        2354.0
      ],
      "mean": 2354.0,
      "std": 0.0,
      "min": 2354.0,
      "max": 2354.0,
      "count": 1,
      "ratio_to_perfect": 0.10268714011516315
    },
    "llm_to_or": {
      "rewards": [
        10175.0
      ],
      "mean": 10175.0,
      "std": 0.0,
      "min": 10175.0,
      "max": 10175.0,
      "count": 1,
      "ratio_to_perfect": 0.44385796545105566
    },
    "or_to_llm": {
      "rewards": [
        9932.0
      ],
      "mean": 9932.0,
      "std": 0.0,
      "min": 9932.0,
      "max": 9932.0,
      "count": 1,
      "ratio_to_perfect": 0.43325772116559064
    },
    "perfect_score": {
      "rewards": [
        22924.0
      ],
      "mean": 22924.0,
      "std": 0.0,
      "min": 22924.0,
      "max": 22924.0,
      "count": 1,
      "ratio_to_perfect": 1.0
    }
  },
  "errors": {}
}