{
  "instance_dir": "D:\\TextArena\\examples\\benchmark\\synthetic_trajectory\\lead_time_0\\p10_autocorrelated\\v2_phi_0_5\\r2_high",
  "instance_name": "r2_high",
  "promised_lead_time": 0,
  "model": "openai/gpt-5-mini",
  "num_runs_llm": 1,
  "num_runs_deterministic": 1,
  "max_periods": null,
  "summary": {
    "perfect_score": 87210.0,
    "ratios": {
      "or": 0.9611971104231166,
      "llm": 0.8811489508083935,
      "llm_to_or": 0.9603600504529297,
      "or_to_llm": 0.9382066276803119,
      "perfect_score": 1.0
    },
    "warnings": null
  },
  "results": {
    "or": {
      "rewards": [
        83826.0
      ],
      "mean": 83826.0,
      "std": 0.0,
      "min": 83826.0,
      "max": 83826.0,
      "count": 1,
      "ratio_to_perfect": 0.9611971104231166
    },
    "llm": {
      "rewards": [
        76845.0
      ],
      "mean": 76845.0,
      "std": 0.0,
      "min": 76845.0,
      "max": 76845.0,
      "count": 1,
      "ratio_to_perfect": 0.8811489508083935
    },
    "llm_to_or": {
      "rewards": [
        83753.0
      ],
      "mean": 83753.0,
      "std": 0.0,
      "min": 83753.0,
      "max": 83753.0,
      "count": 1,
      "ratio_to_perfect": 0.9603600504529297
    },
    "or_to_llm": {
      "rewards": [
        81821.0
      ],
      "mean": 81821.0,
      "std": 0.0,
      "min": 81821.0,
      "max": 81821.0,
      "count": 1,
      "ratio_to_perfect": 0.9382066276803119
    },
    "perfect_score": {
      "rewards": [
        87210.0
      ],
      "mean": 87210.0,
      "std": 0.0,
      "min": 87210.0,
      "max": 87210.0,
      "count": 1,
      "ratio_to_perfect": 1.0
    }
  },
  "errors": {}
}