{
  "instance_dir": "D:\\TextArena\\examples\\benchmark\\synthetic_trajectory\\lead_time_4\\p05_decreasing_trend\\v1_200_minus_3t\\r2_high",
  "instance_name": "r2_high",
  "promised_lead_time": 4,
  "model": "openai/gpt-5-mini",
  "num_runs_llm": 1,
  "num_runs_deterministic": 1,
  "max_periods": null,
  "summary": {
    "perfect_score": 119491.0,
    "ratios": {
      "or": 0.7519478454444268,
      "llm": 0.8182708321128788,
      "llm_to_or": 0.7527596220635864,
      "or_to_llm": 0.7628022194140145,
      "perfect_score": 1.0
    },
    "warnings": null
  },
  "results": {
    "or": {
      "rewards": [
        89851.0
      ],
      "mean": 89851.0,
      "std": 0.0,
      "min": 89851.0,
      "max": 89851.0,
      "count": 1,
      "ratio_to_perfect": 0.7519478454444268
    },
    "llm": {
      "rewards": [
        97776.0
      ],
      "mean": 97776.0,
      "std": 0.0,
      "min": 97776.0,
      "max": 97776.0,
      "count": 1,
      "ratio_to_perfect": 0.8182708321128788
    },
    "llm_to_or": {
      "rewards": [
        89948.0
      ],
      "mean": 89948.0,
      "std": 0.0,
      "min": 89948.0,
      "max": 89948.0,
      "count": 1,
      "ratio_to_perfect": 0.7527596220635864
    },
    "or_to_llm": {
      "rewards": [
        91148.0
      ],
      "mean": 91148.0,
      "std": 0.0,
      "min": 91148.0,
      "max": 91148.0,
      "count": 1,
      "ratio_to_perfect": 0.7628022194140145
    },
    "perfect_score": {
      "rewards": [
        119491.0
      ],
      "mean": 119491.0,
      "std": 0.0,
      "min": 119491.0,
      "max": 119491.0,
      "count": 1,
      "ratio_to_perfect": 1.0
    }
  },
  "errors": {}
}