{
  "instance_dir": "/shared/share_malatown/OR_Agent/examples/benchmark/synthetic_trajectory/lead_time_4/p01_stationary_iid/v3_normal_100_15/r1_high",
  "instance_name": "r1_high",
  "promised_lead_time": 4,
  "model": "x-ai/grok-4.1-fast",
  "num_runs_llm": 1,
  "num_runs_deterministic": 1,
  "max_periods": null,
  "summary": {
    "perfect_score": 94829.0,
    "ratios": {
      "or": 0.8690590431197207,
      "llm": 0.5273175927195267,
      "llm_to_or": 0.8688692277678769,
      "or_to_llm": 0.8690590431197207,
      "perfect_score": 1.0
    },
    "warnings": null
  },
  "results": {
    "or": {
      "rewards": [
        82412.0
      ],
      "mean": 82412.0,
      "std": 0.0,
      "min": 82412.0,
      "max": 82412.0,
      "count": 1,
      "ratio_to_perfect": 0.8690590431197207
    },
    "llm": {
      "rewards": [
        50005.0
      ],
      "mean": 50005.0,
      "std": 0.0,
      "min": 50005.0,
      "max": 50005.0,
      "count": 1,
      "ratio_to_perfect": 0.5273175927195267
    },
    "llm_to_or": {
      "rewards": [
        82394.0
      ],
      "mean": 82394.0,
      "std": 0.0,
      "min": 82394.0,
      "max": 82394.0,
      "count": 1,
      "ratio_to_perfect": 0.8688692277678769
    },
    "or_to_llm": {
      "rewards": [
        82412.0
      ],
      "mean": 82412.0,
      "std": 0.0,
      "min": 82412.0,
      "max": 82412.0,
      "count": 1,
      "ratio_to_perfect": 0.8690590431197207
    },
    "perfect_score": {
      "rewards": [
        94829.0
      ],
      "mean": 94829.0,
      "std": 0.0,
      "min": 94829.0,
      "max": 94829.0,
      "count": 1,
      "ratio_to_perfect": 1.0
    }
  },
  "errors": {}
}