{
  "instance_dir": "/shared/share_malatown/OR-Agent-GPT5mini-benchmark/examples/benchmark/real_trajectory/lead_time_4/465655010",
  "instance_name": "465655010",
  "promised_lead_time": 4,
  "model": "openai/gpt-5-mini",
  "num_runs_llm": 1,
  "num_runs_deterministic": 1,
  "max_periods": null,
  "summary": {
    "perfect_score": 3465.0,
    "ratios": {
      "or": -1.5249639249639249,
      "llm": -4.158441558441559,
      "llm_to_or": -3.107070707070707,
      "or_to_llm": -3.2502164502164503,
      "perfect_score": 1.0
    },
    "warnings": null
  },
  "results": {
    "or": {
      "rewards": [
        -5284.0
      ],
      "mean": -5284.0,
      "std": 0.0,
      "min": -5284.0,
      "max": -5284.0,
      "count": 1,
      "ratio_to_perfect": -1.5249639249639249
    },
    "llm": {
      "rewards": [
        -14409.0
      ],
      "mean": -14409.0,
      "std": 0.0,
      "min": -14409.0,
      "max": -14409.0,
      "count": 1,
      "ratio_to_perfect": -4.158441558441559
    },
    "llm_to_or": {
      "rewards": [
        -10766.0
      ],
      "mean": -10766.0,
      "std": 0.0,
      "min": -10766.0,
      "max": -10766.0,
      "count": 1,
      "ratio_to_perfect": -3.107070707070707
    },
    "or_to_llm": {
      "rewards": [
        -11262.0
      ],
      "mean": -11262.0,
      "std": 0.0,
      "min": -11262.0,
      "max": -11262.0,
      "count": 1,
      "ratio_to_perfect": -3.2502164502164503
    },
    "perfect_score": {
      "rewards": [
        3465.0
      ],
      "mean": 3465.0,
      "std": 0.0,
      "min": 3465.0,
      "max": 3465.0,
      "count": 1,
      "ratio_to_perfect": 1.0
    }
  },
  "errors": {}
}