{
  "instance_dir": "D:\\TextArena\\examples\\benchmark\\real_trajectory\\lead_time_0\\723469001",
  "instance_name": "723469001",
  "promised_lead_time": 0,
  "model": "google/gemini-3-flash-preview",
  "num_runs_llm": 1,
  "num_runs_deterministic": 1,
  "max_periods": null,
  "summary": {
    "perfect_score": 4223.0,
    "ratios": {
      "or": 0.5735259294340517,
      "llm": 0.34264740705659485,
      "llm_to_or": 0.5545820506748756,
      "or_to_llm": 0.5013023916646934,
      "perfect_score": 1.0
    },
    "warnings": null
  },
  "results": {
    "or": {
      "rewards": [
        2422.0
      ],
      "mean": 2422.0,
      "std": 0.0,
      "min": 2422.0,
      "max": 2422.0,
      "count": 1,
      "ratio_to_perfect": 0.5735259294340517
    },
    "llm": {
      "rewards": [
        1447.0
      ],
      "mean": 1447.0,
      "std": 0.0,
      "min": 1447.0,
      "max": 1447.0,
      "count": 1,
      "ratio_to_perfect": 0.34264740705659485
    },
    "llm_to_or": {
      "rewards": [
        2342.0
      ],
      "mean": 2342.0,
      "std": 0.0,
      "min": 2342.0,
      "max": 2342.0,
      "count": 1,
      "ratio_to_perfect": 0.5545820506748756
    },
    "or_to_llm": {
      "rewards": [
        2117.0
      ],
      "mean": 2117.0,
      "std": 0.0,
      "min": 2117.0,
      "max": 2117.0,
      "count": 1,
      "ratio_to_perfect": 0.5013023916646934
    },
    "perfect_score": {
      "rewards": [
        4223.0
      ],
      "mean": 4223.0,
      "std": 0.0,
      "min": 4223.0,
      "max": 4223.0,
      "count": 1,
      "ratio_to_perfect": 1.0
    }
  },
  "errors": {}
}