{
  "instance_dir": "/shared/share_malatown/OR_Agent/examples/benchmark/synthetic_trajectory/lead_time_stochastic/p02_mean_increase/v2_100to150/r1_high",
  "instance_name": "r1_high",
  "promised_lead_time": 2,
  "model": "x-ai/grok-4.1-fast",
  "num_runs_llm": 1,
  "num_runs_deterministic": 1,
  "max_periods": null,
  "summary": {
    "perfect_score": 134767.0,
    "ratios": {
      "or": 0.09814717252739914,
      "llm": 0.642330837667975,
      "llm_to_or": 0.3947257117840421,
      "or_to_llm": 0.6440300667077252,
      "perfect_score": 1.0
    },
    "warnings": null
  },
  "results": {
    "or": {
      "rewards": [
        13227.0
      ],
      "mean": 13227.0,
      "std": 0.0,
      "min": 13227.0,
      "max": 13227.0,
      "count": 1,
      "ratio_to_perfect": 0.09814717252739914
    },
    "llm": {
      "rewards": [
        86565.0
      ],
      "mean": 86565.0,
      "std": 0.0,
      "min": 86565.0,
      "max": 86565.0,
      "count": 1,
      "ratio_to_perfect": 0.642330837667975
    },
    "llm_to_or": {
      "rewards": [
        53196.0
      ],
      "mean": 53196.0,
      "std": 0.0,
      "min": 53196.0,
      "max": 53196.0,
      "count": 1,
      "ratio_to_perfect": 0.3947257117840421
    },
    "or_to_llm": {
      "rewards": [
        86794.0
      ],
      "mean": 86794.0,
      "std": 0.0,
      "min": 86794.0,
      "max": 86794.0,
      "count": 1,
      "ratio_to_perfect": 0.6440300667077252
    },
    "perfect_score": {
      "rewards": [
        134767.0
      ],
      "mean": 134767.0,
      "std": 0.0,
      "min": 134767.0,
      "max": 134767.0,
      "count": 1,
      "ratio_to_perfect": 1.0
    }
  },
  "errors": {}
}