{
  "instance_dir": "D:\\TextArena\\examples\\benchmark\\synthetic_trajectory\\lead_time_stochastic\\p07_seasonal\\v4_multiplicative\\r2_high",
  "instance_name": "r2_high",
  "promised_lead_time": 2,
  "model": "google/gemini-3-flash-preview",
  "num_runs_llm": 1,
  "num_runs_deterministic": 1,
  "max_periods": null,
  "summary": {
    "perfect_score": 91998.0,
    "ratios": {
      "or": 0.14411182851801127,
      "llm": 0.6680036522533098,
      "llm_to_or": 0.20684145307506685,
      "or_to_llm": 0.6249374986412748,
      "perfect_score": 1.0
    },
    "warnings": null
  },
  "results": {
    "or": {
      "rewards": [
        13258.0
      ],
      "mean": 13258.0,
      "std": 0.0,
      "min": 13258.0,
      "max": 13258.0,
      "count": 1,
      "ratio_to_perfect": 0.14411182851801127
    },
    "llm": {
      "rewards": [
        61455.0
      ],
      "mean": 61455.0,
      "std": 0.0,
      "min": 61455.0,
      "max": 61455.0,
      "count": 1,
      "ratio_to_perfect": 0.6680036522533098
    },
    "llm_to_or": {
      "rewards": [
        19029.0
      ],
      "mean": 19029.0,
      "std": 0.0,
      "min": 19029.0,
      "max": 19029.0,
      "count": 1,
      "ratio_to_perfect": 0.20684145307506685
    },
    "or_to_llm": {
      "rewards": [
        57493.0
      ],
      "mean": 57493.0,
      "std": 0.0,
      "min": 57493.0,
      "max": 57493.0,
      "count": 1,
      "ratio_to_perfect": 0.6249374986412748
    },
    "perfect_score": {
      "rewards": [
        91998.0
      ],
      "mean": 91998.0,
      "std": 0.0,
      "min": 91998.0,
      "max": 91998.0,
      "count": 1,
      "ratio_to_perfect": 1.0
    }
  },
  "errors": {}
}