{
  "instance_dir": "/shared/share_malatown/OR-Agent-GPT5mini-benchmark/examples/benchmark/real_trajectory/lead_time_4/717490002",
  "instance_name": "717490002",
  "promised_lead_time": 4,
  "model": "openai/gpt-5-mini",
  "num_runs_llm": 1,
  "num_runs_deterministic": 1,
  "max_periods": null,
  "summary": {
    "perfect_score": 18156.0,
    "ratios": {
      "or": 0.4589667327605199,
      "llm": 0.3195637805684071,
      "llm_to_or": 0.26696408900638907,
      "or_to_llm": 0.21987221855034147,
      "perfect_score": 1.0
    },
    "warnings": null
  },
  "results": {
    "or": {
      "rewards": [
        8333.0
      ],
      "mean": 8333.0,
      "std": 0.0,
      "min": 8333.0,
      "max": 8333.0,
      "count": 1,
      "ratio_to_perfect": 0.4589667327605199
    },
    "llm": {
      "rewards": [
        5802.0
      ],
      "mean": 5802.0,
      "std": 0.0,
      "min": 5802.0,
      "max": 5802.0,
      "count": 1,
      "ratio_to_perfect": 0.3195637805684071
    },
    "llm_to_or": {
      "rewards": [
        4847.0
      ],
      "mean": 4847.0,
      "std": 0.0,
      "min": 4847.0,
      "max": 4847.0,
      "count": 1,
      "ratio_to_perfect": 0.26696408900638907
    },
    "or_to_llm": {
      "rewards": [
        3992.0
      ],
      "mean": 3992.0,
      "std": 0.0,
      "min": 3992.0,
      "max": 3992.0,
      "count": 1,
      "ratio_to_perfect": 0.21987221855034147
    },
    "perfect_score": {
      "rewards": [
        18156.0
      ],
      "mean": 18156.0,
      "std": 0.0,
      "min": 18156.0,
      "max": 18156.0,
      "count": 1,
      "ratio_to_perfect": 1.0
    }
  },
  "errors": {}
}