{
  "instance_dir": "D:\\TextArena\\examples\\benchmark\\synthetic_trajectory\\lead_time_stochastic\\p01_stationary_iid\\v3_normal_100_15\\r1_high",
  "instance_name": "r1_high",
  "promised_lead_time": 2,
  "model": "google/gemini-3-flash-preview",
  "num_runs_llm": 1,
  "num_runs_deterministic": 1,
  "max_periods": null,
  "summary": {
    "perfect_score": 94829.0,
    "ratios": {
      "or": 0.13574961246032333,
      "llm": 0.7177129359162282,
      "llm_to_or": 0.4982125721034705,
      "or_to_llm": 0.6757321072667644,
      "perfect_score": 1.0
    },
    "warnings": null
  },
  "results": {
    "or": {
      "rewards": [
        12873.0
      ],
      "mean": 12873.0,
      "std": 0.0,
      "min": 12873.0,
      "max": 12873.0,
      "count": 1,
      "ratio_to_perfect": 0.13574961246032333
    },
    "llm": {
      "rewards": [
        68060.0
      ],
      "mean": 68060.0,
      "std": 0.0,
      "min": 68060.0,
      "max": 68060.0,
      "count": 1,
      "ratio_to_perfect": 0.7177129359162282
    },
    "llm_to_or": {
      "rewards": [
        47245.0
      ],
      "mean": 47245.0,
      "std": 0.0,
      "min": 47245.0,
      "max": 47245.0,
      "count": 1,
      "ratio_to_perfect": 0.4982125721034705
    },
    "or_to_llm": {
      "rewards": [
        64079.0
      ],
      "mean": 64079.0,
      "std": 0.0,
      "min": 64079.0,
      "max": 64079.0,
      "count": 1,
      "ratio_to_perfect": 0.6757321072667644
    },
    "perfect_score": {
      "rewards": [
        94829.0
      ],
      "mean": 94829.0,
      "std": 0.0,
      "min": 94829.0,
      "max": 94829.0,
      "count": 1,
      "ratio_to_perfect": 1.0
    }
  },
  "errors": {}
}