{
  "instance_dir": "/shared/share_malatown/OR-Agent-GPT5mini-benchmark/examples/benchmark/real_trajectory/lead_time_stochastic/507909003",
  "instance_name": "507909003",
  "promised_lead_time": 2,
  "model": "openai/gpt-5-mini",
  "num_runs_llm": 1,
  "num_runs_deterministic": 1,
  "max_periods": null,
  "summary": {
    "perfect_score": 72903.0,
    "ratios": {
      "or": 0.20642497565257945,
      "llm": 0.272869429241595,
      "llm_to_or": 0.20882542556547742,
      "or_to_llm": 0.34267451270866767,
      "perfect_score": 1.0
    },
    "warnings": null
  },
  "results": {
    "or": {
      "rewards": [
        15049.0
      ],
      "mean": 15049.0,
      "std": 0.0,
      "min": 15049.0,
      "max": 15049.0,
      "count": 1,
      "ratio_to_perfect": 0.20642497565257945
    },
    "llm": {
      "rewards": [
        19893.0
      ],
      "mean": 19893.0,
      "std": 0.0,
      "min": 19893.0,
      "max": 19893.0,
      "count": 1,
      "ratio_to_perfect": 0.272869429241595
    },
    "llm_to_or": {
      "rewards": [
        15224.0
      ],
      "mean": 15224.0,
      "std": 0.0,
      "min": 15224.0,
      "max": 15224.0,
      "count": 1,
      "ratio_to_perfect": 0.20882542556547742
    },
    "or_to_llm": {
      "rewards": [
        24982.0
      ],
      "mean": 24982.0,
      "std": 0.0,
      "min": 24982.0,
      "max": 24982.0,
      "count": 1,
      "ratio_to_perfect": 0.34267451270866767
    },
    "perfect_score": {
      "rewards": [
        72903.0
      ],
      "mean": 72903.0,
      "std": 0.0,
      "min": 72903.0,
      "max": 72903.0,
      "count": 1,
      "ratio_to_perfect": 1.0
    }
  },
  "errors": {}
}