{
  "instance_dir": "/shared/share_malatown/OR_Agent/examples/benchmark/real_trajectory/lead_time_0/610776002",
  "instance_name": "610776002",
  "promised_lead_time": 0,
  "model": "x-ai/grok-4.1-fast",
  "num_runs_llm": 1,
  "num_runs_deterministic": 1,
  "max_periods": null,
  "summary": {
    "perfect_score": 10688.0,
    "ratios": {
      "or": 0.41429640718562877,
      "llm": 0.7472866766467066,
      "llm_to_or": 0.7694610778443114,
      "or_to_llm": 0.6254678143712575,
      "perfect_score": 1.0
    },
    "warnings": null
  },
  "results": {
    "or": {
      "rewards": [
        4428.0
      ],
      "mean": 4428.0,
      "std": 0.0,
      "min": 4428.0,
      "max": 4428.0,
      "count": 1,
      "ratio_to_perfect": 0.41429640718562877
    },
    "llm": {
      "rewards": [
        7987.0
      ],
      "mean": 7987.0,
      "std": 0.0,
      "min": 7987.0,
      "max": 7987.0,
      "count": 1,
      "ratio_to_perfect": 0.7472866766467066
    },
    "llm_to_or": {
      "rewards": [
        8224.0
      ],
      "mean": 8224.0,
      "std": 0.0,
      "min": 8224.0,
      "max": 8224.0,
      "count": 1,
      "ratio_to_perfect": 0.7694610778443114
    },
    "or_to_llm": {
      "rewards": [
        6685.0
      ],
      "mean": 6685.0,
      "std": 0.0,
      "min": 6685.0,
      "max": 6685.0,
      "count": 1,
      "ratio_to_perfect": 0.6254678143712575
    },
    "perfect_score": {
      "rewards": [
        10688.0
      ],
      "mean": 10688.0,
      "std": 0.0,
      "min": 10688.0,
      "max": 10688.0,
      "count": 1,
      "ratio_to_perfect": 1.0
    }
  },
  "errors": {}
}