{
  "instance_dir": "/shared/share_malatown/OR_Agent/examples/benchmark/real_trajectory/lead_time_4/574109012",
  "instance_name": "574109012",
  "promised_lead_time": 4,
  "model": "x-ai/grok-4.1-fast",
  "num_runs_llm": 1,
  "num_runs_deterministic": 1,
  "max_periods": null,
  "summary": {
    "perfect_score": 2503.0,
    "ratios": {
      "or": -1.7023571713943269,
      "llm": -10.59248901318418,
      "llm_to_or": -1.9276867758689573,
      "or_to_llm": -2.702357171394327,
      "perfect_score": 1.0
    },
    "warnings": null
  },
  "results": {
    "or": {
      "rewards": [
        -4261.0
      ],
      "mean": -4261.0,
      "std": 0.0,
      "min": -4261.0,
      "max": -4261.0,
      "count": 1,
      "ratio_to_perfect": -1.7023571713943269
    },
    "llm": {
      "rewards": [
        -26513.0
      ],
      "mean": -26513.0,
      "std": 0.0,
      "min": -26513.0,
      "max": -26513.0,
      "count": 1,
      "ratio_to_perfect": -10.59248901318418
    },
    "llm_to_or": {
      "rewards": [
        -4825.0
      ],
      "mean": -4825.0,
      "std": 0.0,
      "min": -4825.0,
      "max": -4825.0,
      "count": 1,
      "ratio_to_perfect": -1.9276867758689573
    },
    "or_to_llm": {
      "rewards": [
        -6764.0
      ],
      "mean": -6764.0,
      "std": 0.0,
      "min": -6764.0,
      "max": -6764.0,
      "count": 1,
      "ratio_to_perfect": -2.702357171394327
    },
    "perfect_score": {
      "rewards": [
        2503.0
      ],
      "mean": 2503.0,
      "std": 0.0,
      "min": 2503.0,
      "max": 2503.0,
      "count": 1,
      "ratio_to_perfect": 1.0
    }
  },
  "errors": {}
}