{
  "instance_dir": "/shared/share_malatown/OR_Agent/examples/benchmark/synthetic_trajectory/lead_time_4/p07_seasonal/v2_period5_amp50/r1_high",
  "instance_name": "r1_high",
  "promised_lead_time": 4,
  "model": "x-ai/grok-4.1-fast",
  "num_runs_llm": 1,
  "num_runs_deterministic": 1,
  "max_periods": null,
  "summary": {
    "perfect_score": 92530.0,
    "ratios": {
      "or": 0.8579811952880148,
      "llm": 0.7873446449800064,
      "llm_to_or": 0.84034367232249,
      "or_to_llm": 0.8563384848157355,
      "perfect_score": 1.0
    },
    "warnings": null
  },
  "results": {
    "or": {
      "rewards": [
        79389.0
      ],
      "mean": 79389.0,
      "std": 0.0,
      "min": 79389.0,
      "max": 79389.0,
      "count": 1,
      "ratio_to_perfect": 0.8579811952880148
    },
    "llm": {
      "rewards": [
        72853.0
      ],
      "mean": 72853.0,
      "std": 0.0,
      "min": 72853.0,
      "max": 72853.0,
      "count": 1,
      "ratio_to_perfect": 0.7873446449800064
    },
    "llm_to_or": {
      "rewards": [
        77757.0
      ],
      "mean": 77757.0,
      "std": 0.0,
      "min": 77757.0,
      "max": 77757.0,
      "count": 1,
      "ratio_to_perfect": 0.84034367232249
    },
    "or_to_llm": {
      "rewards": [
        79237.0
      ],
      "mean": 79237.0,
      "std": 0.0,
      "min": 79237.0,
      "max": 79237.0,
      "count": 1,
      "ratio_to_perfect": 0.8563384848157355
    },
    "perfect_score": {
      "rewards": [
        92530.0
      ],
      "mean": 92530.0,
      "std": 0.0,
      "min": 92530.0,
      "max": 92530.0,
      "count": 1,
      "ratio_to_perfect": 1.0
    }
  },
  "errors": {}
}