{
  "instance_dir": "D:\\TextArena\\examples\\benchmark\\real_trajectory\\lead_time_0\\715624001",
  "instance_name": "715624001",
  "promised_lead_time": 0,
  "model": "google/gemini-3-flash-preview",
  "num_runs_llm": 1,
  "num_runs_deterministic": 1,
  "max_periods": null,
  "summary": {
    "perfect_score": 89262.0,
    "ratios": {
      "or": 0.8964396943828281,
      "llm": 0.831955367345567,
      "llm_to_or": 0.8689587954560731,
      "or_to_llm": 0.8875781407541843,
      "perfect_score": 1.0
    },
    "warnings": null
  },
  "results": {
    "or": {
      "rewards": [
        80018.0
      ],
      "mean": 80018.0,
      "std": 0.0,
      "min": 80018.0,
      "max": 80018.0,
      "count": 1,
      "ratio_to_perfect": 0.8964396943828281
    },
    "llm": {
      "rewards": [
        74262.0
      ],
      "mean": 74262.0,
      "std": 0.0,
      "min": 74262.0,
      "max": 74262.0,
      "count": 1,
      "ratio_to_perfect": 0.831955367345567
    },
    "llm_to_or": {
      "rewards": [
        77565.0
      ],
      "mean": 77565.0,
      "std": 0.0,
      "min": 77565.0,
      "max": 77565.0,
      "count": 1,
      "ratio_to_perfect": 0.8689587954560731
    },
    "or_to_llm": {
      "rewards": [
        79227.0
      ],
      "mean": 79227.0,
      "std": 0.0,
      "min": 79227.0,
      "max": 79227.0,
      "count": 1,
      "ratio_to_perfect": 0.8875781407541843
    },
    "perfect_score": {
      "rewards": [
        89262.0
      ],
      "mean": 89262.0,
      "std": 0.0,
      "min": 89262.0,
      "max": 89262.0,
      "count": 1,
      "ratio_to_perfect": 1.0
    }
  },
  "errors": {}
}