{
  "instance_dir": "D:\\TextArena\\examples\\benchmark\\synthetic_trajectory\\lead_time_0\\p10_autocorrelated\\v3_phi_0_3\\r1_med",
  "instance_name": "r1_med",
  "promised_lead_time": 0,
  "model": "openai/gpt-5-mini",
  "num_runs_llm": 1,
  "num_runs_deterministic": 1,
  "max_periods": null,
  "summary": {
    "perfect_score": 19984.0,
    "ratios": {
      "or": 0.8930144115292233,
      "llm": 0.8474279423538831,
      "llm_to_or": 0.8896617293835068,
      "or_to_llm": 0.8871597277822257,
      "perfect_score": 1.0
    },
    "warnings": null
  },
  "results": {
    "or": {
      "rewards": [
        17846.0
      ],
      "mean": 17846.0,
      "std": 0.0,
      "min": 17846.0,
      "max": 17846.0,
      "count": 1,
      "ratio_to_perfect": 0.8930144115292233
    },
    "llm": {
      "rewards": [
        16935.0
      ],
      "mean": 16935.0,
      "std": 0.0,
      "min": 16935.0,
      "max": 16935.0,
      "count": 1,
      "ratio_to_perfect": 0.8474279423538831
    },
    "llm_to_or": {
      "rewards": [
        17779.0
      ],
      "mean": 17779.0,
      "std": 0.0,
      "min": 17779.0,
      "max": 17779.0,
      "count": 1,
      "ratio_to_perfect": 0.8896617293835068
    },
    "or_to_llm": {
      "rewards": [
        17729.0
      ],
      "mean": 17729.0,
      "std": 0.0,
      "min": 17729.0,
      "max": 17729.0,
      "count": 1,
      "ratio_to_perfect": 0.8871597277822257
    },
    "perfect_score": {
      "rewards": [
        19984.0
      ],
      "mean": 19984.0,
      "std": 0.0,
      "min": 19984.0,
      "max": 19984.0,
      "count": 1,
      "ratio_to_perfect": 1.0
    }
  },
  "errors": {}
}