{
  "instance_dir": "D:\\TextArena\\examples\\benchmark\\synthetic_trajectory\\lead_time_0\\p05_decreasing_trend\\v3_150_minus_2t\\r2_med",
  "instance_name": "r2_med",
  "promised_lead_time": 0,
  "model": "google/gemini-3-flash-preview",
  "num_runs_llm": 1,
  "num_runs_deterministic": 1,
  "max_periods": null,
  "summary": {
    "perfect_score": 20092.0,
    "ratios": {
      "or": 0.8759207644833764,
      "llm": 0.9122038622337248,
      "llm_to_or": 0.9203165438980688,
      "or_to_llm": 0.8901552856858451,
      "perfect_score": 1.0
    },
    "warnings": null
  },
  "results": {
    "or": {
      "rewards": [
        17599.0
      ],
      "mean": 17599.0,
      "std": 0.0,
      "min": 17599.0,
      "max": 17599.0,
      "count": 1,
      "ratio_to_perfect": 0.8759207644833764
    },
    "llm": {
      "rewards": [
        18328.0
      ],
      "mean": 18328.0,
      "std": 0.0,
      "min": 18328.0,
      "max": 18328.0,
      "count": 1,
      "ratio_to_perfect": 0.9122038622337248
    },
    "llm_to_or": {
      "rewards": [
        18491.0
      ],
      "mean": 18491.0,
      "std": 0.0,
      "min": 18491.0,
      "max": 18491.0,
      "count": 1,
      "ratio_to_perfect": 0.9203165438980688
    },
    "or_to_llm": {
      "rewards": [
        17885.0
      ],
      "mean": 17885.0,
      "std": 0.0,
      "min": 17885.0,
      "max": 17885.0,
      "count": 1,
      "ratio_to_perfect": 0.8901552856858451
    },
    "perfect_score": {
      "rewards": [
        20092.0
      ],
      "mean": 20092.0,
      "std": 0.0,
      "min": 20092.0,
      "max": 20092.0,
      "count": 1,
      "ratio_to_perfect": 1.0
    }
  },
  "errors": {}
}