{
  "instance_dir": "/shared/share_malatown/OR_Agent/examples/benchmark/real_trajectory/lead_time_4/578476001",
  "instance_name": "578476001",
  "promised_lead_time": 4,
  "model": "x-ai/grok-4.1-fast",
  "num_runs_llm": 1,
  "num_runs_deterministic": 1,
  "max_periods": null,
  "summary": {
    "perfect_score": 13896.0,
    "ratios": {
      "or": 0.2515112262521589,
      "llm": -0.7694300518134715,
      "llm_to_or": 0.3739925158318941,
      "or_to_llm": 0.3601036269430052,
      "perfect_score": 1.0
    },
    "warnings": null
  },
  "results": {
    "or": {
      "rewards": [
        3495.0
      ],
      "mean": 3495.0,
      "std": 0.0,
      "min": 3495.0,
      "max": 3495.0,
      "count": 1,
      "ratio_to_perfect": 0.2515112262521589
    },
    "llm": {
      "rewards": [
        -10692.0
      ],
      "mean": -10692.0,
      "std": 0.0,
      "min": -10692.0,
      "max": -10692.0,
      "count": 1,
      "ratio_to_perfect": -0.7694300518134715
    },
    "llm_to_or": {
      "rewards": [
        5197.0
      ],
      "mean": 5197.0,
      "std": 0.0,
      "min": 5197.0,
      "max": 5197.0,
      "count": 1,
      "ratio_to_perfect": 0.3739925158318941
    },
    "or_to_llm": {
      "rewards": [
        5004.0
      ],
      "mean": 5004.0,
      "std": 0.0,
      "min": 5004.0,
      "max": 5004.0,
      "count": 1,
      "ratio_to_perfect": 0.3601036269430052
    },
    "perfect_score": {
      "rewards": [
        13896.0
      ],
      "mean": 13896.0,
      "std": 0.0,
      "min": 13896.0,
      "max": 13896.0,
      "count": 1,
      "ratio_to_perfect": 1.0
    }
  },
  "errors": {}
}