{
  "instance_dir": "/shared/share_malatown/OR-Agent-GPT5mini-benchmark/examples/benchmark/real_trajectory/lead_time_0/399223001",
  "instance_name": "399223001",
  "promised_lead_time": 0,
  "model": "openai/gpt-5-mini",
  "num_runs_llm": 1,
  "num_runs_deterministic": 1,
  "max_periods": null,
  "summary": {
    "perfect_score": 186010.0,
    "ratios": {
      "or": 0.936374388473738,
      "llm": 0.9006236223858932,
      "llm_to_or": 0.9491210149991935,
      "or_to_llm": 0.9317671092951992,
      "perfect_score": 1.0
    },
    "warnings": null
  },
  "results": {
    "or": {
      "rewards": [
        174175.0
      ],
      "mean": 174175.0,
      "std": 0.0,
      "min": 174175.0,
      "max": 174175.0,
      "count": 1,
      "ratio_to_perfect": 0.936374388473738
    },
    "llm": {
      "rewards": [
        167525.0
      ],
      "mean": 167525.0,
      "std": 0.0,
      "min": 167525.0,
      "max": 167525.0,
      "count": 1,
      "ratio_to_perfect": 0.9006236223858932
    },
    "llm_to_or": {
      "rewards": [
        176546.0
      ],
      "mean": 176546.0,
      "std": 0.0,
      "min": 176546.0,
      "max": 176546.0,
      "count": 1,
      "ratio_to_perfect": 0.9491210149991935
    },
    "or_to_llm": {
      "rewards": [
        173318.0
      ],
      "mean": 173318.0,
      "std": 0.0,
      "min": 173318.0,
      "max": 173318.0,
      "count": 1,
      "ratio_to_perfect": 0.9317671092951992
    },
    "perfect_score": {
      "rewards": [
        186010.0
      ],
      "mean": 186010.0,
      "std": 0.0,
      "min": 186010.0,
      "max": 186010.0,
      "count": 1,
      "ratio_to_perfect": 1.0
    }
  },
  "errors": {}
}