{
  "instance_dir": "/shared/share_malatown/OR_Agent/examples/benchmark/real_trajectory/lead_time_0/464297007",
  "instance_name": "464297007",
  "promised_lead_time": 0,
  "model": "x-ai/grok-4.1-fast",
  "num_runs_llm": 1,
  "num_runs_deterministic": 1,
  "max_periods": null,
  "summary": {
    "perfect_score": 11786.0,
    "ratios": {
      "or": 0.6058034956728322,
      "llm": 0.473612760902766,
      "llm_to_or": 0.5711013066349907,
      "or_to_llm": 0.5534532496181911,
      "perfect_score": 1.0
    },
    "warnings": null
  },
  "results": {
    "or": {
      "rewards": [
        7140.0
      ],
      "mean": 7140.0,
      "std": 0.0,
      "min": 7140.0,
      "max": 7140.0,
      "count": 1,
      "ratio_to_perfect": 0.6058034956728322
    },
    "llm": {
      "rewards": [
        5582.0
      ],
      "mean": 5582.0,
      "std": 0.0,
      "min": 5582.0,
      "max": 5582.0,
      "count": 1,
      "ratio_to_perfect": 0.473612760902766
    },
    "llm_to_or": {
      "rewards": [
        6731.0
      ],
      "mean": 6731.0,
      "std": 0.0,
      "min": 6731.0,
      "max": 6731.0,
      "count": 1,
      "ratio_to_perfect": 0.5711013066349907
    },
    "or_to_llm": {
      "rewards": [
        6523.0
      ],
      "mean": 6523.0,
      "std": 0.0,
      "min": 6523.0,
      "max": 6523.0,
      "count": 1,
      "ratio_to_perfect": 0.5534532496181911
    },
    "perfect_score": {
      "rewards": [
        11786.0
      ],
      "mean": 11786.0,
      "std": 0.0,
      "min": 11786.0,
      "max": 11786.0,
      "count": 1,
      "ratio_to_perfect": 1.0
    }
  },
  "errors": {}
}