{
  "instance_dir": "/shared/share_malatown/OR-Agent-GPT5mini-benchmark/examples/benchmark/real_trajectory/lead_time_4/675068002",
  "instance_name": "675068002",
  "promised_lead_time": 4,
  "model": "openai/gpt-5-mini",
  "num_runs_llm": 1,
  "num_runs_deterministic": 1,
  "max_periods": null,
  "summary": {
    "perfect_score": 5161.0,
    "ratios": {
      "or": -1.9802363882968417,
      "llm": -1.5059097074210424,
      "llm_to_or": -2.1046308854873086,
      "or_to_llm": -1.8947878318155396,
      "perfect_score": 1.0
    },
    "warnings": null
  },
  "results": {
    "or": {
      "rewards": [
        -10220.0
      ],
      "mean": -10220.0,
      "std": 0.0,
      "min": -10220.0,
      "max": -10220.0,
      "count": 1,
      "ratio_to_perfect": -1.9802363882968417
    },
    "llm": {
      "rewards": [
        -7772.0
      ],
      "mean": -7772.0,
      "std": 0.0,
      "min": -7772.0,
      "max": -7772.0,
      "count": 1,
      "ratio_to_perfect": -1.5059097074210424
    },
    "llm_to_or": {
      "rewards": [
        -10862.0
      ],
      "mean": -10862.0,
      "std": 0.0,
      "min": -10862.0,
      "max": -10862.0,
      "count": 1,
      "ratio_to_perfect": -2.1046308854873086
    },
    "or_to_llm": {
      "rewards": [
        -9779.0
      ],
      "mean": -9779.0,
      "std": 0.0,
      "min": -9779.0,
      "max": -9779.0,
      "count": 1,
      "ratio_to_perfect": -1.8947878318155396
    },
    "perfect_score": {
      "rewards": [
        5161.0
      ],
      "mean": 5161.0,
      "std": 0.0,
      "min": 5161.0,
      "max": 5161.0,
      "count": 1,
      "ratio_to_perfect": 1.0
    }
  },
  "errors": {}
}