{
  "instance_dir": "D:\\TextArena\\examples\\benchmark\\synthetic_trajectory\\lead_time_0\\p01_stationary_iid\\v3_normal_100_15\\r1_high",
  "instance_name": "r1_high",
  "promised_lead_time": 0,
  "model": "openai/gpt-5-mini",
  "num_runs_llm": 1,
  "num_runs_deterministic": 1,
  "max_periods": null,
  "summary": {
    "perfect_score": 94829.0,
    "ratios": {
      "or": 0.9828006200634827,
      "llm": 0.9581140790264582,
      "llm_to_or": 0.9829482542260279,
      "or_to_llm": 0.9821151757373799,
      "perfect_score": 1.0
    },
    "warnings": null
  },
  "results": {
    "or": {
      "rewards": [
        93198.0
      ],
      "mean": 93198.0,
      "std": 0.0,
      "min": 93198.0,
      "max": 93198.0,
      "count": 1,
      "ratio_to_perfect": 0.9828006200634827
    },
    "llm": {
      "rewards": [
        90857.0
      ],
      "mean": 90857.0,
      "std": 0.0,
      "min": 90857.0,
      "max": 90857.0,
      "count": 1,
      "ratio_to_perfect": 0.9581140790264582
    },
    "llm_to_or": {
      "rewards": [
        93212.0
      ],
      "mean": 93212.0,
      "std": 0.0,
      "min": 93212.0,
      "max": 93212.0,
      "count": 1,
      "ratio_to_perfect": 0.9829482542260279
    },
    "or_to_llm": {
      "rewards": [
        93133.0
      ],
      "mean": 93133.0,
      "std": 0.0,
      "min": 93133.0,
      "max": 93133.0,
      "count": 1,
      "ratio_to_perfect": 0.9821151757373799
    },
    "perfect_score": {
      "rewards": [
        94829.0
      ],
      "mean": 94829.0,
      "std": 0.0,
      "min": 94829.0,
      "max": 94829.0,
      "count": 1,
      "ratio_to_perfect": 1.0
    }
  },
  "errors": {}
}