{
  "instance_dir": "D:\\TextArena\\examples\\benchmark\\synthetic_trajectory\\lead_time_stochastic\\p02_mean_increase\\v1_100to200\\r1_med",
  "instance_name": "r1_med",
  "promised_lead_time": 2,
  "model": "google/gemini-3-flash-preview",
  "num_runs_llm": 1,
  "num_runs_deterministic": 1,
  "max_periods": null,
  "summary": {
    "perfect_score": 33552.0,
    "ratios": {
      "or": 0.07767048164043872,
      "llm": 0.5445577014783023,
      "llm_to_or": 0.365343347639485,
      "or_to_llm": 0.47049356223175964,
      "perfect_score": 1.0
    },
    "warnings": null
  },
  "results": {
    "or": {
      "rewards": [
        2606.0
      ],
      "mean": 2606.0,
      "std": 0.0,
      "min": 2606.0,
      "max": 2606.0,
      "count": 1,
      "ratio_to_perfect": 0.07767048164043872
    },
    "llm": {
      "rewards": [
        18271.0
      ],
      "mean": 18271.0,
      "std": 0.0,
      "min": 18271.0,
      "max": 18271.0,
      "count": 1,
      "ratio_to_perfect": 0.5445577014783023
    },
    "llm_to_or": {
      "rewards": [
        12258.0
      ],
      "mean": 12258.0,
      "std": 0.0,
      "min": 12258.0,
      "max": 12258.0,
      "count": 1,
      "ratio_to_perfect": 0.365343347639485
    },
    "or_to_llm": {
      "rewards": [
        15786.0
      ],
      "mean": 15786.0,
      "std": 0.0,
      "min": 15786.0,
      "max": 15786.0,
      "count": 1,
      "ratio_to_perfect": 0.47049356223175964
    },
    "perfect_score": {
      "rewards": [
        33552.0
      ],
      "mean": 33552.0,
      "std": 0.0,
      "min": 33552.0,
      "max": 33552.0,
      "count": 1,
      "ratio_to_perfect": 1.0
    }
  },
  "errors": {}
}