{
  "instance_dir": "/shared/share_malatown/OR_Agent/examples/benchmark/synthetic_trajectory/lead_time_0/p10_autocorrelated/v3_phi_0_3/r2_med",
  "instance_name": "r2_med",
  "promised_lead_time": 0,
  "model": "x-ai/grok-4.1-fast",
  "num_runs_llm": 1,
  "num_runs_deterministic": 1,
  "max_periods": null,
  "summary": {
    "perfect_score": 21208.0,
    "ratios": {
      "or": 0.8936250471520181,
      "llm": 0.8896171256129762,
      "llm_to_or": 0.8758958883440211,
      "or_to_llm": 0.8839588834402112,
      "perfect_score": 1.0
    },
    "warnings": null
  },
  "results": {
    "or": {
      "rewards": [
        18952.0
      ],
      "mean": 18952.0,
      "std": 0.0,
      "min": 18952.0,
      "max": 18952.0,
      "count": 1,
      "ratio_to_perfect": 0.8936250471520181
    },
    "llm": {
      "rewards": [
        18867.0
      ],
      "mean": 18867.0,
      "std": 0.0,
      "min": 18867.0,
      "max": 18867.0,
      "count": 1,
      "ratio_to_perfect": 0.8896171256129762
    },
    "llm_to_or": {
      "rewards": [
        18576.0
      ],
      "mean": 18576.0,
      "std": 0.0,
      "min": 18576.0,
      "max": 18576.0,
      "count": 1,
      "ratio_to_perfect": 0.8758958883440211
    },
    "or_to_llm": {
      "rewards": [
        18747.0
      ],
      "mean": 18747.0,
      "std": 0.0,
      "min": 18747.0,
      "max": 18747.0,
      "count": 1,
      "ratio_to_perfect": 0.8839588834402112
    },
    "perfect_score": {
      "rewards": [
        21208.0
      ],
      "mean": 21208.0,
      "std": 0.0,
      "min": 21208.0,
      "max": 21208.0,
      "count": 1,
      "ratio_to_perfect": 1.0
    }
  },
  "errors": {}
}