{
  "instance_dir": "D:\\TextArena\\examples\\benchmark\\synthetic_trajectory\\lead_time_0\\p10_autocorrelated\\v1_phi_0_7\\r1_med",
  "instance_name": "r1_med",
  "promised_lead_time": 0,
  "model": "openai/gpt-5-mini",
  "num_runs_llm": 1,
  "num_runs_deterministic": 1,
  "max_periods": null,
  "summary": {
    "perfect_score": 21288.0,
    "ratios": {
      "or": 0.8944475760992108,
      "llm": 0.8704434423149192,
      "llm_to_or": 0.9013998496805712,
      "or_to_llm": 0.8877771514468245,
      "perfect_score": 1.0
    },
    "warnings": null
  },
  "results": {
    "or": {
      "rewards": [
        19041.0
      ],
      "mean": 19041.0,
      "std": 0.0,
      "min": 19041.0,
      "max": 19041.0,
      "count": 1,
      "ratio_to_perfect": 0.8944475760992108
    },
    "llm": {
      "rewards": [
        18530.0
      ],
      "mean": 18530.0,
      "std": 0.0,
      "min": 18530.0,
      "max": 18530.0,
      "count": 1,
      "ratio_to_perfect": 0.8704434423149192
    },
    "llm_to_or": {
      "rewards": [
        19189.0
      ],
      "mean": 19189.0,
      "std": 0.0,
      "min": 19189.0,
      "max": 19189.0,
      "count": 1,
      "ratio_to_perfect": 0.9013998496805712
    },
    "or_to_llm": {
      "rewards": [
        18899.0
      ],
      "mean": 18899.0,
      "std": 0.0,
      "min": 18899.0,
      "max": 18899.0,
      "count": 1,
      "ratio_to_perfect": 0.8877771514468245
    },
    "perfect_score": {
      "rewards": [
        21288.0
      ],
      "mean": 21288.0,
      "std": 0.0,
      "min": 21288.0,
      "max": 21288.0,
      "count": 1,
      "ratio_to_perfect": 1.0
    }
  },
  "errors": {}
}