{
  "instance_dir": "D:\\TextArena\\examples\\benchmark\\synthetic_trajectory\\lead_time_4\\p02_mean_increase\\v2_100to150\\r1_med",
  "instance_name": "r1_med",
  "promised_lead_time": 4,
  "model": "openai/gpt-5-mini",
  "num_runs_llm": 1,
  "num_runs_deterministic": 1,
  "max_periods": null,
  "summary": {
    "perfect_score": 28372.0,
    "ratios": {
      "or": 0.7303327224023686,
      "llm": 0.664986606513464,
      "llm_to_or": 0.7311081347807697,
      "or_to_llm": 0.6590300296066545,
      "perfect_score": 1.0
    },
    "warnings": null
  },
  "results": {
    "or": {
      "rewards": [
        20721.0
      ],
      "mean": 20721.0,
      "std": 0.0,
      "min": 20721.0,
      "max": 20721.0,
      "count": 1,
      "ratio_to_perfect": 0.7303327224023686
    },
    "llm": {
      "rewards": [
        18867.0
      ],
      "mean": 18867.0,
      "std": 0.0,
      "min": 18867.0,
      "max": 18867.0,
      "count": 1,
      "ratio_to_perfect": 0.664986606513464
    },
    "llm_to_or": {
      "rewards": [
        20743.0
      ],
      "mean": 20743.0,
      "std": 0.0,
      "min": 20743.0,
      "max": 20743.0,
      "count": 1,
      "ratio_to_perfect": 0.7311081347807697
    },
    "or_to_llm": {
      "rewards": [
        18698.0
      ],
      "mean": 18698.0,
      "std": 0.0,
      "min": 18698.0,
      "max": 18698.0,
      "count": 1,
      "ratio_to_perfect": 0.6590300296066545
    },
    "perfect_score": {
      "rewards": [
        28372.0
      ],
      "mean": 28372.0,
      "std": 0.0,
      "min": 28372.0,
      "max": 28372.0,
      "count": 1,
      "ratio_to_perfect": 1.0
    }
  },
  "errors": {}
}