{
  "instance_dir": "D:\\TextArena\\examples\\benchmark\\synthetic_trajectory\\lead_time_4\\p04_increasing_trend\\v3_exp_1_05\\r1_high",
  "instance_name": "r1_high",
  "promised_lead_time": 4,
  "model": "openai/gpt-5-mini",
  "num_runs_llm": 1,
  "num_runs_deterministic": 1,
  "max_periods": null,
  "summary": {
    "perfect_score": 414542.0,
    "ratios": {
      "or": 0.5742723294623946,
      "llm": 0.7703779110439956,
      "llm_to_or": 0.6959198344196728,
      "or_to_llm": 0.7536727279744875,
      "perfect_score": 1.0
    },
    "warnings": null
  },
  "results": {
    "or": {
      "rewards": [
        238060.0
      ],
      "mean": 238060.0,
      "std": 0.0,
      "min": 238060.0,
      "max": 238060.0,
      "count": 1,
      "ratio_to_perfect": 0.5742723294623946
    },
    "llm": {
      "rewards": [
        319354.0
      ],
      "mean": 319354.0,
      "std": 0.0,
      "min": 319354.0,
      "max": 319354.0,
      "count": 1,
      "ratio_to_perfect": 0.7703779110439956
    },
    "llm_to_or": {
      "rewards": [
        288488.0
      ],
      "mean": 288488.0,
      "std": 0.0,
      "min": 288488.0,
      "max": 288488.0,
      "count": 1,
      "ratio_to_perfect": 0.6959198344196728
    },
    "or_to_llm": {
      "rewards": [
        312429.0
      ],
      "mean": 312429.0,
      "std": 0.0,
      "min": 312429.0,
      "max": 312429.0,
      "count": 1,
      "ratio_to_perfect": 0.7536727279744875
    },
    "perfect_score": {
      "rewards": [
        414542.0
      ],
      "mean": 414542.0,
      "std": 0.0,
      "min": 414542.0,
      "max": 414542.0,
      "count": 1,
      "ratio_to_perfect": 1.0
    }
  },
  "errors": {}
}