{
  "instance_dir": "/shared/share_malatown/OR_Agent/examples/benchmark/real_trajectory/lead_time_stochastic/399223001",
  "instance_name": "399223001",
  "promised_lead_time": 2,
  "model": "x-ai/grok-4.1-fast",
  "num_runs_llm": 1,
  "num_runs_deterministic": 1,
  "max_periods": null,
  "summary": {
    "perfect_score": 9790.0,
    "ratios": {
      "or": 0.12737487231869254,
      "llm": -0.018896833503575076,
      "llm_to_or": -2.9649642492339123,
      "or_to_llm": -0.10949948927477017,
      "perfect_score": 1.0
    },
    "warnings": null
  },
  "results": {
    "or": {
      "rewards": [
        1247.0
      ],
      "mean": 1247.0,
      "std": 0.0,
      "min": 1247.0,
      "max": 1247.0,
      "count": 1,
      "ratio_to_perfect": 0.12737487231869254
    },
    "llm": {
      "rewards": [
        -185.0
      ],
      "mean": -185.0,
      "std": 0.0,
      "min": -185.0,
      "max": -185.0,
      "count": 1,
      "ratio_to_perfect": -0.018896833503575076
    },
    "llm_to_or": {
      "rewards": [
        -29027.0
      ],
      "mean": -29027.0,
      "std": 0.0,
      "min": -29027.0,
      "max": -29027.0,
      "count": 1,
      "ratio_to_perfect": -2.9649642492339123
    },
    "or_to_llm": {
      "rewards": [
        -1072.0
      ],
      "mean": -1072.0,
      "std": 0.0,
      "min": -1072.0,
      "max": -1072.0,
      "count": 1,
      "ratio_to_perfect": -0.10949948927477017
    },
    "perfect_score": {
      "rewards": [
        9790.0
      ],
      "mean": 9790.0,
      "std": 0.0,
      "min": 9790.0,
      "max": 9790.0,
      "count": 1,
      "ratio_to_perfect": 1.0
    }
  },
  "errors": {}
}