{
  "instance_dir": "D:\\TextArena\\examples\\benchmark\\synthetic_trajectory\\lead_time_4\\p04_increasing_trend\\v4_linear_100_2t\\r1_high",
  "instance_name": "r1_high",
  "promised_lead_time": 4,
  "model": "google/gemini-3-flash-preview",
  "num_runs_llm": 1,
  "num_runs_deterministic": 1,
  "max_periods": null,
  "summary": {
    "perfect_score": 154413.0,
    "ratios": {
      "or": 0.747540686341176,
      "llm": 0.7063200637252045,
      "llm_to_or": 0.7566785180004274,
      "or_to_llm": 0.7257031467557783,
      "perfect_score": 1.0
    },
    "warnings": null
  },
  "results": {
    "or": {
      "rewards": [
        115430.0
      ],
      "mean": 115430.0,
      "std": 0.0,
      "min": 115430.0,
      "max": 115430.0,
      "count": 1,
      "ratio_to_perfect": 0.747540686341176
    },
    "llm": {
      "rewards": [
        109065.0
      ],
      "mean": 109065.0,
      "std": 0.0,
      "min": 109065.0,
      "max": 109065.0,
      "count": 1,
      "ratio_to_perfect": 0.7063200637252045
    },
    "llm_to_or": {
      "rewards": [
        116841.0
      ],
      "mean": 116841.0,
      "std": 0.0,
      "min": 116841.0,
      "max": 116841.0,
      "count": 1,
      "ratio_to_perfect": 0.7566785180004274
    },
    "or_to_llm": {
      "rewards": [
        112058.0
      ],
      "mean": 112058.0,
      "std": 0.0,
      "min": 112058.0,
      "max": 112058.0,
      "count": 1,
      "ratio_to_perfect": 0.7257031467557783
    },
    "perfect_score": {
      "rewards": [
        154413.0
      ],
      "mean": 154413.0,
      "std": 0.0,
      "min": 154413.0,
      "max": 154413.0,
      "count": 1,
      "ratio_to_perfect": 1.0
    }
  },
  "errors": {}
}