{
  "instance_dir": "D:\\TextArena\\examples\\benchmark\\real_trajectory\\lead_time_4\\712216001",
  "instance_name": "712216001",
  "promised_lead_time": 4,
  "model": "google/gemini-3-flash-preview",
  "num_runs_llm": 1,
  "num_runs_deterministic": 1,
  "max_periods": null,
  "summary": {
    "perfect_score": 12920.0,
    "ratios": {
      "or": 0.030108359133126934,
      "llm": -0.48800309597523217,
      "llm_to_or": -0.1356811145510836,
      "or_to_llm": 0.14821981424148606,
      "perfect_score": 1.0
    },
    "warnings": null
  },
  "results": {
    "or": {
      "rewards": [
        389.0
      ],
      "mean": 389.0,
      "std": 0.0,
      "min": 389.0,
      "max": 389.0,
      "count": 1,
      "ratio_to_perfect": 0.030108359133126934
    },
    "llm": {
      "rewards": [
        -6305.0
      ],
      "mean": -6305.0,
      "std": 0.0,
      "min": -6305.0,
      "max": -6305.0,
      "count": 1,
      "ratio_to_perfect": -0.48800309597523217
    },
    "llm_to_or": {
      "rewards": [
        -1753.0
      ],
      "mean": -1753.0,
      "std": 0.0,
      "min": -1753.0,
      "max": -1753.0,
      "count": 1,
      "ratio_to_perfect": -0.1356811145510836
    },
    "or_to_llm": {
      "rewards": [
        1915.0
      ],
      "mean": 1915.0,
      "std": 0.0,
      "min": 1915.0,
      "max": 1915.0,
      "count": 1,
      "ratio_to_perfect": 0.14821981424148606
    },
    "perfect_score": {
      "rewards": [
        12920.0
      ],
      "mean": 12920.0,
      "std": 0.0,
      "min": 12920.0,
      "max": 12920.0,
      "count": 1,
      "ratio_to_perfect": 1.0
    }
  },
  "errors": {}
}