{
  "instance_dir": "D:\\TextArena\\examples\\benchmark\\synthetic_trajectory\\lead_time_4\\p04_increasing_trend\\v1_linear_100t\\r1_high",
  "instance_name": "r1_high",
  "promised_lead_time": 4,
  "model": "openai/gpt-5-mini",
  "num_runs_llm": 1,
  "num_runs_deterministic": 1,
  "max_periods": null,
  "summary": {
    "perfect_score": 2394589.0,
    "ratios": {
      "or": 0.6130605293852097,
      "llm": 0.8153248845626535,
      "llm_to_or": 0.718193393521811,
      "or_to_llm": 0.7867913867473708,
      "perfect_score": 1.0
    },
    "warnings": null
  },
  "results": {
    "or": {
      "rewards": [
        1468028.0
      ],
      "mean": 1468028.0,
      "std": 0.0,
      "min": 1468028.0,
      "max": 1468028.0,
      "count": 1,
      "ratio_to_perfect": 0.6130605293852097
    },
    "llm": {
      "rewards": [
        1952368.0
      ],
      "mean": 1952368.0,
      "std": 0.0,
      "min": 1952368.0,
      "max": 1952368.0,
      "count": 1,
      "ratio_to_perfect": 0.8153248845626535
    },
    "llm_to_or": {
      "rewards": [
        1719778.0
      ],
      "mean": 1719778.0,
      "std": 0.0,
      "min": 1719778.0,
      "max": 1719778.0,
      "count": 1,
      "ratio_to_perfect": 0.718193393521811
    },
    "or_to_llm": {
      "rewards": [
        1884042.0
      ],
      "mean": 1884042.0,
      "std": 0.0,
      "min": 1884042.0,
      "max": 1884042.0,
      "count": 1,
      "ratio_to_perfect": 0.7867913867473708
    },
    "perfect_score": {
      "rewards": [
        2394589.0
      ],
      "mean": 2394589.0,
      "std": 0.0,
      "min": 2394589.0,
      "max": 2394589.0,
      "count": 1,
      "ratio_to_perfect": 1.0
    }
  },
  "errors": {}
}