{
  "instance_dir": "D:\\TextArena\\examples\\benchmark\\synthetic_trajectory\\lead_time_4\\p03_mean_decrease\\v2_100to70\\r1_med",
  "instance_name": "r1_med",
  "promised_lead_time": 4,
  "model": "openai/gpt-5-mini",
  "num_runs_llm": 1,
  "num_runs_deterministic": 1,
  "max_periods": null,
  "summary": {
    "perfect_score": 15852.0,
    "ratios": {
      "or": 0.6358188241231391,
      "llm": 0.6891244007065355,
      "llm_to_or": 0.6358188241231391,
      "or_to_llm": 0.6008705526116578,
      "perfect_score": 1.0
    },
    "warnings": null
  },
  "results": {
    "or": {
      "rewards": [
        10079.0
      ],
      "mean": 10079.0,
      "std": 0.0,
      "min": 10079.0,
      "max": 10079.0,
      "count": 1,
      "ratio_to_perfect": 0.6358188241231391
    },
    "llm": {
      "rewards": [
        10924.0
      ],
      "mean": 10924.0,
      "std": 0.0,
      "min": 10924.0,
      "max": 10924.0,
      "count": 1,
      "ratio_to_perfect": 0.6891244007065355
    },
    "llm_to_or": {
      "rewards": [
        10079.0
      ],
      "mean": 10079.0,
      "std": 0.0,
      "min": 10079.0,
      "max": 10079.0,
      "count": 1,
      "ratio_to_perfect": 0.6358188241231391
    },
    "or_to_llm": {
      "rewards": [
        9525.0
      ],
      "mean": 9525.0,
      "std": 0.0,
      "min": 9525.0,
      "max": 9525.0,
      "count": 1,
      "ratio_to_perfect": 0.6008705526116578
    },
    "perfect_score": {
      "rewards": [
        15852.0
      ],
      "mean": 15852.0,
      "std": 0.0,
      "min": 15852.0,
      "max": 15852.0,
      "count": 1,
      "ratio_to_perfect": 1.0
    }
  },
  "errors": {}
}