{
  "instance_dir": "D:\\TextArena\\examples\\benchmark\\synthetic_trajectory\\lead_time_4\\p05_decreasing_trend\\v1_200_minus_3t\\r1_med",
  "instance_name": "r1_med",
  "promised_lead_time": 4,
  "model": "openai/gpt-5-mini",
  "num_runs_llm": 1,
  "num_runs_deterministic": 1,
  "max_periods": null,
  "summary": {
    "perfect_score": 25200.0,
    "ratios": {
      "or": 0.3657539682539683,
      "llm": 0.6198412698412699,
      "llm_to_or": 0.3790079365079365,
      "or_to_llm": 0.4486904761904762,
      "perfect_score": 1.0
    },
    "warnings": null
  },
  "results": {
    "or": {
      "rewards": [
        9217.0
      ],
      "mean": 9217.0,
      "std": 0.0,
      "min": 9217.0,
      "max": 9217.0,
      "count": 1,
      "ratio_to_perfect": 0.3657539682539683
    },
    "llm": {
      "rewards": [
        15620.0
      ],
      "mean": 15620.0,
      "std": 0.0,
      "min": 15620.0,
      "max": 15620.0,
      "count": 1,
      "ratio_to_perfect": 0.6198412698412699
    },
    "llm_to_or": {
      "rewards": [
        9551.0
      ],
      "mean": 9551.0,
      "std": 0.0,
      "min": 9551.0,
      "max": 9551.0,
      "count": 1,
      "ratio_to_perfect": 0.3790079365079365
    },
    "or_to_llm": {
      "rewards": [
        11307.0
      ],
      "mean": 11307.0,
      "std": 0.0,
      "min": 11307.0,
      "max": 11307.0,
      "count": 1,
      "ratio_to_perfect": 0.4486904761904762
    },
    "perfect_score": {
      "rewards": [
        25200.0
      ],
      "mean": 25200.0,
      "std": 0.0,
      "min": 25200.0,
      "max": 25200.0,
      "count": 1,
      "ratio_to_perfect": 1.0
    }
  },
  "errors": {}
}