{
  "instance_dir": "D:\\TextArena\\examples\\benchmark\\real_trajectory\\lead_time_0\\561445005",
  "instance_name": "561445005",
  "promised_lead_time": 0,
  "model": "google/gemini-3-flash-preview",
  "num_runs_llm": 1,
  "num_runs_deterministic": 1,
  "max_periods": null,
  "summary": {
    "perfect_score": 4968.0,
    "ratios": {
      "or": 0.35909822866344604,
      "llm": 0.6878019323671497,
      "llm_to_or": 0.7934782608695652,
      "or_to_llm": 0.711352657004831,
      "perfect_score": 1.0
    },
    "warnings": null
  },
  "results": {
    "or": {
      "rewards": [
        1784.0
      ],
      "mean": 1784.0,
      "std": 0.0,
      "min": 1784.0,
      "max": 1784.0,
      "count": 1,
      "ratio_to_perfect": 0.35909822866344604
    },
    "llm": {
      "rewards": [
        3417.0
      ],
      "mean": 3417.0,
      "std": 0.0,
      "min": 3417.0,
      "max": 3417.0,
      "count": 1,
      "ratio_to_perfect": 0.6878019323671497
    },
    "llm_to_or": {
      "rewards": [
        3942.0
      ],
      "mean": 3942.0,
      "std": 0.0,
      "min": 3942.0,
      "max": 3942.0,
      "count": 1,
      "ratio_to_perfect": 0.7934782608695652
    },
    "or_to_llm": {
      "rewards": [
        3534.0
      ],
      "mean": 3534.0,
      "std": 0.0,
      "min": 3534.0,
      "max": 3534.0,
      "count": 1,
      "ratio_to_perfect": 0.711352657004831
    },
    "perfect_score": {
      "rewards": [
        4968.0
      ],
      "mean": 4968.0,
      "std": 0.0,
      "min": 4968.0,
      "max": 4968.0,
      "count": 1,
      "ratio_to_perfect": 1.0
    }
  },
  "errors": {}
}