{
  "instance_dir": "D:\\TextArena\\examples\\benchmark\\real_trajectory\\lead_time_0\\294008002",
  "instance_name": "294008002",
  "promised_lead_time": 0,
  "model": "google/gemini-3-flash-preview",
  "num_runs_llm": 1,
  "num_runs_deterministic": 1,
  "max_periods": null,
  "summary": {
    "perfect_score": 2802.0,
    "ratios": {
      "or": 0.4011420413990007,
      "llm": 0.6388294075660242,
      "llm_to_or": 0.6952177016416845,
      "or_to_llm": 0.6291934332619558,
      "perfect_score": 1.0
    },
    "warnings": null
  },
  "results": {
    "or": {
      "rewards": [
        1124.0
      ],
      "mean": 1124.0,
      "std": 0.0,
      "min": 1124.0,
      "max": 1124.0,
      "count": 1,
      "ratio_to_perfect": 0.4011420413990007
    },
    "llm": {
      "rewards": [
        1790.0
      ],
      "mean": 1790.0,
      "std": 0.0,
      "min": 1790.0,
      "max": 1790.0,
      "count": 1,
      "ratio_to_perfect": 0.6388294075660242
    },
    "llm_to_or": {
      "rewards": [
        1948.0
      ],
      "mean": 1948.0,
      "std": 0.0,
      "min": 1948.0,
      "max": 1948.0,
      "count": 1,
      "ratio_to_perfect": 0.6952177016416845
    },
    "or_to_llm": {
      "rewards": [
        1763.0
      ],
      "mean": 1763.0,
      "std": 0.0,
      "min": 1763.0,
      "max": 1763.0,
      "count": 1,
      "ratio_to_perfect": 0.6291934332619558
    },
    "perfect_score": {
      "rewards": [
        2802.0
      ],
      "mean": 2802.0,
      "std": 0.0,
      "min": 2802.0,
      "max": 2802.0,
      "count": 1,
      "ratio_to_perfect": 1.0
    }
  },
  "errors": {}
}