{
  "instance_dir": "D:\\TextArena\\examples\\benchmark\\real_trajectory\\lead_time_4\\189616008",
  "instance_name": "189616008",
  "promised_lead_time": 4,
  "model": "google/gemini-3-flash-preview",
  "num_runs_llm": 1,
  "num_runs_deterministic": 1,
  "max_periods": null,
  "summary": {
    "perfect_score": 49704.0,
    "ratios": {
      "or": 0.5642805408015451,
      "llm": 0.5387896346370513,
      "llm_to_or": 0.5165982617093192,
      "or_to_llm": 0.577015934331241,
      "perfect_score": 1.0
    },
    "warnings": null
  },
  "results": {
    "or": {
      "rewards": [
        28047.0
      ],
      "mean": 28047.0,
      "std": 0.0,
      "min": 28047.0,
      "max": 28047.0,
      "count": 1,
      "ratio_to_perfect": 0.5642805408015451
    },
    "llm": {
      "rewards": [
        26780.0
      ],
      "mean": 26780.0,
      "std": 0.0,
      "min": 26780.0,
      "max": 26780.0,
      "count": 1,
      "ratio_to_perfect": 0.5387896346370513
    },
    "llm_to_or": {
      "rewards": [
        25677.0
      ],
      "mean": 25677.0,
      "std": 0.0,
      "min": 25677.0,
      "max": 25677.0,
      "count": 1,
      "ratio_to_perfect": 0.5165982617093192
    },
    "or_to_llm": {
      "rewards": [
        28680.0
      ],
      "mean": 28680.0,
      "std": 0.0,
      "min": 28680.0,
      "max": 28680.0,
      "count": 1,
      "ratio_to_perfect": 0.577015934331241
    },
    "perfect_score": {
      "rewards": [
        49704.0
      ],
      "mean": 49704.0,
      "std": 0.0,
      "min": 49704.0,
      "max": 49704.0,
      "count": 1,
      "ratio_to_perfect": 1.0
    }
  },
  "errors": {}
}