{
  "instance_dir": "/shared/share_malatown/OR_Agent/examples/benchmark/real_trajectory/lead_time_0/538699007",
  "instance_name": "538699007",
  "promised_lead_time": 0,
  "model": "x-ai/grok-4.1-fast",
  "num_runs_llm": 1,
  "num_runs_deterministic": 1,
  "max_periods": null,
  "summary": {
    "perfect_score": 2914.0,
    "ratios": {
      "or": 0.10501029512697323,
      "llm": 0.5549073438572409,
      "llm_to_or": 0.6386410432395333,
      "or_to_llm": 0.27110501029512696,
      "perfect_score": 1.0
    },
    "warnings": null
  },
  "results": {
    "or": {
      "rewards": [
        306.0
      ],
      "mean": 306.0,
      "std": 0.0,
      "min": 306.0,
      "max": 306.0,
      "count": 1,
      "ratio_to_perfect": 0.10501029512697323
    },
    "llm": {
      "rewards": [
        1617.0
      ],
      "mean": 1617.0,
      "std": 0.0,
      "min": 1617.0,
      "max": 1617.0,
      "count": 1,
      "ratio_to_perfect": 0.5549073438572409
    },
    "llm_to_or": {
      "rewards": [
        1861.0
      ],
      "mean": 1861.0,
      "std": 0.0,
      "min": 1861.0,
      "max": 1861.0,
      "count": 1,
      "ratio_to_perfect": 0.6386410432395333
    },
    "or_to_llm": {
      "rewards": [
        790.0
      ],
      "mean": 790.0,
      "std": 0.0,
      "min": 790.0,
      "max": 790.0,
      "count": 1,
      "ratio_to_perfect": 0.27110501029512696
    },
    "perfect_score": {
      "rewards": [
        2914.0
      ],
      "mean": 2914.0,
      "std": 0.0,
      "min": 2914.0,
      "max": 2914.0,
      "count": 1,
      "ratio_to_perfect": 1.0
    }
  },
  "errors": {}
}