{
  "instance_dir": "D:\\TextArena\\examples\\benchmark\\real_trajectory\\lead_time_0\\677930023",
  "instance_name": "677930023",
  "promised_lead_time": 0,
  "model": "google/gemini-3-flash-preview",
  "num_runs_llm": 1,
  "num_runs_deterministic": 1,
  "max_periods": null,
  "summary": {
    "perfect_score": 12520.0,
    "ratios": {
      "or": 0.4910543130990415,
      "llm": 0.5960862619808307,
      "llm_to_or": 0.6480830670926517,
      "or_to_llm": 0.634664536741214,
      "perfect_score": 1.0
    },
    "warnings": null
  },
  "results": {
    "or": {
      "rewards": [
        6148.0
      ],
      "mean": 6148.0,
      "std": 0.0,
      "min": 6148.0,
      "max": 6148.0,
      "count": 1,
      "ratio_to_perfect": 0.4910543130990415
    },
    "llm": {
      "rewards": [
        7463.0
      ],
      "mean": 7463.0,
      "std": 0.0,
      "min": 7463.0,
      "max": 7463.0,
      "count": 1,
      "ratio_to_perfect": 0.5960862619808307
    },
    "llm_to_or": {
      "rewards": [
        8114.0
      ],
      "mean": 8114.0,
      "std": 0.0,
      "min": 8114.0,
      "max": 8114.0,
      "count": 1,
      "ratio_to_perfect": 0.6480830670926517
    },
    "or_to_llm": {
      "rewards": [
        7946.0
      ],
      "mean": 7946.0,
      "std": 0.0,
      "min": 7946.0,
      "max": 7946.0,
      "count": 1,
      "ratio_to_perfect": 0.634664536741214
    },
    "perfect_score": {
      "rewards": [
        12520.0
      ],
      "mean": 12520.0,
      "std": 0.0,
      "min": 12520.0,
      "max": 12520.0,
      "count": 1,
      "ratio_to_perfect": 1.0
    }
  },
  "errors": {}
}