{
  "instance_dir": "D:\\TextArena\\examples\\benchmark\\synthetic_trajectory\\lead_time_0\\p04_increasing_trend\\v3_exp_1_05\\r1_high",
  "instance_name": "r1_high",
  "promised_lead_time": 0,
  "model": "google/gemini-3-flash-preview",
  "num_runs_llm": 1,
  "num_runs_deterministic": 1,
  "max_periods": null,
  "summary": {
    "perfect_score": 414542.0,
    "ratios": {
      "or": 0.8317926772196785,
      "llm": 0.9804121174693999,
      "llm_to_or": 0.9689657501531811,
      "or_to_llm": 0.9755585682512267,
      "perfect_score": 1.0
    },
    "warnings": null
  },
  "results": {
    "or": {
      "rewards": [
        344813.0
      ],
      "mean": 344813.0,
      "std": 0.0,
      "min": 344813.0,
      "max": 344813.0,
      "count": 1,
      "ratio_to_perfect": 0.8317926772196785
    },
    "llm": {
      "rewards": [
        406422.0
      ],
      "mean": 406422.0,
      "std": 0.0,
      "min": 406422.0,
      "max": 406422.0,
      "count": 1,
      "ratio_to_perfect": 0.9804121174693999
    },
    "llm_to_or": {
      "rewards": [
        401677.0
      ],
      "mean": 401677.0,
      "std": 0.0,
      "min": 401677.0,
      "max": 401677.0,
      "count": 1,
      "ratio_to_perfect": 0.9689657501531811
    },
    "or_to_llm": {
      "rewards": [
        404410.0
      ],
      "mean": 404410.0,
      "std": 0.0,
      "min": 404410.0,
      "max": 404410.0,
      "count": 1,
      "ratio_to_perfect": 0.9755585682512267
    },
    "perfect_score": {
      "rewards": [
        414542.0
      ],
      "mean": 414542.0,
      "std": 0.0,
      "min": 414542.0,
      "max": 414542.0,
      "count": 1,
      "ratio_to_perfect": 1.0
    }
  },
  "errors": {}
}