{
  "instance_dir": "/shared/share_malatown/OR_Agent/examples/benchmark/real_trajectory/lead_time_0/688558002",
  "instance_name": "688558002",
  "promised_lead_time": 0,
  "model": "x-ai/grok-4.1-fast",
  "num_runs_llm": 1,
  "num_runs_deterministic": 1,
  "max_periods": null,
  "summary": {
    "perfect_score": 70680.0,
    "ratios": {
      "or": 0.779782116581777,
      "llm": 0.7670486700622524,
      "llm_to_or": 0.7741652518392756,
      "or_to_llm": 0.8072439162422185,
      "perfect_score": 1.0
    },
    "warnings": null
  },
  "results": {
    "or": {
      "rewards": [
        55115.0
      ],
      "mean": 55115.0,
      "std": 0.0,
      "min": 55115.0,
      "max": 55115.0,
      "count": 1,
      "ratio_to_perfect": 0.779782116581777
    },
    "llm": {
      "rewards": [
        54215.0
      ],
      "mean": 54215.0,
      "std": 0.0,
      "min": 54215.0,
      "max": 54215.0,
      "count": 1,
      "ratio_to_perfect": 0.7670486700622524
    },
    "llm_to_or": {
      "rewards": [
        54718.0
      ],
      "mean": 54718.0,
      "std": 0.0,
      "min": 54718.0,
      "max": 54718.0,
      "count": 1,
      "ratio_to_perfect": 0.7741652518392756
    },
    "or_to_llm": {
      "rewards": [
        57056.0
      ],
      "mean": 57056.0,
      "std": 0.0,
      "min": 57056.0,
      "max": 57056.0,
      "count": 1,
      "ratio_to_perfect": 0.8072439162422185
    },
    "perfect_score": {
      "rewards": [
        70680.0
      ],
      "mean": 70680.0,
      "std": 0.0,
      "min": 70680.0,
      "max": 70680.0,
      "count": 1,
      "ratio_to_perfect": 1.0
    }
  },
  "errors": {}
}