{
  "instance_dir": "/shared/share_malatown/OR_Agent/examples/benchmark/real_trajectory/lead_time_stochastic/562245062",
  "instance_name": "562245062",
  "promised_lead_time": 2,
  "model": "x-ai/grok-4.1-fast",
  "num_runs_llm": 1,
  "num_runs_deterministic": 1,
  "max_periods": null,
  "summary": {
    "perfect_score": 13780.0,
    "ratios": {
      "or": 0.14238026124818579,
      "llm": 0.4902031930333817,
      "llm_to_or": -0.21255442670537011,
      "or_to_llm": 0.39063860667634254,
      "perfect_score": 1.0
    },
    "warnings": null
  },
  "results": {
    "or": {
      "rewards": [
        1962.0
      ],
      "mean": 1962.0,
      "std": 0.0,
      "min": 1962.0,
      "max": 1962.0,
      "count": 1,
      "ratio_to_perfect": 0.14238026124818579
    },
    "llm": {
      "rewards": [
        6755.0
      ],
      "mean": 6755.0,
      "std": 0.0,
      "min": 6755.0,
      "max": 6755.0,
      "count": 1,
      "ratio_to_perfect": 0.4902031930333817
    },
    "llm_to_or": {
      "rewards": [
        -2929.0
      ],
      "mean": -2929.0,
      "std": 0.0,
      "min": -2929.0,
      "max": -2929.0,
      "count": 1,
      "ratio_to_perfect": -0.21255442670537011
    },
    "or_to_llm": {
      "rewards": [
        5383.0
      ],
      "mean": 5383.0,
      "std": 0.0,
      "min": 5383.0,
      "max": 5383.0,
      "count": 1,
      "ratio_to_perfect": 0.39063860667634254
    },
    "perfect_score": {
      "rewards": [
        13780.0
      ],
      "mean": 13780.0,
      "std": 0.0,
      "min": 13780.0,
      "max": 13780.0,
      "count": 1,
      "ratio_to_perfect": 1.0
    }
  },
  "errors": {}
}