{
  "instance_dir": "/shared/share_malatown/OR_Agent/examples/benchmark/real_trajectory/lead_time_stochastic/677930023",
  "instance_name": "677930023",
  "promised_lead_time": 2,
  "model": "x-ai/grok-4.1-fast",
  "num_runs_llm": 1,
  "num_runs_deterministic": 1,
  "max_periods": null,
  "summary": {
    "perfect_score": 12520.0,
    "ratios": {
      "or": 0.06421725239616613,
      "llm": -0.3813897763578275,
      "llm_to_or": 0.19233226837060702,
      "or_to_llm": 0.05391373801916933,
      "perfect_score": 1.0
    },
    "warnings": null
  },
  "results": {
    "or": {
      "rewards": [
        804.0
      ],
      "mean": 804.0,
      "std": 0.0,
      "min": 804.0,
      "max": 804.0,
      "count": 1,
      "ratio_to_perfect": 0.06421725239616613
    },
    "llm": {
      "rewards": [
        -4775.0
      ],
      "mean": -4775.0,
      "std": 0.0,
      "min": -4775.0,
      "max": -4775.0,
      "count": 1,
      "ratio_to_perfect": -0.3813897763578275
    },
    "llm_to_or": {
      "rewards": [
        2408.0
      ],
      "mean": 2408.0,
      "std": 0.0,
      "min": 2408.0,
      "max": 2408.0,
      "count": 1,
      "ratio_to_perfect": 0.19233226837060702
    },
    "or_to_llm": {
      "rewards": [
        675.0
      ],
      "mean": 675.0,
      "std": 0.0,
      "min": 675.0,
      "max": 675.0,
      "count": 1,
      "ratio_to_perfect": 0.05391373801916933
    },
    "perfect_score": {
      "rewards": [
        12520.0
      ],
      "mean": 12520.0,
      "std": 0.0,
      "min": 12520.0,
      "max": 12520.0,
      "count": 1,
      "ratio_to_perfect": 1.0
    }
  },
  "errors": {}
}