{
  "instance_dir": "/shared/share_malatown/OR-Agent-GPT5mini-benchmark/examples/benchmark/real_trajectory/lead_time_0/658030006",
  "instance_name": "658030006",
  "promised_lead_time": 0,
  "model": "openai/gpt-5-mini",
  "num_runs_llm": 1,
  "num_runs_deterministic": 1,
  "max_periods": null,
  "summary": {
    "perfect_score": 3065.0,
    "ratios": {
      "or": 0.4303425774877651,
      "llm": 0.5964110929853181,
      "llm_to_or": 0.48189233278955956,
      "or_to_llm": 0.6058727569331158,
      "perfect_score": 1.0
    },
    "warnings": null
  },
  "results": {
    "or": {
      "rewards": [
        1319.0
      ],
      "mean": 1319.0,
      "std": 0.0,
      "min": 1319.0,
      "max": 1319.0,
      "count": 1,
      "ratio_to_perfect": 0.4303425774877651
    },
    "llm": {
      "rewards": [
        1828.0
      ],
      "mean": 1828.0,
      "std": 0.0,
      "min": 1828.0,
      "max": 1828.0,
      "count": 1,
      "ratio_to_perfect": 0.5964110929853181
    },
    "llm_to_or": {
      "rewards": [
        1477.0
      ],
      "mean": 1477.0,
      "std": 0.0,
      "min": 1477.0,
      "max": 1477.0,
      "count": 1,
      "ratio_to_perfect": 0.48189233278955956
    },
    "or_to_llm": {
      "rewards": [
        1857.0
      ],
      "mean": 1857.0,
      "std": 0.0,
      "min": 1857.0,
      "max": 1857.0,
      "count": 1,
      "ratio_to_perfect": 0.6058727569331158
    },
    "perfect_score": {
      "rewards": [
        3065.0
      ],
      "mean": 3065.0,
      "std": 0.0,
      "min": 3065.0,
      "max": 3065.0,
      "count": 1,
      "ratio_to_perfect": 1.0
    }
  },
  "errors": {}
}