{
  "instance_dir": "/shared/share_malatown/OR-Agent-GPT5mini-benchmark/examples/benchmark/real_trajectory/lead_time_0/679853001",
  "instance_name": "679853001",
  "promised_lead_time": 0,
  "model": "openai/gpt-5-mini",
  "num_runs_llm": 1,
  "num_runs_deterministic": 1,
  "max_periods": null,
  "summary": {
    "perfect_score": 4030.0,
    "ratios": {
      "or": 0.13300248138957815,
      "llm": 0.5853598014888337,
      "llm_to_or": 0.3930521091811414,
      "or_to_llm": 0.47766749379652607,
      "perfect_score": 1.0
    },
    "warnings": null
  },
  "results": {
    "or": {
      "rewards": [
        536.0
      ],
      "mean": 536.0,
      "std": 0.0,
      "min": 536.0,
      "max": 536.0,
      "count": 1,
      "ratio_to_perfect": 0.13300248138957815
    },
    "llm": {
      "rewards": [
        2359.0
      ],
      "mean": 2359.0,
      "std": 0.0,
      "min": 2359.0,
      "max": 2359.0,
      "count": 1,
      "ratio_to_perfect": 0.5853598014888337
    },
    "llm_to_or": {
      "rewards": [
        1584.0
      ],
      "mean": 1584.0,
      "std": 0.0,
      "min": 1584.0,
      "max": 1584.0,
      "count": 1,
      "ratio_to_perfect": 0.3930521091811414
    },
    "or_to_llm": {
      "rewards": [
        1925.0
      ],
      "mean": 1925.0,
      "std": 0.0,
      "min": 1925.0,
      "max": 1925.0,
      "count": 1,
      "ratio_to_perfect": 0.47766749379652607
    },
    "perfect_score": {
      "rewards": [
        4030.0
      ],
      "mean": 4030.0,
      "std": 0.0,
      "min": 4030.0,
      "max": 4030.0,
      "count": 1,
      "ratio_to_perfect": 1.0
    }
  },
  "errors": {}
}