{
  "instance_dir": "/shared/share_malatown/OR-Agent-GPT5mini-benchmark/examples/benchmark/synthetic_trajectory/lead_time_stochastic/p09_temp_spike_dip/v1_temp_surge/r2_high",
  "instance_name": "r2_high",
  "promised_lead_time": 2,
  "model": "openai/gpt-5-mini",
  "num_runs_llm": 1,
  "num_runs_deterministic": 1,
  "max_periods": null,
  "summary": {
    "perfect_score": 115007.0,
    "ratios": {
      "or": 0.12976601424261133,
      "llm": 0.21783891415305157,
      "llm_to_or": 0.210917596320224,
      "or_to_llm": 0.20023129026928796,
      "perfect_score": 1.0
    },
    "warnings": null
  },
  "results": {
    "or": {
      "rewards": [
        14924.0
      ],
      "mean": 14924.0,
      "std": 0.0,
      "min": 14924.0,
      "max": 14924.0,
      "count": 1,
      "ratio_to_perfect": 0.12976601424261133
    },
    "llm": {
      "rewards": [
        25053.0
      ],
      "mean": 25053.0,
      "std": 0.0,
      "min": 25053.0,
      "max": 25053.0,
      "count": 1,
      "ratio_to_perfect": 0.21783891415305157
    },
    "llm_to_or": {
      "rewards": [
        24257.0
      ],
      "mean": 24257.0,
      "std": 0.0,
      "min": 24257.0,
      "max": 24257.0,
      "count": 1,
      "ratio_to_perfect": 0.210917596320224
    },
    "or_to_llm": {
      "rewards": [
        23028.0
      ],
      "mean": 23028.0,
      "std": 0.0,
      "min": 23028.0,
      "max": 23028.0,
      "count": 1,
      "ratio_to_perfect": 0.20023129026928796
    },
    "perfect_score": {
      "rewards": [
        115007.0
      ],
      "mean": 115007.0,
      "std": 0.0,
      "min": 115007.0,
      "max": 115007.0,
      "count": 1,
      "ratio_to_perfect": 1.0
    }
  },
  "errors": {}
}