{
  "instance_dir": "/shared/share_malatown/OR_Agent/examples/benchmark/real_trajectory/lead_time_stochastic/458239001",
  "instance_name": "458239001",
  "promised_lead_time": 2,
  "model": "x-ai/grok-4.1-fast",
  "num_runs_llm": 1,
  "num_runs_deterministic": 1,
  "max_periods": null,
  "summary": {
    "perfect_score": 50407.0,
    "ratios": {
      "or": 0.4235126073759597,
      "llm": 0.4971928501993771,
      "llm_to_or": 0.04275199873033507,
      "or_to_llm": 0.38375622433392187,
      "perfect_score": 1.0
    },
    "warnings": null
  },
  "results": {
    "or": {
      "rewards": [
        21348.0
      ],
      "mean": 21348.0,
      "std": 0.0,
      "min": 21348.0,
      "max": 21348.0,
      "count": 1,
      "ratio_to_perfect": 0.4235126073759597
    },
    "llm": {
      "rewards": [
        25062.0
      ],
      "mean": 25062.0,
      "std": 0.0,
      "min": 25062.0,
      "max": 25062.0,
      "count": 1,
      "ratio_to_perfect": 0.4971928501993771
    },
    "llm_to_or": {
      "rewards": [
        2155.0
      ],
      "mean": 2155.0,
      "std": 0.0,
      "min": 2155.0,
      "max": 2155.0,
      "count": 1,
      "ratio_to_perfect": 0.04275199873033507
    },
    "or_to_llm": {
      "rewards": [
        19344.0
      ],
      "mean": 19344.0,
      "std": 0.0,
      "min": 19344.0,
      "max": 19344.0,
      "count": 1,
      "ratio_to_perfect": 0.38375622433392187
    },
    "perfect_score": {
      "rewards": [
        50407.0
      ],
      "mean": 50407.0,
      "std": 0.0,
      "min": 50407.0,
      "max": 50407.0,
      "count": 1,
      "ratio_to_perfect": 1.0
    }
  },
  "errors": {}
}