{
  "instance_dir": "D:\\TextArena\\examples\\benchmark\\real_trajectory\\lead_time_0\\575347003",
  "instance_name": "575347003",
  "promised_lead_time": 0,
  "model": "google/gemini-3-flash-preview",
  "num_runs_llm": 1,
  "num_runs_deterministic": 1,
  "max_periods": null,
  "summary": {
    "perfect_score": 3760.0,
    "ratios": {
      "or": 0.5638297872340425,
      "llm": 0.6632978723404256,
      "llm_to_or": 0.7093085106382979,
      "or_to_llm": 0.6183510638297872,
      "perfect_score": 1.0
    },
    "warnings": null
  },
  "results": {
    "or": {
      "rewards": [
        2120.0
      ],
      "mean": 2120.0,
      "std": 0.0,
      "min": 2120.0,
      "max": 2120.0,
      "count": 1,
      "ratio_to_perfect": 0.5638297872340425
    },
    "llm": {
      "rewards": [
        2494.0
      ],
      "mean": 2494.0,
      "std": 0.0,
      "min": 2494.0,
      "max": 2494.0,
      "count": 1,
      "ratio_to_perfect": 0.6632978723404256
    },
    "llm_to_or": {
      "rewards": [
        2667.0
      ],
      "mean": 2667.0,
      "std": 0.0,
      "min": 2667.0,
      "max": 2667.0,
      "count": 1,
      "ratio_to_perfect": 0.7093085106382979
    },
    "or_to_llm": {
      "rewards": [
        2325.0
      ],
      "mean": 2325.0,
      "std": 0.0,
      "min": 2325.0,
      "max": 2325.0,
      "count": 1,
      "ratio_to_perfect": 0.6183510638297872
    },
    "perfect_score": {
      "rewards": [
        3760.0
      ],
      "mean": 3760.0,
      "std": 0.0,
      "min": 3760.0,
      "max": 3760.0,
      "count": 1,
      "ratio_to_perfect": 1.0
    }
  },
  "errors": {}
}