{
  "instance_dir": "/shared/share_malatown/OR_Agent/examples/benchmark/real_trajectory/lead_time_stochastic/554792001",
  "instance_name": "554792001",
  "promised_lead_time": 2,
  "model": "x-ai/grok-4.1-fast",
  "num_runs_llm": 1,
  "num_runs_deterministic": 1,
  "max_periods": null,
  "summary": {
    "perfect_score": 9516.0,
    "ratios": {
      "or": 0.26208490962589326,
      "llm": 0.14239176124422026,
      "llm_to_or": 0.1823245060949979,
      "or_to_llm": 0.4171920975199664,
      "perfect_score": 1.0
    },
    "warnings": null
  },
  "results": {
    "or": {
      "rewards": [
        2494.0
      ],
      "mean": 2494.0,
      "std": 0.0,
      "min": 2494.0,
      "max": 2494.0,
      "count": 1,
      "ratio_to_perfect": 0.26208490962589326
    },
    "llm": {
      "rewards": [
        1355.0
      ],
      "mean": 1355.0,
      "std": 0.0,
      "min": 1355.0,
      "max": 1355.0,
      "count": 1,
      "ratio_to_perfect": 0.14239176124422026
    },
    "llm_to_or": {
      "rewards": [
        1735.0
      ],
      "mean": 1735.0,
      "std": 0.0,
      "min": 1735.0,
      "max": 1735.0,
      "count": 1,
      "ratio_to_perfect": 0.1823245060949979
    },
    "or_to_llm": {
      "rewards": [
        3970.0
      ],
      "mean": 3970.0,
      "std": 0.0,
      "min": 3970.0,
      "max": 3970.0,
      "count": 1,
      "ratio_to_perfect": 0.4171920975199664
    },
    "perfect_score": {
      "rewards": [
        9516.0
      ],
      "mean": 9516.0,
      "std": 0.0,
      "min": 9516.0,
      "max": 9516.0,
      "count": 1,
      "ratio_to_perfect": 1.0
    }
  },
  "errors": {}
}