{
  "instance_dir": "/shared/share_malatown/OR-Agent-GPT5mini-benchmark/examples/benchmark/real_trajectory/lead_time_0/692226003",
  "instance_name": "692226003",
  "promised_lead_time": 0,
  "model": "openai/gpt-5-mini",
  "num_runs_llm": 1,
  "num_runs_deterministic": 1,
  "max_periods": null,
  "summary": {
    "perfect_score": 71668.0,
    "ratios": {
      "or": 0.8935089579728749,
      "llm": 0.9285315622034939,
      "llm_to_or": 0.9429592007590556,
      "or_to_llm": 0.9497683764022995,
      "perfect_score": 1.0
    },
    "warnings": null
  },
  "results": {
    "or": {
      "rewards": [
        64036.0
      ],
      "mean": 64036.0,
      "std": 0.0,
      "min": 64036.0,
      "max": 64036.0,
      "count": 1,
      "ratio_to_perfect": 0.8935089579728749
    },
    "llm": {
      "rewards": [
        66546.0
      ],
      "mean": 66546.0,
      "std": 0.0,
      "min": 66546.0,
      "max": 66546.0,
      "count": 1,
      "ratio_to_perfect": 0.9285315622034939
    },
    "llm_to_or": {
      "rewards": [
        67580.0
      ],
      "mean": 67580.0,
      "std": 0.0,
      "min": 67580.0,
      "max": 67580.0,
      "count": 1,
      "ratio_to_perfect": 0.9429592007590556
    },
    "or_to_llm": {
      "rewards": [
        68068.0
      ],
      "mean": 68068.0,
      "std": 0.0,
      "min": 68068.0,
      "max": 68068.0,
      "count": 1,
      "ratio_to_perfect": 0.9497683764022995
    },
    "perfect_score": {
      "rewards": [
        71668.0
      ],
      "mean": 71668.0,
      "std": 0.0,
      "min": 71668.0,
      "max": 71668.0,
      "count": 1,
      "ratio_to_perfect": 1.0
    }
  },
  "errors": {}
}