{
  "instance_dir": "D:\\TextArena\\examples\\benchmark\\real_trajectory\\lead_time_0\\372860001",
  "instance_name": "372860001",
  "promised_lead_time": 0,
  "model": "google/gemini-3-flash-preview",
  "num_runs_llm": 1,
  "num_runs_deterministic": 1,
  "max_periods": null,
  "summary": {
    "perfect_score": 14198.0,
    "ratios": {
      "or": 0.8046203690660656,
      "llm": 0.737850401464995,
      "llm_to_or": 0.8236371319904212,
      "or_to_llm": 0.7438371601634033,
      "perfect_score": 1.0
    },
    "warnings": null
  },
  "results": {
    "or": {
      "rewards": [
        11424.0
      ],
      "mean": 11424.0,
      "std": 0.0,
      "min": 11424.0,
      "max": 11424.0,
      "count": 1,
      "ratio_to_perfect": 0.8046203690660656
    },
    "llm": {
      "rewards": [
        10476.0
      ],
      "mean": 10476.0,
      "std": 0.0,
      "min": 10476.0,
      "max": 10476.0,
      "count": 1,
      "ratio_to_perfect": 0.737850401464995
    },
    "llm_to_or": {
      "rewards": [
        11694.0
      ],
      "mean": 11694.0,
      "std": 0.0,
      "min": 11694.0,
      "max": 11694.0,
      "count": 1,
      "ratio_to_perfect": 0.8236371319904212
    },
    "or_to_llm": {
      "rewards": [
        10561.0
      ],
      "mean": 10561.0,
      "std": 0.0,
      "min": 10561.0,
      "max": 10561.0,
      "count": 1,
      "ratio_to_perfect": 0.7438371601634033
    },
    "perfect_score": {
      "rewards": [
        14198.0
      ],
      "mean": 14198.0,
      "std": 0.0,
      "min": 14198.0,
      "max": 14198.0,
      "count": 1,
      "ratio_to_perfect": 1.0
    }
  },
  "errors": {}
}