{
  "instance_dir": "/shared/share_malatown/OR_Agent/examples/benchmark/real_trajectory/lead_time_4/224606019",
  "instance_name": "224606019",
  "promised_lead_time": 4,
  "model": "x-ai/grok-4.1-fast",
  "num_runs_llm": 1,
  "num_runs_deterministic": 1,
  "max_periods": null,
  "summary": {
    "perfect_score": 55575.0,
    "ratios": {
      "or": 0.794098065677013,
      "llm": 0.5510571300044984,
      "llm_to_or": 0.7002968960863698,
      "or_to_llm": 0.7963472784525416,
      "perfect_score": 1.0
    },
    "warnings": null
  },
  "results": {
    "or": {
      "rewards": [
        44132.0
      ],
      "mean": 44132.0,
      "std": 0.0,
      "min": 44132.0,
      "max": 44132.0,
      "count": 1,
      "ratio_to_perfect": 0.794098065677013
    },
    "llm": {
      "rewards": [
        30625.0
      ],
      "mean": 30625.0,
      "std": 0.0,
      "min": 30625.0,
      "max": 30625.0,
      "count": 1,
      "ratio_to_perfect": 0.5510571300044984
    },
    "llm_to_or": {
      "rewards": [
        38919.0
      ],
      "mean": 38919.0,
      "std": 0.0,
      "min": 38919.0,
      "max": 38919.0,
      "count": 1,
      "ratio_to_perfect": 0.7002968960863698
    },
    "or_to_llm": {
      "rewards": [
        44257.0
      ],
      "mean": 44257.0,
      "std": 0.0,
      "min": 44257.0,
      "max": 44257.0,
      "count": 1,
      "ratio_to_perfect": 0.7963472784525416
    },
    "perfect_score": {
      "rewards": [
        55575.0
      ],
      "mean": 55575.0,
      "std": 0.0,
      "min": 55575.0,
      "max": 55575.0,
      "count": 1,
      "ratio_to_perfect": 1.0
    }
  },
  "errors": {}
}