{
  "instance_dir": "D:\\TextArena\\examples\\benchmark\\real_trajectory\\lead_time_stochastic\\372860002",
  "instance_name": "372860002",
  "promised_lead_time": 2,
  "model": "google/gemini-3-flash-preview",
  "num_runs_llm": 1,
  "num_runs_deterministic": 1,
  "max_periods": null,
  "summary": {
    "perfect_score": 11359.0,
    "ratios": {
      "or": 0.21313495906329782,
      "llm": -0.24456378202306542,
      "llm_to_or": 0.0914693194823488,
      "or_to_llm": 0.20019367902104057,
      "perfect_score": 1.0
    },
    "warnings": null
  },
  "results": {
    "or": {
      "rewards": [
        2421.0
      ],
      "mean": 2421.0,
      "std": 0.0,
      "min": 2421.0,
      "max": 2421.0,
      "count": 1,
      "ratio_to_perfect": 0.21313495906329782
    },
    "llm": {
      "rewards": [
        -2778.0
      ],
      "mean": -2778.0,
      "std": 0.0,
      "min": -2778.0,
      "max": -2778.0,
      "count": 1,
      "ratio_to_perfect": -0.24456378202306542
    },
    "llm_to_or": {
      "rewards": [
        1039.0
      ],
      "mean": 1039.0,
      "std": 0.0,
      "min": 1039.0,
      "max": 1039.0,
      "count": 1,
      "ratio_to_perfect": 0.0914693194823488
    },
    "or_to_llm": {
      "rewards": [
        2274.0
      ],
      "mean": 2274.0,
      "std": 0.0,
      "min": 2274.0,
      "max": 2274.0,
      "count": 1,
      "ratio_to_perfect": 0.20019367902104057
    },
    "perfect_score": {
      "rewards": [
        11359.0
      ],
      "mean": 11359.0,
      "std": 0.0,
      "min": 11359.0,
      "max": 11359.0,
      "count": 1,
      "ratio_to_perfect": 1.0
    }
  },
  "errors": {}
}