{
  "instance_dir": "/shared/share_malatown/OR_Agent/examples/benchmark/synthetic_trajectory/lead_time_stochastic/p02_mean_increase/v1_100to200/r2_high",
  "instance_name": "r2_high",
  "promised_lead_time": 2,
  "model": "x-ai/grok-4.1-fast",
  "num_runs_llm": 1,
  "num_runs_deterministic": 1,
  "max_periods": null,
  "summary": {
    "perfect_score": 163856.0,
    "ratios": {
      "or": 0.09859266673176448,
      "llm": 0.6685809491260619,
      "llm_to_or": 0.43631603359046967,
      "or_to_llm": 0.6245056635094229,
      "perfect_score": 1.0
    },
    "warnings": null
  },
  "results": {
    "or": {
      "rewards": [
        16155.0
      ],
      "mean": 16155.0,
      "std": 0.0,
      "min": 16155.0,
      "max": 16155.0,
      "count": 1,
      "ratio_to_perfect": 0.09859266673176448
    },
    "llm": {
      "rewards": [
        109551.0
      ],
      "mean": 109551.0,
      "std": 0.0,
      "min": 109551.0,
      "max": 109551.0,
      "count": 1,
      "ratio_to_perfect": 0.6685809491260619
    },
    "llm_to_or": {
      "rewards": [
        71493.0
      ],
      "mean": 71493.0,
      "std": 0.0,
      "min": 71493.0,
      "max": 71493.0,
      "count": 1,
      "ratio_to_perfect": 0.43631603359046967
    },
    "or_to_llm": {
      "rewards": [
        102329.0
      ],
      "mean": 102329.0,
      "std": 0.0,
      "min": 102329.0,
      "max": 102329.0,
      "count": 1,
      "ratio_to_perfect": 0.6245056635094229
    },
    "perfect_score": {
      "rewards": [
        163856.0
      ],
      "mean": 163856.0,
      "std": 0.0,
      "min": 163856.0,
      "max": 163856.0,
      "count": 1,
      "ratio_to_perfect": 1.0
    }
  },
  "errors": {}
}