{
  "instance_dir": "D:\\TextArena\\examples\\benchmark\\synthetic_trajectory\\lead_time_0\\p08_multi_changepoint\\v2_down_then_up\\r2_med",
  "instance_name": "r2_med",
  "promised_lead_time": 0,
  "model": "google/gemini-3-flash-preview",
  "num_runs_llm": 1,
  "num_runs_deterministic": 1,
  "max_periods": null,
  "summary": {
    "perfect_score": 18996.0,
    "ratios": {
      "or": 0.8249631501368709,
      "llm": 0.8608128026953042,
      "llm_to_or": 0.8728679722046747,
      "or_to_llm": 0.8710781217098337,
      "perfect_score": 1.0
    },
    "warnings": null
  },
  "results": {
    "or": {
      "rewards": [
        15671.0
      ],
      "mean": 15671.0,
      "std": 0.0,
      "min": 15671.0,
      "max": 15671.0,
      "count": 1,
      "ratio_to_perfect": 0.8249631501368709
    },
    "llm": {
      "rewards": [
        16352.0
      ],
      "mean": 16352.0,
      "std": 0.0,
      "min": 16352.0,
      "max": 16352.0,
      "count": 1,
      "ratio_to_perfect": 0.8608128026953042
    },
    "llm_to_or": {
      "rewards": [
        16581.0
      ],
      "mean": 16581.0,
      "std": 0.0,
      "min": 16581.0,
      "max": 16581.0,
      "count": 1,
      "ratio_to_perfect": 0.8728679722046747
    },
    "or_to_llm": {
      "rewards": [
        16547.0
      ],
      "mean": 16547.0,
      "std": 0.0,
      "min": 16547.0,
      "max": 16547.0,
      "count": 1,
      "ratio_to_perfect": 0.8710781217098337
    },
    "perfect_score": {
      "rewards": [
        18996.0
      ],
      "mean": 18996.0,
      "std": 0.0,
      "min": 18996.0,
      "max": 18996.0,
      "count": 1,
      "ratio_to_perfect": 1.0
    }
  },
  "errors": {}
}