{
  "instance_dir": "D:\\TextArena\\examples\\benchmark\\real_trajectory\\lead_time_4\\316441001",
  "instance_name": "316441001",
  "promised_lead_time": 4,
  "model": "google/gemini-3-flash-preview",
  "num_runs_llm": 1,
  "num_runs_deterministic": 1,
  "max_periods": null,
  "summary": {
    "perfect_score": 2394.0,
    "ratios": {
      "or": -2.3028404344193816,
      "llm": -4.710108604845447,
      "llm_to_or": -1.181704260651629,
      "or_to_llm": -1.2025898078529658,
      "perfect_score": 1.0
    },
    "warnings": null
  },
  "results": {
    "or": {
      "rewards": [
        -5513.0
      ],
      "mean": -5513.0,
      "std": 0.0,
      "min": -5513.0,
      "max": -5513.0,
      "count": 1,
      "ratio_to_perfect": -2.3028404344193816
    },
    "llm": {
      "rewards": [
        -11276.0
      ],
      "mean": -11276.0,
      "std": 0.0,
      "min": -11276.0,
      "max": -11276.0,
      "count": 1,
      "ratio_to_perfect": -4.710108604845447
    },
    "llm_to_or": {
      "rewards": [
        -2829.0
      ],
      "mean": -2829.0,
      "std": 0.0,
      "min": -2829.0,
      "max": -2829.0,
      "count": 1,
      "ratio_to_perfect": -1.181704260651629
    },
    "or_to_llm": {
      "rewards": [
        -2879.0
      ],
      "mean": -2879.0,
      "std": 0.0,
      "min": -2879.0,
      "max": -2879.0,
      "count": 1,
      "ratio_to_perfect": -1.2025898078529658
    },
    "perfect_score": {
      "rewards": [
        2394.0
      ],
      "mean": 2394.0,
      "std": 0.0,
      "min": 2394.0,
      "max": 2394.0,
      "count": 1,
      "ratio_to_perfect": 1.0
    }
  },
  "errors": {}
}