{
  "instance_dir": "D:\\TextArena\\examples\\benchmark\\synthetic_trajectory\\lead_time_0\\p06_variance_change\\v3_var_decrease\\r2_high",
  "instance_name": "r2_high",
  "promised_lead_time": 0,
  "model": "google/gemini-3-flash-preview",
  "num_runs_llm": 1,
  "num_runs_deterministic": 1,
  "max_periods": null,
  "summary": {
    "perfect_score": 95057.0,
    "ratios": {
      "or": 0.9477576611927581,
      "llm": 0.9224254920731771,
      "llm_to_or": 0.9549217837718421,
      "or_to_llm": 0.9468108608519099,
      "perfect_score": 1.0
    },
    "warnings": null
  },
  "results": {
    "or": {
      "rewards": [
        90091.0
      ],
      "mean": 90091.0,
      "std": 0.0,
      "min": 90091.0,
      "max": 90091.0,
      "count": 1,
      "ratio_to_perfect": 0.9477576611927581
    },
    "llm": {
      "rewards": [
        87683.0
      ],
      "mean": 87683.0,
      "std": 0.0,
      "min": 87683.0,
      "max": 87683.0,
      "count": 1,
      "ratio_to_perfect": 0.9224254920731771
    },
    "llm_to_or": {
      "rewards": [
        90772.0
      ],
      "mean": 90772.0,
      "std": 0.0,
      "min": 90772.0,
      "max": 90772.0,
      "count": 1,
      "ratio_to_perfect": 0.9549217837718421
    },
    "or_to_llm": {
      "rewards": [
        90001.0
      ],
      "mean": 90001.0,
      "std": 0.0,
      "min": 90001.0,
      "max": 90001.0,
      "count": 1,
      "ratio_to_perfect": 0.9468108608519099
    },
    "perfect_score": {
      "rewards": [
        95057.0
      ],
      "mean": 95057.0,
      "std": 0.0,
      "min": 95057.0,
      "max": 95057.0,
      "count": 1,
      "ratio_to_perfect": 1.0
    }
  },
  "errors": {}
}