{
  "instance_dir": "D:\\TextArena\\examples\\benchmark\\synthetic_trajectory\\lead_time_4\\p09_temp_spike_dip\\v1_temp_surge\\r1_high",
  "instance_name": "r1_high",
  "promised_lead_time": 4,
  "model": "google/gemini-3-flash-preview",
  "num_runs_llm": 1,
  "num_runs_deterministic": 1,
  "max_periods": null,
  "summary": {
    "perfect_score": 117876.0,
    "ratios": {
      "or": 0.7391411313583766,
      "llm": 0.7549034578709831,
      "llm_to_or": 0.7789202212494486,
      "or_to_llm": 0.7689351521938308,
      "perfect_score": 1.0
    },
    "warnings": null
  },
  "results": {
    "or": {
      "rewards": [
        87127.0
      ],
      "mean": 87127.0,
      "std": 0.0,
      "min": 87127.0,
      "max": 87127.0,
      "count": 1,
      "ratio_to_perfect": 0.7391411313583766
    },
    "llm": {
      "rewards": [
        88985.0
      ],
      "mean": 88985.0,
      "std": 0.0,
      "min": 88985.0,
      "max": 88985.0,
      "count": 1,
      "ratio_to_perfect": 0.7549034578709831
    },
    "llm_to_or": {
      "rewards": [
        91816.0
      ],
      "mean": 91816.0,
      "std": 0.0,
      "min": 91816.0,
      "max": 91816.0,
      "count": 1,
      "ratio_to_perfect": 0.7789202212494486
    },
    "or_to_llm": {
      "rewards": [
        90639.0
      ],
      "mean": 90639.0,
      "std": 0.0,
      "min": 90639.0,
      "max": 90639.0,
      "count": 1,
      "ratio_to_perfect": 0.7689351521938308
    },
    "perfect_score": {
      "rewards": [
        117876.0
      ],
      "mean": 117876.0,
      "std": 0.0,
      "min": 117876.0,
      "max": 117876.0,
      "count": 1,
      "ratio_to_perfect": 1.0
    }
  },
  "errors": {}
}