{
  "instance_dir": "/shared/share_malatown/OR-Agent-GPT5mini-benchmark/examples/benchmark/real_trajectory/lead_time_stochastic/719655001",
  "instance_name": "719655001",
  "promised_lead_time": 2,
  "model": "openai/gpt-5-mini",
  "num_runs_llm": 1,
  "num_runs_deterministic": 1,
  "max_periods": null,
  "summary": {
    "perfect_score": 115178.0,
    "ratios": {
      "or": 0.17831530326972164,
      "llm": 0.6127819548872181,
      "llm_to_or": 0.09329906753025752,
      "or_to_llm": 0.13399260275399816,
      "perfect_score": 1.0
    },
    "warnings": null
  },
  "results": {
    "or": {
      "rewards": [
        20538.0
      ],
      "mean": 20538.0,
      "std": 0.0,
      "min": 20538.0,
      "max": 20538.0,
      "count": 1,
      "ratio_to_perfect": 0.17831530326972164
    },
    "llm": {
      "rewards": [
        70579.0
      ],
      "mean": 70579.0,
      "std": 0.0,
      "min": 70579.0,
      "max": 70579.0,
      "count": 1,
      "ratio_to_perfect": 0.6127819548872181
    },
    "llm_to_or": {
      "rewards": [
        10746.0
      ],
      "mean": 10746.0,
      "std": 0.0,
      "min": 10746.0,
      "max": 10746.0,
      "count": 1,
      "ratio_to_perfect": 0.09329906753025752
    },
    "or_to_llm": {
      "rewards": [
        15433.0
      ],
      "mean": 15433.0,
      "std": 0.0,
      "min": 15433.0,
      "max": 15433.0,
      "count": 1,
      "ratio_to_perfect": 0.13399260275399816
    },
    "perfect_score": {
      "rewards": [
        115178.0
      ],
      "mean": 115178.0,
      "std": 0.0,
      "min": 115178.0,
      "max": 115178.0,
      "count": 1,
      "ratio_to_perfect": 1.0
    }
  },
  "errors": {}
}