{
  "instance_dir": "/shared/share_malatown/OR-Agent-GPT5mini-benchmark/examples/benchmark/real_trajectory/lead_time_stochastic/160442010",
  "instance_name": "160442010",
  "promised_lead_time": 2,
  "model": "openai/gpt-5-mini",
  "num_runs_llm": 1,
  "num_runs_deterministic": 1,
  "max_periods": null,
  "summary": {
    "perfect_score": 146376.0,
    "ratios": {
      "or": 0.29722768759905993,
      "llm": 0.33119500464557033,
      "llm_to_or": 0.3045991146089523,
      "or_to_llm": 0.45495163141498607,
      "perfect_score": 1.0
    },
    "warnings": null
  },
  "results": {
    "or": {
      "rewards": [
        43507.0
      ],
      "mean": 43507.0,
      "std": 0.0,
      "min": 43507.0,
      "max": 43507.0,
      "count": 1,
      "ratio_to_perfect": 0.29722768759905993
    },
    "llm": {
      "rewards": [
        48479.0
      ],
      "mean": 48479.0,
      "std": 0.0,
      "min": 48479.0,
      "max": 48479.0,
      "count": 1,
      "ratio_to_perfect": 0.33119500464557033
    },
    "llm_to_or": {
      "rewards": [
        44586.0
      ],
      "mean": 44586.0,
      "std": 0.0,
      "min": 44586.0,
      "max": 44586.0,
      "count": 1,
      "ratio_to_perfect": 0.3045991146089523
    },
    "or_to_llm": {
      "rewards": [
        66594.0
      ],
      "mean": 66594.0,
      "std": 0.0,
      "min": 66594.0,
      "max": 66594.0,
      "count": 1,
      "ratio_to_perfect": 0.45495163141498607
    },
    "perfect_score": {
      "rewards": [
        146376.0
      ],
      "mean": 146376.0,
      "std": 0.0,
      "min": 146376.0,
      "max": 146376.0,
      "count": 1,
      "ratio_to_perfect": 1.0
    }
  },
  "errors": {}
}