{
  "instance_dir": "D:\\TextArena\\examples\\benchmark\\real_trajectory\\lead_time_0\\160442010",
  "instance_name": "160442010",
  "promised_lead_time": 0,
  "model": "google/gemini-3-flash-preview",
  "num_runs_llm": 1,
  "num_runs_deterministic": 1,
  "max_periods": null,
  "summary": {
    "perfect_score": 7704.0,
    "ratios": {
      "or": 0.3417705088265836,
      "llm": 0.6608255451713395,
      "llm_to_or": 0.6853582554517134,
      "or_to_llm": 0.5874870197300104,
      "perfect_score": 1.0
    },
    "warnings": null
  },
  "results": {
    "or": {
      "rewards": [
        2633.0
      ],
      "mean": 2633.0,
      "std": 0.0,
      "min": 2633.0,
      "max": 2633.0,
      "count": 1,
      "ratio_to_perfect": 0.3417705088265836
    },
    "llm": {
      "rewards": [
        5091.0
      ],
      "mean": 5091.0,
      "std": 0.0,
      "min": 5091.0,
      "max": 5091.0,
      "count": 1,
      "ratio_to_perfect": 0.6608255451713395
    },
    "llm_to_or": {
      "rewards": [
        5280.0
      ],
      "mean": 5280.0,
      "std": 0.0,
      "min": 5280.0,
      "max": 5280.0,
      "count": 1,
      "ratio_to_perfect": 0.6853582554517134
    },
    "or_to_llm": {
      "rewards": [
        4526.0
      ],
      "mean": 4526.0,
      "std": 0.0,
      "min": 4526.0,
      "max": 4526.0,
      "count": 1,
      "ratio_to_perfect": 0.5874870197300104
    },
    "perfect_score": {
      "rewards": [
        7704.0
      ],
      "mean": 7704.0,
      "std": 0.0,
      "min": 7704.0,
      "max": 7704.0,
      "count": 1,
      "ratio_to_perfect": 1.0
    }
  },
  "errors": {}
}