{
  "instance_dir": "/shared/share_malatown/OR-Agent-GPT5mini-benchmark/examples/benchmark/real_trajectory/lead_time_0/487722001",
  "instance_name": "487722001",
  "promised_lead_time": 0,
  "model": "openai/gpt-5-mini",
  "num_runs_llm": 1,
  "num_runs_deterministic": 1,
  "max_periods": null,
  "summary": {
    "perfect_score": 3265.0,
    "ratios": {
      "or": 0.5084226646248086,
      "llm": 0.678407350689127,
      "llm_to_or": 0.6275650842266463,
      "or_to_llm": 0.6621745788667688,
      "perfect_score": 1.0
    },
    "warnings": null
  },
  "results": {
    "or": {
      "rewards": [
        1660.0
      ],
      "mean": 1660.0,
      "std": 0.0,
      "min": 1660.0,
      "max": 1660.0,
      "count": 1,
      "ratio_to_perfect": 0.5084226646248086
    },
    "llm": {
      "rewards": [
        2215.0
      ],
      "mean": 2215.0,
      "std": 0.0,
      "min": 2215.0,
      "max": 2215.0,
      "count": 1,
      "ratio_to_perfect": 0.678407350689127
    },
    "llm_to_or": {
      "rewards": [
        2049.0
      ],
      "mean": 2049.0,
      "std": 0.0,
      "min": 2049.0,
      "max": 2049.0,
      "count": 1,
      "ratio_to_perfect": 0.6275650842266463
    },
    "or_to_llm": {
      "rewards": [
        2162.0
      ],
      "mean": 2162.0,
      "std": 0.0,
      "min": 2162.0,
      "max": 2162.0,
      "count": 1,
      "ratio_to_perfect": 0.6621745788667688
    },
    "perfect_score": {
      "rewards": [
        3265.0
      ],
      "mean": 3265.0,
      "std": 0.0,
      "min": 3265.0,
      "max": 3265.0,
      "count": 1,
      "ratio_to_perfect": 1.0
    }
  },
  "errors": {}
}