{
  "instance_dir": "/shared/share_malatown/OR_Agent/examples/benchmark/synthetic_trajectory/lead_time_4/p02_mean_increase/v4_100to200_samevar/r1_med",
  "instance_name": "r1_med",
  "promised_lead_time": 4,
  "model": "x-ai/grok-4.1-fast",
  "num_runs_llm": 1,
  "num_runs_deterministic": 1,
  "max_periods": null,
  "summary": {
    "perfect_score": 33884.0,
    "ratios": {
      "or": 0.7209892574666509,
      "llm": 0.42344469366072485,
      "llm_to_or": 0.8206823279423917,
      "or_to_llm": 0.7864773934600401,
      "perfect_score": 1.0
    },
    "warnings": null
  },
  "results": {
    "or": {
      "rewards": [
        24430.0
      ],
      "mean": 24430.0,
      "std": 0.0,
      "min": 24430.0,
      "max": 24430.0,
      "count": 1,
      "ratio_to_perfect": 0.7209892574666509
    },
    "llm": {
      "rewards": [
        14348.0
      ],
      "mean": 14348.0,
      "std": 0.0,
      "min": 14348.0,
      "max": 14348.0,
      "count": 1,
      "ratio_to_perfect": 0.42344469366072485
    },
    "llm_to_or": {
      "rewards": [
        27808.0
      ],
      "mean": 27808.0,
      "std": 0.0,
      "min": 27808.0,
      "max": 27808.0,
      "count": 1,
      "ratio_to_perfect": 0.8206823279423917
    },
    "or_to_llm": {
      "rewards": [
        26649.0
      ],
      "mean": 26649.0,
      "std": 0.0,
      "min": 26649.0,
      "max": 26649.0,
      "count": 1,
      "ratio_to_perfect": 0.7864773934600401
    },
    "perfect_score": {
      "rewards": [
        33884.0
      ],
      "mean": 33884.0,
      "std": 0.0,
      "min": 33884.0,
      "max": 33884.0,
      "count": 1,
      "ratio_to_perfect": 1.0
    }
  },
  "errors": {}
}