{
  "instance_dir": "/shared/share_malatown/OR_Agent/examples/benchmark/real_trajectory/lead_time_0/658030001",
  "instance_name": "658030001",
  "promised_lead_time": 0,
  "model": "x-ai/grok-4.1-fast",
  "num_runs_llm": 1,
  "num_runs_deterministic": 1,
  "max_periods": null,
  "summary": {
    "perfect_score": 3740.0,
    "ratios": {
      "or": 0.45802139037433154,
      "llm": 0.386096256684492,
      "llm_to_or": 0.5283422459893048,
      "or_to_llm": 0.4310160427807487,
      "perfect_score": 1.0
    },
    "warnings": null
  },
  "results": {
    "or": {
      "rewards": [
        1713.0
      ],
      "mean": 1713.0,
      "std": 0.0,
      "min": 1713.0,
      "max": 1713.0,
      "count": 1,
      "ratio_to_perfect": 0.45802139037433154
    },
    "llm": {
      "rewards": [
        1444.0
      ],
      "mean": 1444.0,
      "std": 0.0,
      "min": 1444.0,
      "max": 1444.0,
      "count": 1,
      "ratio_to_perfect": 0.386096256684492
    },
    "llm_to_or": {
      "rewards": [
        1976.0
      ],
      "mean": 1976.0,
      "std": 0.0,
      "min": 1976.0,
      "max": 1976.0,
      "count": 1,
      "ratio_to_perfect": 0.5283422459893048
    },
    "or_to_llm": {
      "rewards": [
        1612.0
      ],
      "mean": 1612.0,
      "std": 0.0,
      "min": 1612.0,
      "max": 1612.0,
      "count": 1,
      "ratio_to_perfect": 0.4310160427807487
    },
    "perfect_score": {
      "rewards": [
        3740.0
      ],
      "mean": 3740.0,
      "std": 0.0,
      "min": 3740.0,
      "max": 3740.0,
      "count": 1,
      "ratio_to_perfect": 1.0
    }
  },
  "errors": {}
}