{
  "instance_dir": "D:\\TextArena\\examples\\benchmark\\real_trajectory\\lead_time_0\\399061008",
  "instance_name": "399061008",
  "promised_lead_time": 0,
  "model": "google/gemini-3-flash-preview",
  "num_runs_llm": 1,
  "num_runs_deterministic": 1,
  "max_periods": null,
  "summary": {
    "perfect_score": 77292.0,
    "ratios": {
      "or": 0.8404362676603012,
      "llm": 0.8722636236609222,
      "llm_to_or": 0.9009729338094499,
      "or_to_llm": 0.9027066190550121,
      "perfect_score": 1.0
    },
    "warnings": null
  },
  "results": {
    "or": {
      "rewards": [
        64959.0
      ],
      "mean": 64959.0,
      "std": 0.0,
      "min": 64959.0,
      "max": 64959.0,
      "count": 1,
      "ratio_to_perfect": 0.8404362676603012
    },
    "llm": {
      "rewards": [
        67419.0
      ],
      "mean": 67419.0,
      "std": 0.0,
      "min": 67419.0,
      "max": 67419.0,
      "count": 1,
      "ratio_to_perfect": 0.8722636236609222
    },
    "llm_to_or": {
      "rewards": [
        69638.0
      ],
      "mean": 69638.0,
      "std": 0.0,
      "min": 69638.0,
      "max": 69638.0,
      "count": 1,
      "ratio_to_perfect": 0.9009729338094499
    },
    "or_to_llm": {
      "rewards": [
        69772.0
      ],
      "mean": 69772.0,
      "std": 0.0,
      "min": 69772.0,
      "max": 69772.0,
      "count": 1,
      "ratio_to_perfect": 0.9027066190550121
    },
    "perfect_score": {
      "rewards": [
        77292.0
      ],
      "mean": 77292.0,
      "std": 0.0,
      "min": 77292.0,
      "max": 77292.0,
      "count": 1,
      "ratio_to_perfect": 1.0
    }
  },
  "errors": {}
}