{
  "instance_dir": "/shared/share_malatown/OR_Agent/examples/benchmark/real_trajectory/lead_time_stochastic/629420007",
  "instance_name": "629420007",
  "promised_lead_time": 2,
  "model": "x-ai/grok-4.1-fast",
  "num_runs_llm": 1,
  "num_runs_deterministic": 1,
  "max_periods": null,
  "summary": {
    "perfect_score": 18948.0,
    "ratios": {
      "or": 0.3058370276546337,
      "llm": 0.11093519104918725,
      "llm_to_or": -0.8512771796495673,
      "or_to_llm": 0.4233692210259658,
      "perfect_score": 1.0
    },
    "warnings": null
  },
  "results": {
    "or": {
      "rewards": [
        5795.0
      ],
      "mean": 5795.0,
      "std": 0.0,
      "min": 5795.0,
      "max": 5795.0,
      "count": 1,
      "ratio_to_perfect": 0.3058370276546337
    },
    "llm": {
      "rewards": [
        2102.0
      ],
      "mean": 2102.0,
      "std": 0.0,
      "min": 2102.0,
      "max": 2102.0,
      "count": 1,
      "ratio_to_perfect": 0.11093519104918725
    },
    "llm_to_or": {
      "rewards": [
        -16130.0
      ],
      "mean": -16130.0,
      "std": 0.0,
      "min": -16130.0,
      "max": -16130.0,
      "count": 1,
      "ratio_to_perfect": -0.8512771796495673
    },
    "or_to_llm": {
      "rewards": [
        8022.0
      ],
      "mean": 8022.0,
      "std": 0.0,
      "min": 8022.0,
      "max": 8022.0,
      "count": 1,
      "ratio_to_perfect": 0.4233692210259658
    },
    "perfect_score": {
      "rewards": [
        18948.0
      ],
      "mean": 18948.0,
      "std": 0.0,
      "min": 18948.0,
      "max": 18948.0,
      "count": 1,
      "ratio_to_perfect": 1.0
    }
  },
  "errors": {}
}