{
  "instance_dir": "D:\\TextArena\\examples\\benchmark\\synthetic_trajectory\\lead_time_4\\p04_increasing_trend\\v1_linear_100t\\r2_med",
  "instance_name": "r2_med",
  "promised_lead_time": 4,
  "model": "openai/gpt-5-mini",
  "num_runs_llm": 1,
  "num_runs_deterministic": 1,
  "max_periods": null,
  "summary": {
    "perfect_score": 511768.0,
    "ratios": {
      "or": 0.5114075127792281,
      "llm": 0.806580325459974,
      "llm_to_or": 0.6569187600631536,
      "or_to_llm": 0.7689753951009051,
      "perfect_score": 1.0
    },
    "warnings": null
  },
  "results": {
    "or": {
      "rewards": [
        261722.0
      ],
      "mean": 261722.0,
      "std": 0.0,
      "min": 261722.0,
      "max": 261722.0,
      "count": 1,
      "ratio_to_perfect": 0.5114075127792281
    },
    "llm": {
      "rewards": [
        412782.0
      ],
      "mean": 412782.0,
      "std": 0.0,
      "min": 412782.0,
      "max": 412782.0,
      "count": 1,
      "ratio_to_perfect": 0.806580325459974
    },
    "llm_to_or": {
      "rewards": [
        336190.0
      ],
      "mean": 336190.0,
      "std": 0.0,
      "min": 336190.0,
      "max": 336190.0,
      "count": 1,
      "ratio_to_perfect": 0.6569187600631536
    },
    "or_to_llm": {
      "rewards": [
        393537.0
      ],
      "mean": 393537.0,
      "std": 0.0,
      "min": 393537.0,
      "max": 393537.0,
      "count": 1,
      "ratio_to_perfect": 0.7689753951009051
    },
    "perfect_score": {
      "rewards": [
        511768.0
      ],
      "mean": 511768.0,
      "std": 0.0,
      "min": 511768.0,
      "max": 511768.0,
      "count": 1,
      "ratio_to_perfect": 1.0
    }
  },
  "errors": {}
}