{
  "instance_dir": "/shared/share_malatown/OR-Agent-GPT5mini-benchmark/examples/benchmark/real_trajectory/lead_time_4/715624001",
  "instance_name": "715624001",
  "promised_lead_time": 4,
  "model": "openai/gpt-5-mini",
  "num_runs_llm": 1,
  "num_runs_deterministic": 1,
  "max_periods": null,
  "summary": {
    "perfect_score": 89262.0,
    "ratios": {
      "or": 0.6990432658914207,
      "llm": 0.5340794515023191,
      "llm_to_or": 0.636732316103157,
      "or_to_llm": 0.6431740270215769,
      "perfect_score": 1.0
    },
    "warnings": null
  },
  "results": {
    "or": {
      "rewards": [
        62398.0
      ],
      "mean": 62398.0,
      "std": 0.0,
      "min": 62398.0,
      "max": 62398.0,
      "count": 1,
      "ratio_to_perfect": 0.6990432658914207
    },
    "llm": {
      "rewards": [
        47673.0
      ],
      "mean": 47673.0,
      "std": 0.0,
      "min": 47673.0,
      "max": 47673.0,
      "count": 1,
      "ratio_to_perfect": 0.5340794515023191
    },
    "llm_to_or": {
      "rewards": [
        56836.0
      ],
      "mean": 56836.0,
      "std": 0.0,
      "min": 56836.0,
      "max": 56836.0,
      "count": 1,
      "ratio_to_perfect": 0.636732316103157
    },
    "or_to_llm": {
      "rewards": [
        57411.0
      ],
      "mean": 57411.0,
      "std": 0.0,
      "min": 57411.0,
      "max": 57411.0,
      "count": 1,
      "ratio_to_perfect": 0.6431740270215769
    },
    "perfect_score": {
      "rewards": [
        89262.0
      ],
      "mean": 89262.0,
      "std": 0.0,
      "min": 89262.0,
      "max": 89262.0,
      "count": 1,
      "ratio_to_perfect": 1.0
    }
  },
  "errors": {}
}