{
  "instance_dir": "/shared/share_malatown/OR-Agent-GPT5mini-benchmark/examples/benchmark/real_trajectory/lead_time_stochastic/579302001",
  "instance_name": "579302001",
  "promised_lead_time": 2,
  "model": "openai/gpt-5-mini",
  "num_runs_llm": 1,
  "num_runs_deterministic": 1,
  "max_periods": null,
  "summary": {
    "perfect_score": 85994.0,
    "ratios": {
      "or": 0.2455869014117264,
      "llm": 0.25971579412517154,
      "llm_to_or": 0.1596041584296579,
      "or_to_llm": 0.37033979114821963,
      "perfect_score": 1.0
    },
    "warnings": null
  },
  "results": {
    "or": {
      "rewards": [
        21119.0
      ],
      "mean": 21119.0,
      "std": 0.0,
      "min": 21119.0,
      "max": 21119.0,
      "count": 1,
      "ratio_to_perfect": 0.2455869014117264
    },
    "llm": {
      "rewards": [
        22334.0
      ],
      "mean": 22334.0,
      "std": 0.0,
      "min": 22334.0,
      "max": 22334.0,
      "count": 1,
      "ratio_to_perfect": 0.25971579412517154
    },
    "llm_to_or": {
      "rewards": [
        13725.0
      ],
      "mean": 13725.0,
      "std": 0.0,
      "min": 13725.0,
      "max": 13725.0,
      "count": 1,
      "ratio_to_perfect": 0.1596041584296579
    },
    "or_to_llm": {
      "rewards": [
        31847.0
      ],
      "mean": 31847.0,
      "std": 0.0,
      "min": 31847.0,
      "max": 31847.0,
      "count": 1,
      "ratio_to_perfect": 0.37033979114821963
    },
    "perfect_score": {
      "rewards": [
        85994.0
      ],
      "mean": 85994.0,
      "std": 0.0,
      "min": 85994.0,
      "max": 85994.0,
      "count": 1,
      "ratio_to_perfect": 1.0
    }
  },
  "errors": {}
}