{
  "instance_dir": "/shared/share_malatown/OR_Agent/examples/benchmark/real_trajectory/lead_time_0/610776001",
  "instance_name": "610776001",
  "promised_lead_time": 0,
  "model": "x-ai/grok-4.1-fast",
  "num_runs_llm": 1,
  "num_runs_deterministic": 1,
  "max_periods": null,
  "summary": {
    "perfect_score": 33416.0,
    "ratios": {
      "or": 0.7215106535791238,
      "llm": 0.874341632750778,
      "llm_to_or": 0.8864615752932726,
      "or_to_llm": 0.857672971031841,
      "perfect_score": 1.0
    },
    "warnings": null
  },
  "results": {
    "or": {
      "rewards": [
        24110.0
      ],
      "mean": 24110.0,
      "std": 0.0,
      "min": 24110.0,
      "max": 24110.0,
      "count": 1,
      "ratio_to_perfect": 0.7215106535791238
    },
    "llm": {
      "rewards": [
        29217.0
      ],
      "mean": 29217.0,
      "std": 0.0,
      "min": 29217.0,
      "max": 29217.0,
      "count": 1,
      "ratio_to_perfect": 0.874341632750778
    },
    "llm_to_or": {
      "rewards": [
        29622.0
      ],
      "mean": 29622.0,
      "std": 0.0,
      "min": 29622.0,
      "max": 29622.0,
      "count": 1,
      "ratio_to_perfect": 0.8864615752932726
    },
    "or_to_llm": {
      "rewards": [
        28660.0
      ],
      "mean": 28660.0,
      "std": 0.0,
      "min": 28660.0,
      "max": 28660.0,
      "count": 1,
      "ratio_to_perfect": 0.857672971031841
    },
    "perfect_score": {
      "rewards": [
        33416.0
      ],
      "mean": 33416.0,
      "std": 0.0,
      "min": 33416.0,
      "max": 33416.0,
      "count": 1,
      "ratio_to_perfect": 1.0
    }
  },
  "errors": {}
}