{
  "instance_dir": "D:\\TextArena\\examples\\benchmark\\real_trajectory\\lead_time_4\\711053004",
  "instance_name": "711053004",
  "promised_lead_time": 4,
  "model": "google/gemini-3-flash-preview",
  "num_runs_llm": 1,
  "num_runs_deterministic": 1,
  "max_periods": null,
  "summary": {
    "perfect_score": 3071.0,
    "ratios": {
      "or": -0.35395636600455876,
      "llm": -2.00358189514816,
      "llm_to_or": -0.8638879843699121,
      "or_to_llm": -0.45001628134158256,
      "perfect_score": 1.0
    },
    "warnings": null
  },
  "results": {
    "or": {
      "rewards": [
        -1087.0
      ],
      "mean": -1087.0,
      "std": 0.0,
      "min": -1087.0,
      "max": -1087.0,
      "count": 1,
      "ratio_to_perfect": -0.35395636600455876
    },
    "llm": {
      "rewards": [
        -6153.0
      ],
      "mean": -6153.0,
      "std": 0.0,
      "min": -6153.0,
      "max": -6153.0,
      "count": 1,
      "ratio_to_perfect": -2.00358189514816
    },
    "llm_to_or": {
      "rewards": [
        -2653.0
      ],
      "mean": -2653.0,
      "std": 0.0,
      "min": -2653.0,
      "max": -2653.0,
      "count": 1,
      "ratio_to_perfect": -0.8638879843699121
    },
    "or_to_llm": {
      "rewards": [
        -1382.0
      ],
      "mean": -1382.0,
      "std": 0.0,
      "min": -1382.0,
      "max": -1382.0,
      "count": 1,
      "ratio_to_perfect": -0.45001628134158256
    },
    "perfect_score": {
      "rewards": [
        3071.0
      ],
      "mean": 3071.0,
      "std": 0.0,
      "min": 3071.0,
      "max": 3071.0,
      "count": 1,
      "ratio_to_perfect": 1.0
    }
  },
  "errors": {}
}