{
  "instance_dir": "D:\\TextArena\\examples\\benchmark\\real_trajectory\\lead_time_4\\487722001",
  "instance_name": "487722001",
  "promised_lead_time": 4,
  "model": "google/gemini-3-flash-preview",
  "num_runs_llm": 1,
  "num_runs_deterministic": 1,
  "max_periods": null,
  "summary": {
    "perfect_score": 62035.0,
    "ratios": {
      "or": 0.6283710808414604,
      "llm": 0.6418473442411542,
      "llm_to_or": 0.6964133150640768,
      "or_to_llm": 0.6382848392036753,
      "perfect_score": 1.0
    },
    "warnings": null
  },
  "results": {
    "or": {
      "rewards": [
        38981.0
      ],
      "mean": 38981.0,
      "std": 0.0,
      "min": 38981.0,
      "max": 38981.0,
      "count": 1,
      "ratio_to_perfect": 0.6283710808414604
    },
    "llm": {
      "rewards": [
        39817.0
      ],
      "mean": 39817.0,
      "std": 0.0,
      "min": 39817.0,
      "max": 39817.0,
      "count": 1,
      "ratio_to_perfect": 0.6418473442411542
    },
    "llm_to_or": {
      "rewards": [
        43202.0
      ],
      "mean": 43202.0,
      "std": 0.0,
      "min": 43202.0,
      "max": 43202.0,
      "count": 1,
      "ratio_to_perfect": 0.6964133150640768
    },
    "or_to_llm": {
      "rewards": [
        39596.0
      ],
      "mean": 39596.0,
      "std": 0.0,
      "min": 39596.0,
      "max": 39596.0,
      "count": 1,
      "ratio_to_perfect": 0.6382848392036753
    },
    "perfect_score": {
      "rewards": [
        62035.0
      ],
      "mean": 62035.0,
      "std": 0.0,
      "min": 62035.0,
      "max": 62035.0,
      "count": 1,
      "ratio_to_perfect": 1.0
    }
  },
  "errors": {}
}