{
  "instance_dir": "/shared/share_malatown/OR_Agent/examples/benchmark/real_trajectory/lead_time_4/621381001",
  "instance_name": "621381001",
  "promised_lead_time": 4,
  "model": "x-ai/grok-4.1-fast",
  "num_runs_llm": 1,
  "num_runs_deterministic": 1,
  "max_periods": null,
  "summary": {
    "perfect_score": 2592.0,
    "ratios": {
      "or": 0.28935185185185186,
      "llm": -1.0358796296296295,
      "llm_to_or": -0.25655864197530864,
      "or_to_llm": -1.1114969135802468,
      "perfect_score": 1.0
    },
    "warnings": null
  },
  "results": {
    "or": {
      "rewards": [
        750.0
      ],
      "mean": 750.0,
      "std": 0.0,
      "min": 750.0,
      "max": 750.0,
      "count": 1,
      "ratio_to_perfect": 0.28935185185185186
    },
    "llm": {
      "rewards": [
        -2685.0
      ],
      "mean": -2685.0,
      "std": 0.0,
      "min": -2685.0,
      "max": -2685.0,
      "count": 1,
      "ratio_to_perfect": -1.0358796296296295
    },
    "llm_to_or": {
      "rewards": [
        -665.0
      ],
      "mean": -665.0,
      "std": 0.0,
      "min": -665.0,
      "max": -665.0,
      "count": 1,
      "ratio_to_perfect": -0.25655864197530864
    },
    "or_to_llm": {
      "rewards": [
        -2881.0
      ],
      "mean": -2881.0,
      "std": 0.0,
      "min": -2881.0,
      "max": -2881.0,
      "count": 1,
      "ratio_to_perfect": -1.1114969135802468
    },
    "perfect_score": {
      "rewards": [
        2592.0
      ],
      "mean": 2592.0,
      "std": 0.0,
      "min": 2592.0,
      "max": 2592.0,
      "count": 1,
      "ratio_to_perfect": 1.0
    }
  },
  "errors": {}
}