{
  "instance_dir": "/shared/share_malatown/OR_Agent/examples/benchmark/real_trajectory/lead_time_stochastic/243937001",
  "instance_name": "243937001",
  "promised_lead_time": 2,
  "model": "x-ai/grok-4.1-fast",
  "num_runs_llm": 1,
  "num_runs_deterministic": 1,
  "max_periods": null,
  "summary": {
    "perfect_score": 41686.0,
    "ratios": {
      "or": 0.16017367941275248,
      "llm": 0.6205200786834909,
      "llm_to_or": 0.5683442882502519,
      "or_to_llm": 0.5116346015448832,
      "perfect_score": 1.0
    },
    "warnings": null
  },
  "results": {
    "or": {
      "rewards": [
        6677.0
      ],
      "mean": 6677.0,
      "std": 0.0,
      "min": 6677.0,
      "max": 6677.0,
      "count": 1,
      "ratio_to_perfect": 0.16017367941275248
    },
    "llm": {
      "rewards": [
        25867.0
      ],
      "mean": 25867.0,
      "std": 0.0,
      "min": 25867.0,
      "max": 25867.0,
      "count": 1,
      "ratio_to_perfect": 0.6205200786834909
    },
    "llm_to_or": {
      "rewards": [
        23692.0
      ],
      "mean": 23692.0,
      "std": 0.0,
      "min": 23692.0,
      "max": 23692.0,
      "count": 1,
      "ratio_to_perfect": 0.5683442882502519
    },
    "or_to_llm": {
      "rewards": [
        21328.0
      ],
      "mean": 21328.0,
      "std": 0.0,
      "min": 21328.0,
      "max": 21328.0,
      "count": 1,
      "ratio_to_perfect": 0.5116346015448832
    },
    "perfect_score": {
      "rewards": [
        41686.0
      ],
      "mean": 41686.0,
      "std": 0.0,
      "min": 41686.0,
      "max": 41686.0,
      "count": 1,
      "ratio_to_perfect": 1.0
    }
  },
  "errors": {}
}