{
  "instance_dir": "/shared/share_malatown/OR_Agent/examples/benchmark/real_trajectory/lead_time_0/675068002",
  "instance_name": "675068002",
  "promised_lead_time": 0,
  "model": "x-ai/grok-4.1-fast",
  "num_runs_llm": 1,
  "num_runs_deterministic": 1,
  "max_periods": null,
  "summary": {
    "perfect_score": 20644.0,
    "ratios": {
      "or": 0.5648130207324162,
      "llm": 0.6896434799457469,
      "llm_to_or": 0.7379868242588645,
      "or_to_llm": 0.6314183297810502,
      "perfect_score": 1.0
    },
    "warnings": null
  },
  "results": {
    "or": {
      "rewards": [
        11660.0
      ],
      "mean": 11660.0,
      "std": 0.0,
      "min": 11660.0,
      "max": 11660.0,
      "count": 1,
      "ratio_to_perfect": 0.5648130207324162
    },
    "llm": {
      "rewards": [
        14237.0
      ],
      "mean": 14237.0,
      "std": 0.0,
      "min": 14237.0,
      "max": 14237.0,
      "count": 1,
      "ratio_to_perfect": 0.6896434799457469
    },
    "llm_to_or": {
      "rewards": [
        15235.0
      ],
      "mean": 15235.0,
      "std": 0.0,
      "min": 15235.0,
      "max": 15235.0,
      "count": 1,
      "ratio_to_perfect": 0.7379868242588645
    },
    "or_to_llm": {
      "rewards": [
        13035.0
      ],
      "mean": 13035.0,
      "std": 0.0,
      "min": 13035.0,
      "max": 13035.0,
      "count": 1,
      "ratio_to_perfect": 0.6314183297810502
    },
    "perfect_score": {
      "rewards": [
        20644.0
      ],
      "mean": 20644.0,
      "std": 0.0,
      "min": 20644.0,
      "max": 20644.0,
      "count": 1,
      "ratio_to_perfect": 1.0
    }
  },
  "errors": {}
}