{
  "instance_dir": "D:\\TextArena\\examples\\benchmark\\real_trajectory\\lead_time_0\\610776028",
  "instance_name": "610776028",
  "promised_lead_time": 0,
  "model": "google/gemini-3-flash-preview",
  "num_runs_llm": 1,
  "num_runs_deterministic": 1,
  "max_periods": null,
  "summary": {
    "perfect_score": 4469.0,
    "ratios": {
      "or": 0.3882300290892817,
      "llm": 0.6462295815618707,
      "llm_to_or": 0.6099798612665026,
      "or_to_llm": 0.583128216603267,
      "perfect_score": 1.0
    },
    "warnings": null
  },
  "results": {
    "or": {
      "rewards": [
        1735.0
      ],
      "mean": 1735.0,
      "std": 0.0,
      "min": 1735.0,
      "max": 1735.0,
      "count": 1,
      "ratio_to_perfect": 0.3882300290892817
    },
    "llm": {
      "rewards": [
        2888.0
      ],
      "mean": 2888.0,
      "std": 0.0,
      "min": 2888.0,
      "max": 2888.0,
      "count": 1,
      "ratio_to_perfect": 0.6462295815618707
    },
    "llm_to_or": {
      "rewards": [
        2726.0
      ],
      "mean": 2726.0,
      "std": 0.0,
      "min": 2726.0,
      "max": 2726.0,
      "count": 1,
      "ratio_to_perfect": 0.6099798612665026
    },
    "or_to_llm": {
      "rewards": [
        2606.0
      ],
      "mean": 2606.0,
      "std": 0.0,
      "min": 2606.0,
      "max": 2606.0,
      "count": 1,
      "ratio_to_perfect": 0.583128216603267
    },
    "perfect_score": {
      "rewards": [
        4469.0
      ],
      "mean": 4469.0,
      "std": 0.0,
      "min": 4469.0,
      "max": 4469.0,
      "count": 1,
      "ratio_to_perfect": 1.0
    }
  },
  "errors": {}
}