{
  "instance_dir": "/shared/share_malatown/OR_Agent/examples/benchmark/real_trajectory/lead_time_4/554598047",
  "instance_name": "554598047",
  "promised_lead_time": 4,
  "model": "x-ai/grok-4.1-fast",
  "num_runs_llm": 1,
  "num_runs_deterministic": 1,
  "max_periods": null,
  "summary": {
    "perfect_score": 2941.0,
    "ratios": {
      "or": -0.8038082284937096,
      "llm": -4.035362121727304,
      "llm_to_or": -0.6933015980958858,
      "or_to_llm": -0.5868752125127508,
      "perfect_score": 1.0
    },
    "warnings": null
  },
  "results": {
    "or": {
      "rewards": [
        -2364.0
      ],
      "mean": -2364.0,
      "std": 0.0,
      "min": -2364.0,
      "max": -2364.0,
      "count": 1,
      "ratio_to_perfect": -0.8038082284937096
    },
    "llm": {
      "rewards": [
        -11868.0
      ],
      "mean": -11868.0,
      "std": 0.0,
      "min": -11868.0,
      "max": -11868.0,
      "count": 1,
      "ratio_to_perfect": -4.035362121727304
    },
    "llm_to_or": {
      "rewards": [
        -2039.0
      ],
      "mean": -2039.0,
      "std": 0.0,
      "min": -2039.0,
      "max": -2039.0,
      "count": 1,
      "ratio_to_perfect": -0.6933015980958858
    },
    "or_to_llm": {
      "rewards": [
        -1726.0
      ],
      "mean": -1726.0,
      "std": 0.0,
      "min": -1726.0,
      "max": -1726.0,
      "count": 1,
      "ratio_to_perfect": -0.5868752125127508
    },
    "perfect_score": {
      "rewards": [
        2941.0
      ],
      "mean": 2941.0,
      "std": 0.0,
      "min": 2941.0,
      "max": 2941.0,
      "count": 1,
      "ratio_to_perfect": 1.0
    }
  },
  "errors": {}
}