{
  "instance_dir": "/shared/share_malatown/OR_Agent/examples/benchmark/synthetic_trajectory/lead_time_4/p05_decreasing_trend/v1_200_minus_3t/r2_high",
  "instance_name": "r2_high",
  "promised_lead_time": 4,
  "model": "x-ai/grok-4.1-fast",
  "num_runs_llm": 1,
  "num_runs_deterministic": 1,
  "max_periods": null,
  "summary": {
    "perfect_score": 119491.0,
    "ratios": {
      "or": 0.7519478454444268,
      "llm": 0.7471106610539706,
      "llm_to_or": 0.8182624632817534,
      "or_to_llm": 0.7647270505728465,
      "perfect_score": 1.0
    },
    "warnings": null
  },
  "results": {
    "or": {
      "rewards": [
        89851.0
      ],
      "mean": 89851.0,
      "std": 0.0,
      "min": 89851.0,
      "max": 89851.0,
      "count": 1,
      "ratio_to_perfect": 0.7519478454444268
    },
    "llm": {
      "rewards": [
        89273.0
      ],
      "mean": 89273.0,
      "std": 0.0,
      "min": 89273.0,
      "max": 89273.0,
      "count": 1,
      "ratio_to_perfect": 0.7471106610539706
    },
    "llm_to_or": {
      "rewards": [
        97775.0
      ],
      "mean": 97775.0,
      "std": 0.0,
      "min": 97775.0,
      "max": 97775.0,
      "count": 1,
      "ratio_to_perfect": 0.8182624632817534
    },
    "or_to_llm": {
      "rewards": [
        91378.0
      ],
      "mean": 91378.0,
      "std": 0.0,
      "min": 91378.0,
      "max": 91378.0,
      "count": 1,
      "ratio_to_perfect": 0.7647270505728465
    },
    "perfect_score": {
      "rewards": [
        119491.0
      ],
      "mean": 119491.0,
      "std": 0.0,
      "min": 119491.0,
      "max": 119491.0,
      "count": 1,
      "ratio_to_perfect": 1.0
    }
  },
  "errors": {}
}