{
  "instance_dir": "D:\\TextArena\\examples\\benchmark\\synthetic_trajectory\\lead_time_4\\p06_variance_change\\v2_var_increase\\r1_high",
  "instance_name": "r1_high",
  "promised_lead_time": 4,
  "model": "openai/gpt-5-mini",
  "num_runs_llm": 1,
  "num_runs_deterministic": 1,
  "max_periods": null,
  "summary": {
    "perfect_score": 99541.0,
    "ratios": {
      "or": 0.8560693583548488,
      "llm": 0.7452607468279402,
      "llm_to_or": 0.8498709074652656,
      "or_to_llm": 0.8035683788589626,
      "perfect_score": 1.0
    },
    "warnings": null
  },
  "results": {
    "or": {
      "rewards": [
        85214.0
      ],
      "mean": 85214.0,
      "std": 0.0,
      "min": 85214.0,
      "max": 85214.0,
      "count": 1,
      "ratio_to_perfect": 0.8560693583548488
    },
    "llm": {
      "rewards": [
        74184.0
      ],
      "mean": 74184.0,
      "std": 0.0,
      "min": 74184.0,
      "max": 74184.0,
      "count": 1,
      "ratio_to_perfect": 0.7452607468279402
    },
    "llm_to_or": {
      "rewards": [
        84597.0
      ],
      "mean": 84597.0,
      "std": 0.0,
      "min": 84597.0,
      "max": 84597.0,
      "count": 1,
      "ratio_to_perfect": 0.8498709074652656
    },
    "or_to_llm": {
      "rewards": [
        79988.0
      ],
      "mean": 79988.0,
      "std": 0.0,
      "min": 79988.0,
      "max": 79988.0,
      "count": 1,
      "ratio_to_perfect": 0.8035683788589626
    },
    "perfect_score": {
      "rewards": [
        99541.0
      ],
      "mean": 99541.0,
      "std": 0.0,
      "min": 99541.0,
      "max": 99541.0,
      "count": 1,
      "ratio_to_perfect": 1.0
    }
  },
  "errors": {}
}