{
  "instance_dir": "/shared/share_malatown/OR_Agent/examples/benchmark/real_trajectory/lead_time_stochastic/640021005",
  "instance_name": "640021005",
  "promised_lead_time": 2,
  "model": "x-ai/grok-4.1-fast",
  "num_runs_llm": 1,
  "num_runs_deterministic": 1,
  "max_periods": null,
  "summary": {
    "perfect_score": 114399.0,
    "ratios": {
      "or": 0.3092247309854107,
      "llm": 0.7012299058558205,
      "llm_to_or": 0.3828792209722113,
      "or_to_llm": 0.47054607120691616,
      "perfect_score": 1.0
    },
    "warnings": null
  },
  "results": {
    "or": {
      "rewards": [
        35375.0
      ],
      "mean": 35375.0,
      "std": 0.0,
      "min": 35375.0,
      "max": 35375.0,
      "count": 1,
      "ratio_to_perfect": 0.3092247309854107
    },
    "llm": {
      "rewards": [
        80220.0
      ],
      "mean": 80220.0,
      "std": 0.0,
      "min": 80220.0,
      "max": 80220.0,
      "count": 1,
      "ratio_to_perfect": 0.7012299058558205
    },
    "llm_to_or": {
      "rewards": [
        43801.0
      ],
      "mean": 43801.0,
      "std": 0.0,
      "min": 43801.0,
      "max": 43801.0,
      "count": 1,
      "ratio_to_perfect": 0.3828792209722113
    },
    "or_to_llm": {
      "rewards": [
        53830.0
      ],
      "mean": 53830.0,
      "std": 0.0,
      "min": 53830.0,
      "max": 53830.0,
      "count": 1,
      "ratio_to_perfect": 0.47054607120691616
    },
    "perfect_score": {
      "rewards": [
        114399.0
      ],
      "mean": 114399.0,
      "std": 0.0,
      "min": 114399.0,
      "max": 114399.0,
      "count": 1,
      "ratio_to_perfect": 1.0
    }
  },
  "errors": {}
}