{
  "instance_dir": "D:\\TextArena\\examples\\benchmark\\synthetic_trajectory\\lead_time_0\\p07_seasonal\\v2_period5_amp50\\r2_high",
  "instance_name": "r2_high",
  "promised_lead_time": 0,
  "model": "google/gemini-3-flash-preview",
  "num_runs_llm": 1,
  "num_runs_deterministic": 1,
  "max_periods": null,
  "summary": {
    "perfect_score": 91067.0,
    "ratios": {
      "or": 0.9547805461912657,
      "llm": 0.9487410368190453,
      "llm_to_or": 0.9555272491681949,
      "or_to_llm": 0.9551978213842556,
      "perfect_score": 1.0
    },
    "warnings": null
  },
  "results": {
    "or": {
      "rewards": [
        86949.0
      ],
      "mean": 86949.0,
      "std": 0.0,
      "min": 86949.0,
      "max": 86949.0,
      "count": 1,
      "ratio_to_perfect": 0.9547805461912657
    },
    "llm": {
      "rewards": [
        86399.0
      ],
      "mean": 86399.0,
      "std": 0.0,
      "min": 86399.0,
      "max": 86399.0,
      "count": 1,
      "ratio_to_perfect": 0.9487410368190453
    },
    "llm_to_or": {
      "rewards": [
        87017.0
      ],
      "mean": 87017.0,
      "std": 0.0,
      "min": 87017.0,
      "max": 87017.0,
      "count": 1,
      "ratio_to_perfect": 0.9555272491681949
    },
    "or_to_llm": {
      "rewards": [
        86987.0
      ],
      "mean": 86987.0,
      "std": 0.0,
      "min": 86987.0,
      "max": 86987.0,
      "count": 1,
      "ratio_to_perfect": 0.9551978213842556
    },
    "perfect_score": {
      "rewards": [
        91067.0
      ],
      "mean": 91067.0,
      "std": 0.0,
      "min": 91067.0,
      "max": 91067.0,
      "count": 1,
      "ratio_to_perfect": 1.0
    }
  },
  "errors": {}
}