{
  "instance_dir": "/shared/share_malatown/OR-Agent-GPT5mini-benchmark/examples/benchmark/real_trajectory/lead_time_4/678696001",
  "instance_name": "678696001",
  "promised_lead_time": 4,
  "model": "openai/gpt-5-mini",
  "num_runs_llm": 1,
  "num_runs_deterministic": 1,
  "max_periods": null,
  "summary": {
    "perfect_score": 9640.0,
    "ratios": {
      "or": -1.699896265560166,
      "llm": -0.5968879668049792,
      "llm_to_or": -1.68350622406639,
      "or_to_llm": -1.8931535269709543,
      "perfect_score": 1.0
    },
    "warnings": null
  },
  "results": {
    "or": {
      "rewards": [
        -16387.0
      ],
      "mean": -16387.0,
      "std": 0.0,
      "min": -16387.0,
      "max": -16387.0,
      "count": 1,
      "ratio_to_perfect": -1.699896265560166
    },
    "llm": {
      "rewards": [
        -5754.0
      ],
      "mean": -5754.0,
      "std": 0.0,
      "min": -5754.0,
      "max": -5754.0,
      "count": 1,
      "ratio_to_perfect": -0.5968879668049792
    },
    "llm_to_or": {
      "rewards": [
        -16229.0
      ],
      "mean": -16229.0,
      "std": 0.0,
      "min": -16229.0,
      "max": -16229.0,
      "count": 1,
      "ratio_to_perfect": -1.68350622406639
    },
    "or_to_llm": {
      "rewards": [
        -18250.0
      ],
      "mean": -18250.0,
      "std": 0.0,
      "min": -18250.0,
      "max": -18250.0,
      "count": 1,
      "ratio_to_perfect": -1.8931535269709543
    },
    "perfect_score": {
      "rewards": [
        9640.0
      ],
      "mean": 9640.0,
      "std": 0.0,
      "min": 9640.0,
      "max": 9640.0,
      "count": 1,
      "ratio_to_perfect": 1.0
    }
  },
  "errors": {}
}