{
  "instance_dir": "D:\\TextArena\\examples\\benchmark\\real_trajectory\\lead_time_stochastic\\717464001",
  "instance_name": "717464001",
  "promised_lead_time": 2,
  "model": "google/gemini-3-flash-preview",
  "num_runs_llm": 1,
  "num_runs_deterministic": 1,
  "max_periods": null,
  "summary": {
    "perfect_score": 21240.0,
    "ratios": {
      "or": 0.21822033898305085,
      "llm": 0.39552730696798494,
      "llm_to_or": 0.35861581920903957,
      "or_to_llm": 0.49962335216572507,
      "perfect_score": 1.0
    },
    "warnings": null
  },
  "results": {
    "or": {
      "rewards": [
        4635.0
      ],
      "mean": 4635.0,
      "std": 0.0,
      "min": 4635.0,
      "max": 4635.0,
      "count": 1,
      "ratio_to_perfect": 0.21822033898305085
    },
    "llm": {
      "rewards": [
        8401.0
      ],
      "mean": 8401.0,
      "std": 0.0,
      "min": 8401.0,
      "max": 8401.0,
      "count": 1,
      "ratio_to_perfect": 0.39552730696798494
    },
    "llm_to_or": {
      "rewards": [
        7617.0
      ],
      "mean": 7617.0,
      "std": 0.0,
      "min": 7617.0,
      "max": 7617.0,
      "count": 1,
      "ratio_to_perfect": 0.35861581920903957
    },
    "or_to_llm": {
      "rewards": [
        10612.0
      ],
      "mean": 10612.0,
      "std": 0.0,
      "min": 10612.0,
      "max": 10612.0,
      "count": 1,
      "ratio_to_perfect": 0.49962335216572507
    },
    "perfect_score": {
      "rewards": [
        21240.0
      ],
      "mean": 21240.0,
      "std": 0.0,
      "min": 21240.0,
      "max": 21240.0,
      "count": 1,
      "ratio_to_perfect": 1.0
    }
  },
  "errors": {}
}