{
  "instance_dir": "/shared/share_malatown/OR_Agent/examples/benchmark/real_trajectory/lead_time_stochastic/706016004",
  "instance_name": "706016004",
  "promised_lead_time": 2,
  "model": "x-ai/grok-4.1-fast",
  "num_runs_llm": 1,
  "num_runs_deterministic": 1,
  "max_periods": null,
  "summary": {
    "perfect_score": 16184.0,
    "ratios": {
      "or": 0.3485541275333663,
      "llm": 0.5386801779535344,
      "llm_to_or": 0.26971082550667325,
      "or_to_llm": 0.4163371230845279,
      "perfect_score": 1.0
    },
    "warnings": null
  },
  "results": {
    "or": {
      "rewards": [
        5641.0
      ],
      "mean": 5641.0,
      "std": 0.0,
      "min": 5641.0,
      "max": 5641.0,
      "count": 1,
      "ratio_to_perfect": 0.3485541275333663
    },
    "llm": {
      "rewards": [
        8718.0
      ],
      "mean": 8718.0,
      "std": 0.0,
      "min": 8718.0,
      "max": 8718.0,
      "count": 1,
      "ratio_to_perfect": 0.5386801779535344
    },
    "llm_to_or": {
      "rewards": [
        4365.0
      ],
      "mean": 4365.0,
      "std": 0.0,
      "min": 4365.0,
      "max": 4365.0,
      "count": 1,
      "ratio_to_perfect": 0.26971082550667325
    },
    "or_to_llm": {
      "rewards": [
        6738.0
      ],
      "mean": 6738.0,
      "std": 0.0,
      "min": 6738.0,
      "max": 6738.0,
      "count": 1,
      "ratio_to_perfect": 0.4163371230845279
    },
    "perfect_score": {
      "rewards": [
        16184.0
      ],
      "mean": 16184.0,
      "std": 0.0,
      "min": 16184.0,
      "max": 16184.0,
      "count": 1,
      "ratio_to_perfect": 1.0
    }
  },
  "errors": {}
}