{
  "instance_dir": "D:\\TextArena\\examples\\benchmark\\synthetic_trajectory\\lead_time_0\\p07_seasonal\\v2_period5_amp50\\r1_high",
  "instance_name": "r1_high",
  "promised_lead_time": 0,
  "model": "google/gemini-3-flash-preview",
  "num_runs_llm": 1,
  "num_runs_deterministic": 1,
  "max_periods": null,
  "summary": {
    "perfect_score": 92530.0,
    "ratios": {
      "or": 0.9494218091429807,
      "llm": 0.9423970604128391,
      "llm_to_or": 0.9462660758672863,
      "or_to_llm": 0.9487517561871825,
      "perfect_score": 1.0
    },
    "warnings": null
  },
  "results": {
    "or": {
      "rewards": [
        87850.0
      ],
      "mean": 87850.0,
      "std": 0.0,
      "min": 87850.0,
      "max": 87850.0,
      "count": 1,
      "ratio_to_perfect": 0.9494218091429807
    },
    "llm": {
      "rewards": [
        87200.0
      ],
      "mean": 87200.0,
      "std": 0.0,
      "min": 87200.0,
      "max": 87200.0,
      "count": 1,
      "ratio_to_perfect": 0.9423970604128391
    },
    "llm_to_or": {
      "rewards": [
        87558.0
      ],
      "mean": 87558.0,
      "std": 0.0,
      "min": 87558.0,
      "max": 87558.0,
      "count": 1,
      "ratio_to_perfect": 0.9462660758672863
    },
    "or_to_llm": {
      "rewards": [
        87788.0
      ],
      "mean": 87788.0,
      "std": 0.0,
      "min": 87788.0,
      "max": 87788.0,
      "count": 1,
      "ratio_to_perfect": 0.9487517561871825
    },
    "perfect_score": {
      "rewards": [
        92530.0
      ],
      "mean": 92530.0,
      "std": 0.0,
      "min": 92530.0,
      "max": 92530.0,
      "count": 1,
      "ratio_to_perfect": 1.0
    }
  },
  "errors": {}
}