{
  "instance_dir": "/shared/share_malatown/OR_Agent/examples/benchmark/real_trajectory/lead_time_stochastic/687704001",
  "instance_name": "687704001",
  "promised_lead_time": 2,
  "model": "x-ai/grok-4.1-fast",
  "num_runs_llm": 1,
  "num_runs_deterministic": 1,
  "max_periods": null,
  "summary": {
    "perfect_score": 99028.0,
    "ratios": {
      "or": 0.22615825827038818,
      "llm": 0.6281051823726623,
      "llm_to_or": 0.49281011431110394,
      "or_to_llm": 0.6448984125701822,
      "perfect_score": 1.0
    },
    "warnings": null
  },
  "results": {
    "or": {
      "rewards": [
        22396.0
      ],
      "mean": 22396.0,
      "std": 0.0,
      "min": 22396.0,
      "max": 22396.0,
      "count": 1,
      "ratio_to_perfect": 0.22615825827038818
    },
    "llm": {
      "rewards": [
        62200.0
      ],
      "mean": 62200.0,
      "std": 0.0,
      "min": 62200.0,
      "max": 62200.0,
      "count": 1,
      "ratio_to_perfect": 0.6281051823726623
    },
    "llm_to_or": {
      "rewards": [
        48802.0
      ],
      "mean": 48802.0,
      "std": 0.0,
      "min": 48802.0,
      "max": 48802.0,
      "count": 1,
      "ratio_to_perfect": 0.49281011431110394
    },
    "or_to_llm": {
      "rewards": [
        63863.0
      ],
      "mean": 63863.0,
      "std": 0.0,
      "min": 63863.0,
      "max": 63863.0,
      "count": 1,
      "ratio_to_perfect": 0.6448984125701822
    },
    "perfect_score": {
      "rewards": [
        99028.0
      ],
      "mean": 99028.0,
      "std": 0.0,
      "min": 99028.0,
      "max": 99028.0,
      "count": 1,
      "ratio_to_perfect": 1.0
    }
  },
  "errors": {}
}