{
  "instance_dir": "/shared/share_malatown/OR_Agent/examples/benchmark/real_trajectory/lead_time_0/732842001",
  "instance_name": "732842001",
  "promised_lead_time": 0,
  "model": "x-ai/grok-4.1-fast",
  "num_runs_llm": 1,
  "num_runs_deterministic": 1,
  "max_periods": null,
  "summary": {
    "perfect_score": 3137.0,
    "ratios": {
      "or": 0.5457443417277654,
      "llm": 0.3866751673573478,
      "llm_to_or": 0.7099139305068537,
      "or_to_llm": 0.5674211029646159,
      "perfect_score": 1.0
    },
    "warnings": null
  },
  "results": {
    "or": {
      "rewards": [
        1712.0
      ],
      "mean": 1712.0,
      "std": 0.0,
      "min": 1712.0,
      "max": 1712.0,
      "count": 1,
      "ratio_to_perfect": 0.5457443417277654
    },
    "llm": {
      "rewards": [
        1213.0
      ],
      "mean": 1213.0,
      "std": 0.0,
      "min": 1213.0,
      "max": 1213.0,
      "count": 1,
      "ratio_to_perfect": 0.3866751673573478
    },
    "llm_to_or": {
      "rewards": [
        2227.0
      ],
      "mean": 2227.0,
      "std": 0.0,
      "min": 2227.0,
      "max": 2227.0,
      "count": 1,
      "ratio_to_perfect": 0.7099139305068537
    },
    "or_to_llm": {
      "rewards": [
        1780.0
      ],
      "mean": 1780.0,
      "std": 0.0,
      "min": 1780.0,
      "max": 1780.0,
      "count": 1,
      "ratio_to_perfect": 0.5674211029646159
    },
    "perfect_score": {
      "rewards": [
        3137.0
      ],
      "mean": 3137.0,
      "std": 0.0,
      "min": 3137.0,
      "max": 3137.0,
      "count": 1,
      "ratio_to_perfect": 1.0
    }
  },
  "errors": {}
}