{
  "instance_dir": "/shared/share_malatown/OR_Agent/examples/benchmark/real_trajectory/lead_time_stochastic/399256032",
  "instance_name": "399256032",
  "promised_lead_time": 2,
  "model": "x-ai/grok-4.1-fast",
  "num_runs_llm": 1,
  "num_runs_deterministic": 1,
  "max_periods": null,
  "summary": {
    "perfect_score": 8708.0,
    "ratios": {
      "or": 0.30500689021589344,
      "llm": 0.34163987138263663,
      "llm_to_or": -0.4129536058796509,
      "or_to_llm": 0.377124483233808,
      "perfect_score": 1.0
    },
    "warnings": null
  },
  "results": {
    "or": {
      "rewards": [
        2656.0
      ],
      "mean": 2656.0,
      "std": 0.0,
      "min": 2656.0,
      "max": 2656.0,
      "count": 1,
      "ratio_to_perfect": 0.30500689021589344
    },
    "llm": {
      "rewards": [
        2975.0
      ],
      "mean": 2975.0,
      "std": 0.0,
      "min": 2975.0,
      "max": 2975.0,
      "count": 1,
      "ratio_to_perfect": 0.34163987138263663
    },
    "llm_to_or": {
      "rewards": [
        -3596.0
      ],
      "mean": -3596.0,
      "std": 0.0,
      "min": -3596.0,
      "max": -3596.0,
      "count": 1,
      "ratio_to_perfect": -0.4129536058796509
    },
    "or_to_llm": {
      "rewards": [
        3284.0
      ],
      "mean": 3284.0,
      "std": 0.0,
      "min": 3284.0,
      "max": 3284.0,
      "count": 1,
      "ratio_to_perfect": 0.377124483233808
    },
    "perfect_score": {
      "rewards": [
        8708.0
      ],
      "mean": 8708.0,
      "std": 0.0,
      "min": 8708.0,
      "max": 8708.0,
      "count": 1,
      "ratio_to_perfect": 1.0
    }
  },
  "errors": {}
}