{
  "instance_dir": "D:\\TextArena\\examples\\benchmark\\synthetic_trajectory\\lead_time_4\\p08_multi_changepoint\\v1_up_then_down\\r2_med",
  "instance_name": "r2_med",
  "promised_lead_time": 4,
  "model": "google/gemini-3-flash-preview",
  "num_runs_llm": 1,
  "num_runs_deterministic": 1,
  "max_periods": null,
  "summary": {
    "perfect_score": 21436.0,
    "ratios": {
      "or": 0.6054767680537414,
      "llm": 0.38715245381601043,
      "llm_to_or": 0.6143403620078373,
      "or_to_llm": 0.6703676058966225,
      "perfect_score": 1.0
    },
    "warnings": null
  },
  "results": {
    "or": {
      "rewards": [
        12979.0
      ],
      "mean": 12979.0,
      "std": 0.0,
      "min": 12979.0,
      "max": 12979.0,
      "count": 1,
      "ratio_to_perfect": 0.6054767680537414
    },
    "llm": {
      "rewards": [
        8299.0
      ],
      "mean": 8299.0,
      "std": 0.0,
      "min": 8299.0,
      "max": 8299.0,
      "count": 1,
      "ratio_to_perfect": 0.38715245381601043
    },
    "llm_to_or": {
      "rewards": [
        13169.0
      ],
      "mean": 13169.0,
      "std": 0.0,
      "min": 13169.0,
      "max": 13169.0,
      "count": 1,
      "ratio_to_perfect": 0.6143403620078373
    },
    "or_to_llm": {
      "rewards": [
        14370.0
      ],
      "mean": 14370.0,
      "std": 0.0,
      "min": 14370.0,
      "max": 14370.0,
      "count": 1,
      "ratio_to_perfect": 0.6703676058966225
    },
    "perfect_score": {
      "rewards": [
        21436.0
      ],
      "mean": 21436.0,
      "std": 0.0,
      "min": 21436.0,
      "max": 21436.0,
      "count": 1,
      "ratio_to_perfect": 1.0
    }
  },
  "errors": {}
}