{
  "instance_dir": "/shared/share_malatown/OR-Agent-GPT5mini-benchmark/examples/benchmark/real_trajectory/lead_time_0/465655019",
  "instance_name": "465655019",
  "promised_lead_time": 0,
  "model": "openai/gpt-5-mini",
  "num_runs_llm": 1,
  "num_runs_deterministic": 1,
  "max_periods": null,
  "summary": {
    "perfect_score": 3029.0,
    "ratios": {
      "or": 0.6579729283591944,
      "llm": 0.6665566193463189,
      "llm_to_or": 0.6685374711125784,
      "or_to_llm": 0.6919775503466491,
      "perfect_score": 1.0
    },
    "warnings": null
  },
  "results": {
    "or": {
      "rewards": [
        1993.0
      ],
      "mean": 1993.0,
      "std": 0.0,
      "min": 1993.0,
      "max": 1993.0,
      "count": 1,
      "ratio_to_perfect": 0.6579729283591944
    },
    "llm": {
      "rewards": [
        2019.0
      ],
      "mean": 2019.0,
      "std": 0.0,
      "min": 2019.0,
      "max": 2019.0,
      "count": 1,
      "ratio_to_perfect": 0.6665566193463189
    },
    "llm_to_or": {
      "rewards": [
        2025.0
      ],
      "mean": 2025.0,
      "std": 0.0,
      "min": 2025.0,
      "max": 2025.0,
      "count": 1,
      "ratio_to_perfect": 0.6685374711125784
    },
    "or_to_llm": {
      "rewards": [
        2096.0
      ],
      "mean": 2096.0,
      "std": 0.0,
      "min": 2096.0,
      "max": 2096.0,
      "count": 1,
      "ratio_to_perfect": 0.6919775503466491
    },
    "perfect_score": {
      "rewards": [
        3029.0
      ],
      "mean": 3029.0,
      "std": 0.0,
      "min": 3029.0,
      "max": 3029.0,
      "count": 1,
      "ratio_to_perfect": 1.0
    }
  },
  "errors": {}
}