{
  "instance_dir": "D:\\TextArena\\examples\\benchmark\\real_trajectory\\lead_time_stochastic\\372860001",
  "instance_name": "372860001",
  "promised_lead_time": 2,
  "model": "google/gemini-3-flash-preview",
  "num_runs_llm": 1,
  "num_runs_deterministic": 1,
  "max_periods": null,
  "summary": {
    "perfect_score": 14198.0,
    "ratios": {
      "or": 0.1330469080152134,
      "llm": -0.19368925200732498,
      "llm_to_or": 0.05176785462741231,
      "or_to_llm": 0.2083392027046063,
      "perfect_score": 1.0
    },
    "warnings": null
  },
  "results": {
    "or": {
      "rewards": [
        1889.0
      ],
      "mean": 1889.0,
      "std": 0.0,
      "min": 1889.0,
      "max": 1889.0,
      "count": 1,
      "ratio_to_perfect": 0.1330469080152134
    },
    "llm": {
      "rewards": [
        -2750.0
      ],
      "mean": -2750.0,
      "std": 0.0,
      "min": -2750.0,
      "max": -2750.0,
      "count": 1,
      "ratio_to_perfect": -0.19368925200732498
    },
    "llm_to_or": {
      "rewards": [
        735.0
      ],
      "mean": 735.0,
      "std": 0.0,
      "min": 735.0,
      "max": 735.0,
      "count": 1,
      "ratio_to_perfect": 0.05176785462741231
    },
    "or_to_llm": {
      "rewards": [
        2958.0
      ],
      "mean": 2958.0,
      "std": 0.0,
      "min": 2958.0,
      "max": 2958.0,
      "count": 1,
      "ratio_to_perfect": 0.2083392027046063
    },
    "perfect_score": {
      "rewards": [
        14198.0
      ],
      "mean": 14198.0,
      "std": 0.0,
      "min": 14198.0,
      "max": 14198.0,
      "count": 1,
      "ratio_to_perfect": 1.0
    }
  },
  "errors": {}
}