{
  "instance_dir": "/shared/share_malatown/OR_Agent/examples/benchmark/synthetic_trajectory/lead_time_4/p10_autocorrelated/v2_phi_0_5/r2_high",
  "instance_name": "r2_high",
  "promised_lead_time": 4,
  "model": "x-ai/grok-4.1-fast",
  "num_runs_llm": 1,
  "num_runs_deterministic": 1,
  "max_periods": null,
  "summary": {
    "perfect_score": 87210.0,
    "ratios": {
      "or": 0.8003095975232198,
      "llm": 0.7146084164660016,
      "llm_to_or": 0.7363146428161909,
      "or_to_llm": 0.769281045751634,
      "perfect_score": 1.0
    },
    "warnings": null
  },
  "results": {
    "or": {
      "rewards": [
        69795.0
      ],
      "mean": 69795.0,
      "std": 0.0,
      "min": 69795.0,
      "max": 69795.0,
      "count": 1,
      "ratio_to_perfect": 0.8003095975232198
    },
    "llm": {
      "rewards": [
        62321.0
      ],
      "mean": 62321.0,
      "std": 0.0,
      "min": 62321.0,
      "max": 62321.0,
      "count": 1,
      "ratio_to_perfect": 0.7146084164660016
    },
    "llm_to_or": {
      "rewards": [
        64214.0
      ],
      "mean": 64214.0,
      "std": 0.0,
      "min": 64214.0,
      "max": 64214.0,
      "count": 1,
      "ratio_to_perfect": 0.7363146428161909
    },
    "or_to_llm": {
      "rewards": [
        67089.0
      ],
      "mean": 67089.0,
      "std": 0.0,
      "min": 67089.0,
      "max": 67089.0,
      "count": 1,
      "ratio_to_perfect": 0.769281045751634
    },
    "perfect_score": {
      "rewards": [
        87210.0
      ],
      "mean": 87210.0,
      "std": 0.0,
      "min": 87210.0,
      "max": 87210.0,
      "count": 1,
      "ratio_to_perfect": 1.0
    }
  },
  "errors": {}
}