{
  "instance_dir": "/shared/share_malatown/OR_Agent/examples/benchmark/synthetic_trajectory/lead_time_0/p01_stationary_iid/v1_normal_100_25/r1_high",
  "instance_name": "r1_high",
  "promised_lead_time": 0,
  "model": "x-ai/grok-4.1-fast",
  "num_runs_llm": 1,
  "num_runs_deterministic": 1,
  "max_periods": null,
  "summary": {
    "perfect_score": 97318.0,
    "ratios": {
      "or": 0.9738999979448817,
      "llm": 0.952362358453729,
      "llm_to_or": 0.957232988758503,
      "or_to_llm": 0.9618364536879097,
      "perfect_score": 1.0
    },
    "warnings": null
  },
  "results": {
    "or": {
      "rewards": [
        94778.0
      ],
      "mean": 94778.0,
      "std": 0.0,
      "min": 94778.0,
      "max": 94778.0,
      "count": 1,
      "ratio_to_perfect": 0.9738999979448817
    },
    "llm": {
      "rewards": [
        92682.0
      ],
      "mean": 92682.0,
      "std": 0.0,
      "min": 92682.0,
      "max": 92682.0,
      "count": 1,
      "ratio_to_perfect": 0.952362358453729
    },
    "llm_to_or": {
      "rewards": [
        93156.0
      ],
      "mean": 93156.0,
      "std": 0.0,
      "min": 93156.0,
      "max": 93156.0,
      "count": 1,
      "ratio_to_perfect": 0.957232988758503
    },
    "or_to_llm": {
      "rewards": [
        93604.0
      ],
      "mean": 93604.0,
      "std": 0.0,
      "min": 93604.0,
      "max": 93604.0,
      "count": 1,
      "ratio_to_perfect": 0.9618364536879097
    },
    "perfect_score": {
      "rewards": [
        97318.0
      ],
      "mean": 97318.0,
      "std": 0.0,
      "min": 97318.0,
      "max": 97318.0,
      "count": 1,
      "ratio_to_perfect": 1.0
    }
  },
  "errors": {}
}