{
  "instance_dir": "D:\\TextArena\\examples\\benchmark\\real_trajectory\\lead_time_0\\687704002",
  "instance_name": "687704002",
  "promised_lead_time": 0,
  "model": "google/gemini-3-flash-preview",
  "num_runs_llm": 1,
  "num_runs_deterministic": 1,
  "max_periods": null,
  "summary": {
    "perfect_score": 13188.0,
    "ratios": {
      "or": 0.6816044889293297,
      "llm": 0.7940552016985138,
      "llm_to_or": 0.825523202911738,
      "or_to_llm": 0.760767364270549,
      "perfect_score": 1.0
    },
    "warnings": null
  },
  "results": {
    "or": {
      "rewards": [
        8989.0
      ],
      "mean": 8989.0,
      "std": 0.0,
      "min": 8989.0,
      "max": 8989.0,
      "count": 1,
      "ratio_to_perfect": 0.6816044889293297
    },
    "llm": {
      "rewards": [
        10472.0
      ],
      "mean": 10472.0,
      "std": 0.0,
      "min": 10472.0,
      "max": 10472.0,
      "count": 1,
      "ratio_to_perfect": 0.7940552016985138
    },
    "llm_to_or": {
      "rewards": [
        10887.0
      ],
      "mean": 10887.0,
      "std": 0.0,
      "min": 10887.0,
      "max": 10887.0,
      "count": 1,
      "ratio_to_perfect": 0.825523202911738
    },
    "or_to_llm": {
      "rewards": [
        10033.0
      ],
      "mean": 10033.0,
      "std": 0.0,
      "min": 10033.0,
      "max": 10033.0,
      "count": 1,
      "ratio_to_perfect": 0.760767364270549
    },
    "perfect_score": {
      "rewards": [
        13188.0
      ],
      "mean": 13188.0,
      "std": 0.0,
      "min": 13188.0,
      "max": 13188.0,
      "count": 1,
      "ratio_to_perfect": 1.0
    }
  },
  "errors": {}
}