{
  "instance_dir": "/shared/share_malatown/OR_Agent/examples/benchmark/synthetic_trajectory/lead_time_4/p10_autocorrelated/v3_phi_0_3/r1_med",
  "instance_name": "r1_med",
  "promised_lead_time": 4,
  "model": "x-ai/grok-4.1-fast",
  "num_runs_llm": 1,
  "num_runs_deterministic": 1,
  "max_periods": null,
  "summary": {
    "perfect_score": 19984.0,
    "ratios": {
      "or": 0.6760908726981585,
      "llm": -1.1647317854283428,
      "llm_to_or": 0.6830964771817454,
      "or_to_llm": 0.6796937550040032,
      "perfect_score": 1.0
    },
    "warnings": null
  },
  "results": {
    "or": {
      "rewards": [
        13511.0
      ],
      "mean": 13511.0,
      "std": 0.0,
      "min": 13511.0,
      "max": 13511.0,
      "count": 1,
      "ratio_to_perfect": 0.6760908726981585
    },
    "llm": {
      "rewards": [
        -23276.0
      ],
      "mean": -23276.0,
      "std": 0.0,
      "min": -23276.0,
      "max": -23276.0,
      "count": 1,
      "ratio_to_perfect": -1.1647317854283428
    },
    "llm_to_or": {
      "rewards": [
        13651.0
      ],
      "mean": 13651.0,
      "std": 0.0,
      "min": 13651.0,
      "max": 13651.0,
      "count": 1,
      "ratio_to_perfect": 0.6830964771817454
    },
    "or_to_llm": {
      "rewards": [
        13583.0
      ],
      "mean": 13583.0,
      "std": 0.0,
      "min": 13583.0,
      "max": 13583.0,
      "count": 1,
      "ratio_to_perfect": 0.6796937550040032
    },
    "perfect_score": {
      "rewards": [
        19984.0
      ],
      "mean": 19984.0,
      "std": 0.0,
      "min": 19984.0,
      "max": 19984.0,
      "count": 1,
      "ratio_to_perfect": 1.0
    }
  },
  "errors": {}
}