{
  "instance_dir": "/shared/share_malatown/OR_Agent/examples/benchmark/synthetic_trajectory/lead_time_stochastic/p03_mean_decrease/v1_100to50/r2_high",
  "instance_name": "r2_high",
  "promised_lead_time": 2,
  "model": "x-ai/grok-4.1-fast",
  "num_runs_llm": 1,
  "num_runs_deterministic": 1,
  "max_periods": null,
  "summary": {
    "perfect_score": 64562.0,
    "ratios": {
      "or": 0.2024255754158793,
      "llm": 0.7803351816858214,
      "llm_to_or": 0.614742418140702,
      "or_to_llm": 0.5093553483473251,
      "perfect_score": 1.0
    },
    "warnings": null
  },
  "results": {
    "or": {
      "rewards": [
        13069.0
      ],
      "mean": 13069.0,
      "std": 0.0,
      "min": 13069.0,
      "max": 13069.0,
      "count": 1,
      "ratio_to_perfect": 0.2024255754158793
    },
    "llm": {
      "rewards": [
        50380.0
      ],
      "mean": 50380.0,
      "std": 0.0,
      "min": 50380.0,
      "max": 50380.0,
      "count": 1,
      "ratio_to_perfect": 0.7803351816858214
    },
    "llm_to_or": {
      "rewards": [
        39689.0
      ],
      "mean": 39689.0,
      "std": 0.0,
      "min": 39689.0,
      "max": 39689.0,
      "count": 1,
      "ratio_to_perfect": 0.614742418140702
    },
    "or_to_llm": {
      "rewards": [
        32885.0
      ],
      "mean": 32885.0,
      "std": 0.0,
      "min": 32885.0,
      "max": 32885.0,
      "count": 1,
      "ratio_to_perfect": 0.5093553483473251
    },
    "perfect_score": {
      "rewards": [
        64562.0
      ],
      "mean": 64562.0,
      "std": 0.0,
      "min": 64562.0,
      "max": 64562.0,
      "count": 1,
      "ratio_to_perfect": 1.0
    }
  },
  "errors": {}
}