{
  "instance_dir": "/shared/share_malatown/OR-Agent-GPT5mini-benchmark/examples/benchmark/real_trajectory/lead_time_0/473954008",
  "instance_name": "473954008",
  "promised_lead_time": 0,
  "model": "openai/gpt-5-mini",
  "num_runs_llm": 1,
  "num_runs_deterministic": 1,
  "max_periods": null,
  "summary": {
    "perfect_score": 9516.0,
    "ratios": {
      "or": 0.8591845313156788,
      "llm": 0.8354350567465322,
      "llm_to_or": 0.8601303068516183,
      "or_to_llm": 0.8475199663724254,
      "perfect_score": 1.0
    },
    "warnings": null
  },
  "results": {
    "or": {
      "rewards": [
        8176.0
      ],
      "mean": 8176.0,
      "std": 0.0,
      "min": 8176.0,
      "max": 8176.0,
      "count": 1,
      "ratio_to_perfect": 0.8591845313156788
    },
    "llm": {
      "rewards": [
        7950.0
      ],
      "mean": 7950.0,
      "std": 0.0,
      "min": 7950.0,
      "max": 7950.0,
      "count": 1,
      "ratio_to_perfect": 0.8354350567465322
    },
    "llm_to_or": {
      "rewards": [
        8185.0
      ],
      "mean": 8185.0,
      "std": 0.0,
      "min": 8185.0,
      "max": 8185.0,
      "count": 1,
      "ratio_to_perfect": 0.8601303068516183
    },
    "or_to_llm": {
      "rewards": [
        8065.0
      ],
      "mean": 8065.0,
      "std": 0.0,
      "min": 8065.0,
      "max": 8065.0,
      "count": 1,
      "ratio_to_perfect": 0.8475199663724254
    },
    "perfect_score": {
      "rewards": [
        9516.0
      ],
      "mean": 9516.0,
      "std": 0.0,
      "min": 9516.0,
      "max": 9516.0,
      "count": 1,
      "ratio_to_perfect": 1.0
    }
  },
  "errors": {}
}