{
  "instance_dir": "D:\\TextArena\\examples\\benchmark\\real_trajectory\\lead_time_stochastic\\554450004",
  "instance_name": "554450004",
  "promised_lead_time": 2,
  "model": "google/gemini-3-flash-preview",
  "num_runs_llm": 1,
  "num_runs_deterministic": 1,
  "max_periods": null,
  "summary": {
    "perfect_score": 87571.0,
    "ratios": {
      "or": 0.26453963069966085,
      "llm": 0.6366376996951045,
      "llm_to_or": 0.4839615854563725,
      "or_to_llm": 0.5841659910244259,
      "perfect_score": 1.0
    },
    "warnings": null
  },
  "results": {
    "or": {
      "rewards": [
        23166.0
      ],
      "mean": 23166.0,
      "std": 0.0,
      "min": 23166.0,
      "max": 23166.0,
      "count": 1,
      "ratio_to_perfect": 0.26453963069966085
    },
    "llm": {
      "rewards": [
        55751.0
      ],
      "mean": 55751.0,
      "std": 0.0,
      "min": 55751.0,
      "max": 55751.0,
      "count": 1,
      "ratio_to_perfect": 0.6366376996951045
    },
    "llm_to_or": {
      "rewards": [
        42381.0
      ],
      "mean": 42381.0,
      "std": 0.0,
      "min": 42381.0,
      "max": 42381.0,
      "count": 1,
      "ratio_to_perfect": 0.4839615854563725
    },
    "or_to_llm": {
      "rewards": [
        51156.0
      ],
      "mean": 51156.0,
      "std": 0.0,
      "min": 51156.0,
      "max": 51156.0,
      "count": 1,
      "ratio_to_perfect": 0.5841659910244259
    },
    "perfect_score": {
      "rewards": [
        87571.0
      ],
      "mean": 87571.0,
      "std": 0.0,
      "min": 87571.0,
      "max": 87571.0,
      "count": 1,
      "ratio_to_perfect": 1.0
    }
  },
  "errors": {}
}