{
  "instance_dir": "D:\\TextArena\\examples\\benchmark\\synthetic_trajectory\\lead_time_0\\p10_autocorrelated\\v4_phi_neg_0_3\\r2_high",
  "instance_name": "r2_high",
  "promised_lead_time": 0,
  "model": "openai/gpt-5-mini",
  "num_runs_llm": 1,
  "num_runs_deterministic": 1,
  "max_periods": null,
  "summary": {
    "perfect_score": 91751.0,
    "ratios": {
      "or": 0.9760002615775305,
      "llm": 0.9368072282590926,
      "llm_to_or": 0.9757386840470403,
      "or_to_llm": 0.960676177916317,
      "perfect_score": 1.0
    },
    "warnings": null
  },
  "results": {
    "or": {
      "rewards": [
        89549.0
      ],
      "mean": 89549.0,
      "std": 0.0,
      "min": 89549.0,
      "max": 89549.0,
      "count": 1,
      "ratio_to_perfect": 0.9760002615775305
    },
    "llm": {
      "rewards": [
        85953.0
      ],
      "mean": 85953.0,
      "std": 0.0,
      "min": 85953.0,
      "max": 85953.0,
      "count": 1,
      "ratio_to_perfect": 0.9368072282590926
    },
    "llm_to_or": {
      "rewards": [
        89525.0
      ],
      "mean": 89525.0,
      "std": 0.0,
      "min": 89525.0,
      "max": 89525.0,
      "count": 1,
      "ratio_to_perfect": 0.9757386840470403
    },
    "or_to_llm": {
      "rewards": [
        88143.0
      ],
      "mean": 88143.0,
      "std": 0.0,
      "min": 88143.0,
      "max": 88143.0,
      "count": 1,
      "ratio_to_perfect": 0.960676177916317
    },
    "perfect_score": {
      "rewards": [
        91751.0
      ],
      "mean": 91751.0,
      "std": 0.0,
      "min": 91751.0,
      "max": 91751.0,
      "count": 1,
      "ratio_to_perfect": 1.0
    }
  },
  "errors": {}
}