{
  "instance_dir": "D:\\TextArena\\examples\\benchmark\\real_trajectory\\lead_time_stochastic\\554450027",
  "instance_name": "554450027",
  "promised_lead_time": 2,
  "model": "google/gemini-3-flash-preview",
  "num_runs_llm": 1,
  "num_runs_deterministic": 1,
  "max_periods": null,
  "summary": {
    "perfect_score": 17092.0,
    "ratios": {
      "or": 0.12807161245026913,
      "llm": 0.40890475076058974,
      "llm_to_or": 0.06494266323426165,
      "or_to_llm": 0.4919260472735783,
      "perfect_score": 1.0
    },
    "warnings": null
  },
  "results": {
    "or": {
      "rewards": [
        2189.0
      ],
      "mean": 2189.0,
      "std": 0.0,
      "min": 2189.0,
      "max": 2189.0,
      "count": 1,
      "ratio_to_perfect": 0.12807161245026913
    },
    "llm": {
      "rewards": [
        6989.0
      ],
      "mean": 6989.0,
      "std": 0.0,
      "min": 6989.0,
      "max": 6989.0,
      "count": 1,
      "ratio_to_perfect": 0.40890475076058974
    },
    "llm_to_or": {
      "rewards": [
        1110.0
      ],
      "mean": 1110.0,
      "std": 0.0,
      "min": 1110.0,
      "max": 1110.0,
      "count": 1,
      "ratio_to_perfect": 0.06494266323426165
    },
    "or_to_llm": {
      "rewards": [
        8408.0
      ],
      "mean": 8408.0,
      "std": 0.0,
      "min": 8408.0,
      "max": 8408.0,
      "count": 1,
      "ratio_to_perfect": 0.4919260472735783
    },
    "perfect_score": {
      "rewards": [
        17092.0
      ],
      "mean": 17092.0,
      "std": 0.0,
      "min": 17092.0,
      "max": 17092.0,
      "count": 1,
      "ratio_to_perfect": 1.0
    }
  },
  "errors": {}
}