{
  "instance_dir": "/shared/share_malatown/OR_Agent/examples/benchmark/real_trajectory/lead_time_stochastic/658030001",
  "instance_name": "658030001",
  "promised_lead_time": 2,
  "model": "x-ai/grok-4.1-fast",
  "num_runs_llm": 1,
  "num_runs_deterministic": 1,
  "max_periods": null,
  "summary": {
    "perfect_score": 14960.0,
    "ratios": {
      "or": 0.19538770053475935,
      "llm": 0.3715909090909091,
      "llm_to_or": -0.2107620320855615,
      "or_to_llm": -0.007219251336898396,
      "perfect_score": 1.0
    },
    "warnings": null
  },
  "results": {
    "or": {
      "rewards": [
        2923.0
      ],
      "mean": 2923.0,
      "std": 0.0,
      "min": 2923.0,
      "max": 2923.0,
      "count": 1,
      "ratio_to_perfect": 0.19538770053475935
    },
    "llm": {
      "rewards": [
        5559.0
      ],
      "mean": 5559.0,
      "std": 0.0,
      "min": 5559.0,
      "max": 5559.0,
      "count": 1,
      "ratio_to_perfect": 0.3715909090909091
    },
    "llm_to_or": {
      "rewards": [
        -3153.0
      ],
      "mean": -3153.0,
      "std": 0.0,
      "min": -3153.0,
      "max": -3153.0,
      "count": 1,
      "ratio_to_perfect": -0.2107620320855615
    },
    "or_to_llm": {
      "rewards": [
        -108.0
      ],
      "mean": -108.0,
      "std": 0.0,
      "min": -108.0,
      "max": -108.0,
      "count": 1,
      "ratio_to_perfect": -0.007219251336898396
    },
    "perfect_score": {
      "rewards": [
        14960.0
      ],
      "mean": 14960.0,
      "std": 0.0,
      "min": 14960.0,
      "max": 14960.0,
      "count": 1,
      "ratio_to_perfect": 1.0
    }
  },
  "errors": {}
}