{
  "instance_dir": "D:\\TextArena\\examples\\benchmark\\synthetic_trajectory\\lead_time_4\\p01_stationary_iid\\v1_normal_100_25\\r1_high",
  "instance_name": "r1_high",
  "promised_lead_time": 4,
  "model": "openai/gpt-5-mini",
  "num_runs_llm": 1,
  "num_runs_deterministic": 1,
  "max_periods": null,
  "summary": {
    "perfect_score": 97318.0,
    "ratios": {
      "or": 0.872202470252163,
      "llm": 0.7842639593908629,
      "llm_to_or": 0.8719250292854354,
      "or_to_llm": 0.7998828582584928,
      "perfect_score": 1.0
    },
    "warnings": null
  },
  "results": {
    "or": {
      "rewards": [
        84881.0
      ],
      "mean": 84881.0,
      "std": 0.0,
      "min": 84881.0,
      "max": 84881.0,
      "count": 1,
      "ratio_to_perfect": 0.872202470252163
    },
    "llm": {
      "rewards": [
        76323.0
      ],
      "mean": 76323.0,
      "std": 0.0,
      "min": 76323.0,
      "max": 76323.0,
      "count": 1,
      "ratio_to_perfect": 0.7842639593908629
    },
    "llm_to_or": {
      "rewards": [
        84854.0
      ],
      "mean": 84854.0,
      "std": 0.0,
      "min": 84854.0,
      "max": 84854.0,
      "count": 1,
      "ratio_to_perfect": 0.8719250292854354
    },
    "or_to_llm": {
      "rewards": [
        77843.0
      ],
      "mean": 77843.0,
      "std": 0.0,
      "min": 77843.0,
      "max": 77843.0,
      "count": 1,
      "ratio_to_perfect": 0.7998828582584928
    },
    "perfect_score": {
      "rewards": [
        97318.0
      ],
      "mean": 97318.0,
      "std": 0.0,
      "min": 97318.0,
      "max": 97318.0,
      "count": 1,
      "ratio_to_perfect": 1.0
    }
  },
  "errors": {}
}