{
  "instance_dir": "/shared/share_malatown/OR-Agent-GPT5mini-benchmark/examples/benchmark/real_trajectory/lead_time_0/706016015",
  "instance_name": "706016015",
  "promised_lead_time": 0,
  "model": "openai/gpt-5-mini",
  "num_runs_llm": 1,
  "num_runs_deterministic": 1,
  "max_periods": null,
  "summary": {
    "perfect_score": 33488.0,
    "ratios": {
      "or": 0.6768693263258481,
      "llm": 0.7935678451982799,
      "llm_to_or": 0.7414894887720974,
      "or_to_llm": 0.7759794553272814,
      "perfect_score": 1.0
    },
    "warnings": null
  },
  "results": {
    "or": {
      "rewards": [
        22667.0
      ],
      "mean": 22667.0,
      "std": 0.0,
      "min": 22667.0,
      "max": 22667.0,
      "count": 1,
      "ratio_to_perfect": 0.6768693263258481
    },
    "llm": {
      "rewards": [
        26575.0
      ],
      "mean": 26575.0,
      "std": 0.0,
      "min": 26575.0,
      "max": 26575.0,
      "count": 1,
      "ratio_to_perfect": 0.7935678451982799
    },
    "llm_to_or": {
      "rewards": [
        24831.0
      ],
      "mean": 24831.0,
      "std": 0.0,
      "min": 24831.0,
      "max": 24831.0,
      "count": 1,
      "ratio_to_perfect": 0.7414894887720974
    },
    "or_to_llm": {
      "rewards": [
        25986.0
      ],
      "mean": 25986.0,
      "std": 0.0,
      "min": 25986.0,
      "max": 25986.0,
      "count": 1,
      "ratio_to_perfect": 0.7759794553272814
    },
    "perfect_score": {
      "rewards": [
        33488.0
      ],
      "mean": 33488.0,
      "std": 0.0,
      "min": 33488.0,
      "max": 33488.0,
      "count": 1,
      "ratio_to_perfect": 1.0
    }
  },
  "errors": {}
}