{
  "instance_dir": "/shared/share_malatown/OR_Agent/examples/benchmark/synthetic_trajectory/lead_time_4/p01_stationary_iid/v2_normal_100_40/r1_med",
  "instance_name": "r1_med",
  "promised_lead_time": 4,
  "model": "x-ai/grok-4.1-fast",
  "num_runs_llm": 1,
  "num_runs_deterministic": 1,
  "max_periods": null,
  "summary": {
    "perfect_score": 18624.0,
    "ratios": {
      "or": 0.7625107388316151,
      "llm": 0.5650236254295533,
      "llm_to_or": 0.711340206185567,
      "or_to_llm": 0.7625107388316151,
      "perfect_score": 1.0
    },
    "warnings": null
  },
  "results": {
    "or": {
      "rewards": [
        14201.0
      ],
      "mean": 14201.0,
      "std": 0.0,
      "min": 14201.0,
      "max": 14201.0,
      "count": 1,
      "ratio_to_perfect": 0.7625107388316151
    },
    "llm": {
      "rewards": [
        10523.0
      ],
      "mean": 10523.0,
      "std": 0.0,
      "min": 10523.0,
      "max": 10523.0,
      "count": 1,
      "ratio_to_perfect": 0.5650236254295533
    },
    "llm_to_or": {
      "rewards": [
        13248.0
      ],
      "mean": 13248.0,
      "std": 0.0,
      "min": 13248.0,
      "max": 13248.0,
      "count": 1,
      "ratio_to_perfect": 0.711340206185567
    },
    "or_to_llm": {
      "rewards": [
        14201.0
      ],
      "mean": 14201.0,
      "std": 0.0,
      "min": 14201.0,
      "max": 14201.0,
      "count": 1,
      "ratio_to_perfect": 0.7625107388316151
    },
    "perfect_score": {
      "rewards": [
        18624.0
      ],
      "mean": 18624.0,
      "std": 0.0,
      "min": 18624.0,
      "max": 18624.0,
      "count": 1,
      "ratio_to_perfect": 1.0
    }
  },
  "errors": {}
}