{
  "instance_dir": "/shared/share_malatown/OR-Agent-GPT5mini-benchmark/examples/benchmark/synthetic_trajectory/lead_time_stochastic/p05_decreasing_trend/v1_200_minus_3t/r2_high",
  "instance_name": "r2_high",
  "promised_lead_time": 2,
  "model": "openai/gpt-5-mini",
  "num_runs_llm": 1,
  "num_runs_deterministic": 1,
  "max_periods": null,
  "summary": {
    "perfect_score": 119491.0,
    "ratios": {
      "or": 0.13973437330008118,
      "llm": 0.330861738540978,
      "llm_to_or": 0.26767706354453474,
      "or_to_llm": 0.3582947669698973,
      "perfect_score": 1.0
    },
    "warnings": null
  },
  "results": {
    "or": {
      "rewards": [
        16697.0
      ],
      "mean": 16697.0,
      "std": 0.0,
      "min": 16697.0,
      "max": 16697.0,
      "count": 1,
      "ratio_to_perfect": 0.13973437330008118
    },
    "llm": {
      "rewards": [
        39535.0
      ],
      "mean": 39535.0,
      "std": 0.0,
      "min": 39535.0,
      "max": 39535.0,
      "count": 1,
      "ratio_to_perfect": 0.330861738540978
    },
    "llm_to_or": {
      "rewards": [
        31985.0
      ],
      "mean": 31985.0,
      "std": 0.0,
      "min": 31985.0,
      "max": 31985.0,
      "count": 1,
      "ratio_to_perfect": 0.26767706354453474
    },
    "or_to_llm": {
      "rewards": [
        42813.0
      ],
      "mean": 42813.0,
      "std": 0.0,
      "min": 42813.0,
      "max": 42813.0,
      "count": 1,
      "ratio_to_perfect": 0.3582947669698973
    },
    "perfect_score": {
      "rewards": [
        119491.0
      ],
      "mean": 119491.0,
      "std": 0.0,
      "min": 119491.0,
      "max": 119491.0,
      "count": 1,
      "ratio_to_perfect": 1.0
    }
  },
  "errors": {}
}