{
  "instance_dir": "/shared/share_malatown/OR-Agent-GPT5mini-benchmark/examples/benchmark/real_trajectory/lead_time_stochastic/243937001",
  "instance_name": "243937001",
  "promised_lead_time": 2,
  "model": "openai/gpt-5-mini",
  "num_runs_llm": 1,
  "num_runs_deterministic": 1,
  "max_periods": null,
  "summary": {
    "perfect_score": 41686.0,
    "ratios": {
      "or": 0.16017367941275248,
      "llm": 0.14182219450175118,
      "llm_to_or": 0.2064482080314734,
      "or_to_llm": 0.010483135824977211,
      "perfect_score": 1.0
    },
    "warnings": null
  },
  "results": {
    "or": {
      "rewards": [
        6677.0
      ],
      "mean": 6677.0,
      "std": 0.0,
      "min": 6677.0,
      "max": 6677.0,
      "count": 1,
      "ratio_to_perfect": 0.16017367941275248
    },
    "llm": {
      "rewards": [
        5912.0
      ],
      "mean": 5912.0,
      "std": 0.0,
      "min": 5912.0,
      "max": 5912.0,
      "count": 1,
      "ratio_to_perfect": 0.14182219450175118
    },
    "llm_to_or": {
      "rewards": [
        8606.0
      ],
      "mean": 8606.0,
      "std": 0.0,
      "min": 8606.0,
      "max": 8606.0,
      "count": 1,
      "ratio_to_perfect": 0.2064482080314734
    },
    "or_to_llm": {
      "rewards": [
        437.0
      ],
      "mean": 437.0,
      "std": 0.0,
      "min": 437.0,
      "max": 437.0,
      "count": 1,
      "ratio_to_perfect": 0.010483135824977211
    },
    "perfect_score": {
      "rewards": [
        41686.0
      ],
      "mean": 41686.0,
      "std": 0.0,
      "min": 41686.0,
      "max": 41686.0,
      "count": 1,
      "ratio_to_perfect": 1.0
    }
  },
  "errors": {}
}