{
  "instance_dir": "D:\\TextArena\\examples\\benchmark\\synthetic_trajectory\\lead_time_0\\p05_decreasing_trend\\v2_exp_decay_0_97\\r1_med",
  "instance_name": "r1_med",
  "promised_lead_time": 0,
  "model": "google/gemini-3-flash-preview",
  "num_runs_llm": 1,
  "num_runs_deterministic": 1,
  "max_periods": null,
  "summary": {
    "perfect_score": 20060.0,
    "ratios": {
      "or": 0.7974576271186441,
      "llm": 0.8771186440677966,
      "llm_to_or": 0.8922731804586241,
      "or_to_llm": 0.8441176470588235,
      "perfect_score": 1.0
    },
    "warnings": null
  },
  "results": {
    "or": {
      "rewards": [
        15997.0
      ],
      "mean": 15997.0,
      "std": 0.0,
      "min": 15997.0,
      "max": 15997.0,
      "count": 1,
      "ratio_to_perfect": 0.7974576271186441
    },
    "llm": {
      "rewards": [
        17595.0
      ],
      "mean": 17595.0,
      "std": 0.0,
      "min": 17595.0,
      "max": 17595.0,
      "count": 1,
      "ratio_to_perfect": 0.8771186440677966
    },
    "llm_to_or": {
      "rewards": [
        17899.0
      ],
      "mean": 17899.0,
      "std": 0.0,
      "min": 17899.0,
      "max": 17899.0,
      "count": 1,
      "ratio_to_perfect": 0.8922731804586241
    },
    "or_to_llm": {
      "rewards": [
        16933.0
      ],
      "mean": 16933.0,
      "std": 0.0,
      "min": 16933.0,
      "max": 16933.0,
      "count": 1,
      "ratio_to_perfect": 0.8441176470588235
    },
    "perfect_score": {
      "rewards": [
        20060.0
      ],
      "mean": 20060.0,
      "std": 0.0,
      "min": 20060.0,
      "max": 20060.0,
      "count": 1,
      "ratio_to_perfect": 1.0
    }
  },
  "errors": {}
}