{
  "instance_dir": "/shared/share_malatown/OR_Agent/examples/benchmark/real_trajectory/lead_time_0/399087030",
  "instance_name": "399087030",
  "promised_lead_time": 0,
  "model": "x-ai/grok-4.1-fast",
  "num_runs_llm": 1,
  "num_runs_deterministic": 1,
  "max_periods": null,
  "summary": {
    "perfect_score": 63517.0,
    "ratios": {
      "or": 0.8823307146118362,
      "llm": 0.8699403309350253,
      "llm_to_or": 0.8629343325408946,
      "or_to_llm": 0.8839838153565187,
      "perfect_score": 1.0
    },
    "warnings": null
  },
  "results": {
    "or": {
      "rewards": [
        56043.0
      ],
      "mean": 56043.0,
      "std": 0.0,
      "min": 56043.0,
      "max": 56043.0,
      "count": 1,
      "ratio_to_perfect": 0.8823307146118362
    },
    "llm": {
      "rewards": [
        55256.0
      ],
      "mean": 55256.0,
      "std": 0.0,
      "min": 55256.0,
      "max": 55256.0,
      "count": 1,
      "ratio_to_perfect": 0.8699403309350253
    },
    "llm_to_or": {
      "rewards": [
        54811.0
      ],
      "mean": 54811.0,
      "std": 0.0,
      "min": 54811.0,
      "max": 54811.0,
      "count": 1,
      "ratio_to_perfect": 0.8629343325408946
    },
    "or_to_llm": {
      "rewards": [
        56148.0
      ],
      "mean": 56148.0,
      "std": 0.0,
      "min": 56148.0,
      "max": 56148.0,
      "count": 1,
      "ratio_to_perfect": 0.8839838153565187
    },
    "perfect_score": {
      "rewards": [
        63517.0
      ],
      "mean": 63517.0,
      "std": 0.0,
      "min": 63517.0,
      "max": 63517.0,
      "count": 1,
      "ratio_to_perfect": 1.0
    }
  },
  "errors": {}
}