{
  "instance_dir": "D:\\TextArena\\examples\\benchmark\\synthetic_trajectory\\lead_time_0\\p03_mean_decrease\\v4_150to80\\r1_med",
  "instance_name": "r1_med",
  "promised_lead_time": 0,
  "model": "google/gemini-3-flash-preview",
  "num_runs_llm": 1,
  "num_runs_deterministic": 1,
  "max_periods": null,
  "summary": {
    "perfect_score": 20164.0,
    "ratios": {
      "or": 0.8435330291608808,
      "llm": 0.8755703233485419,
      "llm_to_or": 0.8946141638563777,
      "or_to_llm": 0.8720491965879785,
      "perfect_score": 1.0
    },
    "warnings": null
  },
  "results": {
    "or": {
      "rewards": [
        17009.0
      ],
      "mean": 17009.0,
      "std": 0.0,
      "min": 17009.0,
      "max": 17009.0,
      "count": 1,
      "ratio_to_perfect": 0.8435330291608808
    },
    "llm": {
      "rewards": [
        17655.0
      ],
      "mean": 17655.0,
      "std": 0.0,
      "min": 17655.0,
      "max": 17655.0,
      "count": 1,
      "ratio_to_perfect": 0.8755703233485419
    },
    "llm_to_or": {
      "rewards": [
        18039.0
      ],
      "mean": 18039.0,
      "std": 0.0,
      "min": 18039.0,
      "max": 18039.0,
      "count": 1,
      "ratio_to_perfect": 0.8946141638563777
    },
    "or_to_llm": {
      "rewards": [
        17584.0
      ],
      "mean": 17584.0,
      "std": 0.0,
      "min": 17584.0,
      "max": 17584.0,
      "count": 1,
      "ratio_to_perfect": 0.8720491965879785
    },
    "perfect_score": {
      "rewards": [
        20164.0
      ],
      "mean": 20164.0,
      "std": 0.0,
      "min": 20164.0,
      "max": 20164.0,
      "count": 1,
      "ratio_to_perfect": 1.0
    }
  },
  "errors": {}
}