{
  "instance_dir": "/shared/share_malatown/OR_Agent/examples/benchmark/synthetic_trajectory/lead_time_4/p01_stationary_iid/v3_normal_100_15/r2_med",
  "instance_name": "r2_med",
  "promised_lead_time": 4,
  "model": "x-ai/grok-4.1-fast",
  "num_runs_llm": 1,
  "num_runs_deterministic": 1,
  "max_periods": null,
  "summary": {
    "perfect_score": 19788.0,
    "ratios": {
      "or": 0.8053871032949262,
      "llm": -0.6802102284212654,
      "llm_to_or": 0.7762785526581767,
      "or_to_llm": 0.8053871032949262,
      "perfect_score": 1.0
    },
    "warnings": null
  },
  "results": {
    "or": {
      "rewards": [
        15937.0
      ],
      "mean": 15937.0,
      "std": 0.0,
      "min": 15937.0,
      "max": 15937.0,
      "count": 1,
      "ratio_to_perfect": 0.8053871032949262
    },
    "llm": {
      "rewards": [
        -13460.0
      ],
      "mean": -13460.0,
      "std": 0.0,
      "min": -13460.0,
      "max": -13460.0,
      "count": 1,
      "ratio_to_perfect": -0.6802102284212654
    },
    "llm_to_or": {
      "rewards": [
        15361.0
      ],
      "mean": 15361.0,
      "std": 0.0,
      "min": 15361.0,
      "max": 15361.0,
      "count": 1,
      "ratio_to_perfect": 0.7762785526581767
    },
    "or_to_llm": {
      "rewards": [
        15937.0
      ],
      "mean": 15937.0,
      "std": 0.0,
      "min": 15937.0,
      "max": 15937.0,
      "count": 1,
      "ratio_to_perfect": 0.8053871032949262
    },
    "perfect_score": {
      "rewards": [
        19788.0
      ],
      "mean": 19788.0,
      "std": 0.0,
      "min": 19788.0,
      "max": 19788.0,
      "count": 1,
      "ratio_to_perfect": 1.0
    }
  },
  "errors": {}
}