{
  "instance_dir": "D:\\TextArena\\examples\\benchmark\\real_trajectory\\lead_time_0\\692226003",
  "instance_name": "692226003",
  "promised_lead_time": 0,
  "model": "google/gemini-3-flash-preview",
  "num_runs_llm": 1,
  "num_runs_deterministic": 1,
  "max_periods": null,
  "summary": {
    "perfect_score": 71668.0,
    "ratios": {
      "or": 0.8935089579728749,
      "llm": 0.9581403136685829,
      "llm_to_or": 0.9514567170843333,
      "or_to_llm": 0.9592007590556455,
      "perfect_score": 1.0
    },
    "warnings": null
  },
  "results": {
    "or": {
      "rewards": [
        64036.0
      ],
      "mean": 64036.0,
      "std": 0.0,
      "min": 64036.0,
      "max": 64036.0,
      "count": 1,
      "ratio_to_perfect": 0.8935089579728749
    },
    "llm": {
      "rewards": [
        68668.0
      ],
      "mean": 68668.0,
      "std": 0.0,
      "min": 68668.0,
      "max": 68668.0,
      "count": 1,
      "ratio_to_perfect": 0.9581403136685829
    },
    "llm_to_or": {
      "rewards": [
        68189.0
      ],
      "mean": 68189.0,
      "std": 0.0,
      "min": 68189.0,
      "max": 68189.0,
      "count": 1,
      "ratio_to_perfect": 0.9514567170843333
    },
    "or_to_llm": {
      "rewards": [
        68744.0
      ],
      "mean": 68744.0,
      "std": 0.0,
      "min": 68744.0,
      "max": 68744.0,
      "count": 1,
      "ratio_to_perfect": 0.9592007590556455
    },
    "perfect_score": {
      "rewards": [
        71668.0
      ],
      "mean": 71668.0,
      "std": 0.0,
      "min": 71668.0,
      "max": 71668.0,
      "count": 1,
      "ratio_to_perfect": 1.0
    }
  },
  "errors": {}
}