{
  "instance_dir": "/shared/share_malatown/OR-Agent-GPT5mini-benchmark/examples/benchmark/real_trajectory/lead_time_0/706016004",
  "instance_name": "706016004",
  "promised_lead_time": 0,
  "model": "openai/gpt-5-mini",
  "num_runs_llm": 1,
  "num_runs_deterministic": 1,
  "max_periods": null,
  "summary": {
    "perfect_score": 76874.0,
    "ratios": {
      "or": 0.8952701823763561,
      "llm": 0.8673023388922132,
      "llm_to_or": 0.9168379426073835,
      "or_to_llm": 0.8992247053620209,
      "perfect_score": 1.0
    },
    "warnings": null
  },
  "results": {
    "or": {
      "rewards": [
        68823.0
      ],
      "mean": 68823.0,
      "std": 0.0,
      "min": 68823.0,
      "max": 68823.0,
      "count": 1,
      "ratio_to_perfect": 0.8952701823763561
    },
    "llm": {
      "rewards": [
        66673.0
      ],
      "mean": 66673.0,
      "std": 0.0,
      "min": 66673.0,
      "max": 66673.0,
      "count": 1,
      "ratio_to_perfect": 0.8673023388922132
    },
    "llm_to_or": {
      "rewards": [
        70481.0
      ],
      "mean": 70481.0,
      "std": 0.0,
      "min": 70481.0,
      "max": 70481.0,
      "count": 1,
      "ratio_to_perfect": 0.9168379426073835
    },
    "or_to_llm": {
      "rewards": [
        69127.0
      ],
      "mean": 69127.0,
      "std": 0.0,
      "min": 69127.0,
      "max": 69127.0,
      "count": 1,
      "ratio_to_perfect": 0.8992247053620209
    },
    "perfect_score": {
      "rewards": [
        76874.0
      ],
      "mean": 76874.0,
      "std": 0.0,
      "min": 76874.0,
      "max": 76874.0,
      "count": 1,
      "ratio_to_perfect": 1.0
    }
  },
  "errors": {}
}