{
  "instance_dir": "/shared/share_malatown/OR-Agent-GPT5mini-benchmark/examples/benchmark/real_trajectory/lead_time_stochastic/399223034",
  "instance_name": "399223034",
  "promised_lead_time": 2,
  "model": "openai/gpt-5-mini",
  "num_runs_llm": 1,
  "num_runs_deterministic": 1,
  "max_periods": null,
  "summary": {
    "perfect_score": 11688.0,
    "ratios": {
      "or": 0.19977754962354552,
      "llm": 0.13928815879534565,
      "llm_to_or": 0.3665297741273101,
      "or_to_llm": 0.11575975359342916,
      "perfect_score": 1.0
    },
    "warnings": null
  },
  "results": {
    "or": {
      "rewards": [
        2335.0
      ],
      "mean": 2335.0,
      "std": 0.0,
      "min": 2335.0,
      "max": 2335.0,
      "count": 1,
      "ratio_to_perfect": 0.19977754962354552
    },
    "llm": {
      "rewards": [
        1628.0
      ],
      "mean": 1628.0,
      "std": 0.0,
      "min": 1628.0,
      "max": 1628.0,
      "count": 1,
      "ratio_to_perfect": 0.13928815879534565
    },
    "llm_to_or": {
      "rewards": [
        4284.0
      ],
      "mean": 4284.0,
      "std": 0.0,
      "min": 4284.0,
      "max": 4284.0,
      "count": 1,
      "ratio_to_perfect": 0.3665297741273101
    },
    "or_to_llm": {
      "rewards": [
        1353.0
      ],
      "mean": 1353.0,
      "std": 0.0,
      "min": 1353.0,
      "max": 1353.0,
      "count": 1,
      "ratio_to_perfect": 0.11575975359342916
    },
    "perfect_score": {
      "rewards": [
        11688.0
      ],
      "mean": 11688.0,
      "std": 0.0,
      "min": 11688.0,
      "max": 11688.0,
      "count": 1,
      "ratio_to_perfect": 1.0
    }
  },
  "errors": {}
}