{
  "instance_dir": "D:\\TextArena\\examples\\benchmark\\synthetic_trajectory\\lead_time_4\\p02_mean_increase\\v1_100to200\\r2_med",
  "instance_name": "r2_med",
  "promised_lead_time": 4,
  "model": "google/gemini-3-flash-preview",
  "num_runs_llm": 1,
  "num_runs_deterministic": 1,
  "max_periods": null,
  "summary": {
    "perfect_score": 34496.0,
    "ratios": {
      "or": 0.71944573283859,
      "llm": 0.601461038961039,
      "llm_to_or": 0.7100243506493507,
      "or_to_llm": 0.7425498608534323,
      "perfect_score": 1.0
    },
    "warnings": null
  },
  "results": {
    "or": {
      "rewards": [
        24818.0
      ],
      "mean": 24818.0,
      "std": 0.0,
      "min": 24818.0,
      "max": 24818.0,
      "count": 1,
      "ratio_to_perfect": 0.71944573283859
    },
    "llm": {
      "rewards": [
        20748.0
      ],
      "mean": 20748.0,
      "std": 0.0,
      "min": 20748.0,
      "max": 20748.0,
      "count": 1,
      "ratio_to_perfect": 0.601461038961039
    },
    "llm_to_or": {
      "rewards": [
        24493.0
      ],
      "mean": 24493.0,
      "std": 0.0,
      "min": 24493.0,
      "max": 24493.0,
      "count": 1,
      "ratio_to_perfect": 0.7100243506493507
    },
    "or_to_llm": {
      "rewards": [
        25615.0
      ],
      "mean": 25615.0,
      "std": 0.0,
      "min": 25615.0,
      "max": 25615.0,
      "count": 1,
      "ratio_to_perfect": 0.7425498608534323
    },
    "perfect_score": {
      "rewards": [
        34496.0
      ],
      "mean": 34496.0,
      "std": 0.0,
      "min": 34496.0,
      "max": 34496.0,
      "count": 1,
      "ratio_to_perfect": 1.0
    }
  },
  "errors": {}
}