{
  "instance_dir": "/shared/share_malatown/OR_Agent/examples/benchmark/real_trajectory/lead_time_4/658030006",
  "instance_name": "658030006",
  "promised_lead_time": 4,
  "model": "x-ai/grok-4.1-fast",
  "num_runs_llm": 1,
  "num_runs_deterministic": 1,
  "max_periods": null,
  "summary": {
    "perfect_score": 58235.0,
    "ratios": {
      "or": 0.5938524942045161,
      "llm": 0.5466472052889156,
      "llm_to_or": 0.6489739847170946,
      "or_to_llm": 0.6444062848802267,
      "perfect_score": 1.0
    },
    "warnings": null
  },
  "results": {
    "or": {
      "rewards": [
        34583.0
      ],
      "mean": 34583.0,
      "std": 0.0,
      "min": 34583.0,
      "max": 34583.0,
      "count": 1,
      "ratio_to_perfect": 0.5938524942045161
    },
    "llm": {
      "rewards": [
        31834.0
      ],
      "mean": 31834.0,
      "std": 0.0,
      "min": 31834.0,
      "max": 31834.0,
      "count": 1,
      "ratio_to_perfect": 0.5466472052889156
    },
    "llm_to_or": {
      "rewards": [
        37793.0
      ],
      "mean": 37793.0,
      "std": 0.0,
      "min": 37793.0,
      "max": 37793.0,
      "count": 1,
      "ratio_to_perfect": 0.6489739847170946
    },
    "or_to_llm": {
      "rewards": [
        37527.0
      ],
      "mean": 37527.0,
      "std": 0.0,
      "min": 37527.0,
      "max": 37527.0,
      "count": 1,
      "ratio_to_perfect": 0.6444062848802267
    },
    "perfect_score": {
      "rewards": [
        58235.0
      ],
      "mean": 58235.0,
      "std": 0.0,
      "min": 58235.0,
      "max": 58235.0,
      "count": 1,
      "ratio_to_perfect": 1.0
    }
  },
  "errors": {}
}