{
  "instance_dir": "D:\\TextArena\\examples\\benchmark\\synthetic_trajectory\\lead_time_0\\p10_autocorrelated\\v3_phi_0_3\\r1_high",
  "instance_name": "r1_high",
  "promised_lead_time": 0,
  "model": "google/gemini-3-flash-preview",
  "num_runs_llm": 1,
  "num_runs_deterministic": 1,
  "max_periods": null,
  "summary": {
    "perfect_score": 94924.0,
    "ratios": {
      "or": 0.9684589777084825,
      "llm": 0.9706712738611942,
      "llm_to_or": 0.9523934937423623,
      "or_to_llm": 0.9651721377101682,
      "perfect_score": 1.0
    },
    "warnings": null
  },
  "results": {
    "or": {
      "rewards": [
        91930.0
      ],
      "mean": 91930.0,
      "std": 0.0,
      "min": 91930.0,
      "max": 91930.0,
      "count": 1,
      "ratio_to_perfect": 0.9684589777084825
    },
    "llm": {
      "rewards": [
        92140.0
      ],
      "mean": 92140.0,
      "std": 0.0,
      "min": 92140.0,
      "max": 92140.0,
      "count": 1,
      "ratio_to_perfect": 0.9706712738611942
    },
    "llm_to_or": {
      "rewards": [
        90405.0
      ],
      "mean": 90405.0,
      "std": 0.0,
      "min": 90405.0,
      "max": 90405.0,
      "count": 1,
      "ratio_to_perfect": 0.9523934937423623
    },
    "or_to_llm": {
      "rewards": [
        91618.0
      ],
      "mean": 91618.0,
      "std": 0.0,
      "min": 91618.0,
      "max": 91618.0,
      "count": 1,
      "ratio_to_perfect": 0.9651721377101682
    },
    "perfect_score": {
      "rewards": [
        94924.0
      ],
      "mean": 94924.0,
      "std": 0.0,
      "min": 94924.0,
      "max": 94924.0,
      "count": 1,
      "ratio_to_perfect": 1.0
    }
  },
  "errors": {}
}