{
  "instance_dir": "/shared/share_malatown/OR-Agent-GPT5mini-benchmark/examples/benchmark/real_trajectory/lead_time_stochastic/470789001",
  "instance_name": "470789001",
  "promised_lead_time": 2,
  "model": "openai/gpt-5-mini",
  "num_runs_llm": 1,
  "num_runs_deterministic": 1,
  "max_periods": null,
  "summary": {
    "perfect_score": 15836.0,
    "ratios": {
      "or": 0.24456933569083103,
      "llm": 0.2243622126799697,
      "llm_to_or": 0.235918161151806,
      "or_to_llm": 0.18394796665824703,
      "perfect_score": 1.0
    },
    "warnings": null
  },
  "results": {
    "or": {
      "rewards": [
        3873.0
      ],
      "mean": 3873.0,
      "std": 0.0,
      "min": 3873.0,
      "max": 3873.0,
      "count": 1,
      "ratio_to_perfect": 0.24456933569083103
    },
    "llm": {
      "rewards": [
        3553.0
      ],
      "mean": 3553.0,
      "std": 0.0,
      "min": 3553.0,
      "max": 3553.0,
      "count": 1,
      "ratio_to_perfect": 0.2243622126799697
    },
    "llm_to_or": {
      "rewards": [
        3736.0
      ],
      "mean": 3736.0,
      "std": 0.0,
      "min": 3736.0,
      "max": 3736.0,
      "count": 1,
      "ratio_to_perfect": 0.235918161151806
    },
    "or_to_llm": {
      "rewards": [
        2913.0
      ],
      "mean": 2913.0,
      "std": 0.0,
      "min": 2913.0,
      "max": 2913.0,
      "count": 1,
      "ratio_to_perfect": 0.18394796665824703
    },
    "perfect_score": {
      "rewards": [
        15836.0
      ],
      "mean": 15836.0,
      "std": 0.0,
      "min": 15836.0,
      "max": 15836.0,
      "count": 1,
      "ratio_to_perfect": 1.0
    }
  },
  "errors": {}
}