{
  "instance_dir": "D:\\TextArena\\examples\\benchmark\\synthetic_trajectory\\lead_time_4\\p01_stationary_iid\\v1_normal_100_25\\r2_med",
  "instance_name": "r2_med",
  "promised_lead_time": 4,
  "model": "openai/gpt-5-mini",
  "num_runs_llm": 1,
  "num_runs_deterministic": 1,
  "max_periods": null,
  "summary": {
    "perfect_score": 18892.0,
    "ratios": {
      "or": 0.765085750582257,
      "llm": 0.7083950878678806,
      "llm_to_or": 0.7594219775566378,
      "or_to_llm": 0.7221045945373703,
      "perfect_score": 1.0
    },
    "warnings": null
  },
  "results": {
    "or": {
      "rewards": [
        14454.0
      ],
      "mean": 14454.0,
      "std": 0.0,
      "min": 14454.0,
      "max": 14454.0,
      "count": 1,
      "ratio_to_perfect": 0.765085750582257
    },
    "llm": {
      "rewards": [
        13383.0
      ],
      "mean": 13383.0,
      "std": 0.0,
      "min": 13383.0,
      "max": 13383.0,
      "count": 1,
      "ratio_to_perfect": 0.7083950878678806
    },
    "llm_to_or": {
      "rewards": [
        14347.0
      ],
      "mean": 14347.0,
      "std": 0.0,
      "min": 14347.0,
      "max": 14347.0,
      "count": 1,
      "ratio_to_perfect": 0.7594219775566378
    },
    "or_to_llm": {
      "rewards": [
        13642.0
      ],
      "mean": 13642.0,
      "std": 0.0,
      "min": 13642.0,
      "max": 13642.0,
      "count": 1,
      "ratio_to_perfect": 0.7221045945373703
    },
    "perfect_score": {
      "rewards": [
        18892.0
      ],
      "mean": 18892.0,
      "std": 0.0,
      "min": 18892.0,
      "max": 18892.0,
      "count": 1,
      "ratio_to_perfect": 1.0
    }
  },
  "errors": {}
}