{
  "instance_dir": "D:\\TextArena\\examples\\benchmark\\synthetic_trajectory\\lead_time_0\\p02_mean_increase\\v1_100to200\\r1_med",
  "instance_name": "r1_med",
  "promised_lead_time": 0,
  "model": "google/gemini-3-flash-preview",
  "num_runs_llm": 1,
  "num_runs_deterministic": 1,
  "max_periods": null,
  "summary": {
    "perfect_score": 33552.0,
    "ratios": {
      "or": 0.8847162613257034,
      "llm": 0.9083214115402957,
      "llm_to_or": 0.9194086790653314,
      "or_to_llm": 0.9186039580352885,
      "perfect_score": 1.0
    },
    "warnings": null
  },
  "results": {
    "or": {
      "rewards": [
        29684.0
      ],
      "mean": 29684.0,
      "std": 0.0,
      "min": 29684.0,
      "max": 29684.0,
      "count": 1,
      "ratio_to_perfect": 0.8847162613257034
    },
    "llm": {
      "rewards": [
        30476.0
      ],
      "mean": 30476.0,
      "std": 0.0,
      "min": 30476.0,
      "max": 30476.0,
      "count": 1,
      "ratio_to_perfect": 0.9083214115402957
    },
    "llm_to_or": {
      "rewards": [
        30848.0
      ],
      "mean": 30848.0,
      "std": 0.0,
      "min": 30848.0,
      "max": 30848.0,
      "count": 1,
      "ratio_to_perfect": 0.9194086790653314
    },
    "or_to_llm": {
      "rewards": [
        30821.0
      ],
      "mean": 30821.0,
      "std": 0.0,
      "min": 30821.0,
      "max": 30821.0,
      "count": 1,
      "ratio_to_perfect": 0.9186039580352885
    },
    "perfect_score": {
      "rewards": [
        33552.0
      ],
      "mean": 33552.0,
      "std": 0.0,
      "min": 33552.0,
      "max": 33552.0,
      "count": 1,
      "ratio_to_perfect": 1.0
    }
  },
  "errors": {}
}