{
  "instance_dir": "D:\\TextArena\\examples\\benchmark\\synthetic_trajectory\\lead_time_stochastic\\p02_mean_increase\\v1_100to200\\r2_med",
  "instance_name": "r2_med",
  "promised_lead_time": 2,
  "model": "google/gemini-3-flash-preview",
  "num_runs_llm": 1,
  "num_runs_deterministic": 1,
  "max_periods": null,
  "summary": {
    "perfect_score": 34496.0,
    "ratios": {
      "or": 0.07969039888682745,
      "llm": 0.5248434601113172,
      "llm_to_or": 0.18625347866419295,
      "or_to_llm": 0.5112186920222634,
      "perfect_score": 1.0
    },
    "warnings": null
  },
  "results": {
    "or": {
      "rewards": [
        2749.0
      ],
      "mean": 2749.0,
      "std": 0.0,
      "min": 2749.0,
      "max": 2749.0,
      "count": 1,
      "ratio_to_perfect": 0.07969039888682745
    },
    "llm": {
      "rewards": [
        18105.0
      ],
      "mean": 18105.0,
      "std": 0.0,
      "min": 18105.0,
      "max": 18105.0,
      "count": 1,
      "ratio_to_perfect": 0.5248434601113172
    },
    "llm_to_or": {
      "rewards": [
        6425.0
      ],
      "mean": 6425.0,
      "std": 0.0,
      "min": 6425.0,
      "max": 6425.0,
      "count": 1,
      "ratio_to_perfect": 0.18625347866419295
    },
    "or_to_llm": {
      "rewards": [
        17635.0
      ],
      "mean": 17635.0,
      "std": 0.0,
      "min": 17635.0,
      "max": 17635.0,
      "count": 1,
      "ratio_to_perfect": 0.5112186920222634
    },
    "perfect_score": {
      "rewards": [
        34496.0
      ],
      "mean": 34496.0,
      "std": 0.0,
      "min": 34496.0,
      "max": 34496.0,
      "count": 1,
      "ratio_to_perfect": 1.0
    }
  },
  "errors": {}
}