{
  "instance_dir": "D:\\TextArena\\examples\\benchmark\\real_trajectory\\lead_time_0\\618800001",
  "instance_name": "618800001",
  "promised_lead_time": 0,
  "model": "google/gemini-3-flash-preview",
  "num_runs_llm": 1,
  "num_runs_deterministic": 1,
  "max_periods": null,
  "summary": {
    "perfect_score": 6039.0,
    "ratios": {
      "or": 0.2346414969365789,
      "llm": 0.2488822652757079,
      "llm_to_or": 0.5737704918032787,
      "or_to_llm": 0.4416294088425236,
      "perfect_score": 1.0
    },
    "warnings": null
  },
  "results": {
    "or": {
      "rewards": [
        1417.0
      ],
      "mean": 1417.0,
      "std": 0.0,
      "min": 1417.0,
      "max": 1417.0,
      "count": 1,
      "ratio_to_perfect": 0.2346414969365789
    },
    "llm": {
      "rewards": [
        1503.0
      ],
      "mean": 1503.0,
      "std": 0.0,
      "min": 1503.0,
      "max": 1503.0,
      "count": 1,
      "ratio_to_perfect": 0.2488822652757079
    },
    "llm_to_or": {
      "rewards": [
        3465.0
      ],
      "mean": 3465.0,
      "std": 0.0,
      "min": 3465.0,
      "max": 3465.0,
      "count": 1,
      "ratio_to_perfect": 0.5737704918032787
    },
    "or_to_llm": {
      "rewards": [
        2667.0
      ],
      "mean": 2667.0,
      "std": 0.0,
      "min": 2667.0,
      "max": 2667.0,
      "count": 1,
      "ratio_to_perfect": 0.4416294088425236
    },
    "perfect_score": {
      "rewards": [
        6039.0
      ],
      "mean": 6039.0,
      "std": 0.0,
      "min": 6039.0,
      "max": 6039.0,
      "count": 1,
      "ratio_to_perfect": 1.0
    }
  },
  "errors": {}
}