{
  "instance_dir": "/shared/share_malatown/OR_Agent/examples/benchmark/real_trajectory/lead_time_stochastic/396135007",
  "instance_name": "396135007",
  "promised_lead_time": 2,
  "model": "x-ai/grok-4.1-fast",
  "num_runs_llm": 1,
  "num_runs_deterministic": 1,
  "max_periods": null,
  "summary": {
    "perfect_score": 55518.0,
    "ratios": {
      "or": 0.33814258438704564,
      "llm": 0.6711697107244498,
      "llm_to_or": 0.5428869916063259,
      "or_to_llm": 0.5689325984365431,
      "perfect_score": 1.0
    },
    "warnings": null
  },
  "results": {
    "or": {
      "rewards": [
        18773.0
      ],
      "mean": 18773.0,
      "std": 0.0,
      "min": 18773.0,
      "max": 18773.0,
      "count": 1,
      "ratio_to_perfect": 0.33814258438704564
    },
    "llm": {
      "rewards": [
        37262.0
      ],
      "mean": 37262.0,
      "std": 0.0,
      "min": 37262.0,
      "max": 37262.0,
      "count": 1,
      "ratio_to_perfect": 0.6711697107244498
    },
    "llm_to_or": {
      "rewards": [
        30140.0
      ],
      "mean": 30140.0,
      "std": 0.0,
      "min": 30140.0,
      "max": 30140.0,
      "count": 1,
      "ratio_to_perfect": 0.5428869916063259
    },
    "or_to_llm": {
      "rewards": [
        31586.0
      ],
      "mean": 31586.0,
      "std": 0.0,
      "min": 31586.0,
      "max": 31586.0,
      "count": 1,
      "ratio_to_perfect": 0.5689325984365431
    },
    "perfect_score": {
      "rewards": [
        55518.0
      ],
      "mean": 55518.0,
      "std": 0.0,
      "min": 55518.0,
      "max": 55518.0,
      "count": 1,
      "ratio_to_perfect": 1.0
    }
  },
  "errors": {}
}