{
  "instance_dir": "/shared/share_malatown/OR_Agent/examples/benchmark/real_trajectory/lead_time_4/568597006",
  "instance_name": "568597006",
  "promised_lead_time": 4,
  "model": "x-ai/grok-4.1-fast",
  "num_runs_llm": 1,
  "num_runs_deterministic": 1,
  "max_periods": null,
  "summary": {
    "perfect_score": 110371.0,
    "ratios": {
      "or": 0.6935426878437271,
      "llm": 0.655135859963215,
      "llm_to_or": 0.7294307381467958,
      "or_to_llm": 0.7294035570938018,
      "perfect_score": 1.0
    },
    "warnings": null
  },
  "results": {
    "or": {
      "rewards": [
        76547.0
      ],
      "mean": 76547.0,
      "std": 0.0,
      "min": 76547.0,
      "max": 76547.0,
      "count": 1,
      "ratio_to_perfect": 0.6935426878437271
    },
    "llm": {
      "rewards": [
        72308.0
      ],
      "mean": 72308.0,
      "std": 0.0,
      "min": 72308.0,
      "max": 72308.0,
      "count": 1,
      "ratio_to_perfect": 0.655135859963215
    },
    "llm_to_or": {
      "rewards": [
        80508.0
      ],
      "mean": 80508.0,
      "std": 0.0,
      "min": 80508.0,
      "max": 80508.0,
      "count": 1,
      "ratio_to_perfect": 0.7294307381467958
    },
    "or_to_llm": {
      "rewards": [
        80505.0
      ],
      "mean": 80505.0,
      "std": 0.0,
      "min": 80505.0,
      "max": 80505.0,
      "count": 1,
      "ratio_to_perfect": 0.7294035570938018
    },
    "perfect_score": {
      "rewards": [
        110371.0
      ],
      "mean": 110371.0,
      "std": 0.0,
      "min": 110371.0,
      "max": 110371.0,
      "count": 1,
      "ratio_to_perfect": 1.0
    }
  },
  "errors": {}
}