{
  "instance_dir": "D:\\TextArena\\examples\\benchmark\\synthetic_trajectory\\lead_time_0\\p10_autocorrelated\\v4_phi_neg_0_3\\r1_med",
  "instance_name": "r1_med",
  "promised_lead_time": 0,
  "model": "google/gemini-3-flash-preview",
  "num_runs_llm": 1,
  "num_runs_deterministic": 1,
  "max_periods": null,
  "summary": {
    "perfect_score": 20400.0,
    "ratios": {
      "or": 0.9040686274509804,
      "llm": 0.8935294117647059,
      "llm_to_or": 0.9033333333333333,
      "or_to_llm": 0.895343137254902,
      "perfect_score": 1.0
    },
    "warnings": null
  },
  "results": {
    "or": {
      "rewards": [
        18443.0
      ],
      "mean": 18443.0,
      "std": 0.0,
      "min": 18443.0,
      "max": 18443.0,
      "count": 1,
      "ratio_to_perfect": 0.9040686274509804
    },
    "llm": {
      "rewards": [
        18228.0
      ],
      "mean": 18228.0,
      "std": 0.0,
      "min": 18228.0,
      "max": 18228.0,
      "count": 1,
      "ratio_to_perfect": 0.8935294117647059
    },
    "llm_to_or": {
      "rewards": [
        18428.0
      ],
      "mean": 18428.0,
      "std": 0.0,
      "min": 18428.0,
      "max": 18428.0,
      "count": 1,
      "ratio_to_perfect": 0.9033333333333333
    },
    "or_to_llm": {
      "rewards": [
        18265.0
      ],
      "mean": 18265.0,
      "std": 0.0,
      "min": 18265.0,
      "max": 18265.0,
      "count": 1,
      "ratio_to_perfect": 0.895343137254902
    },
    "perfect_score": {
      "rewards": [
        20400.0
      ],
      "mean": 20400.0,
      "std": 0.0,
      "min": 20400.0,
      "max": 20400.0,
      "count": 1,
      "ratio_to_perfect": 1.0
    }
  },
  "errors": {}
}