{
  "instance_dir": "D:\\TextArena\\examples\\benchmark\\real_trajectory\\lead_time_stochastic\\678691002",
  "instance_name": "678691002",
  "promised_lead_time": 2,
  "model": "google/gemini-3-flash-preview",
  "num_runs_llm": 1,
  "num_runs_deterministic": 1,
  "max_periods": null,
  "summary": {
    "perfect_score": 9316.0,
    "ratios": {
      "or": 0.18806354658651783,
      "llm": 0.4969944182052383,
      "llm_to_or": 0.2658866466294547,
      "or_to_llm": 0.45985401459854014,
      "perfect_score": 1.0
    },
    "warnings": null
  },
  "results": {
    "or": {
      "rewards": [
        1752.0
      ],
      "mean": 1752.0,
      "std": 0.0,
      "min": 1752.0,
      "max": 1752.0,
      "count": 1,
      "ratio_to_perfect": 0.18806354658651783
    },
    "llm": {
      "rewards": [
        4630.0
      ],
      "mean": 4630.0,
      "std": 0.0,
      "min": 4630.0,
      "max": 4630.0,
      "count": 1,
      "ratio_to_perfect": 0.4969944182052383
    },
    "llm_to_or": {
      "rewards": [
        2477.0
      ],
      "mean": 2477.0,
      "std": 0.0,
      "min": 2477.0,
      "max": 2477.0,
      "count": 1,
      "ratio_to_perfect": 0.2658866466294547
    },
    "or_to_llm": {
      "rewards": [
        4284.0
      ],
      "mean": 4284.0,
      "std": 0.0,
      "min": 4284.0,
      "max": 4284.0,
      "count": 1,
      "ratio_to_perfect": 0.45985401459854014
    },
    "perfect_score": {
      "rewards": [
        9316.0
      ],
      "mean": 9316.0,
      "std": 0.0,
      "min": 9316.0,
      "max": 9316.0,
      "count": 1,
      "ratio_to_perfect": 1.0
    }
  },
  "errors": {}
}