{
  "instance_dir": "/shared/share_malatown/OR_Agent/examples/benchmark/real_trajectory/lead_time_stochastic/464297007",
  "instance_name": "464297007",
  "promised_lead_time": 2,
  "model": "x-ai/grok-4.1-fast",
  "num_runs_llm": 1,
  "num_runs_deterministic": 1,
  "max_periods": null,
  "summary": {
    "perfect_score": 47144.0,
    "ratios": {
      "or": 0.24507890717800782,
      "llm": 0.49751824198201255,
      "llm_to_or": 0.4249745460716104,
      "or_to_llm": 0.44837094858306464,
      "perfect_score": 1.0
    },
    "warnings": null
  },
  "results": {
    "or": {
      "rewards": [
        11554.0
      ],
      "mean": 11554.0,
      "std": 0.0,
      "min": 11554.0,
      "max": 11554.0,
      "count": 1,
      "ratio_to_perfect": 0.24507890717800782
    },
    "llm": {
      "rewards": [
        23455.0
      ],
      "mean": 23455.0,
      "std": 0.0,
      "min": 23455.0,
      "max": 23455.0,
      "count": 1,
      "ratio_to_perfect": 0.49751824198201255
    },
    "llm_to_or": {
      "rewards": [
        20035.0
      ],
      "mean": 20035.0,
      "std": 0.0,
      "min": 20035.0,
      "max": 20035.0,
      "count": 1,
      "ratio_to_perfect": 0.4249745460716104
    },
    "or_to_llm": {
      "rewards": [
        21138.0
      ],
      "mean": 21138.0,
      "std": 0.0,
      "min": 21138.0,
      "max": 21138.0,
      "count": 1,
      "ratio_to_perfect": 0.44837094858306464
    },
    "perfect_score": {
      "rewards": [
        47144.0
      ],
      "mean": 47144.0,
      "std": 0.0,
      "min": 47144.0,
      "max": 47144.0,
      "count": 1,
      "ratio_to_perfect": 1.0
    }
  },
  "errors": {}
}