{
  "instance_dir": "/shared/share_malatown/OR-Agent-GPT5mini-benchmark/examples/benchmark/synthetic_trajectory/lead_time_stochastic/p02_mean_increase/v3_100to300/r2_high",
  "instance_name": "r2_high",
  "promised_lead_time": 2,
  "model": "openai/gpt-5-mini",
  "num_runs_llm": 1,
  "num_runs_deterministic": 1,
  "max_periods": null,
  "summary": {
    "perfect_score": 217398.0,
    "ratios": {
      "or": 0.08387841654477042,
      "llm": 0.09197876705397474,
      "llm_to_or": 0.13001039567981307,
      "or_to_llm": 0.10066329957037323,
      "perfect_score": 1.0
    },
    "warnings": null
  },
  "results": {
    "or": {
      "rewards": [
        18235.0
      ],
      "mean": 18235.0,
      "std": 0.0,
      "min": 18235.0,
      "max": 18235.0,
      "count": 1,
      "ratio_to_perfect": 0.08387841654477042
    },
    "llm": {
      "rewards": [
        19996.0
      ],
      "mean": 19996.0,
      "std": 0.0,
      "min": 19996.0,
      "max": 19996.0,
      "count": 1,
      "ratio_to_perfect": 0.09197876705397474
    },
    "llm_to_or": {
      "rewards": [
        28264.0
      ],
      "mean": 28264.0,
      "std": 0.0,
      "min": 28264.0,
      "max": 28264.0,
      "count": 1,
      "ratio_to_perfect": 0.13001039567981307
    },
    "or_to_llm": {
      "rewards": [
        21884.0
      ],
      "mean": 21884.0,
      "std": 0.0,
      "min": 21884.0,
      "max": 21884.0,
      "count": 1,
      "ratio_to_perfect": 0.10066329957037323
    },
    "perfect_score": {
      "rewards": [
        217398.0
      ],
      "mean": 217398.0,
      "std": 0.0,
      "min": 217398.0,
      "max": 217398.0,
      "count": 1,
      "ratio_to_perfect": 1.0
    }
  },
  "errors": {}
}