{
  "instance_dir": "D:\\TextArena\\examples\\benchmark\\synthetic_trajectory\\lead_time_stochastic\\p03_mean_decrease\\v1_100to50\\r1_high",
  "instance_name": "r1_high",
  "promised_lead_time": 2,
  "model": "google/gemini-3-flash-preview",
  "num_runs_llm": 1,
  "num_runs_deterministic": 1,
  "max_periods": null,
  "summary": {
    "perfect_score": 59299.0,
    "ratios": {
      "or": 0.17060995969577902,
      "llm": 0.765156242095145,
      "llm_to_or": 0.6500784161621612,
      "or_to_llm": 0.6903826371439653,
      "perfect_score": 1.0
    },
    "warnings": null
  },
  "results": {
    "or": {
      "rewards": [
        10117.0
      ],
      "mean": 10117.0,
      "std": 0.0,
      "min": 10117.0,
      "max": 10117.0,
      "count": 1,
      "ratio_to_perfect": 0.17060995969577902
    },
    "llm": {
      "rewards": [
        45373.0
      ],
      "mean": 45373.0,
      "std": 0.0,
      "min": 45373.0,
      "max": 45373.0,
      "count": 1,
      "ratio_to_perfect": 0.765156242095145
    },
    "llm_to_or": {
      "rewards": [
        38549.0
      ],
      "mean": 38549.0,
      "std": 0.0,
      "min": 38549.0,
      "max": 38549.0,
      "count": 1,
      "ratio_to_perfect": 0.6500784161621612
    },
    "or_to_llm": {
      "rewards": [
        40939.0
      ],
      "mean": 40939.0,
      "std": 0.0,
      "min": 40939.0,
      "max": 40939.0,
      "count": 1,
      "ratio_to_perfect": 0.6903826371439653
    },
    "perfect_score": {
      "rewards": [
        59299.0
      ],
      "mean": 59299.0,
      "std": 0.0,
      "min": 59299.0,
      "max": 59299.0,
      "count": 1,
      "ratio_to_perfect": 1.0
    }
  },
  "errors": {}
}