{
  "instance_dir": "/shared/share_malatown/OR_Agent/examples/benchmark/real_trajectory/lead_time_4/554450019",
  "instance_name": "554450019",
  "promised_lead_time": 4,
  "model": "x-ai/grok-4.1-fast",
  "num_runs_llm": 1,
  "num_runs_deterministic": 1,
  "max_periods": null,
  "summary": {
    "perfect_score": 51623.0,
    "ratios": {
      "or": 0.5474304089262538,
      "llm": 0.18288359839606377,
      "llm_to_or": 0.4054975495418709,
      "or_to_llm": 0.5184510780078647,
      "perfect_score": 1.0
    },
    "warnings": null
  },
  "results": {
    "or": {
      "rewards": [
        28260.0
      ],
      "mean": 28260.0,
      "std": 0.0,
      "min": 28260.0,
      "max": 28260.0,
      "count": 1,
      "ratio_to_perfect": 0.5474304089262538
    },
    "llm": {
      "rewards": [
        9441.0
      ],
      "mean": 9441.0,
      "std": 0.0,
      "min": 9441.0,
      "max": 9441.0,
      "count": 1,
      "ratio_to_perfect": 0.18288359839606377
    },
    "llm_to_or": {
      "rewards": [
        20933.0
      ],
      "mean": 20933.0,
      "std": 0.0,
      "min": 20933.0,
      "max": 20933.0,
      "count": 1,
      "ratio_to_perfect": 0.4054975495418709
    },
    "or_to_llm": {
      "rewards": [
        26764.0
      ],
      "mean": 26764.0,
      "std": 0.0,
      "min": 26764.0,
      "max": 26764.0,
      "count": 1,
      "ratio_to_perfect": 0.5184510780078647
    },
    "perfect_score": {
      "rewards": [
        51623.0
      ],
      "mean": 51623.0,
      "std": 0.0,
      "min": 51623.0,
      "max": 51623.0,
      "count": 1,
      "ratio_to_perfect": 1.0
    }
  },
  "errors": {}
}