{
  "instance_dir": "/shared/share_malatown/OR_Agent/examples/benchmark/synthetic_trajectory/lead_time_4/p01_stationary_iid/v2_normal_100_40/r2_high",
  "instance_name": "r2_high",
  "promised_lead_time": 4,
  "model": "x-ai/grok-4.1-fast",
  "num_runs_llm": 1,
  "num_runs_deterministic": 1,
  "max_periods": null,
  "summary": {
    "perfect_score": 92929.0,
    "ratios": {
      "or": 0.9000096848131369,
      "llm": 0.8974055461696564,
      "llm_to_or": 0.8935639036253484,
      "or_to_llm": 0.9015054503976154,
      "perfect_score": 1.0
    },
    "warnings": null
  },
  "results": {
    "or": {
      "rewards": [
        83637.0
      ],
      "mean": 83637.0,
      "std": 0.0,
      "min": 83637.0,
      "max": 83637.0,
      "count": 1,
      "ratio_to_perfect": 0.9000096848131369
    },
    "llm": {
      "rewards": [
        83395.0
      ],
      "mean": 83395.0,
      "std": 0.0,
      "min": 83395.0,
      "max": 83395.0,
      "count": 1,
      "ratio_to_perfect": 0.8974055461696564
    },
    "llm_to_or": {
      "rewards": [
        83038.0
      ],
      "mean": 83038.0,
      "std": 0.0,
      "min": 83038.0,
      "max": 83038.0,
      "count": 1,
      "ratio_to_perfect": 0.8935639036253484
    },
    "or_to_llm": {
      "rewards": [
        83776.0
      ],
      "mean": 83776.0,
      "std": 0.0,
      "min": 83776.0,
      "max": 83776.0,
      "count": 1,
      "ratio_to_perfect": 0.9015054503976154
    },
    "perfect_score": {
      "rewards": [
        92929.0
      ],
      "mean": 92929.0,
      "std": 0.0,
      "min": 92929.0,
      "max": 92929.0,
      "count": 1,
      "ratio_to_perfect": 1.0
    }
  },
  "errors": {}
}