{
  "instance_dir": "D:\\TextArena\\examples\\benchmark\\synthetic_trajectory\\lead_time_0\\p01_stationary_iid\\v2_normal_100_40\\r2_high",
  "instance_name": "r2_high",
  "promised_lead_time": 0,
  "model": "openai/gpt-5-mini",
  "num_runs_llm": 1,
  "num_runs_deterministic": 1,
  "max_periods": null,
  "summary": {
    "perfect_score": 92929.0,
    "ratios": {
      "or": 0.9557834475782586,
      "llm": 0.8928536839953083,
      "llm_to_or": 0.956073991972366,
      "or_to_llm": 0.9194115937974152,
      "perfect_score": 1.0
    },
    "warnings": null
  },
  "results": {
    "or": {
      "rewards": [
        88820.0
      ],
      "mean": 88820.0,
      "std": 0.0,
      "min": 88820.0,
      "max": 88820.0,
      "count": 1,
      "ratio_to_perfect": 0.9557834475782586
    },
    "llm": {
      "rewards": [
        82972.0
      ],
      "mean": 82972.0,
      "std": 0.0,
      "min": 82972.0,
      "max": 82972.0,
      "count": 1,
      "ratio_to_perfect": 0.8928536839953083
    },
    "llm_to_or": {
      "rewards": [
        88847.0
      ],
      "mean": 88847.0,
      "std": 0.0,
      "min": 88847.0,
      "max": 88847.0,
      "count": 1,
      "ratio_to_perfect": 0.956073991972366
    },
    "or_to_llm": {
      "rewards": [
        85440.0
      ],
      "mean": 85440.0,
      "std": 0.0,
      "min": 85440.0,
      "max": 85440.0,
      "count": 1,
      "ratio_to_perfect": 0.9194115937974152
    },
    "perfect_score": {
      "rewards": [
        92929.0
      ],
      "mean": 92929.0,
      "std": 0.0,
      "min": 92929.0,
      "max": 92929.0,
      "count": 1,
      "ratio_to_perfect": 1.0
    }
  },
  "errors": {}
}