{
  "instance_dir": "D:\\TextArena\\examples\\benchmark\\synthetic_trajectory\\lead_time_0\\p05_decreasing_trend\\v3_150_minus_2t\\r2_med",
  "instance_name": "r2_med",
  "promised_lead_time": 0,
  "model": "openai/gpt-5-mini",
  "num_runs_llm": 1,
  "num_runs_deterministic": 1,
  "max_periods": null,
  "summary": {
    "perfect_score": 20092.0,
    "ratios": {
      "or": 0.8759207644833764,
      "llm": 0.9138463069878558,
      "llm_to_or": 0.8753732828986661,
      "or_to_llm": 0.9195699781007366,
      "perfect_score": 1.0
    },
    "warnings": null
  },
  "results": {
    "or": {
      "rewards": [
        17599.0
      ],
      "mean": 17599.0,
      "std": 0.0,
      "min": 17599.0,
      "max": 17599.0,
      "count": 1,
      "ratio_to_perfect": 0.8759207644833764
    },
    "llm": {
      "rewards": [
        18361.0
      ],
      "mean": 18361.0,
      "std": 0.0,
      "min": 18361.0,
      "max": 18361.0,
      "count": 1,
      "ratio_to_perfect": 0.9138463069878558
    },
    "llm_to_or": {
      "rewards": [
        17588.0
      ],
      "mean": 17588.0,
      "std": 0.0,
      "min": 17588.0,
      "max": 17588.0,
      "count": 1,
      "ratio_to_perfect": 0.8753732828986661
    },
    "or_to_llm": {
      "rewards": [
        18476.0
      ],
      "mean": 18476.0,
      "std": 0.0,
      "min": 18476.0,
      "max": 18476.0,
      "count": 1,
      "ratio_to_perfect": 0.9195699781007366
    },
    "perfect_score": {
      "rewards": [
        20092.0
      ],
      "mean": 20092.0,
      "std": 0.0,
      "min": 20092.0,
      "max": 20092.0,
      "count": 1,
      "ratio_to_perfect": 1.0
    }
  },
  "errors": {}
}