{
  "instance_dir": "D:\\TextArena\\examples\\benchmark\\synthetic_trajectory\\lead_time_4\\p08_multi_changepoint\\v3_var_high_then_low\\r1_high",
  "instance_name": "r1_high",
  "promised_lead_time": 4,
  "model": "google/gemini-3-flash-preview",
  "num_runs_llm": 1,
  "num_runs_deterministic": 1,
  "max_periods": null,
  "summary": {
    "perfect_score": 88027.0,
    "ratios": {
      "or": 0.8090358639962739,
      "llm": 0.7475433673759188,
      "llm_to_or": 0.7441466822679406,
      "or_to_llm": 0.8098083542549445,
      "perfect_score": 1.0
    },
    "warnings": null
  },
  "results": {
    "or": {
      "rewards": [
        71217.0
      ],
      "mean": 71217.0,
      "std": 0.0,
      "min": 71217.0,
      "max": 71217.0,
      "count": 1,
      "ratio_to_perfect": 0.8090358639962739
    },
    "llm": {
      "rewards": [
        65804.0
      ],
      "mean": 65804.0,
      "std": 0.0,
      "min": 65804.0,
      "max": 65804.0,
      "count": 1,
      "ratio_to_perfect": 0.7475433673759188
    },
    "llm_to_or": {
      "rewards": [
        65505.0
      ],
      "mean": 65505.0,
      "std": 0.0,
      "min": 65505.0,
      "max": 65505.0,
      "count": 1,
      "ratio_to_perfect": 0.7441466822679406
    },
    "or_to_llm": {
      "rewards": [
        71285.0
      ],
      "mean": 71285.0,
      "std": 0.0,
      "min": 71285.0,
      "max": 71285.0,
      "count": 1,
      "ratio_to_perfect": 0.8098083542549445
    },
    "perfect_score": {
      "rewards": [
        88027.0
      ],
      "mean": 88027.0,
      "std": 0.0,
      "min": 88027.0,
      "max": 88027.0,
      "count": 1,
      "ratio_to_perfect": 1.0
    }
  },
  "errors": {}
}