{
  "instance_dir": "D:\\TextArena\\examples\\benchmark\\synthetic_trajectory\\lead_time_0\\p07_seasonal\\v1_period10_amp30\\r2_med",
  "instance_name": "r2_med",
  "promised_lead_time": 0,
  "model": "openai/gpt-5-mini",
  "num_runs_llm": 1,
  "num_runs_deterministic": 1,
  "max_periods": null,
  "summary": {
    "perfect_score": 19216.0,
    "ratios": {
      "or": 0.8912364696086594,
      "llm": 0.8559013322231473,
      "llm_to_or": 0.891548709408826,
      "or_to_llm": 0.8776019983347211,
      "perfect_score": 1.0
    },
    "warnings": null
  },
  "results": {
    "or": {
      "rewards": [
        17126.0
      ],
      "mean": 17126.0,
      "std": 0.0,
      "min": 17126.0,
      "max": 17126.0,
      "count": 1,
      "ratio_to_perfect": 0.8912364696086594
    },
    "llm": {
      "rewards": [
        16447.0
      ],
      "mean": 16447.0,
      "std": 0.0,
      "min": 16447.0,
      "max": 16447.0,
      "count": 1,
      "ratio_to_perfect": 0.8559013322231473
    },
    "llm_to_or": {
      "rewards": [
        17132.0
      ],
      "mean": 17132.0,
      "std": 0.0,
      "min": 17132.0,
      "max": 17132.0,
      "count": 1,
      "ratio_to_perfect": 0.891548709408826
    },
    "or_to_llm": {
      "rewards": [
        16864.0
      ],
      "mean": 16864.0,
      "std": 0.0,
      "min": 16864.0,
      "max": 16864.0,
      "count": 1,
      "ratio_to_perfect": 0.8776019983347211
    },
    "perfect_score": {
      "rewards": [
        19216.0
      ],
      "mean": 19216.0,
      "std": 0.0,
      "min": 19216.0,
      "max": 19216.0,
      "count": 1,
      "ratio_to_perfect": 1.0
    }
  },
  "errors": {}
}