{
  "instance_dir": "D:\\TextArena\\examples\\benchmark\\real_trajectory\\lead_time_stochastic\\179123001",
  "instance_name": "179123001",
  "promised_lead_time": 2,
  "model": "google/gemini-3-flash-preview",
  "num_runs_llm": 1,
  "num_runs_deterministic": 1,
  "max_periods": null,
  "summary": {
    "perfect_score": 17316.0,
    "ratios": {
      "or": 0.11804111804111804,
      "llm": 0.4021714021714022,
      "llm_to_or": 0.28626703626703626,
      "or_to_llm": 0.45674520674520674,
      "perfect_score": 1.0
    },
    "warnings": null
  },
  "results": {
    "or": {
      "rewards": [
        2044.0
      ],
      "mean": 2044.0,
      "std": 0.0,
      "min": 2044.0,
      "max": 2044.0,
      "count": 1,
      "ratio_to_perfect": 0.11804111804111804
    },
    "llm": {
      "rewards": [
        6964.0
      ],
      "mean": 6964.0,
      "std": 0.0,
      "min": 6964.0,
      "max": 6964.0,
      "count": 1,
      "ratio_to_perfect": 0.4021714021714022
    },
    "llm_to_or": {
      "rewards": [
        4957.0
      ],
      "mean": 4957.0,
      "std": 0.0,
      "min": 4957.0,
      "max": 4957.0,
      "count": 1,
      "ratio_to_perfect": 0.28626703626703626
    },
    "or_to_llm": {
      "rewards": [
        7909.0
      ],
      "mean": 7909.0,
      "std": 0.0,
      "min": 7909.0,
      "max": 7909.0,
      "count": 1,
      "ratio_to_perfect": 0.45674520674520674
    },
    "perfect_score": {
      "rewards": [
        17316.0
      ],
      "mean": 17316.0,
      "std": 0.0,
      "min": 17316.0,
      "max": 17316.0,
      "count": 1,
      "ratio_to_perfect": 1.0
    }
  },
  "errors": {}
}