{
  "instance_dir": "/shared/share_malatown/OR_Agent/examples/benchmark/synthetic_trajectory/lead_time_0/p04_increasing_trend/v3_exp_1_05/r1_med",
  "instance_name": "r1_med",
  "promised_lead_time": 0,
  "model": "x-ai/grok-4.1-fast",
  "num_runs_llm": 1,
  "num_runs_deterministic": 1,
  "max_periods": null,
  "summary": {
    "perfect_score": 87272.0,
    "ratios": {
      "or": 0.6556398386653222,
      "llm": 0.9563663030525255,
      "llm_to_or": 0.9279723164359703,
      "or_to_llm": 0.9643872032266936,
      "perfect_score": 1.0
    },
    "warnings": null
  },
  "results": {
    "or": {
      "rewards": [
        57219.0
      ],
      "mean": 57219.0,
      "std": 0.0,
      "min": 57219.0,
      "max": 57219.0,
      "count": 1,
      "ratio_to_perfect": 0.6556398386653222
    },
    "llm": {
      "rewards": [
        83464.0
      ],
      "mean": 83464.0,
      "std": 0.0,
      "min": 83464.0,
      "max": 83464.0,
      "count": 1,
      "ratio_to_perfect": 0.9563663030525255
    },
    "llm_to_or": {
      "rewards": [
        80986.0
      ],
      "mean": 80986.0,
      "std": 0.0,
      "min": 80986.0,
      "max": 80986.0,
      "count": 1,
      "ratio_to_perfect": 0.9279723164359703
    },
    "or_to_llm": {
      "rewards": [
        84164.0
      ],
      "mean": 84164.0,
      "std": 0.0,
      "min": 84164.0,
      "max": 84164.0,
      "count": 1,
      "ratio_to_perfect": 0.9643872032266936
    },
    "perfect_score": {
      "rewards": [
        87272.0
      ],
      "mean": 87272.0,
      "std": 0.0,
      "min": 87272.0,
      "max": 87272.0,
      "count": 1,
      "ratio_to_perfect": 1.0
    }
  },
  "errors": {}
}