{
  "instance_dir": "/shared/share_malatown/OR-Agent-GPT5mini-benchmark/examples/benchmark/real_trajectory/lead_time_0/464297007",
  "instance_name": "464297007",
  "promised_lead_time": 0,
  "model": "openai/gpt-5-mini",
  "num_runs_llm": 1,
  "num_runs_deterministic": 1,
  "max_periods": null,
  "summary": {
    "perfect_score": 11786.0,
    "ratios": {
      "or": 0.6058034956728322,
      "llm": 0.6394026811471237,
      "llm_to_or": 0.5822161886984558,
      "or_to_llm": 0.6598506702867809,
      "perfect_score": 1.0
    },
    "warnings": null
  },
  "results": {
    "or": {
      "rewards": [
        7140.0
      ],
      "mean": 7140.0,
      "std": 0.0,
      "min": 7140.0,
      "max": 7140.0,
      "count": 1,
      "ratio_to_perfect": 0.6058034956728322
    },
    "llm": {
      "rewards": [
        7536.0
      ],
      "mean": 7536.0,
      "std": 0.0,
      "min": 7536.0,
      "max": 7536.0,
      "count": 1,
      "ratio_to_perfect": 0.6394026811471237
    },
    "llm_to_or": {
      "rewards": [
        6862.0
      ],
      "mean": 6862.0,
      "std": 0.0,
      "min": 6862.0,
      "max": 6862.0,
      "count": 1,
      "ratio_to_perfect": 0.5822161886984558
    },
    "or_to_llm": {
      "rewards": [
        7777.0
      ],
      "mean": 7777.0,
      "std": 0.0,
      "min": 7777.0,
      "max": 7777.0,
      "count": 1,
      "ratio_to_perfect": 0.6598506702867809
    },
    "perfect_score": {
      "rewards": [
        11786.0
      ],
      "mean": 11786.0,
      "std": 0.0,
      "min": 11786.0,
      "max": 11786.0,
      "count": 1,
      "ratio_to_perfect": 1.0
    }
  },
  "errors": {}
}