{
  "instance_dir": "/shared/share_malatown/OR-Agent-GPT5mini-benchmark/examples/benchmark/real_trajectory/lead_time_0/605094001",
  "instance_name": "605094001",
  "promised_lead_time": 0,
  "model": "openai/gpt-5-mini",
  "num_runs_llm": 1,
  "num_runs_deterministic": 1,
  "max_periods": null,
  "summary": {
    "perfect_score": 45277.0,
    "ratios": {
      "or": 0.8783709168010247,
      "llm": 0.8255847339708903,
      "llm_to_or": 0.8874262870773241,
      "or_to_llm": 0.8793868851734876,
      "perfect_score": 1.0
    },
    "warnings": null
  },
  "results": {
    "or": {
      "rewards": [
        39770.0
      ],
      "mean": 39770.0,
      "std": 0.0,
      "min": 39770.0,
      "max": 39770.0,
      "count": 1,
      "ratio_to_perfect": 0.8783709168010247
    },
    "llm": {
      "rewards": [
        37380.0
      ],
      "mean": 37380.0,
      "std": 0.0,
      "min": 37380.0,
      "max": 37380.0,
      "count": 1,
      "ratio_to_perfect": 0.8255847339708903
    },
    "llm_to_or": {
      "rewards": [
        40180.0
      ],
      "mean": 40180.0,
      "std": 0.0,
      "min": 40180.0,
      "max": 40180.0,
      "count": 1,
      "ratio_to_perfect": 0.8874262870773241
    },
    "or_to_llm": {
      "rewards": [
        39816.0
      ],
      "mean": 39816.0,
      "std": 0.0,
      "min": 39816.0,
      "max": 39816.0,
      "count": 1,
      "ratio_to_perfect": 0.8793868851734876
    },
    "perfect_score": {
      "rewards": [
        45277.0
      ],
      "mean": 45277.0,
      "std": 0.0,
      "min": 45277.0,
      "max": 45277.0,
      "count": 1,
      "ratio_to_perfect": 1.0
    }
  },
  "errors": {}
}