{
  "instance_dir": "/shared/share_malatown/OR-Agent-GPT5mini-benchmark/examples/benchmark/real_trajectory/lead_time_4/554450001",
  "instance_name": "554450001",
  "promised_lead_time": 4,
  "model": "openai/gpt-5-mini",
  "num_runs_llm": 1,
  "num_runs_deterministic": 1,
  "max_periods": null,
  "summary": {
    "perfect_score": 134102.0,
    "ratios": {
      "or": 0.7307422708087873,
      "llm": 0.6862239191063518,
      "llm_to_or": 0.7384155344439307,
      "or_to_llm": 0.676589461752994,
      "perfect_score": 1.0
    },
    "warnings": null
  },
  "results": {
    "or": {
      "rewards": [
        97994.0
      ],
      "mean": 97994.0,
      "std": 0.0,
      "min": 97994.0,
      "max": 97994.0,
      "count": 1,
      "ratio_to_perfect": 0.7307422708087873
    },
    "llm": {
      "rewards": [
        92024.0
      ],
      "mean": 92024.0,
      "std": 0.0,
      "min": 92024.0,
      "max": 92024.0,
      "count": 1,
      "ratio_to_perfect": 0.6862239191063518
    },
    "llm_to_or": {
      "rewards": [
        99023.0
      ],
      "mean": 99023.0,
      "std": 0.0,
      "min": 99023.0,
      "max": 99023.0,
      "count": 1,
      "ratio_to_perfect": 0.7384155344439307
    },
    "or_to_llm": {
      "rewards": [
        90732.0
      ],
      "mean": 90732.0,
      "std": 0.0,
      "min": 90732.0,
      "max": 90732.0,
      "count": 1,
      "ratio_to_perfect": 0.676589461752994
    },
    "perfect_score": {
      "rewards": [
        134102.0
      ],
      "mean": 134102.0,
      "std": 0.0,
      "min": 134102.0,
      "max": 134102.0,
      "count": 1,
      "ratio_to_perfect": 1.0
    }
  },
  "errors": {}
}