{
  "instance_dir": "/shared/share_malatown/OR_Agent/examples/benchmark/synthetic_trajectory/lead_time_4/p06_variance_change/v2_var_increase/r1_high",
  "instance_name": "r1_high",
  "promised_lead_time": 4,
  "model": "x-ai/grok-4.1-fast",
  "num_runs_llm": 1,
  "num_runs_deterministic": 1,
  "max_periods": null,
  "summary": {
    "perfect_score": 99541.0,
    "ratios": {
      "or": 0.8560693583548488,
      "llm": 0.42148461438000423,
      "llm_to_or": 0.8287740729950472,
      "or_to_llm": 0.8546126721652384,
      "perfect_score": 1.0
    },
    "warnings": null
  },
  "results": {
    "or": {
      "rewards": [
        85214.0
      ],
      "mean": 85214.0,
      "std": 0.0,
      "min": 85214.0,
      "max": 85214.0,
      "count": 1,
      "ratio_to_perfect": 0.8560693583548488
    },
    "llm": {
      "rewards": [
        41955.0
      ],
      "mean": 41955.0,
      "std": 0.0,
      "min": 41955.0,
      "max": 41955.0,
      "count": 1,
      "ratio_to_perfect": 0.42148461438000423
    },
    "llm_to_or": {
      "rewards": [
        82497.0
      ],
      "mean": 82497.0,
      "std": 0.0,
      "min": 82497.0,
      "max": 82497.0,
      "count": 1,
      "ratio_to_perfect": 0.8287740729950472
    },
    "or_to_llm": {
      "rewards": [
        85069.0
      ],
      "mean": 85069.0,
      "std": 0.0,
      "min": 85069.0,
      "max": 85069.0,
      "count": 1,
      "ratio_to_perfect": 0.8546126721652384
    },
    "perfect_score": {
      "rewards": [
        99541.0
      ],
      "mean": 99541.0,
      "std": 0.0,
      "min": 99541.0,
      "max": 99541.0,
      "count": 1,
      "ratio_to_perfect": 1.0
    }
  },
  "errors": {}
}