{
  "instance_dir": "/shared/share_malatown/OR-Agent-GPT5mini-benchmark/examples/benchmark/real_trajectory/lead_time_4/610776002",
  "instance_name": "610776002",
  "promised_lead_time": 4,
  "model": "openai/gpt-5-mini",
  "num_runs_llm": 1,
  "num_runs_deterministic": 1,
  "max_periods": null,
  "summary": {
    "perfect_score": 203072.0,
    "ratios": {
      "or": 0.6311751497005988,
      "llm": 0.6598792546485975,
      "llm_to_or": 0.6669801843681059,
      "or_to_llm": 0.6559693113772455,
      "perfect_score": 1.0
    },
    "warnings": null
  },
  "results": {
    "or": {
      "rewards": [
        128174.0
      ],
      "mean": 128174.0,
      "std": 0.0,
      "min": 128174.0,
      "max": 128174.0,
      "count": 1,
      "ratio_to_perfect": 0.6311751497005988
    },
    "llm": {
      "rewards": [
        134003.0
      ],
      "mean": 134003.0,
      "std": 0.0,
      "min": 134003.0,
      "max": 134003.0,
      "count": 1,
      "ratio_to_perfect": 0.6598792546485975
    },
    "llm_to_or": {
      "rewards": [
        135445.0
      ],
      "mean": 135445.0,
      "std": 0.0,
      "min": 135445.0,
      "max": 135445.0,
      "count": 1,
      "ratio_to_perfect": 0.6669801843681059
    },
    "or_to_llm": {
      "rewards": [
        133209.0
      ],
      "mean": 133209.0,
      "std": 0.0,
      "min": 133209.0,
      "max": 133209.0,
      "count": 1,
      "ratio_to_perfect": 0.6559693113772455
    },
    "perfect_score": {
      "rewards": [
        203072.0
      ],
      "mean": 203072.0,
      "std": 0.0,
      "min": 203072.0,
      "max": 203072.0,
      "count": 1,
      "ratio_to_perfect": 1.0
    }
  },
  "errors": {}
}