{
  "instance_dir": "/shared/share_malatown/OR-Agent-GPT5mini-benchmark/examples/benchmark/real_trajectory/lead_time_stochastic/372860001",
  "instance_name": "372860001",
  "promised_lead_time": 2,
  "model": "openai/gpt-5-mini",
  "num_runs_llm": 1,
  "num_runs_deterministic": 1,
  "max_periods": null,
  "summary": {
    "perfect_score": 14198.0,
    "ratios": {
      "or": 0.1330469080152134,
      "llm": -0.11867868713903366,
      "llm_to_or": 0.10776165657134808,
      "or_to_llm": 0.09930976193830117,
      "perfect_score": 1.0
    },
    "warnings": null
  },
  "results": {
    "or": {
      "rewards": [
        1889.0
      ],
      "mean": 1889.0,
      "std": 0.0,
      "min": 1889.0,
      "max": 1889.0,
      "count": 1,
      "ratio_to_perfect": 0.1330469080152134
    },
    "llm": {
      "rewards": [
        -1685.0
      ],
      "mean": -1685.0,
      "std": 0.0,
      "min": -1685.0,
      "max": -1685.0,
      "count": 1,
      "ratio_to_perfect": -0.11867868713903366
    },
    "llm_to_or": {
      "rewards": [
        1530.0
      ],
      "mean": 1530.0,
      "std": 0.0,
      "min": 1530.0,
      "max": 1530.0,
      "count": 1,
      "ratio_to_perfect": 0.10776165657134808
    },
    "or_to_llm": {
      "rewards": [
        1410.0
      ],
      "mean": 1410.0,
      "std": 0.0,
      "min": 1410.0,
      "max": 1410.0,
      "count": 1,
      "ratio_to_perfect": 0.09930976193830117
    },
    "perfect_score": {
      "rewards": [
        14198.0
      ],
      "mean": 14198.0,
      "std": 0.0,
      "min": 14198.0,
      "max": 14198.0,
      "count": 1,
      "ratio_to_perfect": 1.0
    }
  },
  "errors": {}
}