{
  "instance_dir": "D:\\TextArena\\examples\\benchmark\\synthetic_trajectory\\lead_time_0\\p10_autocorrelated\\v1_phi_0_7\\r2_high",
  "instance_name": "r2_high",
  "promised_lead_time": 0,
  "model": "openai/gpt-5-mini",
  "num_runs_llm": 1,
  "num_runs_deterministic": 1,
  "max_periods": null,
  "summary": {
    "perfect_score": 95836.0,
    "ratios": {
      "or": 0.96921824784006,
      "llm": 0.9337827121332276,
      "llm_to_or": 0.9691869443632872,
      "or_to_llm": 0.965347051212488,
      "perfect_score": 1.0
    },
    "warnings": null
  },
  "results": {
    "or": {
      "rewards": [
        92886.0
      ],
      "mean": 92886.0,
      "std": 0.0,
      "min": 92886.0,
      "max": 92886.0,
      "count": 1,
      "ratio_to_perfect": 0.96921824784006
    },
    "llm": {
      "rewards": [
        89490.0
      ],
      "mean": 89490.0,
      "std": 0.0,
      "min": 89490.0,
      "max": 89490.0,
      "count": 1,
      "ratio_to_perfect": 0.9337827121332276
    },
    "llm_to_or": {
      "rewards": [
        92883.0
      ],
      "mean": 92883.0,
      "std": 0.0,
      "min": 92883.0,
      "max": 92883.0,
      "count": 1,
      "ratio_to_perfect": 0.9691869443632872
    },
    "or_to_llm": {
      "rewards": [
        92515.0
      ],
      "mean": 92515.0,
      "std": 0.0,
      "min": 92515.0,
      "max": 92515.0,
      "count": 1,
      "ratio_to_perfect": 0.965347051212488
    },
    "perfect_score": {
      "rewards": [
        95836.0
      ],
      "mean": 95836.0,
      "std": 0.0,
      "min": 95836.0,
      "max": 95836.0,
      "count": 1,
      "ratio_to_perfect": 1.0
    }
  },
  "errors": {}
}