{
  "instance_dir": "D:\\TextArena\\examples\\benchmark\\synthetic_trajectory\\lead_time_0\\p06_variance_change\\v1_normal_to_uniform\\r1_med",
  "instance_name": "r1_med",
  "promised_lead_time": 0,
  "model": "google/gemini-3-flash-preview",
  "num_runs_llm": 1,
  "num_runs_deterministic": 1,
  "max_periods": null,
  "summary": {
    "perfect_score": 20492.0,
    "ratios": {
      "or": 0.8299336326371267,
      "llm": 0.8089498340815928,
      "llm_to_or": 0.8160257661526449,
      "or_to_llm": 0.8351551825102479,
      "perfect_score": 1.0
    },
    "warnings": null
  },
  "results": {
    "or": {
      "rewards": [
        17007.0
      ],
      "mean": 17007.0,
      "std": 0.0,
      "min": 17007.0,
      "max": 17007.0,
      "count": 1,
      "ratio_to_perfect": 0.8299336326371267
    },
    "llm": {
      "rewards": [
        16577.0
      ],
      "mean": 16577.0,
      "std": 0.0,
      "min": 16577.0,
      "max": 16577.0,
      "count": 1,
      "ratio_to_perfect": 0.8089498340815928
    },
    "llm_to_or": {
      "rewards": [
        16722.0
      ],
      "mean": 16722.0,
      "std": 0.0,
      "min": 16722.0,
      "max": 16722.0,
      "count": 1,
      "ratio_to_perfect": 0.8160257661526449
    },
    "or_to_llm": {
      "rewards": [
        17114.0
      ],
      "mean": 17114.0,
      "std": 0.0,
      "min": 17114.0,
      "max": 17114.0,
      "count": 1,
      "ratio_to_perfect": 0.8351551825102479
    },
    "perfect_score": {
      "rewards": [
        20492.0
      ],
      "mean": 20492.0,
      "std": 0.0,
      "min": 20492.0,
      "max": 20492.0,
      "count": 1,
      "ratio_to_perfect": 1.0
    }
  },
  "errors": {}
}