{
  "instance_dir": "/shared/share_malatown/OR-Agent-GPT5mini-benchmark/examples/benchmark/real_trajectory/lead_time_stochastic/639448001",
  "instance_name": "639448001",
  "promised_lead_time": 2,
  "model": "openai/gpt-5-mini",
  "num_runs_llm": 1,
  "num_runs_deterministic": 1,
  "max_periods": null,
  "summary": {
    "perfect_score": 9636.0,
    "ratios": {
      "or": 0.13491075134910752,
      "llm": 0.06112494811124948,
      "llm_to_or": 0.023868825238688253,
      "or_to_llm": 0.2387920298879203,
      "perfect_score": 1.0
    },
    "warnings": null
  },
  "results": {
    "or": {
      "rewards": [
        1300.0
      ],
      "mean": 1300.0,
      "std": 0.0,
      "min": 1300.0,
      "max": 1300.0,
      "count": 1,
      "ratio_to_perfect": 0.13491075134910752
    },
    "llm": {
      "rewards": [
        589.0
      ],
      "mean": 589.0,
      "std": 0.0,
      "min": 589.0,
      "max": 589.0,
      "count": 1,
      "ratio_to_perfect": 0.06112494811124948
    },
    "llm_to_or": {
      "rewards": [
        230.0
      ],
      "mean": 230.0,
      "std": 0.0,
      "min": 230.0,
      "max": 230.0,
      "count": 1,
      "ratio_to_perfect": 0.023868825238688253
    },
    "or_to_llm": {
      "rewards": [
        2301.0
      ],
      "mean": 2301.0,
      "std": 0.0,
      "min": 2301.0,
      "max": 2301.0,
      "count": 1,
      "ratio_to_perfect": 0.2387920298879203
    },
    "perfect_score": {
      "rewards": [
        9636.0
      ],
      "mean": 9636.0,
      "std": 0.0,
      "min": 9636.0,
      "max": 9636.0,
      "count": 1,
      "ratio_to_perfect": 1.0
    }
  },
  "errors": {}
}