{
  "instance_dir": "/shared/share_malatown/OR-Agent-GPT5mini-benchmark/examples/benchmark/real_trajectory/lead_time_stochastic/692226003",
  "instance_name": "692226003",
  "promised_lead_time": 2,
  "model": "openai/gpt-5-mini",
  "num_runs_llm": 1,
  "num_runs_deterministic": 1,
  "max_periods": null,
  "summary": {
    "perfect_score": 71668.0,
    "ratios": {
      "or": 0.34986325835798404,
      "llm": 0.09013785790031813,
      "llm_to_or": 0.3847463303008316,
      "or_to_llm": 0.2524697214935536,
      "perfect_score": 1.0
    },
    "warnings": null
  },
  "results": {
    "or": {
      "rewards": [
        25074.0
      ],
      "mean": 25074.0,
      "std": 0.0,
      "min": 25074.0,
      "max": 25074.0,
      "count": 1,
      "ratio_to_perfect": 0.34986325835798404
    },
    "llm": {
      "rewards": [
        6460.0
      ],
      "mean": 6460.0,
      "std": 0.0,
      "min": 6460.0,
      "max": 6460.0,
      "count": 1,
      "ratio_to_perfect": 0.09013785790031813
    },
    "llm_to_or": {
      "rewards": [
        27574.0
      ],
      "mean": 27574.0,
      "std": 0.0,
      "min": 27574.0,
      "max": 27574.0,
      "count": 1,
      "ratio_to_perfect": 0.3847463303008316
    },
    "or_to_llm": {
      "rewards": [
        18094.0
      ],
      "mean": 18094.0,
      "std": 0.0,
      "min": 18094.0,
      "max": 18094.0,
      "count": 1,
      "ratio_to_perfect": 0.2524697214935536
    },
    "perfect_score": {
      "rewards": [
        71668.0
      ],
      "mean": 71668.0,
      "std": 0.0,
      "min": 71668.0,
      "max": 71668.0,
      "count": 1,
      "ratio_to_perfect": 1.0
    }
  },
  "errors": {}
}