{
  "instance_dir": "/shared/share_malatown/OR_Agent/examples/benchmark/synthetic_trajectory/lead_time_0/p07_seasonal/v1_period10_amp30/r2_high",
  "instance_name": "r2_high",
  "promised_lead_time": 0,
  "model": "x-ai/grok-4.1-fast",
  "num_runs_llm": 1,
  "num_runs_deterministic": 1,
  "max_periods": null,
  "summary": {
    "perfect_score": 91276.0,
    "ratios": {
      "or": 0.9681077172531662,
      "llm": 0.9499539857136596,
      "llm_to_or": 0.961589026688286,
      "or_to_llm": 0.9617095402953679,
      "perfect_score": 1.0
    },
    "warnings": null
  },
  "results": {
    "or": {
      "rewards": [
        88365.0
      ],
      "mean": 88365.0,
      "std": 0.0,
      "min": 88365.0,
      "max": 88365.0,
      "count": 1,
      "ratio_to_perfect": 0.9681077172531662
    },
    "llm": {
      "rewards": [
        86708.0
      ],
      "mean": 86708.0,
      "std": 0.0,
      "min": 86708.0,
      "max": 86708.0,
      "count": 1,
      "ratio_to_perfect": 0.9499539857136596
    },
    "llm_to_or": {
      "rewards": [
        87770.0
      ],
      "mean": 87770.0,
      "std": 0.0,
      "min": 87770.0,
      "max": 87770.0,
      "count": 1,
      "ratio_to_perfect": 0.961589026688286
    },
    "or_to_llm": {
      "rewards": [
        87781.0
      ],
      "mean": 87781.0,
      "std": 0.0,
      "min": 87781.0,
      "max": 87781.0,
      "count": 1,
      "ratio_to_perfect": 0.9617095402953679
    },
    "perfect_score": {
      "rewards": [
        91276.0
      ],
      "mean": 91276.0,
      "std": 0.0,
      "min": 91276.0,
      "max": 91276.0,
      "count": 1,
      "ratio_to_perfect": 1.0
    }
  },
  "errors": {}
}