{
  "instance_dir": "D:\\TextArena\\examples\\benchmark\\real_trajectory\\lead_time_stochastic\\621381001",
  "instance_name": "621381001",
  "promised_lead_time": 2,
  "model": "google/gemini-3-flash-preview",
  "num_runs_llm": 1,
  "num_runs_deterministic": 1,
  "max_periods": null,
  "summary": {
    "perfect_score": 10368.0,
    "ratios": {
      "or": 0.2623456790123457,
      "llm": 0.13657407407407407,
      "llm_to_or": 0.22453703703703703,
      "or_to_llm": 0.5072337962962963,
      "perfect_score": 1.0
    },
    "warnings": null
  },
  "results": {
    "or": {
      "rewards": [
        2720.0
      ],
      "mean": 2720.0,
      "std": 0.0,
      "min": 2720.0,
      "max": 2720.0,
      "count": 1,
      "ratio_to_perfect": 0.2623456790123457
    },
    "llm": {
      "rewards": [
        1416.0
      ],
      "mean": 1416.0,
      "std": 0.0,
      "min": 1416.0,
      "max": 1416.0,
      "count": 1,
      "ratio_to_perfect": 0.13657407407407407
    },
    "llm_to_or": {
      "rewards": [
        2328.0
      ],
      "mean": 2328.0,
      "std": 0.0,
      "min": 2328.0,
      "max": 2328.0,
      "count": 1,
      "ratio_to_perfect": 0.22453703703703703
    },
    "or_to_llm": {
      "rewards": [
        5259.0
      ],
      "mean": 5259.0,
      "std": 0.0,
      "min": 5259.0,
      "max": 5259.0,
      "count": 1,
      "ratio_to_perfect": 0.5072337962962963
    },
    "perfect_score": {
      "rewards": [
        10368.0
      ],
      "mean": 10368.0,
      "std": 0.0,
      "min": 10368.0,
      "max": 10368.0,
      "count": 1,
      "ratio_to_perfect": 1.0
    }
  },
  "errors": {}
}