{
  "instance_dir": "/shared/share_malatown/OR_Agent/examples/benchmark/real_trajectory/lead_time_stochastic/591334019",
  "instance_name": "591334019",
  "promised_lead_time": 2,
  "model": "x-ai/grok-4.1-fast",
  "num_runs_llm": 1,
  "num_runs_deterministic": 1,
  "max_periods": null,
  "summary": {
    "perfect_score": 63118.0,
    "ratios": {
      "or": 0.15529642891092874,
      "llm": 0.49312398998700846,
      "llm_to_or": 0.4285465318926455,
      "or_to_llm": 0.43784657308533226,
      "perfect_score": 1.0
    },
    "warnings": null
  },
  "results": {
    "or": {
      "rewards": [
        9802.0
      ],
      "mean": 9802.0,
      "std": 0.0,
      "min": 9802.0,
      "max": 9802.0,
      "count": 1,
      "ratio_to_perfect": 0.15529642891092874
    },
    "llm": {
      "rewards": [
        31125.0
      ],
      "mean": 31125.0,
      "std": 0.0,
      "min": 31125.0,
      "max": 31125.0,
      "count": 1,
      "ratio_to_perfect": 0.49312398998700846
    },
    "llm_to_or": {
      "rewards": [
        27049.0
      ],
      "mean": 27049.0,
      "std": 0.0,
      "min": 27049.0,
      "max": 27049.0,
      "count": 1,
      "ratio_to_perfect": 0.4285465318926455
    },
    "or_to_llm": {
      "rewards": [
        27636.0
      ],
      "mean": 27636.0,
      "std": 0.0,
      "min": 27636.0,
      "max": 27636.0,
      "count": 1,
      "ratio_to_perfect": 0.43784657308533226
    },
    "perfect_score": {
      "rewards": [
        63118.0
      ],
      "mean": 63118.0,
      "std": 0.0,
      "min": 63118.0,
      "max": 63118.0,
      "count": 1,
      "ratio_to_perfect": 1.0
    }
  },
  "errors": {}
}