{
  "instance_dir": "D:\\TextArena\\examples\\benchmark\\real_trajectory\\lead_time_4\\179950001",
  "instance_name": "179950001",
  "promised_lead_time": 4,
  "model": "google/gemini-3-flash-preview",
  "num_runs_llm": 1,
  "num_runs_deterministic": 1,
  "max_periods": null,
  "summary": {
    "perfect_score": 3987.0,
    "ratios": {
      "or": 0.3039879608728367,
      "llm": -1.3037371457236018,
      "llm_to_or": -0.22673689490845247,
      "or_to_llm": 0.05768748432405317,
      "perfect_score": 1.0
    },
    "warnings": null
  },
  "results": {
    "or": {
      "rewards": [
        1212.0
      ],
      "mean": 1212.0,
      "std": 0.0,
      "min": 1212.0,
      "max": 1212.0,
      "count": 1,
      "ratio_to_perfect": 0.3039879608728367
    },
    "llm": {
      "rewards": [
        -5198.0
      ],
      "mean": -5198.0,
      "std": 0.0,
      "min": -5198.0,
      "max": -5198.0,
      "count": 1,
      "ratio_to_perfect": -1.3037371457236018
    },
    "llm_to_or": {
      "rewards": [
        -904.0
      ],
      "mean": -904.0,
      "std": 0.0,
      "min": -904.0,
      "max": -904.0,
      "count": 1,
      "ratio_to_perfect": -0.22673689490845247
    },
    "or_to_llm": {
      "rewards": [
        230.0
      ],
      "mean": 230.0,
      "std": 0.0,
      "min": 230.0,
      "max": 230.0,
      "count": 1,
      "ratio_to_perfect": 0.05768748432405317
    },
    "perfect_score": {
      "rewards": [
        3987.0
      ],
      "mean": 3987.0,
      "std": 0.0,
      "min": 3987.0,
      "max": 3987.0,
      "count": 1,
      "ratio_to_perfect": 1.0
    }
  },
  "errors": {}
}