{
  "instance_dir": "/shared/share_malatown/OR-Agent-GPT5mini-benchmark/examples/benchmark/real_trajectory/lead_time_0/507909001",
  "instance_name": "507909001",
  "promised_lead_time": 0,
  "model": "openai/gpt-5-mini",
  "num_runs_llm": 1,
  "num_runs_deterministic": 1,
  "max_periods": null,
  "summary": {
    "perfect_score": 34324.0,
    "ratios": {
      "or": 0.772986831371635,
      "llm": 0.8110360097890689,
      "llm_to_or": 0.7862719962708309,
      "or_to_llm": 0.8135706794079944,
      "perfect_score": 1.0
    },
    "warnings": null
  },
  "results": {
    "or": {
      "rewards": [
        26532.0
      ],
      "mean": 26532.0,
      "std": 0.0,
      "min": 26532.0,
      "max": 26532.0,
      "count": 1,
      "ratio_to_perfect": 0.772986831371635
    },
    "llm": {
      "rewards": [
        27838.0
      ],
      "mean": 27838.0,
      "std": 0.0,
      "min": 27838.0,
      "max": 27838.0,
      "count": 1,
      "ratio_to_perfect": 0.8110360097890689
    },
    "llm_to_or": {
      "rewards": [
        26988.0
      ],
      "mean": 26988.0,
      "std": 0.0,
      "min": 26988.0,
      "max": 26988.0,
      "count": 1,
      "ratio_to_perfect": 0.7862719962708309
    },
    "or_to_llm": {
      "rewards": [
        27925.0
      ],
      "mean": 27925.0,
      "std": 0.0,
      "min": 27925.0,
      "max": 27925.0,
      "count": 1,
      "ratio_to_perfect": 0.8135706794079944
    },
    "perfect_score": {
      "rewards": [
        34324.0
      ],
      "mean": 34324.0,
      "std": 0.0,
      "min": 34324.0,
      "max": 34324.0,
      "count": 1,
      "ratio_to_perfect": 1.0
    }
  },
  "errors": {}
}