{
  "instance_dir": "D:\\TextArena\\examples\\benchmark\\real_trajectory\\lead_time_0\\671852003",
  "instance_name": "671852003",
  "promised_lead_time": 0,
  "model": "google/gemini-3-flash-preview",
  "num_runs_llm": 1,
  "num_runs_deterministic": 1,
  "max_periods": null,
  "summary": {
    "perfect_score": 11312.0,
    "ratios": {
      "or": 0.7500884016973126,
      "llm": 0.8096711456859972,
      "llm_to_or": 0.7965876944837341,
      "or_to_llm": 0.8010961810466761,
      "perfect_score": 1.0
    },
    "warnings": null
  },
  "results": {
    "or": {
      "rewards": [
        8485.0
      ],
      "mean": 8485.0,
      "std": 0.0,
      "min": 8485.0,
      "max": 8485.0,
      "count": 1,
      "ratio_to_perfect": 0.7500884016973126
    },
    "llm": {
      "rewards": [
        9159.0
      ],
      "mean": 9159.0,
      "std": 0.0,
      "min": 9159.0,
      "max": 9159.0,
      "count": 1,
      "ratio_to_perfect": 0.8096711456859972
    },
    "llm_to_or": {
      "rewards": [
        9011.0
      ],
      "mean": 9011.0,
      "std": 0.0,
      "min": 9011.0,
      "max": 9011.0,
      "count": 1,
      "ratio_to_perfect": 0.7965876944837341
    },
    "or_to_llm": {
      "rewards": [
        9062.0
      ],
      "mean": 9062.0,
      "std": 0.0,
      "min": 9062.0,
      "max": 9062.0,
      "count": 1,
      "ratio_to_perfect": 0.8010961810466761
    },
    "perfect_score": {
      "rewards": [
        11312.0
      ],
      "mean": 11312.0,
      "std": 0.0,
      "min": 11312.0,
      "max": 11312.0,
      "count": 1,
      "ratio_to_perfect": 1.0
    }
  },
  "errors": {}
}