{
  "instance_dir": "/shared/share_malatown/OR_Agent/examples/benchmark/real_trajectory/lead_time_4/399087014",
  "instance_name": "399087014",
  "promised_lead_time": 4,
  "model": "x-ai/grok-4.1-fast",
  "num_runs_llm": 1,
  "num_runs_deterministic": 1,
  "max_periods": null,
  "summary": {
    "perfect_score": 15904.0,
    "ratios": {
      "or": 0.40669014084507044,
      "llm": 0.20648893360160966,
      "llm_to_or": 0.4702590543259557,
      "or_to_llm": 0.43561368209255535,
      "perfect_score": 1.0
    },
    "warnings": null
  },
  "results": {
    "or": {
      "rewards": [
        6468.0
      ],
      "mean": 6468.0,
      "std": 0.0,
      "min": 6468.0,
      "max": 6468.0,
      "count": 1,
      "ratio_to_perfect": 0.40669014084507044
    },
    "llm": {
      "rewards": [
        3284.0
      ],
      "mean": 3284.0,
      "std": 0.0,
      "min": 3284.0,
      "max": 3284.0,
      "count": 1,
      "ratio_to_perfect": 0.20648893360160966
    },
    "llm_to_or": {
      "rewards": [
        7479.0
      ],
      "mean": 7479.0,
      "std": 0.0,
      "min": 7479.0,
      "max": 7479.0,
      "count": 1,
      "ratio_to_perfect": 0.4702590543259557
    },
    "or_to_llm": {
      "rewards": [
        6928.0
      ],
      "mean": 6928.0,
      "std": 0.0,
      "min": 6928.0,
      "max": 6928.0,
      "count": 1,
      "ratio_to_perfect": 0.43561368209255535
    },
    "perfect_score": {
      "rewards": [
        15904.0
      ],
      "mean": 15904.0,
      "std": 0.0,
      "min": 15904.0,
      "max": 15904.0,
      "count": 1,
      "ratio_to_perfect": 1.0
    }
  },
  "errors": {}
}