{
  "instance_dir": "D:\\TextArena\\examples\\benchmark\\real_trajectory\\lead_time_stochastic\\506098007",
  "instance_name": "506098007",
  "promised_lead_time": 2,
  "model": "google/gemini-3-flash-preview",
  "num_runs_llm": 1,
  "num_runs_deterministic": 1,
  "max_periods": null,
  "summary": {
    "perfect_score": 10128.0,
    "ratios": {
      "or": 0.32582938388625593,
      "llm": 0.2768562401263823,
      "llm_to_or": 0.3328396524486572,
      "or_to_llm": 0.32454581358609796,
      "perfect_score": 1.0
    },
    "warnings": null
  },
  "results": {
    "or": {
      "rewards": [
        3300.0
      ],
      "mean": 3300.0,
      "std": 0.0,
      "min": 3300.0,
      "max": 3300.0,
      "count": 1,
      "ratio_to_perfect": 0.32582938388625593
    },
    "llm": {
      "rewards": [
        2804.0
      ],
      "mean": 2804.0,
      "std": 0.0,
      "min": 2804.0,
      "max": 2804.0,
      "count": 1,
      "ratio_to_perfect": 0.2768562401263823
    },
    "llm_to_or": {
      "rewards": [
        3371.0
      ],
      "mean": 3371.0,
      "std": 0.0,
      "min": 3371.0,
      "max": 3371.0,
      "count": 1,
      "ratio_to_perfect": 0.3328396524486572
    },
    "or_to_llm": {
      "rewards": [
        3287.0
      ],
      "mean": 3287.0,
      "std": 0.0,
      "min": 3287.0,
      "max": 3287.0,
      "count": 1,
      "ratio_to_perfect": 0.32454581358609796
    },
    "perfect_score": {
      "rewards": [
        10128.0
      ],
      "mean": 10128.0,
      "std": 0.0,
      "min": 10128.0,
      "max": 10128.0,
      "count": 1,
      "ratio_to_perfect": 1.0
    }
  },
  "errors": {}
}