{
  "instance_dir": "/shared/share_malatown/OR_Agent/examples/benchmark/real_trajectory/lead_time_0/561445006",
  "instance_name": "561445006",
  "promised_lead_time": 0,
  "model": "x-ai/grok-4.1-fast",
  "num_runs_llm": 1,
  "num_runs_deterministic": 1,
  "max_periods": null,
  "summary": {
    "perfect_score": 13664.0,
    "ratios": {
      "or": 0.7306059718969555,
      "llm": 0.8540690866510539,
      "llm_to_or": 0.8612412177985949,
      "or_to_llm": 0.8152078454332553,
      "perfect_score": 1.0
    },
    "warnings": null
  },
  "results": {
    "or": {
      "rewards": [
        9983.0
      ],
      "mean": 9983.0,
      "std": 0.0,
      "min": 9983.0,
      "max": 9983.0,
      "count": 1,
      "ratio_to_perfect": 0.7306059718969555
    },
    "llm": {
      "rewards": [
        11670.0
      ],
      "mean": 11670.0,
      "std": 0.0,
      "min": 11670.0,
      "max": 11670.0,
      "count": 1,
      "ratio_to_perfect": 0.8540690866510539
    },
    "llm_to_or": {
      "rewards": [
        11768.0
      ],
      "mean": 11768.0,
      "std": 0.0,
      "min": 11768.0,
      "max": 11768.0,
      "count": 1,
      "ratio_to_perfect": 0.8612412177985949
    },
    "or_to_llm": {
      "rewards": [
        11139.0
      ],
      "mean": 11139.0,
      "std": 0.0,
      "min": 11139.0,
      "max": 11139.0,
      "count": 1,
      "ratio_to_perfect": 0.8152078454332553
    },
    "perfect_score": {
      "rewards": [
        13664.0
      ],
      "mean": 13664.0,
      "std": 0.0,
      "min": 13664.0,
      "max": 13664.0,
      "count": 1,
      "ratio_to_perfect": 1.0
    }
  },
  "errors": {}
}