{
  "instance_dir": "D:\\TextArena\\examples\\benchmark\\synthetic_trajectory\\lead_time_stochastic\\p01_stationary_iid\\v1_normal_100_25\\r2_med",
  "instance_name": "r2_med",
  "promised_lead_time": 2,
  "model": "openai/gpt-5-mini",
  "num_runs_llm": 1,
  "num_runs_deterministic": 1,
  "max_periods": null,
  "summary": {
    "perfect_score": 18892.0,
    "ratios": {
      "or": 0.11475756934152022,
      "llm": 0.13476603853482955,
      "llm_to_or": 0.17652974804149904,
      "or_to_llm": 0.18663984755452043,
      "perfect_score": 1.0
    },
    "warnings": null
  },
  "results": {
    "or": {
      "rewards": [
        2168.0
      ],
      "mean": 2168.0,
      "std": 0.0,
      "min": 2168.0,
      "max": 2168.0,
      "count": 1,
      "ratio_to_perfect": 0.11475756934152022
    },
    "llm": {
      "rewards": [
        2546.0
      ],
      "mean": 2546.0,
      "std": 0.0,
      "min": 2546.0,
      "max": 2546.0,
      "count": 1,
      "ratio_to_perfect": 0.13476603853482955
    },
    "llm_to_or": {
      "rewards": [
        3335.0
      ],
      "mean": 3335.0,
      "std": 0.0,
      "min": 3335.0,
      "max": 3335.0,
      "count": 1,
      "ratio_to_perfect": 0.17652974804149904
    },
    "or_to_llm": {
      "rewards": [
        3526.0
      ],
      "mean": 3526.0,
      "std": 0.0,
      "min": 3526.0,
      "max": 3526.0,
      "count": 1,
      "ratio_to_perfect": 0.18663984755452043
    },
    "perfect_score": {
      "rewards": [
        18892.0
      ],
      "mean": 18892.0,
      "std": 0.0,
      "min": 18892.0,
      "max": 18892.0,
      "count": 1,
      "ratio_to_perfect": 1.0
    }
  },
  "errors": {}
}