{
  "instance_dir": "/shared/share_malatown/OR_Agent/examples/benchmark/real_trajectory/lead_time_4/678687001",
  "instance_name": "678687001",
  "promised_lead_time": 4,
  "model": "x-ai/grok-4.1-fast",
  "num_runs_llm": 1,
  "num_runs_deterministic": 1,
  "max_periods": null,
  "summary": {
    "perfect_score": 77406.0,
    "ratios": {
      "or": 0.5766865617652378,
      "llm": 0.44000465080226336,
      "llm_to_or": 0.5950055551249257,
      "or_to_llm": 0.580071312301372,
      "perfect_score": 1.0
    },
    "warnings": null
  },
  "results": {
    "or": {
      "rewards": [
        44639.0
      ],
      "mean": 44639.0,
      "std": 0.0,
      "min": 44639.0,
      "max": 44639.0,
      "count": 1,
      "ratio_to_perfect": 0.5766865617652378
    },
    "llm": {
      "rewards": [
        34059.0
      ],
      "mean": 34059.0,
      "std": 0.0,
      "min": 34059.0,
      "max": 34059.0,
      "count": 1,
      "ratio_to_perfect": 0.44000465080226336
    },
    "llm_to_or": {
      "rewards": [
        46057.0
      ],
      "mean": 46057.0,
      "std": 0.0,
      "min": 46057.0,
      "max": 46057.0,
      "count": 1,
      "ratio_to_perfect": 0.5950055551249257
    },
    "or_to_llm": {
      "rewards": [
        44901.0
      ],
      "mean": 44901.0,
      "std": 0.0,
      "min": 44901.0,
      "max": 44901.0,
      "count": 1,
      "ratio_to_perfect": 0.580071312301372
    },
    "perfect_score": {
      "rewards": [
        77406.0
      ],
      "mean": 77406.0,
      "std": 0.0,
      "min": 77406.0,
      "max": 77406.0,
      "count": 1,
      "ratio_to_perfect": 1.0
    }
  },
  "errors": {}
}