{
  "instance_dir": "/shared/share_malatown/OR-Agent-GPT5mini-benchmark/examples/benchmark/real_trajectory/lead_time_stochastic/547780001",
  "instance_name": "547780001",
  "promised_lead_time": 2,
  "model": "openai/gpt-5-mini",
  "num_runs_llm": 1,
  "num_runs_deterministic": 1,
  "max_periods": null,
  "summary": {
    "perfect_score": 57874.0,
    "ratios": {
      "or": 0.22448768013270207,
      "llm": 0.2070186957874002,
      "llm_to_or": 0.26875626360714655,
      "or_to_llm": 0.1363824860904724,
      "perfect_score": 1.0
    },
    "warnings": null
  },
  "results": {
    "or": {
      "rewards": [
        12992.0
      ],
      "mean": 12992.0,
      "std": 0.0,
      "min": 12992.0,
      "max": 12992.0,
      "count": 1,
      "ratio_to_perfect": 0.22448768013270207
    },
    "llm": {
      "rewards": [
        11981.0
      ],
      "mean": 11981.0,
      "std": 0.0,
      "min": 11981.0,
      "max": 11981.0,
      "count": 1,
      "ratio_to_perfect": 0.2070186957874002
    },
    "llm_to_or": {
      "rewards": [
        15554.0
      ],
      "mean": 15554.0,
      "std": 0.0,
      "min": 15554.0,
      "max": 15554.0,
      "count": 1,
      "ratio_to_perfect": 0.26875626360714655
    },
    "or_to_llm": {
      "rewards": [
        7893.0
      ],
      "mean": 7893.0,
      "std": 0.0,
      "min": 7893.0,
      "max": 7893.0,
      "count": 1,
      "ratio_to_perfect": 0.1363824860904724
    },
    "perfect_score": {
      "rewards": [
        57874.0
      ],
      "mean": 57874.0,
      "std": 0.0,
      "min": 57874.0,
      "max": 57874.0,
      "count": 1,
      "ratio_to_perfect": 1.0
    }
  },
  "errors": {}
}