{
  "instance_dir": "/shared/share_malatown/OR-Agent-GPT5mini-benchmark/examples/benchmark/synthetic_trajectory/lead_time_stochastic/p02_mean_increase/v3_100to300/r1_high",
  "instance_name": "r1_high",
  "promised_lead_time": 2,
  "model": "openai/gpt-5-mini",
  "num_runs_llm": 1,
  "num_runs_deterministic": 1,
  "max_periods": null,
  "summary": {
    "perfect_score": 222585.0,
    "ratios": {
      "or": 0.08204955410292697,
      "llm": 0.11852999977536671,
      "llm_to_or": 0.16220320327066065,
      "or_to_llm": 0.09524900599770875,
      "perfect_score": 1.0
    },
    "warnings": null
  },
  "results": {
    "or": {
      "rewards": [
        18263.0
      ],
      "mean": 18263.0,
      "std": 0.0,
      "min": 18263.0,
      "max": 18263.0,
      "count": 1,
      "ratio_to_perfect": 0.08204955410292697
    },
    "llm": {
      "rewards": [
        26383.0
      ],
      "mean": 26383.0,
      "std": 0.0,
      "min": 26383.0,
      "max": 26383.0,
      "count": 1,
      "ratio_to_perfect": 0.11852999977536671
    },
    "llm_to_or": {
      "rewards": [
        36104.0
      ],
      "mean": 36104.0,
      "std": 0.0,
      "min": 36104.0,
      "max": 36104.0,
      "count": 1,
      "ratio_to_perfect": 0.16220320327066065
    },
    "or_to_llm": {
      "rewards": [
        21201.0
      ],
      "mean": 21201.0,
      "std": 0.0,
      "min": 21201.0,
      "max": 21201.0,
      "count": 1,
      "ratio_to_perfect": 0.09524900599770875
    },
    "perfect_score": {
      "rewards": [
        222585.0
      ],
      "mean": 222585.0,
      "std": 0.0,
      "min": 222585.0,
      "max": 222585.0,
      "count": 1,
      "ratio_to_perfect": 1.0
    }
  },
  "errors": {}
}