{
  "instance_dir": "D:\\TextArena\\examples\\benchmark\\real_trajectory\\lead_time_4\\678696001",
  "instance_name": "678696001",
  "promised_lead_time": 4,
  "model": "google/gemini-3-flash-preview",
  "num_runs_llm": 1,
  "num_runs_deterministic": 1,
  "max_periods": null,
  "summary": {
    "perfect_score": 9640.0,
    "ratios": {
      "or": -1.699896265560166,
      "llm": -2.18350622406639,
      "llm_to_or": -0.6225103734439834,
      "or_to_llm": -0.7135892116182573,
      "perfect_score": 1.0
    },
    "warnings": null
  },
  "results": {
    "or": {
      "rewards": [
        -16387.0
      ],
      "mean": -16387.0,
      "std": 0.0,
      "min": -16387.0,
      "max": -16387.0,
      "count": 1,
      "ratio_to_perfect": -1.699896265560166
    },
    "llm": {
      "rewards": [
        -21049.0
      ],
      "mean": -21049.0,
      "std": 0.0,
      "min": -21049.0,
      "max": -21049.0,
      "count": 1,
      "ratio_to_perfect": -2.18350622406639
    },
    "llm_to_or": {
      "rewards": [
        -6001.0
      ],
      "mean": -6001.0,
      "std": 0.0,
      "min": -6001.0,
      "max": -6001.0,
      "count": 1,
      "ratio_to_perfect": -0.6225103734439834
    },
    "or_to_llm": {
      "rewards": [
        -6879.0
      ],
      "mean": -6879.0,
      "std": 0.0,
      "min": -6879.0,
      "max": -6879.0,
      "count": 1,
      "ratio_to_perfect": -0.7135892116182573
    },
    "perfect_score": {
      "rewards": [
        9640.0
      ],
      "mean": 9640.0,
      "std": 0.0,
      "min": 9640.0,
      "max": 9640.0,
      "count": 1,
      "ratio_to_perfect": 1.0
    }
  },
  "errors": {}
}