{
  "instance_dir": "D:\\TextArena\\examples\\benchmark\\synthetic_trajectory\\lead_time_0\\p04_increasing_trend\\v3_exp_1_05\\r2_med",
  "instance_name": "r2_med",
  "promised_lead_time": 0,
  "model": "google/gemini-3-flash-preview",
  "num_runs_llm": 1,
  "num_runs_deterministic": 1,
  "max_periods": null,
  "summary": {
    "perfect_score": 87876.0,
    "ratios": {
      "or": 0.6539328144203196,
      "llm": 0.9724498156493241,
      "llm_to_or": 0.9378783740725568,
      "or_to_llm": 0.9666006645728071,
      "perfect_score": 1.0
    },
    "warnings": null
  },
  "results": {
    "or": {
      "rewards": [
        57465.0
      ],
      "mean": 57465.0,
      "std": 0.0,
      "min": 57465.0,
      "max": 57465.0,
      "count": 1,
      "ratio_to_perfect": 0.6539328144203196
    },
    "llm": {
      "rewards": [
        85455.0
      ],
      "mean": 85455.0,
      "std": 0.0,
      "min": 85455.0,
      "max": 85455.0,
      "count": 1,
      "ratio_to_perfect": 0.9724498156493241
    },
    "llm_to_or": {
      "rewards": [
        82417.0
      ],
      "mean": 82417.0,
      "std": 0.0,
      "min": 82417.0,
      "max": 82417.0,
      "count": 1,
      "ratio_to_perfect": 0.9378783740725568
    },
    "or_to_llm": {
      "rewards": [
        84941.0
      ],
      "mean": 84941.0,
      "std": 0.0,
      "min": 84941.0,
      "max": 84941.0,
      "count": 1,
      "ratio_to_perfect": 0.9666006645728071
    },
    "perfect_score": {
      "rewards": [
        87876.0
      ],
      "mean": 87876.0,
      "std": 0.0,
      "min": 87876.0,
      "max": 87876.0,
      "count": 1,
      "ratio_to_perfect": 1.0
    }
  },
  "errors": {}
}