{
  "instance_dir": "/shared/share_malatown/OR-Agent-GPT5mini-benchmark/examples/benchmark/real_trajectory/lead_time_4/464297007",
  "instance_name": "464297007",
  "promised_lead_time": 4,
  "model": "openai/gpt-5-mini",
  "num_runs_llm": 1,
  "num_runs_deterministic": 1,
  "max_periods": null,
  "summary": {
    "perfect_score": 11786.0,
    "ratios": {
      "or": 0.1052095706770745,
      "llm": -0.4030205328355676,
      "llm_to_or": 0.06134396741897166,
      "or_to_llm": -0.03936874257593755,
      "perfect_score": 1.0
    },
    "warnings": null
  },
  "results": {
    "or": {
      "rewards": [
        1240.0
      ],
      "mean": 1240.0,
      "std": 0.0,
      "min": 1240.0,
      "max": 1240.0,
      "count": 1,
      "ratio_to_perfect": 0.1052095706770745
    },
    "llm": {
      "rewards": [
        -4750.0
      ],
      "mean": -4750.0,
      "std": 0.0,
      "min": -4750.0,
      "max": -4750.0,
      "count": 1,
      "ratio_to_perfect": -0.4030205328355676
    },
    "llm_to_or": {
      "rewards": [
        723.0
      ],
      "mean": 723.0,
      "std": 0.0,
      "min": 723.0,
      "max": 723.0,
      "count": 1,
      "ratio_to_perfect": 0.06134396741897166
    },
    "or_to_llm": {
      "rewards": [
        -464.0
      ],
      "mean": -464.0,
      "std": 0.0,
      "min": -464.0,
      "max": -464.0,
      "count": 1,
      "ratio_to_perfect": -0.03936874257593755
    },
    "perfect_score": {
      "rewards": [
        11786.0
      ],
      "mean": 11786.0,
      "std": 0.0,
      "min": 11786.0,
      "max": 11786.0,
      "count": 1,
      "ratio_to_perfect": 1.0
    }
  },
  "errors": {}
}