{
  "instance_dir": "/shared/share_malatown/OR_Agent/examples/benchmark/real_trajectory/lead_time_0/715624001",
  "instance_name": "715624001",
  "promised_lead_time": 0,
  "model": "x-ai/grok-4.1-fast",
  "num_runs_llm": 1,
  "num_runs_deterministic": 1,
  "max_periods": null,
  "summary": {
    "perfect_score": 89262.0,
    "ratios": {
      "or": 0.8964396943828281,
      "llm": 0.8682978199009657,
      "llm_to_or": 0.8760614819296005,
      "or_to_llm": 0.8920481279827922,
      "perfect_score": 1.0
    },
    "warnings": null
  },
  "results": {
    "or": {
      "rewards": [
        80018.0
      ],
      "mean": 80018.0,
      "std": 0.0,
      "min": 80018.0,
      "max": 80018.0,
      "count": 1,
      "ratio_to_perfect": 0.8964396943828281
    },
    "llm": {
      "rewards": [
        77506.0
      ],
      "mean": 77506.0,
      "std": 0.0,
      "min": 77506.0,
      "max": 77506.0,
      "count": 1,
      "ratio_to_perfect": 0.8682978199009657
    },
    "llm_to_or": {
      "rewards": [
        78199.0
      ],
      "mean": 78199.0,
      "std": 0.0,
      "min": 78199.0,
      "max": 78199.0,
      "count": 1,
      "ratio_to_perfect": 0.8760614819296005
    },
    "or_to_llm": {
      "rewards": [
        79626.0
      ],
      "mean": 79626.0,
      "std": 0.0,
      "min": 79626.0,
      "max": 79626.0,
      "count": 1,
      "ratio_to_perfect": 0.8920481279827922
    },
    "perfect_score": {
      "rewards": [
        89262.0
      ],
      "mean": 89262.0,
      "std": 0.0,
      "min": 89262.0,
      "max": 89262.0,
      "count": 1,
      "ratio_to_perfect": 1.0
    }
  },
  "errors": {}
}