{
  "instance_dir": "D:\\TextArena\\examples\\benchmark\\synthetic_trajectory\\lead_time_0\\p10_autocorrelated\\v4_phi_neg_0_3\\r1_med",
  "instance_name": "r1_med",
  "promised_lead_time": 0,
  "model": "openai/gpt-5-mini",
  "num_runs_llm": 1,
  "num_runs_deterministic": 1,
  "max_periods": null,
  "summary": {
    "perfect_score": 20400.0,
    "ratios": {
      "or": 0.9040686274509804,
      "llm": 0.8624019607843137,
      "llm_to_or": 0.9039705882352941,
      "or_to_llm": 0.8948039215686274,
      "perfect_score": 1.0
    },
    "warnings": null
  },
  "results": {
    "or": {
      "rewards": [
        18443.0
      ],
      "mean": 18443.0,
      "std": 0.0,
      "min": 18443.0,
      "max": 18443.0,
      "count": 1,
      "ratio_to_perfect": 0.9040686274509804
    },
    "llm": {
      "rewards": [
        17593.0
      ],
      "mean": 17593.0,
      "std": 0.0,
      "min": 17593.0,
      "max": 17593.0,
      "count": 1,
      "ratio_to_perfect": 0.8624019607843137
    },
    "llm_to_or": {
      "rewards": [
        18441.0
      ],
      "mean": 18441.0,
      "std": 0.0,
      "min": 18441.0,
      "max": 18441.0,
      "count": 1,
      "ratio_to_perfect": 0.9039705882352941
    },
    "or_to_llm": {
      "rewards": [
        18254.0
      ],
      "mean": 18254.0,
      "std": 0.0,
      "min": 18254.0,
      "max": 18254.0,
      "count": 1,
      "ratio_to_perfect": 0.8948039215686274
    },
    "perfect_score": {
      "rewards": [
        20400.0
      ],
      "mean": 20400.0,
      "std": 0.0,
      "min": 20400.0,
      "max": 20400.0,
      "count": 1,
      "ratio_to_perfect": 1.0
    }
  },
  "errors": {}
}