{
  "instance_dir": "D:\\TextArena\\examples\\benchmark\\real_trajectory\\lead_time_stochastic\\723469001",
  "instance_name": "723469001",
  "promised_lead_time": 2,
  "model": "google/gemini-3-flash-preview",
  "num_runs_llm": 1,
  "num_runs_deterministic": 1,
  "max_periods": null,
  "summary": {
    "perfect_score": 80237.0,
    "ratios": {
      "or": 0.25541832321746827,
      "llm": 0.6090581651856376,
      "llm_to_or": 0.5385669952764934,
      "or_to_llm": 0.5365853658536586,
      "perfect_score": 1.0
    },
    "warnings": null
  },
  "results": {
    "or": {
      "rewards": [
        20494.0
      ],
      "mean": 20494.0,
      "std": 0.0,
      "min": 20494.0,
      "max": 20494.0,
      "count": 1,
      "ratio_to_perfect": 0.25541832321746827
    },
    "llm": {
      "rewards": [
        48869.0
      ],
      "mean": 48869.0,
      "std": 0.0,
      "min": 48869.0,
      "max": 48869.0,
      "count": 1,
      "ratio_to_perfect": 0.6090581651856376
    },
    "llm_to_or": {
      "rewards": [
        43213.0
      ],
      "mean": 43213.0,
      "std": 0.0,
      "min": 43213.0,
      "max": 43213.0,
      "count": 1,
      "ratio_to_perfect": 0.5385669952764934
    },
    "or_to_llm": {
      "rewards": [
        43054.0
      ],
      "mean": 43054.0,
      "std": 0.0,
      "min": 43054.0,
      "max": 43054.0,
      "count": 1,
      "ratio_to_perfect": 0.5365853658536586
    },
    "perfect_score": {
      "rewards": [
        80237.0
      ],
      "mean": 80237.0,
      "std": 0.0,
      "min": 80237.0,
      "max": 80237.0,
      "count": 1,
      "ratio_to_perfect": 1.0
    }
  },
  "errors": {}
}