{
  "instance_dir": "/shared/share_malatown/OR_Agent/examples/benchmark/real_trajectory/lead_time_0/457892003",
  "instance_name": "457892003",
  "promised_lead_time": 0,
  "model": "x-ai/grok-4.1-fast",
  "num_runs_llm": 1,
  "num_runs_deterministic": 1,
  "max_periods": null,
  "summary": {
    "perfect_score": 8732.0,
    "ratios": {
      "or": 0.7916857535501604,
      "llm": 0.7921438387540083,
      "llm_to_or": 0.8305084745762712,
      "or_to_llm": 0.7829821346770499,
      "perfect_score": 1.0
    },
    "warnings": null
  },
  "results": {
    "or": {
      "rewards": [
        6913.0
      ],
      "mean": 6913.0,
      "std": 0.0,
      "min": 6913.0,
      "max": 6913.0,
      "count": 1,
      "ratio_to_perfect": 0.7916857535501604
    },
    "llm": {
      "rewards": [
        6917.0
      ],
      "mean": 6917.0,
      "std": 0.0,
      "min": 6917.0,
      "max": 6917.0,
      "count": 1,
      "ratio_to_perfect": 0.7921438387540083
    },
    "llm_to_or": {
      "rewards": [
        7252.0
      ],
      "mean": 7252.0,
      "std": 0.0,
      "min": 7252.0,
      "max": 7252.0,
      "count": 1,
      "ratio_to_perfect": 0.8305084745762712
    },
    "or_to_llm": {
      "rewards": [
        6837.0
      ],
      "mean": 6837.0,
      "std": 0.0,
      "min": 6837.0,
      "max": 6837.0,
      "count": 1,
      "ratio_to_perfect": 0.7829821346770499
    },
    "perfect_score": {
      "rewards": [
        8732.0
      ],
      "mean": 8732.0,
      "std": 0.0,
      "min": 8732.0,
      "max": 8732.0,
      "count": 1,
      "ratio_to_perfect": 1.0
    }
  },
  "errors": {}
}