{
  "instance_dir": "/shared/share_malatown/OR-Agent-GPT5mini-benchmark/examples/benchmark/real_trajectory/lead_time_stochastic/695632002",
  "instance_name": "695632002",
  "promised_lead_time": 2,
  "model": "openai/gpt-5-mini",
  "num_runs_llm": 1,
  "num_runs_deterministic": 1,
  "max_periods": null,
  "summary": {
    "perfect_score": 133551.0,
    "ratios": {
      "or": 0.24132353932205675,
      "llm": 0.19546839784052533,
      "llm_to_or": 0.17050415197190585,
      "or_to_llm": 0.15891307440603214,
      "perfect_score": 1.0
    },
    "warnings": null
  },
  "results": {
    "or": {
      "rewards": [
        32229.0
      ],
      "mean": 32229.0,
      "std": 0.0,
      "min": 32229.0,
      "max": 32229.0,
      "count": 1,
      "ratio_to_perfect": 0.24132353932205675
    },
    "llm": {
      "rewards": [
        26105.0
      ],
      "mean": 26105.0,
      "std": 0.0,
      "min": 26105.0,
      "max": 26105.0,
      "count": 1,
      "ratio_to_perfect": 0.19546839784052533
    },
    "llm_to_or": {
      "rewards": [
        22771.0
      ],
      "mean": 22771.0,
      "std": 0.0,
      "min": 22771.0,
      "max": 22771.0,
      "count": 1,
      "ratio_to_perfect": 0.17050415197190585
    },
    "or_to_llm": {
      "rewards": [
        21223.0
      ],
      "mean": 21223.0,
      "std": 0.0,
      "min": 21223.0,
      "max": 21223.0,
      "count": 1,
      "ratio_to_perfect": 0.15891307440603214
    },
    "perfect_score": {
      "rewards": [
        133551.0
      ],
      "mean": 133551.0,
      "std": 0.0,
      "min": 133551.0,
      "max": 133551.0,
      "count": 1,
      "ratio_to_perfect": 1.0
    }
  },
  "errors": {}
}