{
  "instance_dir": "/shared/share_malatown/OR_Agent/examples/benchmark/synthetic_trajectory/lead_time_stochastic/p03_mean_decrease/v2_100to70/r2_high",
  "instance_name": "r2_high",
  "promised_lead_time": 2,
  "model": "x-ai/grok-4.1-fast",
  "num_runs_llm": 1,
  "num_runs_deterministic": 1,
  "max_periods": null,
  "summary": {
    "perfect_score": 77292.0,
    "ratios": {
      "or": 0.1583605030274802,
      "llm": 0.7421725404957822,
      "llm_to_or": 0.49592454587796925,
      "or_to_llm": 0.5781193396470528,
      "perfect_score": 1.0
    },
    "warnings": null
  },
  "results": {
    "or": {
      "rewards": [
        12240.0
      ],
      "mean": 12240.0,
      "std": 0.0,
      "min": 12240.0,
      "max": 12240.0,
      "count": 1,
      "ratio_to_perfect": 0.1583605030274802
    },
    "llm": {
      "rewards": [
        57364.0
      ],
      "mean": 57364.0,
      "std": 0.0,
      "min": 57364.0,
      "max": 57364.0,
      "count": 1,
      "ratio_to_perfect": 0.7421725404957822
    },
    "llm_to_or": {
      "rewards": [
        38331.0
      ],
      "mean": 38331.0,
      "std": 0.0,
      "min": 38331.0,
      "max": 38331.0,
      "count": 1,
      "ratio_to_perfect": 0.49592454587796925
    },
    "or_to_llm": {
      "rewards": [
        44684.0
      ],
      "mean": 44684.0,
      "std": 0.0,
      "min": 44684.0,
      "max": 44684.0,
      "count": 1,
      "ratio_to_perfect": 0.5781193396470528
    },
    "perfect_score": {
      "rewards": [
        77292.0
      ],
      "mean": 77292.0,
      "std": 0.0,
      "min": 77292.0,
      "max": 77292.0,
      "count": 1,
      "ratio_to_perfect": 1.0
    }
  },
  "errors": {}
}