{
  "instance_dir": "/shared/share_malatown/OR_Agent/examples/benchmark/synthetic_trajectory/lead_time_stochastic/p05_decreasing_trend/v3_150_minus_2t/r2_high",
  "instance_name": "r2_high",
  "promised_lead_time": 2,
  "model": "x-ai/grok-4.1-fast",
  "num_runs_llm": 1,
  "num_runs_deterministic": 1,
  "max_periods": null,
  "summary": {
    "perfect_score": 95437.0,
    "ratios": {
      "or": 0.15142973899011913,
      "llm": 0.7100286052579189,
      "llm_to_or": 0.5750495091002441,
      "or_to_llm": 0.602753649004055,
      "perfect_score": 1.0
    },
    "warnings": null
  },
  "results": {
    "or": {
      "rewards": [
        14452.0
      ],
      "mean": 14452.0,
      "std": 0.0,
      "min": 14452.0,
      "max": 14452.0,
      "count": 1,
      "ratio_to_perfect": 0.15142973899011913
    },
    "llm": {
      "rewards": [
        67763.0
      ],
      "mean": 67763.0,
      "std": 0.0,
      "min": 67763.0,
      "max": 67763.0,
      "count": 1,
      "ratio_to_perfect": 0.7100286052579189
    },
    "llm_to_or": {
      "rewards": [
        54881.0
      ],
      "mean": 54881.0,
      "std": 0.0,
      "min": 54881.0,
      "max": 54881.0,
      "count": 1,
      "ratio_to_perfect": 0.5750495091002441
    },
    "or_to_llm": {
      "rewards": [
        57525.0
      ],
      "mean": 57525.0,
      "std": 0.0,
      "min": 57525.0,
      "max": 57525.0,
      "count": 1,
      "ratio_to_perfect": 0.602753649004055
    },
    "perfect_score": {
      "rewards": [
        95437.0
      ],
      "mean": 95437.0,
      "std": 0.0,
      "min": 95437.0,
      "max": 95437.0,
      "count": 1,
      "ratio_to_perfect": 1.0
    }
  },
  "errors": {}
}