{
  "instance_dir": "D:\\TextArena\\examples\\benchmark\\real_trajectory\\lead_time_stochastic\\610776001",
  "instance_name": "610776001",
  "promised_lead_time": 2,
  "model": "google/gemini-3-flash-preview",
  "num_runs_llm": 1,
  "num_runs_deterministic": 1,
  "max_periods": null,
  "summary": {
    "perfect_score": 8354.0,
    "ratios": {
      "or": 0.25089777352166626,
      "llm": -0.1557337802250419,
      "llm_to_or": 0.19032798659324873,
      "or_to_llm": -0.07637060090974383,
      "perfect_score": 1.0
    },
    "warnings": null
  },
  "results": {
    "or": {
      "rewards": [
        2096.0
      ],
      "mean": 2096.0,
      "std": 0.0,
      "min": 2096.0,
      "max": 2096.0,
      "count": 1,
      "ratio_to_perfect": 0.25089777352166626
    },
    "llm": {
      "rewards": [
        -1301.0
      ],
      "mean": -1301.0,
      "std": 0.0,
      "min": -1301.0,
      "max": -1301.0,
      "count": 1,
      "ratio_to_perfect": -0.1557337802250419
    },
    "llm_to_or": {
      "rewards": [
        1590.0
      ],
      "mean": 1590.0,
      "std": 0.0,
      "min": 1590.0,
      "max": 1590.0,
      "count": 1,
      "ratio_to_perfect": 0.19032798659324873
    },
    "or_to_llm": {
      "rewards": [
        -638.0
      ],
      "mean": -638.0,
      "std": 0.0,
      "min": -638.0,
      "max": -638.0,
      "count": 1,
      "ratio_to_perfect": -0.07637060090974383
    },
    "perfect_score": {
      "rewards": [
        8354.0
      ],
      "mean": 8354.0,
      "std": 0.0,
      "min": 8354.0,
      "max": 8354.0,
      "count": 1,
      "ratio_to_perfect": 1.0
    }
  },
  "errors": {}
}