{
  "instance_dir": "D:\\TextArena\\examples\\benchmark\\synthetic_trajectory\\lead_time_4\\p10_autocorrelated\\v4_phi_neg_0_3\\r2_high",
  "instance_name": "r2_high",
  "promised_lead_time": 4,
  "model": "openai/gpt-5-mini",
  "num_runs_llm": 1,
  "num_runs_deterministic": 1,
  "max_periods": null,
  "summary": {
    "perfect_score": 91751.0,
    "ratios": {
      "or": 0.8682957133982191,
      "llm": 0.830802934027967,
      "llm_to_or": 0.8686553825026431,
      "or_to_llm": 0.845440376671644,
      "perfect_score": 1.0
    },
    "warnings": null
  },
  "results": {
    "or": {
      "rewards": [
        79667.0
      ],
      "mean": 79667.0,
      "std": 0.0,
      "min": 79667.0,
      "max": 79667.0,
      "count": 1,
      "ratio_to_perfect": 0.8682957133982191
    },
    "llm": {
      "rewards": [
        76227.0
      ],
      "mean": 76227.0,
      "std": 0.0,
      "min": 76227.0,
      "max": 76227.0,
      "count": 1,
      "ratio_to_perfect": 0.830802934027967
    },
    "llm_to_or": {
      "rewards": [
        79700.0
      ],
      "mean": 79700.0,
      "std": 0.0,
      "min": 79700.0,
      "max": 79700.0,
      "count": 1,
      "ratio_to_perfect": 0.8686553825026431
    },
    "or_to_llm": {
      "rewards": [
        77570.0
      ],
      "mean": 77570.0,
      "std": 0.0,
      "min": 77570.0,
      "max": 77570.0,
      "count": 1,
      "ratio_to_perfect": 0.845440376671644
    },
    "perfect_score": {
      "rewards": [
        91751.0
      ],
      "mean": 91751.0,
      "std": 0.0,
      "min": 91751.0,
      "max": 91751.0,
      "count": 1,
      "ratio_to_perfect": 1.0
    }
  },
  "errors": {}
}