{
  "instance_dir": "/shared/share_malatown/OR-Agent-GPT5mini-benchmark/examples/benchmark/real_trajectory/lead_time_0/732842001",
  "instance_name": "732842001",
  "promised_lead_time": 0,
  "model": "openai/gpt-5-mini",
  "num_runs_llm": 1,
  "num_runs_deterministic": 1,
  "max_periods": null,
  "summary": {
    "perfect_score": 3137.0,
    "ratios": {
      "or": 0.5457443417277654,
      "llm": 0.7226649665285304,
      "llm_to_or": 0.6439273190946765,
      "or_to_llm": 0.6738922537456168,
      "perfect_score": 1.0
    },
    "warnings": null
  },
  "results": {
    "or": {
      "rewards": [
        1712.0
      ],
      "mean": 1712.0,
      "std": 0.0,
      "min": 1712.0,
      "max": 1712.0,
      "count": 1,
      "ratio_to_perfect": 0.5457443417277654
    },
    "llm": {
      "rewards": [
        2267.0
      ],
      "mean": 2267.0,
      "std": 0.0,
      "min": 2267.0,
      "max": 2267.0,
      "count": 1,
      "ratio_to_perfect": 0.7226649665285304
    },
    "llm_to_or": {
      "rewards": [
        2020.0
      ],
      "mean": 2020.0,
      "std": 0.0,
      "min": 2020.0,
      "max": 2020.0,
      "count": 1,
      "ratio_to_perfect": 0.6439273190946765
    },
    "or_to_llm": {
      "rewards": [
        2114.0
      ],
      "mean": 2114.0,
      "std": 0.0,
      "min": 2114.0,
      "max": 2114.0,
      "count": 1,
      "ratio_to_perfect": 0.6738922537456168
    },
    "perfect_score": {
      "rewards": [
        3137.0
      ],
      "mean": 3137.0,
      "std": 0.0,
      "min": 3137.0,
      "max": 3137.0,
      "count": 1,
      "ratio_to_perfect": 1.0
    }
  },
  "errors": {}
}