{
  "instance_dir": "/shared/share_malatown/OR-Agent-GPT5mini-benchmark/examples/benchmark/real_trajectory/lead_time_0/697054003",
  "instance_name": "697054003",
  "promised_lead_time": 0,
  "model": "openai/gpt-5-mini",
  "num_runs_llm": 1,
  "num_runs_deterministic": 1,
  "max_periods": null,
  "summary": {
    "perfect_score": 3445.0,
    "ratios": {
      "or": 0.6101596516690856,
      "llm": 0.7044992743105951,
      "llm_to_or": 0.6267053701015965,
      "or_to_llm": 0.6722786647314949,
      "perfect_score": 1.0
    },
    "warnings": null
  },
  "results": {
    "or": {
      "rewards": [
        2102.0
      ],
      "mean": 2102.0,
      "std": 0.0,
      "min": 2102.0,
      "max": 2102.0,
      "count": 1,
      "ratio_to_perfect": 0.6101596516690856
    },
    "llm": {
      "rewards": [
        2427.0
      ],
      "mean": 2427.0,
      "std": 0.0,
      "min": 2427.0,
      "max": 2427.0,
      "count": 1,
      "ratio_to_perfect": 0.7044992743105951
    },
    "llm_to_or": {
      "rewards": [
        2159.0
      ],
      "mean": 2159.0,
      "std": 0.0,
      "min": 2159.0,
      "max": 2159.0,
      "count": 1,
      "ratio_to_perfect": 0.6267053701015965
    },
    "or_to_llm": {
      "rewards": [
        2316.0
      ],
      "mean": 2316.0,
      "std": 0.0,
      "min": 2316.0,
      "max": 2316.0,
      "count": 1,
      "ratio_to_perfect": 0.6722786647314949
    },
    "perfect_score": {
      "rewards": [
        3445.0
      ],
      "mean": 3445.0,
      "std": 0.0,
      "min": 3445.0,
      "max": 3445.0,
      "count": 1,
      "ratio_to_perfect": 1.0
    }
  },
  "errors": {}
}