{
  "instance_dir": "D:\\TextArena\\examples\\benchmark\\real_trajectory\\lead_time_0\\243937001",
  "instance_name": "243937001",
  "promised_lead_time": 0,
  "model": "google/gemini-3-flash-preview",
  "num_runs_llm": 1,
  "num_runs_deterministic": 1,
  "max_periods": null,
  "summary": {
    "perfect_score": 41686.0,
    "ratios": {
      "or": 0.8671976203041789,
      "llm": 0.9432903132946313,
      "llm_to_or": 0.9286571031041597,
      "or_to_llm": 0.9529338386988437,
      "perfect_score": 1.0
    },
    "warnings": null
  },
  "results": {
    "or": {
      "rewards": [
        36150.0
      ],
      "mean": 36150.0,
      "std": 0.0,
      "min": 36150.0,
      "max": 36150.0,
      "count": 1,
      "ratio_to_perfect": 0.8671976203041789
    },
    "llm": {
      "rewards": [
        39322.0
      ],
      "mean": 39322.0,
      "std": 0.0,
      "min": 39322.0,
      "max": 39322.0,
      "count": 1,
      "ratio_to_perfect": 0.9432903132946313
    },
    "llm_to_or": {
      "rewards": [
        38712.0
      ],
      "mean": 38712.0,
      "std": 0.0,
      "min": 38712.0,
      "max": 38712.0,
      "count": 1,
      "ratio_to_perfect": 0.9286571031041597
    },
    "or_to_llm": {
      "rewards": [
        39724.0
      ],
      "mean": 39724.0,
      "std": 0.0,
      "min": 39724.0,
      "max": 39724.0,
      "count": 1,
      "ratio_to_perfect": 0.9529338386988437
    },
    "perfect_score": {
      "rewards": [
        41686.0
      ],
      "mean": 41686.0,
      "std": 0.0,
      "min": 41686.0,
      "max": 41686.0,
      "count": 1,
      "ratio_to_perfect": 1.0
    }
  },
  "errors": {}
}