{
  "instance_dir": "/shared/share_malatown/OR_Agent/examples/benchmark/synthetic_trajectory/lead_time_4/p05_decreasing_trend/v2_exp_decay_0_97/r1_high",
  "instance_name": "r1_high",
  "promised_lead_time": 4,
  "model": "x-ai/grok-4.1-fast",
  "num_runs_llm": 1,
  "num_runs_deterministic": 1,
  "max_periods": null,
  "summary": {
    "perfect_score": 95285.0,
    "ratios": {
      "or": 0.6711549561840794,
      "llm": 0.6281471375347641,
      "llm_to_or": 0.7763761347536339,
      "or_to_llm": 0.7310804428818807,
      "perfect_score": 1.0
    },
    "warnings": null
  },
  "results": {
    "or": {
      "rewards": [
        63951.0
      ],
      "mean": 63951.0,
      "std": 0.0,
      "min": 63951.0,
      "max": 63951.0,
      "count": 1,
      "ratio_to_perfect": 0.6711549561840794
    },
    "llm": {
      "rewards": [
        59853.0
      ],
      "mean": 59853.0,
      "std": 0.0,
      "min": 59853.0,
      "max": 59853.0,
      "count": 1,
      "ratio_to_perfect": 0.6281471375347641
    },
    "llm_to_or": {
      "rewards": [
        73977.0
      ],
      "mean": 73977.0,
      "std": 0.0,
      "min": 73977.0,
      "max": 73977.0,
      "count": 1,
      "ratio_to_perfect": 0.7763761347536339
    },
    "or_to_llm": {
      "rewards": [
        69661.0
      ],
      "mean": 69661.0,
      "std": 0.0,
      "min": 69661.0,
      "max": 69661.0,
      "count": 1,
      "ratio_to_perfect": 0.7310804428818807
    },
    "perfect_score": {
      "rewards": [
        95285.0
      ],
      "mean": 95285.0,
      "std": 0.0,
      "min": 95285.0,
      "max": 95285.0,
      "count": 1,
      "ratio_to_perfect": 1.0
    }
  },
  "errors": {}
}