{
  "instance_dir": "D:\\TextArena\\examples\\benchmark\\real_trajectory\\lead_time_stochastic\\629420007",
  "instance_name": "629420007",
  "promised_lead_time": 2,
  "model": "google/gemini-3-flash-preview",
  "num_runs_llm": 1,
  "num_runs_deterministic": 1,
  "max_periods": null,
  "summary": {
    "perfect_score": 18948.0,
    "ratios": {
      "or": 0.3058370276546337,
      "llm": 0.26931602279924005,
      "llm_to_or": 0.2827211315178383,
      "or_to_llm": -0.0534621068186616,
      "perfect_score": 1.0
    },
    "warnings": null
  },
  "results": {
    "or": {
      "rewards": [
        5795.0
      ],
      "mean": 5795.0,
      "std": 0.0,
      "min": 5795.0,
      "max": 5795.0,
      "count": 1,
      "ratio_to_perfect": 0.3058370276546337
    },
    "llm": {
      "rewards": [
        5103.0
      ],
      "mean": 5103.0,
      "std": 0.0,
      "min": 5103.0,
      "max": 5103.0,
      "count": 1,
      "ratio_to_perfect": 0.26931602279924005
    },
    "llm_to_or": {
      "rewards": [
        5357.0
      ],
      "mean": 5357.0,
      "std": 0.0,
      "min": 5357.0,
      "max": 5357.0,
      "count": 1,
      "ratio_to_perfect": 0.2827211315178383
    },
    "or_to_llm": {
      "rewards": [
        -1013.0
      ],
      "mean": -1013.0,
      "std": 0.0,
      "min": -1013.0,
      "max": -1013.0,
      "count": 1,
      "ratio_to_perfect": -0.0534621068186616
    },
    "perfect_score": {
      "rewards": [
        18948.0
      ],
      "mean": 18948.0,
      "std": 0.0,
      "min": 18948.0,
      "max": 18948.0,
      "count": 1,
      "ratio_to_perfect": 1.0
    }
  },
  "errors": {}
}