{
  "instance_dir": "D:\\TextArena\\examples\\benchmark\\synthetic_trajectory\\lead_time_stochastic\\p08_multi_changepoint\\v3_var_high_then_low\\r2_high",
  "instance_name": "r2_high",
  "promised_lead_time": 2,
  "model": "google/gemini-3-flash-preview",
  "num_runs_llm": 1,
  "num_runs_deterministic": 1,
  "max_periods": null,
  "summary": {
    "perfect_score": 96976.0,
    "ratios": {
      "or": 0.12277264477808943,
      "llm": 0.6793742781719189,
      "llm_to_or": 0.46631125226860254,
      "or_to_llm": 0.6310839795413298,
      "perfect_score": 1.0
    },
    "warnings": null
  },
  "results": {
    "or": {
      "rewards": [
        11906.0
      ],
      "mean": 11906.0,
      "std": 0.0,
      "min": 11906.0,
      "max": 11906.0,
      "count": 1,
      "ratio_to_perfect": 0.12277264477808943
    },
    "llm": {
      "rewards": [
        65883.0
      ],
      "mean": 65883.0,
      "std": 0.0,
      "min": 65883.0,
      "max": 65883.0,
      "count": 1,
      "ratio_to_perfect": 0.6793742781719189
    },
    "llm_to_or": {
      "rewards": [
        45221.0
      ],
      "mean": 45221.0,
      "std": 0.0,
      "min": 45221.0,
      "max": 45221.0,
      "count": 1,
      "ratio_to_perfect": 0.46631125226860254
    },
    "or_to_llm": {
      "rewards": [
        61200.0
      ],
      "mean": 61200.0,
      "std": 0.0,
      "min": 61200.0,
      "max": 61200.0,
      "count": 1,
      "ratio_to_perfect": 0.6310839795413298
    },
    "perfect_score": {
      "rewards": [
        96976.0
      ],
      "mean": 96976.0,
      "std": 0.0,
      "min": 96976.0,
      "max": 96976.0,
      "count": 1,
      "ratio_to_perfect": 1.0
    }
  },
  "errors": {}
}