{
  "instance_dir": "/shared/share_malatown/OR_Agent/examples/benchmark/synthetic_trajectory/lead_time_stochastic/p07_seasonal/v3_period25_amp40/r1_high",
  "instance_name": "r1_high",
  "promised_lead_time": 2,
  "model": "x-ai/grok-4.1-fast",
  "num_runs_llm": 1,
  "num_runs_deterministic": 1,
  "max_periods": null,
  "summary": {
    "perfect_score": 94753.0,
    "ratios": {
      "or": 0.14591622428841303,
      "llm": 0.6404229945226009,
      "llm_to_or": 0.5160786465863878,
      "or_to_llm": 0.6161704642597068,
      "perfect_score": 1.0
    },
    "warnings": null
  },
  "results": {
    "or": {
      "rewards": [
        13826.0
      ],
      "mean": 13826.0,
      "std": 0.0,
      "min": 13826.0,
      "max": 13826.0,
      "count": 1,
      "ratio_to_perfect": 0.14591622428841303
    },
    "llm": {
      "rewards": [
        60682.0
      ],
      "mean": 60682.0,
      "std": 0.0,
      "min": 60682.0,
      "max": 60682.0,
      "count": 1,
      "ratio_to_perfect": 0.6404229945226009
    },
    "llm_to_or": {
      "rewards": [
        48900.0
      ],
      "mean": 48900.0,
      "std": 0.0,
      "min": 48900.0,
      "max": 48900.0,
      "count": 1,
      "ratio_to_perfect": 0.5160786465863878
    },
    "or_to_llm": {
      "rewards": [
        58384.0
      ],
      "mean": 58384.0,
      "std": 0.0,
      "min": 58384.0,
      "max": 58384.0,
      "count": 1,
      "ratio_to_perfect": 0.6161704642597068
    },
    "perfect_score": {
      "rewards": [
        94753.0
      ],
      "mean": 94753.0,
      "std": 0.0,
      "min": 94753.0,
      "max": 94753.0,
      "count": 1,
      "ratio_to_perfect": 1.0
    }
  },
  "errors": {}
}