{
  "instance_dir": "D:\\TextArena\\examples\\benchmark\\synthetic_trajectory\\lead_time_4\\p03_mean_decrease\\v1_100to50\\r2_med",
  "instance_name": "r2_med",
  "promised_lead_time": 4,
  "model": "google/gemini-3-flash-preview",
  "num_runs_llm": 1,
  "num_runs_deterministic": 1,
  "max_periods": null,
  "summary": {
    "perfect_score": 13592.0,
    "ratios": {
      "or": 0.16546497939964686,
      "llm": 0.31967333725721014,
      "llm_to_or": 0.5510594467333726,
      "or_to_llm": 0.4409211300765156,
      "perfect_score": 1.0
    },
    "warnings": null
  },
  "results": {
    "or": {
      "rewards": [
        2249.0
      ],
      "mean": 2249.0,
      "std": 0.0,
      "min": 2249.0,
      "max": 2249.0,
      "count": 1,
      "ratio_to_perfect": 0.16546497939964686
    },
    "llm": {
      "rewards": [
        4345.0
      ],
      "mean": 4345.0,
      "std": 0.0,
      "min": 4345.0,
      "max": 4345.0,
      "count": 1,
      "ratio_to_perfect": 0.31967333725721014
    },
    "llm_to_or": {
      "rewards": [
        7490.0
      ],
      "mean": 7490.0,
      "std": 0.0,
      "min": 7490.0,
      "max": 7490.0,
      "count": 1,
      "ratio_to_perfect": 0.5510594467333726
    },
    "or_to_llm": {
      "rewards": [
        5993.0
      ],
      "mean": 5993.0,
      "std": 0.0,
      "min": 5993.0,
      "max": 5993.0,
      "count": 1,
      "ratio_to_perfect": 0.4409211300765156
    },
    "perfect_score": {
      "rewards": [
        13592.0
      ],
      "mean": 13592.0,
      "std": 0.0,
      "min": 13592.0,
      "max": 13592.0,
      "count": 1,
      "ratio_to_perfect": 1.0
    }
  },
  "errors": {}
}