{
  "instance_dir": "/shared/share_malatown/OR-Agent-GPT5mini-benchmark/examples/benchmark/synthetic_trajectory/lead_time_stochastic/p01_stationary_iid/v4_uniform_50_150/r2_high",
  "instance_name": "r2_high",
  "promised_lead_time": 2,
  "model": "openai/gpt-5-mini",
  "num_runs_llm": 1,
  "num_runs_deterministic": 1,
  "max_periods": null,
  "summary": {
    "perfect_score": 86659.0,
    "ratios": {
      "or": 0.15297891736576696,
      "llm": 0.2824172907603365,
      "llm_to_or": 0.21164564557633944,
      "or_to_llm": 0.23345526719671356,
      "perfect_score": 1.0
    },
    "warnings": null
  },
  "results": {
    "or": {
      "rewards": [
        13257.0
      ],
      "mean": 13257.0,
      "std": 0.0,
      "min": 13257.0,
      "max": 13257.0,
      "count": 1,
      "ratio_to_perfect": 0.15297891736576696
    },
    "llm": {
      "rewards": [
        24474.0
      ],
      "mean": 24474.0,
      "std": 0.0,
      "min": 24474.0,
      "max": 24474.0,
      "count": 1,
      "ratio_to_perfect": 0.2824172907603365
    },
    "llm_to_or": {
      "rewards": [
        18341.0
      ],
      "mean": 18341.0,
      "std": 0.0,
      "min": 18341.0,
      "max": 18341.0,
      "count": 1,
      "ratio_to_perfect": 0.21164564557633944
    },
    "or_to_llm": {
      "rewards": [
        20231.0
      ],
      "mean": 20231.0,
      "std": 0.0,
      "min": 20231.0,
      "max": 20231.0,
      "count": 1,
      "ratio_to_perfect": 0.23345526719671356
    },
    "perfect_score": {
      "rewards": [
        86659.0
      ],
      "mean": 86659.0,
      "std": 0.0,
      "min": 86659.0,
      "max": 86659.0,
      "count": 1,
      "ratio_to_perfect": 1.0
    }
  },
  "errors": {}
}