{
  "instance_dir": "D:\\TextArena\\examples\\benchmark\\synthetic_trajectory\\lead_time_0\\p06_variance_change\\v4_uniform_to_normal\\r1_med",
  "instance_name": "r1_med",
  "promised_lead_time": 0,
  "model": "google/gemini-3-flash-preview",
  "num_runs_llm": 1,
  "num_runs_deterministic": 1,
  "max_periods": null,
  "summary": {
    "perfect_score": 20544.0,
    "ratios": {
      "or": 0.9291277258566978,
      "llm": 0.8918419003115264,
      "llm_to_or": 0.9312694704049844,
      "or_to_llm": 0.9221183800623053,
      "perfect_score": 1.0
    },
    "warnings": null
  },
  "results": {
    "or": {
      "rewards": [
        19088.0
      ],
      "mean": 19088.0,
      "std": 0.0,
      "min": 19088.0,
      "max": 19088.0,
      "count": 1,
      "ratio_to_perfect": 0.9291277258566978
    },
    "llm": {
      "rewards": [
        18322.0
      ],
      "mean": 18322.0,
      "std": 0.0,
      "min": 18322.0,
      "max": 18322.0,
      "count": 1,
      "ratio_to_perfect": 0.8918419003115264
    },
    "llm_to_or": {
      "rewards": [
        19132.0
      ],
      "mean": 19132.0,
      "std": 0.0,
      "min": 19132.0,
      "max": 19132.0,
      "count": 1,
      "ratio_to_perfect": 0.9312694704049844
    },
    "or_to_llm": {
      "rewards": [
        18944.0
      ],
      "mean": 18944.0,
      "std": 0.0,
      "min": 18944.0,
      "max": 18944.0,
      "count": 1,
      "ratio_to_perfect": 0.9221183800623053
    },
    "perfect_score": {
      "rewards": [
        20544.0
      ],
      "mean": 20544.0,
      "std": 0.0,
      "min": 20544.0,
      "max": 20544.0,
      "count": 1,
      "ratio_to_perfect": 1.0
    }
  },
  "errors": {}
}