{
  "instance_dir": "/shared/share_malatown/OR_Agent/examples/benchmark/real_trajectory/lead_time_4/464297007",
  "instance_name": "464297007",
  "promised_lead_time": 4,
  "model": "x-ai/grok-4.1-fast",
  "num_runs_llm": 1,
  "num_runs_deterministic": 1,
  "max_periods": null,
  "summary": {
    "perfect_score": 11786.0,
    "ratios": {
      "or": 0.1052095706770745,
      "llm": -1.9333955540471746,
      "llm_to_or": -0.3431189546920075,
      "or_to_llm": -0.07211946377057527,
      "perfect_score": 1.0
    },
    "warnings": null
  },
  "results": {
    "or": {
      "rewards": [
        1240.0
      ],
      "mean": 1240.0,
      "std": 0.0,
      "min": 1240.0,
      "max": 1240.0,
      "count": 1,
      "ratio_to_perfect": 0.1052095706770745
    },
    "llm": {
      "rewards": [
        -22787.0
      ],
      "mean": -22787.0,
      "std": 0.0,
      "min": -22787.0,
      "max": -22787.0,
      "count": 1,
      "ratio_to_perfect": -1.9333955540471746
    },
    "llm_to_or": {
      "rewards": [
        -4044.0
      ],
      "mean": -4044.0,
      "std": 0.0,
      "min": -4044.0,
      "max": -4044.0,
      "count": 1,
      "ratio_to_perfect": -0.3431189546920075
    },
    "or_to_llm": {
      "rewards": [
        -850.0
      ],
      "mean": -850.0,
      "std": 0.0,
      "min": -850.0,
      "max": -850.0,
      "count": 1,
      "ratio_to_perfect": -0.07211946377057527
    },
    "perfect_score": {
      "rewards": [
        11786.0
      ],
      "mean": 11786.0,
      "std": 0.0,
      "min": 11786.0,
      "max": 11786.0,
      "count": 1,
      "ratio_to_perfect": 1.0
    }
  },
  "errors": {}
}