{
  "instance_dir": "/shared/share_malatown/OR_Agent/examples/benchmark/real_trajectory/lead_time_stochastic/664319001",
  "instance_name": "664319001",
  "promised_lead_time": 2,
  "model": "x-ai/grok-4.1-fast",
  "num_runs_llm": 1,
  "num_runs_deterministic": 1,
  "max_periods": null,
  "summary": {
    "perfect_score": 13244.0,
    "ratios": {
      "or": 0.2329356689821806,
      "llm": 0.10752038659015403,
      "llm_to_or": -0.9620960434913923,
      "or_to_llm": 0.21360616128057988,
      "perfect_score": 1.0
    },
    "warnings": null
  },
  "results": {
    "or": {
      "rewards": [
        3085.0
      ],
      "mean": 3085.0,
      "std": 0.0,
      "min": 3085.0,
      "max": 3085.0,
      "count": 1,
      "ratio_to_perfect": 0.2329356689821806
    },
    "llm": {
      "rewards": [
        1424.0
      ],
      "mean": 1424.0,
      "std": 0.0,
      "min": 1424.0,
      "max": 1424.0,
      "count": 1,
      "ratio_to_perfect": 0.10752038659015403
    },
    "llm_to_or": {
      "rewards": [
        -12742.0
      ],
      "mean": -12742.0,
      "std": 0.0,
      "min": -12742.0,
      "max": -12742.0,
      "count": 1,
      "ratio_to_perfect": -0.9620960434913923
    },
    "or_to_llm": {
      "rewards": [
        2829.0
      ],
      "mean": 2829.0,
      "std": 0.0,
      "min": 2829.0,
      "max": 2829.0,
      "count": 1,
      "ratio_to_perfect": 0.21360616128057988
    },
    "perfect_score": {
      "rewards": [
        13244.0
      ],
      "mean": 13244.0,
      "std": 0.0,
      "min": 13244.0,
      "max": 13244.0,
      "count": 1,
      "ratio_to_perfect": 1.0
    }
  },
  "errors": {}
}