{
  "instance_dir": "/shared/share_malatown/OR-Agent-GPT5mini-benchmark/examples/benchmark/real_trajectory/lead_time_0/658030001",
  "instance_name": "658030001",
  "promised_lead_time": 0,
  "model": "openai/gpt-5-mini",
  "num_runs_llm": 1,
  "num_runs_deterministic": 1,
  "max_periods": null,
  "summary": {
    "perfect_score": 3740.0,
    "ratios": {
      "or": 0.45802139037433154,
      "llm": 0.6219251336898396,
      "llm_to_or": 0.5280748663101604,
      "or_to_llm": 0.5871657754010695,
      "perfect_score": 1.0
    },
    "warnings": null
  },
  "results": {
    "or": {
      "rewards": [
        1713.0
      ],
      "mean": 1713.0,
      "std": 0.0,
      "min": 1713.0,
      "max": 1713.0,
      "count": 1,
      "ratio_to_perfect": 0.45802139037433154
    },
    "llm": {
      "rewards": [
        2326.0
      ],
      "mean": 2326.0,
      "std": 0.0,
      "min": 2326.0,
      "max": 2326.0,
      "count": 1,
      "ratio_to_perfect": 0.6219251336898396
    },
    "llm_to_or": {
      "rewards": [
        1975.0
      ],
      "mean": 1975.0,
      "std": 0.0,
      "min": 1975.0,
      "max": 1975.0,
      "count": 1,
      "ratio_to_perfect": 0.5280748663101604
    },
    "or_to_llm": {
      "rewards": [
        2196.0
      ],
      "mean": 2196.0,
      "std": 0.0,
      "min": 2196.0,
      "max": 2196.0,
      "count": 1,
      "ratio_to_perfect": 0.5871657754010695
    },
    "perfect_score": {
      "rewards": [
        3740.0
      ],
      "mean": 3740.0,
      "std": 0.0,
      "min": 3740.0,
      "max": 3740.0,
      "count": 1,
      "ratio_to_perfect": 1.0
    }
  },
  "errors": {}
}