{
  "instance_dir": "/shared/share_malatown/OR-Agent-GPT5mini-benchmark/examples/benchmark/real_trajectory/lead_time_0/678691002",
  "instance_name": "678691002",
  "promised_lead_time": 0,
  "model": "openai/gpt-5-mini",
  "num_runs_llm": 1,
  "num_runs_deterministic": 1,
  "max_periods": null,
  "summary": {
    "perfect_score": 44251.0,
    "ratios": {
      "or": 0.8467831235452307,
      "llm": 0.8218571331721317,
      "llm_to_or": 0.874059343291677,
      "or_to_llm": 0.8347381980068247,
      "perfect_score": 1.0
    },
    "warnings": null
  },
  "results": {
    "or": {
      "rewards": [
        37471.0
      ],
      "mean": 37471.0,
      "std": 0.0,
      "min": 37471.0,
      "max": 37471.0,
      "count": 1,
      "ratio_to_perfect": 0.8467831235452307
    },
    "llm": {
      "rewards": [
        36368.0
      ],
      "mean": 36368.0,
      "std": 0.0,
      "min": 36368.0,
      "max": 36368.0,
      "count": 1,
      "ratio_to_perfect": 0.8218571331721317
    },
    "llm_to_or": {
      "rewards": [
        38678.0
      ],
      "mean": 38678.0,
      "std": 0.0,
      "min": 38678.0,
      "max": 38678.0,
      "count": 1,
      "ratio_to_perfect": 0.874059343291677
    },
    "or_to_llm": {
      "rewards": [
        36938.0
      ],
      "mean": 36938.0,
      "std": 0.0,
      "min": 36938.0,
      "max": 36938.0,
      "count": 1,
      "ratio_to_perfect": 0.8347381980068247
    },
    "perfect_score": {
      "rewards": [
        44251.0
      ],
      "mean": 44251.0,
      "std": 0.0,
      "min": 44251.0,
      "max": 44251.0,
      "count": 1,
      "ratio_to_perfect": 1.0
    }
  },
  "errors": {}
}