{
  "instance_dir": "/shared/share_malatown/OR_Agent/examples/benchmark/real_trajectory/lead_time_4/294008002",
  "instance_name": "294008002",
  "promised_lead_time": 4,
  "model": "x-ai/grok-4.1-fast",
  "num_runs_llm": 1,
  "num_runs_deterministic": 1,
  "max_periods": null,
  "summary": {
    "perfect_score": 53238.0,
    "ratios": {
      "or": 0.6174536984860438,
      "llm": 0.5028363199218603,
      "llm_to_or": 0.6846425485555431,
      "or_to_llm": 0.6846613321311845,
      "perfect_score": 1.0
    },
    "warnings": null
  },
  "results": {
    "or": {
      "rewards": [
        32872.0
      ],
      "mean": 32872.0,
      "std": 0.0,
      "min": 32872.0,
      "max": 32872.0,
      "count": 1,
      "ratio_to_perfect": 0.6174536984860438
    },
    "llm": {
      "rewards": [
        26770.0
      ],
      "mean": 26770.0,
      "std": 0.0,
      "min": 26770.0,
      "max": 26770.0,
      "count": 1,
      "ratio_to_perfect": 0.5028363199218603
    },
    "llm_to_or": {
      "rewards": [
        36449.0
      ],
      "mean": 36449.0,
      "std": 0.0,
      "min": 36449.0,
      "max": 36449.0,
      "count": 1,
      "ratio_to_perfect": 0.6846425485555431
    },
    "or_to_llm": {
      "rewards": [
        36450.0
      ],
      "mean": 36450.0,
      "std": 0.0,
      "min": 36450.0,
      "max": 36450.0,
      "count": 1,
      "ratio_to_perfect": 0.6846613321311845
    },
    "perfect_score": {
      "rewards": [
        53238.0
      ],
      "mean": 53238.0,
      "std": 0.0,
      "min": 53238.0,
      "max": 53238.0,
      "count": 1,
      "ratio_to_perfect": 1.0
    }
  },
  "errors": {}
}