{
  "instance_dir": "D:\\TextArena\\examples\\benchmark\\synthetic_trajectory\\lead_time_4\\p04_increasing_trend\\v4_linear_100_2t\\r2_high",
  "instance_name": "r2_high",
  "promised_lead_time": 4,
  "model": "openai/gpt-5-mini",
  "num_runs_llm": 1,
  "num_runs_deterministic": 1,
  "max_periods": null,
  "summary": {
    "perfect_score": 151905.0,
    "ratios": {
      "or": 0.7474737500411441,
      "llm": 0.6603600934794773,
      "llm_to_or": 0.756150225469866,
      "or_to_llm": 0.6640729403245449,
      "perfect_score": 1.0
    },
    "warnings": null
  },
  "results": {
    "or": {
      "rewards": [
        113545.0
      ],
      "mean": 113545.0,
      "std": 0.0,
      "min": 113545.0,
      "max": 113545.0,
      "count": 1,
      "ratio_to_perfect": 0.7474737500411441
    },
    "llm": {
      "rewards": [
        100312.0
      ],
      "mean": 100312.0,
      "std": 0.0,
      "min": 100312.0,
      "max": 100312.0,
      "count": 1,
      "ratio_to_perfect": 0.6603600934794773
    },
    "llm_to_or": {
      "rewards": [
        114863.0
      ],
      "mean": 114863.0,
      "std": 0.0,
      "min": 114863.0,
      "max": 114863.0,
      "count": 1,
      "ratio_to_perfect": 0.756150225469866
    },
    "or_to_llm": {
      "rewards": [
        100876.0
      ],
      "mean": 100876.0,
      "std": 0.0,
      "min": 100876.0,
      "max": 100876.0,
      "count": 1,
      "ratio_to_perfect": 0.6640729403245449
    },
    "perfect_score": {
      "rewards": [
        151905.0
      ],
      "mean": 151905.0,
      "std": 0.0,
      "min": 151905.0,
      "max": 151905.0,
      "count": 1,
      "ratio_to_perfect": 1.0
    }
  },
  "errors": {}
}