{
  "instance_dir": "D:\\TextArena\\examples\\benchmark\\real_trajectory\\lead_time_4\\685813005",
  "instance_name": "685813005",
  "promised_lead_time": 4,
  "model": "google/gemini-3-flash-preview",
  "num_runs_llm": 1,
  "num_runs_deterministic": 1,
  "max_periods": null,
  "summary": {
    "perfect_score": 50293.0,
    "ratios": {
      "or": 0.5644523094665261,
      "llm": 0.7460879247609011,
      "llm_to_or": 0.6595550076551409,
      "or_to_llm": 0.6199073429701947,
      "perfect_score": 1.0
    },
    "warnings": null
  },
  "results": {
    "or": {
      "rewards": [
        28388.0
      ],
      "mean": 28388.0,
      "std": 0.0,
      "min": 28388.0,
      "max": 28388.0,
      "count": 1,
      "ratio_to_perfect": 0.5644523094665261
    },
    "llm": {
      "rewards": [
        37523.0
      ],
      "mean": 37523.0,
      "std": 0.0,
      "min": 37523.0,
      "max": 37523.0,
      "count": 1,
      "ratio_to_perfect": 0.7460879247609011
    },
    "llm_to_or": {
      "rewards": [
        33171.0
      ],
      "mean": 33171.0,
      "std": 0.0,
      "min": 33171.0,
      "max": 33171.0,
      "count": 1,
      "ratio_to_perfect": 0.6595550076551409
    },
    "or_to_llm": {
      "rewards": [
        31177.0
      ],
      "mean": 31177.0,
      "std": 0.0,
      "min": 31177.0,
      "max": 31177.0,
      "count": 1,
      "ratio_to_perfect": 0.6199073429701947
    },
    "perfect_score": {
      "rewards": [
        50293.0
      ],
      "mean": 50293.0,
      "std": 0.0,
      "min": 50293.0,
      "max": 50293.0,
      "count": 1,
      "ratio_to_perfect": 1.0
    }
  },
  "errors": {}
}