{
  "instance_dir": "D:\\TextArena\\examples\\benchmark\\real_trajectory\\lead_time_4\\562245050",
  "instance_name": "562245050",
  "promised_lead_time": 4,
  "model": "google/gemini-3-flash-preview",
  "num_runs_llm": 1,
  "num_runs_deterministic": 1,
  "max_periods": null,
  "summary": {
    "perfect_score": 96349.0,
    "ratios": {
      "or": 0.6394876957726598,
      "llm": 0.7390839552045169,
      "llm_to_or": 0.7447093379277419,
      "or_to_llm": 0.719727241590468,
      "perfect_score": 1.0
    },
    "warnings": null
  },
  "results": {
    "or": {
      "rewards": [
        61614.0
      ],
      "mean": 61614.0,
      "std": 0.0,
      "min": 61614.0,
      "max": 61614.0,
      "count": 1,
      "ratio_to_perfect": 0.6394876957726598
    },
    "llm": {
      "rewards": [
        71210.0
      ],
      "mean": 71210.0,
      "std": 0.0,
      "min": 71210.0,
      "max": 71210.0,
      "count": 1,
      "ratio_to_perfect": 0.7390839552045169
    },
    "llm_to_or": {
      "rewards": [
        71752.0
      ],
      "mean": 71752.0,
      "std": 0.0,
      "min": 71752.0,
      "max": 71752.0,
      "count": 1,
      "ratio_to_perfect": 0.7447093379277419
    },
    "or_to_llm": {
      "rewards": [
        69345.0
      ],
      "mean": 69345.0,
      "std": 0.0,
      "min": 69345.0,
      "max": 69345.0,
      "count": 1,
      "ratio_to_perfect": 0.719727241590468
    },
    "perfect_score": {
      "rewards": [
        96349.0
      ],
      "mean": 96349.0,
      "std": 0.0,
      "min": 96349.0,
      "max": 96349.0,
      "count": 1,
      "ratio_to_perfect": 1.0
    }
  },
  "errors": {}
}