{
  "instance_dir": "/shared/share_malatown/OR-Agent-GPT5mini-benchmark/examples/benchmark/real_trajectory/lead_time_stochastic/621381001",
  "instance_name": "621381001",
  "promised_lead_time": 2,
  "model": "openai/gpt-5-mini",
  "num_runs_llm": 1,
  "num_runs_deterministic": 1,
  "max_periods": null,
  "summary": {
    "perfect_score": 10368.0,
    "ratios": {
      "or": 0.2623456790123457,
      "llm": 0.25491898148148145,
      "llm_to_or": 0.25848765432098764,
      "or_to_llm": 0.044077932098765434,
      "perfect_score": 1.0
    },
    "warnings": null
  },
  "results": {
    "or": {
      "rewards": [
        2720.0
      ],
      "mean": 2720.0,
      "std": 0.0,
      "min": 2720.0,
      "max": 2720.0,
      "count": 1,
      "ratio_to_perfect": 0.2623456790123457
    },
    "llm": {
      "rewards": [
        2643.0
      ],
      "mean": 2643.0,
      "std": 0.0,
      "min": 2643.0,
      "max": 2643.0,
      "count": 1,
      "ratio_to_perfect": 0.25491898148148145
    },
    "llm_to_or": {
      "rewards": [
        2680.0
      ],
      "mean": 2680.0,
      "std": 0.0,
      "min": 2680.0,
      "max": 2680.0,
      "count": 1,
      "ratio_to_perfect": 0.25848765432098764
    },
    "or_to_llm": {
      "rewards": [
        457.0
      ],
      "mean": 457.0,
      "std": 0.0,
      "min": 457.0,
      "max": 457.0,
      "count": 1,
      "ratio_to_perfect": 0.044077932098765434
    },
    "perfect_score": {
      "rewards": [
        10368.0
      ],
      "mean": 10368.0,
      "std": 0.0,
      "min": 10368.0,
      "max": 10368.0,
      "count": 1,
      "ratio_to_perfect": 1.0
    }
  },
  "errors": {}
}