{
  "instance_dir": "/shared/share_malatown/OR_Agent/examples/benchmark/synthetic_trajectory/lead_time_4/p03_mean_decrease/v3_100to30/r2_high",
  "instance_name": "r2_high",
  "promised_lead_time": 4,
  "model": "x-ai/grok-4.1-fast",
  "num_runs_llm": 1,
  "num_runs_deterministic": 1,
  "max_periods": null,
  "summary": {
    "perfect_score": 49780.0,
    "ratios": {
      "or": 0.6093009240658899,
      "llm": 0.6182000803535557,
      "llm_to_or": 0.6834672559260747,
      "or_to_llm": 0.6609883487344315,
      "perfect_score": 1.0
    },
    "warnings": null
  },
  "results": {
    "or": {
      "rewards": [
        30331.0
      ],
      "mean": 30331.0,
      "std": 0.0,
      "min": 30331.0,
      "max": 30331.0,
      "count": 1,
      "ratio_to_perfect": 0.6093009240658899
    },
    "llm": {
      "rewards": [
        30774.0
      ],
      "mean": 30774.0,
      "std": 0.0,
      "min": 30774.0,
      "max": 30774.0,
      "count": 1,
      "ratio_to_perfect": 0.6182000803535557
    },
    "llm_to_or": {
      "rewards": [
        34023.0
      ],
      "mean": 34023.0,
      "std": 0.0,
      "min": 34023.0,
      "max": 34023.0,
      "count": 1,
      "ratio_to_perfect": 0.6834672559260747
    },
    "or_to_llm": {
      "rewards": [
        32904.0
      ],
      "mean": 32904.0,
      "std": 0.0,
      "min": 32904.0,
      "max": 32904.0,
      "count": 1,
      "ratio_to_perfect": 0.6609883487344315
    },
    "perfect_score": {
      "rewards": [
        49780.0
      ],
      "mean": 49780.0,
      "std": 0.0,
      "min": 49780.0,
      "max": 49780.0,
      "count": 1,
      "ratio_to_perfect": 1.0
    }
  },
  "errors": {}
}