{
  "instance_dir": "/shared/share_malatown/OR_Agent/examples/benchmark/real_trajectory/lead_time_4/717464001",
  "instance_name": "717464001",
  "promised_lead_time": 4,
  "model": "x-ai/grok-4.1-fast",
  "num_runs_llm": 1,
  "num_runs_deterministic": 1,
  "max_periods": null,
  "summary": {
    "perfect_score": 100890.0,
    "ratios": {
      "or": 0.7780553077609278,
      "llm": 0.6495391019922688,
      "llm_to_or": 0.747854098523144,
      "or_to_llm": 0.7744474179799782,
      "perfect_score": 1.0
    },
    "warnings": null
  },
  "results": {
    "or": {
      "rewards": [
        78498.0
      ],
      "mean": 78498.0,
      "std": 0.0,
      "min": 78498.0,
      "max": 78498.0,
      "count": 1,
      "ratio_to_perfect": 0.7780553077609278
    },
    "llm": {
      "rewards": [
        65532.0
      ],
      "mean": 65532.0,
      "std": 0.0,
      "min": 65532.0,
      "max": 65532.0,
      "count": 1,
      "ratio_to_perfect": 0.6495391019922688
    },
    "llm_to_or": {
      "rewards": [
        75451.0
      ],
      "mean": 75451.0,
      "std": 0.0,
      "min": 75451.0,
      "max": 75451.0,
      "count": 1,
      "ratio_to_perfect": 0.747854098523144
    },
    "or_to_llm": {
      "rewards": [
        78134.0
      ],
      "mean": 78134.0,
      "std": 0.0,
      "min": 78134.0,
      "max": 78134.0,
      "count": 1,
      "ratio_to_perfect": 0.7744474179799782
    },
    "perfect_score": {
      "rewards": [
        100890.0
      ],
      "mean": 100890.0,
      "std": 0.0,
      "min": 100890.0,
      "max": 100890.0,
      "count": 1,
      "ratio_to_perfect": 1.0
    }
  },
  "errors": {}
}