{
  "instance_dir": "D:\\TextArena\\examples\\benchmark\\synthetic_trajectory\\lead_time_4\\p02_mean_increase\\v3_100to300\\r1_high",
  "instance_name": "r1_high",
  "promised_lead_time": 4,
  "model": "openai/gpt-5-mini",
  "num_runs_llm": 1,
  "num_runs_deterministic": 1,
  "max_periods": null,
  "summary": {
    "perfect_score": 222585.0,
    "ratios": {
      "or": 0.7833277175011794,
      "llm": 0.8249163241009053,
      "llm_to_or": 0.85056046004897,
      "or_to_llm": 0.8130332232630231,
      "perfect_score": 1.0
    },
    "warnings": null
  },
  "results": {
    "or": {
      "rewards": [
        174357.0
      ],
      "mean": 174357.0,
      "std": 0.0,
      "min": 174357.0,
      "max": 174357.0,
      "count": 1,
      "ratio_to_perfect": 0.7833277175011794
    },
    "llm": {
      "rewards": [
        183614.0
      ],
      "mean": 183614.0,
      "std": 0.0,
      "min": 183614.0,
      "max": 183614.0,
      "count": 1,
      "ratio_to_perfect": 0.8249163241009053
    },
    "llm_to_or": {
      "rewards": [
        189322.0
      ],
      "mean": 189322.0,
      "std": 0.0,
      "min": 189322.0,
      "max": 189322.0,
      "count": 1,
      "ratio_to_perfect": 0.85056046004897
    },
    "or_to_llm": {
      "rewards": [
        180969.0
      ],
      "mean": 180969.0,
      "std": 0.0,
      "min": 180969.0,
      "max": 180969.0,
      "count": 1,
      "ratio_to_perfect": 0.8130332232630231
    },
    "perfect_score": {
      "rewards": [
        222585.0
      ],
      "mean": 222585.0,
      "std": 0.0,
      "min": 222585.0,
      "max": 222585.0,
      "count": 1,
      "ratio_to_perfect": 1.0
    }
  },
  "errors": {}
}