{
  "instance_dir": "D:\\TextArena\\examples\\benchmark\\synthetic_trajectory\\lead_time_stochastic\\p04_increasing_trend\\v2_linear_50_3t\\r1_high",
  "instance_name": "r1_high",
  "promised_lead_time": 2,
  "model": "google/gemini-3-flash-preview",
  "num_runs_llm": 1,
  "num_runs_deterministic": 1,
  "max_periods": null,
  "summary": {
    "perfect_score": 114532.0,
    "ratios": {
      "or": 0.0955278874026473,
      "llm": 0.5890231551007579,
      "llm_to_or": 0.5182569063667796,
      "or_to_llm": 0.5008731184297838,
      "perfect_score": 1.0
    },
    "warnings": null
  },
  "results": {
    "or": {
      "rewards": [
        10941.0
      ],
      "mean": 10941.0,
      "std": 0.0,
      "min": 10941.0,
      "max": 10941.0,
      "count": 1,
      "ratio_to_perfect": 0.0955278874026473
    },
    "llm": {
      "rewards": [
        67462.0
      ],
      "mean": 67462.0,
      "std": 0.0,
      "min": 67462.0,
      "max": 67462.0,
      "count": 1,
      "ratio_to_perfect": 0.5890231551007579
    },
    "llm_to_or": {
      "rewards": [
        59357.0
      ],
      "mean": 59357.0,
      "std": 0.0,
      "min": 59357.0,
      "max": 59357.0,
      "count": 1,
      "ratio_to_perfect": 0.5182569063667796
    },
    "or_to_llm": {
      "rewards": [
        57366.0
      ],
      "mean": 57366.0,
      "std": 0.0,
      "min": 57366.0,
      "max": 57366.0,
      "count": 1,
      "ratio_to_perfect": 0.5008731184297838
    },
    "perfect_score": {
      "rewards": [
        114532.0
      ],
      "mean": 114532.0,
      "std": 0.0,
      "min": 114532.0,
      "max": 114532.0,
      "count": 1,
      "ratio_to_perfect": 1.0
    }
  },
  "errors": {}
}