{
  "instance_dir": "D:\\TextArena\\examples\\benchmark\\synthetic_trajectory\\lead_time_stochastic\\p03_mean_decrease\\v2_100to70\\r1_high",
  "instance_name": "r1_high",
  "promised_lead_time": 2,
  "model": "google/gemini-3-flash-preview",
  "num_runs_llm": 1,
  "num_runs_deterministic": 1,
  "max_periods": null,
  "summary": {
    "perfect_score": 75297.0,
    "ratios": {
      "or": 0.1353440376110602,
      "llm": 0.736257752632907,
      "llm_to_or": 0.3856063322575933,
      "or_to_llm": 0.6772779792023587,
      "perfect_score": 1.0
    },
    "warnings": null
  },
  "results": {
    "or": {
      "rewards": [
        10191.0
      ],
      "mean": 10191.0,
      "std": 0.0,
      "min": 10191.0,
      "max": 10191.0,
      "count": 1,
      "ratio_to_perfect": 0.1353440376110602
    },
    "llm": {
      "rewards": [
        55438.0
      ],
      "mean": 55438.0,
      "std": 0.0,
      "min": 55438.0,
      "max": 55438.0,
      "count": 1,
      "ratio_to_perfect": 0.736257752632907
    },
    "llm_to_or": {
      "rewards": [
        29035.0
      ],
      "mean": 29035.0,
      "std": 0.0,
      "min": 29035.0,
      "max": 29035.0,
      "count": 1,
      "ratio_to_perfect": 0.3856063322575933
    },
    "or_to_llm": {
      "rewards": [
        50997.0
      ],
      "mean": 50997.0,
      "std": 0.0,
      "min": 50997.0,
      "max": 50997.0,
      "count": 1,
      "ratio_to_perfect": 0.6772779792023587
    },
    "perfect_score": {
      "rewards": [
        75297.0
      ],
      "mean": 75297.0,
      "std": 0.0,
      "min": 75297.0,
      "max": 75297.0,
      "count": 1,
      "ratio_to_perfect": 1.0
    }
  },
  "errors": {}
}