{
  "instance_dir": "/shared/share_malatown/OR-Agent-GPT5mini-benchmark/examples/benchmark/synthetic_trajectory/lead_time_stochastic/p09_temp_spike_dip/v1_temp_surge/r1_high",
  "instance_name": "r1_high",
  "promised_lead_time": 2,
  "model": "openai/gpt-5-mini",
  "num_runs_llm": 1,
  "num_runs_deterministic": 1,
  "max_periods": null,
  "summary": {
    "perfect_score": 117876.0,
    "ratios": {
      "or": 0.12198411890461162,
      "llm": 0.18435474566493604,
      "llm_to_or": 0.19577352472089316,
      "or_to_llm": 0.26079100071261324,
      "perfect_score": 1.0
    },
    "warnings": null
  },
  "results": {
    "or": {
      "rewards": [
        14379.0
      ],
      "mean": 14379.0,
      "std": 0.0,
      "min": 14379.0,
      "max": 14379.0,
      "count": 1,
      "ratio_to_perfect": 0.12198411890461162
    },
    "llm": {
      "rewards": [
        21731.0
      ],
      "mean": 21731.0,
      "std": 0.0,
      "min": 21731.0,
      "max": 21731.0,
      "count": 1,
      "ratio_to_perfect": 0.18435474566493604
    },
    "llm_to_or": {
      "rewards": [
        23077.0
      ],
      "mean": 23077.0,
      "std": 0.0,
      "min": 23077.0,
      "max": 23077.0,
      "count": 1,
      "ratio_to_perfect": 0.19577352472089316
    },
    "or_to_llm": {
      "rewards": [
        30741.0
      ],
      "mean": 30741.0,
      "std": 0.0,
      "min": 30741.0,
      "max": 30741.0,
      "count": 1,
      "ratio_to_perfect": 0.26079100071261324
    },
    "perfect_score": {
      "rewards": [
        117876.0
      ],
      "mean": 117876.0,
      "std": 0.0,
      "min": 117876.0,
      "max": 117876.0,
      "count": 1,
      "ratio_to_perfect": 1.0
    }
  },
  "errors": {}
}