{
  "instance_dir": "D:\\TextArena\\examples\\benchmark\\real_trajectory\\lead_time_stochastic\\603145001",
  "instance_name": "603145001",
  "promised_lead_time": 2,
  "model": "google/gemini-3-flash-preview",
  "num_runs_llm": 1,
  "num_runs_deterministic": 1,
  "max_periods": null,
  "summary": {
    "perfect_score": 13076.0,
    "ratios": {
      "or": 0.32402875497093914,
      "llm": 0.4336953196696237,
      "llm_to_or": 0.42100030590394616,
      "or_to_llm": 0.46015601101254205,
      "perfect_score": 1.0
    },
    "warnings": null
  },
  "results": {
    "or": {
      "rewards": [
        4237.0
      ],
      "mean": 4237.0,
      "std": 0.0,
      "min": 4237.0,
      "max": 4237.0,
      "count": 1,
      "ratio_to_perfect": 0.32402875497093914
    },
    "llm": {
      "rewards": [
        5671.0
      ],
      "mean": 5671.0,
      "std": 0.0,
      "min": 5671.0,
      "max": 5671.0,
      "count": 1,
      "ratio_to_perfect": 0.4336953196696237
    },
    "llm_to_or": {
      "rewards": [
        5505.0
      ],
      "mean": 5505.0,
      "std": 0.0,
      "min": 5505.0,
      "max": 5505.0,
      "count": 1,
      "ratio_to_perfect": 0.42100030590394616
    },
    "or_to_llm": {
      "rewards": [
        6017.0
      ],
      "mean": 6017.0,
      "std": 0.0,
      "min": 6017.0,
      "max": 6017.0,
      "count": 1,
      "ratio_to_perfect": 0.46015601101254205
    },
    "perfect_score": {
      "rewards": [
        13076.0
      ],
      "mean": 13076.0,
      "std": 0.0,
      "min": 13076.0,
      "max": 13076.0,
      "count": 1,
      "ratio_to_perfect": 1.0
    }
  },
  "errors": {}
}