{
  "instance_dir": "/shared/share_malatown/OR_Agent/examples/benchmark/real_trajectory/lead_time_0/624486002",
  "instance_name": "624486002",
  "promised_lead_time": 0,
  "model": "x-ai/grok-4.1-fast",
  "num_runs_llm": 1,
  "num_runs_deterministic": 1,
  "max_periods": null,
  "summary": {
    "perfect_score": 3998.0,
    "ratios": {
      "or": 0.2671335667833917,
      "llm": 0.5815407703851926,
      "llm_to_or": 0.6558279139569785,
      "or_to_llm": 0.4229614807403702,
      "perfect_score": 1.0
    },
    "warnings": null
  },
  "results": {
    "or": {
      "rewards": [
        1068.0
      ],
      "mean": 1068.0,
      "std": 0.0,
      "min": 1068.0,
      "max": 1068.0,
      "count": 1,
      "ratio_to_perfect": 0.2671335667833917
    },
    "llm": {
      "rewards": [
        2325.0
      ],
      "mean": 2325.0,
      "std": 0.0,
      "min": 2325.0,
      "max": 2325.0,
      "count": 1,
      "ratio_to_perfect": 0.5815407703851926
    },
    "llm_to_or": {
      "rewards": [
        2622.0
      ],
      "mean": 2622.0,
      "std": 0.0,
      "min": 2622.0,
      "max": 2622.0,
      "count": 1,
      "ratio_to_perfect": 0.6558279139569785
    },
    "or_to_llm": {
      "rewards": [
        1691.0
      ],
      "mean": 1691.0,
      "std": 0.0,
      "min": 1691.0,
      "max": 1691.0,
      "count": 1,
      "ratio_to_perfect": 0.4229614807403702
    },
    "perfect_score": {
      "rewards": [
        3998.0
      ],
      "mean": 3998.0,
      "std": 0.0,
      "min": 3998.0,
      "max": 3998.0,
      "count": 1,
      "ratio_to_perfect": 1.0
    }
  },
  "errors": {}
}