{
  "instance_dir": "/shared/share_malatown/OR_Agent/examples/benchmark/synthetic_trajectory/lead_time_4/p02_mean_increase/v2_100to150/r1_med",
  "instance_name": "r1_med",
  "promised_lead_time": 4,
  "model": "x-ai/grok-4.1-fast",
  "num_runs_llm": 1,
  "num_runs_deterministic": 1,
  "max_periods": null,
  "summary": {
    "perfect_score": 28372.0,
    "ratios": {
      "or": 0.7303327224023686,
      "llm": 0.6139151275905823,
      "llm_to_or": 0.7073875652051318,
      "or_to_llm": 0.7010080360919216,
      "perfect_score": 1.0
    },
    "warnings": null
  },
  "results": {
    "or": {
      "rewards": [
        20721.0
      ],
      "mean": 20721.0,
      "std": 0.0,
      "min": 20721.0,
      "max": 20721.0,
      "count": 1,
      "ratio_to_perfect": 0.7303327224023686
    },
    "llm": {
      "rewards": [
        17418.0
      ],
      "mean": 17418.0,
      "std": 0.0,
      "min": 17418.0,
      "max": 17418.0,
      "count": 1,
      "ratio_to_perfect": 0.6139151275905823
    },
    "llm_to_or": {
      "rewards": [
        20070.0
      ],
      "mean": 20070.0,
      "std": 0.0,
      "min": 20070.0,
      "max": 20070.0,
      "count": 1,
      "ratio_to_perfect": 0.7073875652051318
    },
    "or_to_llm": {
      "rewards": [
        19889.0
      ],
      "mean": 19889.0,
      "std": 0.0,
      "min": 19889.0,
      "max": 19889.0,
      "count": 1,
      "ratio_to_perfect": 0.7010080360919216
    },
    "perfect_score": {
      "rewards": [
        28372.0
      ],
      "mean": 28372.0,
      "std": 0.0,
      "min": 28372.0,
      "max": 28372.0,
      "count": 1,
      "ratio_to_perfect": 1.0
    }
  },
  "errors": {}
}