{
  "instance_dir": "D:\\TextArena\\examples\\benchmark\\real_trajectory\\lead_time_0\\673396002",
  "instance_name": "673396002",
  "promised_lead_time": 0,
  "model": "google/gemini-3-flash-preview",
  "num_runs_llm": 1,
  "num_runs_deterministic": 1,
  "max_periods": null,
  "summary": {
    "perfect_score": 193990.0,
    "ratios": {
      "or": 0.917392649105624,
      "llm": 0.8857209134491468,
      "llm_to_or": 0.8875509046858086,
      "or_to_llm": 0.902170214959534,
      "perfect_score": 1.0
    },
    "warnings": null
  },
  "results": {
    "or": {
      "rewards": [
        177965.0
      ],
      "mean": 177965.0,
      "std": 0.0,
      "min": 177965.0,
      "max": 177965.0,
      "count": 1,
      "ratio_to_perfect": 0.917392649105624
    },
    "llm": {
      "rewards": [
        171821.0
      ],
      "mean": 171821.0,
      "std": 0.0,
      "min": 171821.0,
      "max": 171821.0,
      "count": 1,
      "ratio_to_perfect": 0.8857209134491468
    },
    "llm_to_or": {
      "rewards": [
        172176.0
      ],
      "mean": 172176.0,
      "std": 0.0,
      "min": 172176.0,
      "max": 172176.0,
      "count": 1,
      "ratio_to_perfect": 0.8875509046858086
    },
    "or_to_llm": {
      "rewards": [
        175012.0
      ],
      "mean": 175012.0,
      "std": 0.0,
      "min": 175012.0,
      "max": 175012.0,
      "count": 1,
      "ratio_to_perfect": 0.902170214959534
    },
    "perfect_score": {
      "rewards": [
        193990.0
      ],
      "mean": 193990.0,
      "std": 0.0,
      "min": 193990.0,
      "max": 193990.0,
      "count": 1,
      "ratio_to_perfect": 1.0
    }
  },
  "errors": {}
}