{
  "instance_dir": "/shared/share_malatown/OR_Agent/examples/benchmark/real_trajectory/lead_time_4/621381012",
  "instance_name": "621381012",
  "promised_lead_time": 4,
  "model": "x-ai/grok-4.1-fast",
  "num_runs_llm": 1,
  "num_runs_deterministic": 1,
  "max_periods": null,
  "summary": {
    "perfect_score": 14520.0,
    "ratios": {
      "or": 0.42796143250688706,
      "llm": -0.8853994490358127,
      "llm_to_or": 0.34731404958677686,
      "or_to_llm": 0.3071625344352617,
      "perfect_score": 1.0
    },
    "warnings": null
  },
  "results": {
    "or": {
      "rewards": [
        6214.0
      ],
      "mean": 6214.0,
      "std": 0.0,
      "min": 6214.0,
      "max": 6214.0,
      "count": 1,
      "ratio_to_perfect": 0.42796143250688706
    },
    "llm": {
      "rewards": [
        -12856.0
      ],
      "mean": -12856.0,
      "std": 0.0,
      "min": -12856.0,
      "max": -12856.0,
      "count": 1,
      "ratio_to_perfect": -0.8853994490358127
    },
    "llm_to_or": {
      "rewards": [
        5043.0
      ],
      "mean": 5043.0,
      "std": 0.0,
      "min": 5043.0,
      "max": 5043.0,
      "count": 1,
      "ratio_to_perfect": 0.34731404958677686
    },
    "or_to_llm": {
      "rewards": [
        4460.0
      ],
      "mean": 4460.0,
      "std": 0.0,
      "min": 4460.0,
      "max": 4460.0,
      "count": 1,
      "ratio_to_perfect": 0.3071625344352617
    },
    "perfect_score": {
      "rewards": [
        14520.0
      ],
      "mean": 14520.0,
      "std": 0.0,
      "min": 14520.0,
      "max": 14520.0,
      "count": 1,
      "ratio_to_perfect": 1.0
    }
  },
  "errors": {}
}