{
  "instance_dir": "/shared/share_malatown/OR_Agent/examples/benchmark/synthetic_trajectory/lead_time_stochastic/p07_seasonal/v2_period5_amp50/r2_high",
  "instance_name": "r2_high",
  "promised_lead_time": 2,
  "model": "x-ai/grok-4.1-fast",
  "num_runs_llm": 1,
  "num_runs_deterministic": 1,
  "max_periods": null,
  "summary": {
    "perfect_score": 91067.0,
    "ratios": {
      "or": 0.1493955000164714,
      "llm": 0.7168238769257799,
      "llm_to_or": 0.5891157060186456,
      "or_to_llm": 0.41030230489639496,
      "perfect_score": 1.0
    },
    "warnings": null
  },
  "results": {
    "or": {
      "rewards": [
        13605.0
      ],
      "mean": 13605.0,
      "std": 0.0,
      "min": 13605.0,
      "max": 13605.0,
      "count": 1,
      "ratio_to_perfect": 0.1493955000164714
    },
    "llm": {
      "rewards": [
        65279.0
      ],
      "mean": 65279.0,
      "std": 0.0,
      "min": 65279.0,
      "max": 65279.0,
      "count": 1,
      "ratio_to_perfect": 0.7168238769257799
    },
    "llm_to_or": {
      "rewards": [
        53649.0
      ],
      "mean": 53649.0,
      "std": 0.0,
      "min": 53649.0,
      "max": 53649.0,
      "count": 1,
      "ratio_to_perfect": 0.5891157060186456
    },
    "or_to_llm": {
      "rewards": [
        37365.0
      ],
      "mean": 37365.0,
      "std": 0.0,
      "min": 37365.0,
      "max": 37365.0,
      "count": 1,
      "ratio_to_perfect": 0.41030230489639496
    },
    "perfect_score": {
      "rewards": [
        91067.0
      ],
      "mean": 91067.0,
      "std": 0.0,
      "min": 91067.0,
      "max": 91067.0,
      "count": 1,
      "ratio_to_perfect": 1.0
    }
  },
  "errors": {}
}