{
  "instance_dir": "D:\\TextArena\\examples\\benchmark\\real_trajectory\\lead_time_0\\160442007",
  "instance_name": "160442007",
  "promised_lead_time": 0,
  "model": "google/gemini-3-flash-preview",
  "num_runs_llm": 1,
  "num_runs_deterministic": 1,
  "max_periods": null,
  "summary": {
    "perfect_score": 8465.0,
    "ratios": {
      "or": 0.6528056704075605,
      "llm": 0.6187832250443001,
      "llm_to_or": 0.6582398109864146,
      "or_to_llm": 0.5800354400472534,
      "perfect_score": 1.0
    },
    "warnings": null
  },
  "results": {
    "or": {
      "rewards": [
        5526.0
      ],
      "mean": 5526.0,
      "std": 0.0,
      "min": 5526.0,
      "max": 5526.0,
      "count": 1,
      "ratio_to_perfect": 0.6528056704075605
    },
    "llm": {
      "rewards": [
        5238.0
      ],
      "mean": 5238.0,
      "std": 0.0,
      "min": 5238.0,
      "max": 5238.0,
      "count": 1,
      "ratio_to_perfect": 0.6187832250443001
    },
    "llm_to_or": {
      "rewards": [
        5572.0
      ],
      "mean": 5572.0,
      "std": 0.0,
      "min": 5572.0,
      "max": 5572.0,
      "count": 1,
      "ratio_to_perfect": 0.6582398109864146
    },
    "or_to_llm": {
      "rewards": [
        4910.0
      ],
      "mean": 4910.0,
      "std": 0.0,
      "min": 4910.0,
      "max": 4910.0,
      "count": 1,
      "ratio_to_perfect": 0.5800354400472534
    },
    "perfect_score": {
      "rewards": [
        8465.0
      ],
      "mean": 8465.0,
      "std": 0.0,
      "min": 8465.0,
      "max": 8465.0,
      "count": 1,
      "ratio_to_perfect": 1.0
    }
  },
  "errors": {}
}