{
  "instance_dir": "D:\\TextArena\\examples\\benchmark\\synthetic_trajectory\\lead_time_4\\p02_mean_increase\\v4_100to200_samevar\\r2_med",
  "instance_name": "r2_med",
  "promised_lead_time": 4,
  "model": "google/gemini-3-flash-preview",
  "num_runs_llm": 1,
  "num_runs_deterministic": 1,
  "max_periods": null,
  "summary": {
    "perfect_score": 33396.0,
    "ratios": {
      "or": 0.7302371541501976,
      "llm": 0.5917175709665828,
      "llm_to_or": 0.7541921188166247,
      "or_to_llm": 0.738471673254282,
      "perfect_score": 1.0
    },
    "warnings": null
  },
  "results": {
    "or": {
      "rewards": [
        24387.0
      ],
      "mean": 24387.0,
      "std": 0.0,
      "min": 24387.0,
      "max": 24387.0,
      "count": 1,
      "ratio_to_perfect": 0.7302371541501976
    },
    "llm": {
      "rewards": [
        19761.0
      ],
      "mean": 19761.0,
      "std": 0.0,
      "min": 19761.0,
      "max": 19761.0,
      "count": 1,
      "ratio_to_perfect": 0.5917175709665828
    },
    "llm_to_or": {
      "rewards": [
        25187.0
      ],
      "mean": 25187.0,
      "std": 0.0,
      "min": 25187.0,
      "max": 25187.0,
      "count": 1,
      "ratio_to_perfect": 0.7541921188166247
    },
    "or_to_llm": {
      "rewards": [
        24662.0
      ],
      "mean": 24662.0,
      "std": 0.0,
      "min": 24662.0,
      "max": 24662.0,
      "count": 1,
      "ratio_to_perfect": 0.738471673254282
    },
    "perfect_score": {
      "rewards": [
        33396.0
      ],
      "mean": 33396.0,
      "std": 0.0,
      "min": 33396.0,
      "max": 33396.0,
      "count": 1,
      "ratio_to_perfect": 1.0
    }
  },
  "errors": {}
}