{
  "instance_dir": "D:\\TextArena\\examples\\benchmark\\real_trajectory\\lead_time_4\\554477005",
  "instance_name": "554477005",
  "promised_lead_time": 4,
  "model": "google/gemini-3-flash-preview",
  "num_runs_llm": 1,
  "num_runs_deterministic": 1,
  "max_periods": null,
  "summary": {
    "perfect_score": 12616.0,
    "ratios": {
      "or": -0.10367786937222574,
      "llm": -0.22249524413443247,
      "llm_to_or": 0.01077996195307546,
      "or_to_llm": 0.4456246036778694,
      "perfect_score": 1.0
    },
    "warnings": null
  },
  "results": {
    "or": {
      "rewards": [
        -1308.0
      ],
      "mean": -1308.0,
      "std": 0.0,
      "min": -1308.0,
      "max": -1308.0,
      "count": 1,
      "ratio_to_perfect": -0.10367786937222574
    },
    "llm": {
      "rewards": [
        -2807.0
      ],
      "mean": -2807.0,
      "std": 0.0,
      "min": -2807.0,
      "max": -2807.0,
      "count": 1,
      "ratio_to_perfect": -0.22249524413443247
    },
    "llm_to_or": {
      "rewards": [
        136.0
      ],
      "mean": 136.0,
      "std": 0.0,
      "min": 136.0,
      "max": 136.0,
      "count": 1,
      "ratio_to_perfect": 0.01077996195307546
    },
    "or_to_llm": {
      "rewards": [
        5622.0
      ],
      "mean": 5622.0,
      "std": 0.0,
      "min": 5622.0,
      "max": 5622.0,
      "count": 1,
      "ratio_to_perfect": 0.4456246036778694
    },
    "perfect_score": {
      "rewards": [
        12616.0
      ],
      "mean": 12616.0,
      "std": 0.0,
      "min": 12616.0,
      "max": 12616.0,
      "count": 1,
      "ratio_to_perfect": 1.0
    }
  },
  "errors": {}
}