{
  "instance_dir": "/shared/share_malatown/OR_Agent/examples/benchmark/synthetic_trajectory/lead_time_0/p08_multi_changepoint/v2_down_then_up/r2_high",
  "instance_name": "r2_high",
  "promised_lead_time": 0,
  "model": "x-ai/grok-4.1-fast",
  "num_runs_llm": 1,
  "num_runs_deterministic": 1,
  "max_periods": null,
  "summary": {
    "perfect_score": 90231.0,
    "ratios": {
      "or": 0.9423812215314027,
      "llm": 0.9267879110283606,
      "llm_to_or": 0.9442541920182642,
      "or_to_llm": 0.9383803792488169,
      "perfect_score": 1.0
    },
    "warnings": null
  },
  "results": {
    "or": {
      "rewards": [
        85032.0
      ],
      "mean": 85032.0,
      "std": 0.0,
      "min": 85032.0,
      "max": 85032.0,
      "count": 1,
      "ratio_to_perfect": 0.9423812215314027
    },
    "llm": {
      "rewards": [
        83625.0
      ],
      "mean": 83625.0,
      "std": 0.0,
      "min": 83625.0,
      "max": 83625.0,
      "count": 1,
      "ratio_to_perfect": 0.9267879110283606
    },
    "llm_to_or": {
      "rewards": [
        85201.0
      ],
      "mean": 85201.0,
      "std": 0.0,
      "min": 85201.0,
      "max": 85201.0,
      "count": 1,
      "ratio_to_perfect": 0.9442541920182642
    },
    "or_to_llm": {
      "rewards": [
        84671.0
      ],
      "mean": 84671.0,
      "std": 0.0,
      "min": 84671.0,
      "max": 84671.0,
      "count": 1,
      "ratio_to_perfect": 0.9383803792488169
    },
    "perfect_score": {
      "rewards": [
        90231.0
      ],
      "mean": 90231.0,
      "std": 0.0,
      "min": 90231.0,
      "max": 90231.0,
      "count": 1,
      "ratio_to_perfect": 1.0
    }
  },
  "errors": {}
}