{
  "instance_dir": "/shared/share_malatown/OR-Agent-GPT5mini-benchmark/examples/benchmark/real_trajectory/lead_time_stochastic/599580017",
  "instance_name": "599580017",
  "promised_lead_time": 2,
  "model": "openai/gpt-5-mini",
  "num_runs_llm": 1,
  "num_runs_deterministic": 1,
  "max_periods": null,
  "summary": {
    "perfect_score": 11087.0,
    "ratios": {
      "or": 0.13655632723008929,
      "llm": 0.03986651032741048,
      "llm_to_or": 0.24515197979615766,
      "or_to_llm": 0.15432488500045097,
      "perfect_score": 1.0
    },
    "warnings": null
  },
  "results": {
    "or": {
      "rewards": [
        1514.0
      ],
      "mean": 1514.0,
      "std": 0.0,
      "min": 1514.0,
      "max": 1514.0,
      "count": 1,
      "ratio_to_perfect": 0.13655632723008929
    },
    "llm": {
      "rewards": [
        442.0
      ],
      "mean": 442.0,
      "std": 0.0,
      "min": 442.0,
      "max": 442.0,
      "count": 1,
      "ratio_to_perfect": 0.03986651032741048
    },
    "llm_to_or": {
      "rewards": [
        2718.0
      ],
      "mean": 2718.0,
      "std": 0.0,
      "min": 2718.0,
      "max": 2718.0,
      "count": 1,
      "ratio_to_perfect": 0.24515197979615766
    },
    "or_to_llm": {
      "rewards": [
        1711.0
      ],
      "mean": 1711.0,
      "std": 0.0,
      "min": 1711.0,
      "max": 1711.0,
      "count": 1,
      "ratio_to_perfect": 0.15432488500045097
    },
    "perfect_score": {
      "rewards": [
        11087.0
      ],
      "mean": 11087.0,
      "std": 0.0,
      "min": 11087.0,
      "max": 11087.0,
      "count": 1,
      "ratio_to_perfect": 1.0
    }
  },
  "errors": {}
}