{
  "instance_dir": "D:\\TextArena\\examples\\benchmark\\real_trajectory\\lead_time_stochastic\\253448001",
  "instance_name": "253448001",
  "promised_lead_time": 2,
  "model": "google/gemini-3-flash-preview",
  "num_runs_llm": 1,
  "num_runs_deterministic": 1,
  "max_periods": null,
  "summary": {
    "perfect_score": 9720.0,
    "ratios": {
      "or": 0.22726337448559672,
      "llm": 0.2869341563786008,
      "llm_to_or": 0.37469135802469133,
      "or_to_llm": 0.4846707818930041,
      "perfect_score": 1.0
    },
    "warnings": null
  },
  "results": {
    "or": {
      "rewards": [
        2209.0
      ],
      "mean": 2209.0,
      "std": 0.0,
      "min": 2209.0,
      "max": 2209.0,
      "count": 1,
      "ratio_to_perfect": 0.22726337448559672
    },
    "llm": {
      "rewards": [
        2789.0
      ],
      "mean": 2789.0,
      "std": 0.0,
      "min": 2789.0,
      "max": 2789.0,
      "count": 1,
      "ratio_to_perfect": 0.2869341563786008
    },
    "llm_to_or": {
      "rewards": [
        3642.0
      ],
      "mean": 3642.0,
      "std": 0.0,
      "min": 3642.0,
      "max": 3642.0,
      "count": 1,
      "ratio_to_perfect": 0.37469135802469133
    },
    "or_to_llm": {
      "rewards": [
        4711.0
      ],
      "mean": 4711.0,
      "std": 0.0,
      "min": 4711.0,
      "max": 4711.0,
      "count": 1,
      "ratio_to_perfect": 0.4846707818930041
    },
    "perfect_score": {
      "rewards": [
        9720.0
      ],
      "mean": 9720.0,
      "std": 0.0,
      "min": 9720.0,
      "max": 9720.0,
      "count": 1,
      "ratio_to_perfect": 1.0
    }
  },
  "errors": {}
}