{
  "instance_dir": "/shared/share_malatown/OR_Agent/examples/benchmark/real_trajectory/lead_time_4/372860024",
  "instance_name": "372860024",
  "promised_lead_time": 4,
  "model": "x-ai/grok-4.1-fast",
  "num_runs_llm": 1,
  "num_runs_deterministic": 1,
  "max_periods": null,
  "summary": {
    "perfect_score": 56810.0,
    "ratios": {
      "or": 0.7987502200316846,
      "llm": 0.41531420524555535,
      "llm_to_or": 0.8194860059848618,
      "or_to_llm": 0.8108959690195389,
      "perfect_score": 1.0
    },
    "warnings": null
  },
  "results": {
    "or": {
      "rewards": [
        45377.0
      ],
      "mean": 45377.0,
      "std": 0.0,
      "min": 45377.0,
      "max": 45377.0,
      "count": 1,
      "ratio_to_perfect": 0.7987502200316846
    },
    "llm": {
      "rewards": [
        23594.0
      ],
      "mean": 23594.0,
      "std": 0.0,
      "min": 23594.0,
      "max": 23594.0,
      "count": 1,
      "ratio_to_perfect": 0.41531420524555535
    },
    "llm_to_or": {
      "rewards": [
        46555.0
      ],
      "mean": 46555.0,
      "std": 0.0,
      "min": 46555.0,
      "max": 46555.0,
      "count": 1,
      "ratio_to_perfect": 0.8194860059848618
    },
    "or_to_llm": {
      "rewards": [
        46067.0
      ],
      "mean": 46067.0,
      "std": 0.0,
      "min": 46067.0,
      "max": 46067.0,
      "count": 1,
      "ratio_to_perfect": 0.8108959690195389
    },
    "perfect_score": {
      "rewards": [
        56810.0
      ],
      "mean": 56810.0,
      "std": 0.0,
      "min": 56810.0,
      "max": 56810.0,
      "count": 1,
      "ratio_to_perfect": 1.0
    }
  },
  "errors": {}
}