{
  "instance_dir": "/shared/share_malatown/OR_Agent/examples/benchmark/synthetic_trajectory/lead_time_0/p06_variance_change/v2_var_increase/r2_high",
  "instance_name": "r2_high",
  "promised_lead_time": 0,
  "model": "x-ai/grok-4.1-fast",
  "num_runs_llm": 1,
  "num_runs_deterministic": 1,
  "max_periods": null,
  "summary": {
    "perfect_score": 95741.0,
    "ratios": {
      "or": 0.9534891008032087,
      "llm": 0.947598207664428,
      "llm_to_or": 0.952162605362384,
      "or_to_llm": 0.9534995456491994,
      "perfect_score": 1.0
    },
    "warnings": null
  },
  "results": {
    "or": {
      "rewards": [
        91288.0
      ],
      "mean": 91288.0,
      "std": 0.0,
      "min": 91288.0,
      "max": 91288.0,
      "count": 1,
      "ratio_to_perfect": 0.9534891008032087
    },
    "llm": {
      "rewards": [
        90724.0
      ],
      "mean": 90724.0,
      "std": 0.0,
      "min": 90724.0,
      "max": 90724.0,
      "count": 1,
      "ratio_to_perfect": 0.947598207664428
    },
    "llm_to_or": {
      "rewards": [
        91161.0
      ],
      "mean": 91161.0,
      "std": 0.0,
      "min": 91161.0,
      "max": 91161.0,
      "count": 1,
      "ratio_to_perfect": 0.952162605362384
    },
    "or_to_llm": {
      "rewards": [
        91289.0
      ],
      "mean": 91289.0,
      "std": 0.0,
      "min": 91289.0,
      "max": 91289.0,
      "count": 1,
      "ratio_to_perfect": 0.9534995456491994
    },
    "perfect_score": {
      "rewards": [
        95741.0
      ],
      "mean": 95741.0,
      "std": 0.0,
      "min": 95741.0,
      "max": 95741.0,
      "count": 1,
      "ratio_to_perfect": 1.0
    }
  },
  "errors": {}
}