{
  "instance_dir": "D:\\TextArena\\examples\\benchmark\\real_trajectory\\lead_time_0\\608776002",
  "instance_name": "608776002",
  "promised_lead_time": 0,
  "model": "google/gemini-3-flash-preview",
  "num_runs_llm": 1,
  "num_runs_deterministic": 1,
  "max_periods": null,
  "summary": {
    "perfect_score": 155230.0,
    "ratios": {
      "or": 0.8492172904722025,
      "llm": 0.9147265348193004,
      "llm_to_or": 0.9177092056947755,
      "or_to_llm": 0.928808864265928,
      "perfect_score": 1.0
    },
    "warnings": null
  },
  "results": {
    "or": {
      "rewards": [
        131824.0
      ],
      "mean": 131824.0,
      "std": 0.0,
      "min": 131824.0,
      "max": 131824.0,
      "count": 1,
      "ratio_to_perfect": 0.8492172904722025
    },
    "llm": {
      "rewards": [
        141993.0
      ],
      "mean": 141993.0,
      "std": 0.0,
      "min": 141993.0,
      "max": 141993.0,
      "count": 1,
      "ratio_to_perfect": 0.9147265348193004
    },
    "llm_to_or": {
      "rewards": [
        142456.0
      ],
      "mean": 142456.0,
      "std": 0.0,
      "min": 142456.0,
      "max": 142456.0,
      "count": 1,
      "ratio_to_perfect": 0.9177092056947755
    },
    "or_to_llm": {
      "rewards": [
        144179.0
      ],
      "mean": 144179.0,
      "std": 0.0,
      "min": 144179.0,
      "max": 144179.0,
      "count": 1,
      "ratio_to_perfect": 0.928808864265928
    },
    "perfect_score": {
      "rewards": [
        155230.0
      ],
      "mean": 155230.0,
      "std": 0.0,
      "min": 155230.0,
      "max": 155230.0,
      "count": 1,
      "ratio_to_perfect": 1.0
    }
  },
  "errors": {}
}