{
  "instance_dir": "D:\\TextArena\\examples\\benchmark\\synthetic_trajectory\\lead_time_4\\p03_mean_decrease\\v1_100to50\\r1_high",
  "instance_name": "r1_high",
  "promised_lead_time": 4,
  "model": "openai/gpt-5-mini",
  "num_runs_llm": 1,
  "num_runs_deterministic": 1,
  "max_periods": null,
  "summary": {
    "perfect_score": 59299.0,
    "ratios": {
      "or": 0.7040590903725189,
      "llm": 0.7348353260594613,
      "llm_to_or": 0.70456500109614,
      "or_to_llm": 0.7352737820199329,
      "perfect_score": 1.0
    },
    "warnings": null
  },
  "results": {
    "or": {
      "rewards": [
        41750.0
      ],
      "mean": 41750.0,
      "std": 0.0,
      "min": 41750.0,
      "max": 41750.0,
      "count": 1,
      "ratio_to_perfect": 0.7040590903725189
    },
    "llm": {
      "rewards": [
        43575.0
      ],
      "mean": 43575.0,
      "std": 0.0,
      "min": 43575.0,
      "max": 43575.0,
      "count": 1,
      "ratio_to_perfect": 0.7348353260594613
    },
    "llm_to_or": {
      "rewards": [
        41780.0
      ],
      "mean": 41780.0,
      "std": 0.0,
      "min": 41780.0,
      "max": 41780.0,
      "count": 1,
      "ratio_to_perfect": 0.70456500109614
    },
    "or_to_llm": {
      "rewards": [
        43601.0
      ],
      "mean": 43601.0,
      "std": 0.0,
      "min": 43601.0,
      "max": 43601.0,
      "count": 1,
      "ratio_to_perfect": 0.7352737820199329
    },
    "perfect_score": {
      "rewards": [
        59299.0
      ],
      "mean": 59299.0,
      "std": 0.0,
      "min": 59299.0,
      "max": 59299.0,
      "count": 1,
      "ratio_to_perfect": 1.0
    }
  },
  "errors": {}
}