{
  "instance_dir": "/shared/share_malatown/OR_Agent/examples/benchmark/real_trajectory/lead_time_stochastic/516903005",
  "instance_name": "516903005",
  "promised_lead_time": 2,
  "model": "x-ai/grok-4.1-fast",
  "num_runs_llm": 1,
  "num_runs_deterministic": 1,
  "max_periods": null,
  "summary": {
    "perfect_score": 13260.0,
    "ratios": {
      "or": 0.18212669683257918,
      "llm": -0.39962292609351435,
      "llm_to_or": -0.1691553544494721,
      "or_to_llm": -0.33054298642533936,
      "perfect_score": 1.0
    },
    "warnings": null
  },
  "results": {
    "or": {
      "rewards": [
        2415.0
      ],
      "mean": 2415.0,
      "std": 0.0,
      "min": 2415.0,
      "max": 2415.0,
      "count": 1,
      "ratio_to_perfect": 0.18212669683257918
    },
    "llm": {
      "rewards": [
        -5299.0
      ],
      "mean": -5299.0,
      "std": 0.0,
      "min": -5299.0,
      "max": -5299.0,
      "count": 1,
      "ratio_to_perfect": -0.39962292609351435
    },
    "llm_to_or": {
      "rewards": [
        -2243.0
      ],
      "mean": -2243.0,
      "std": 0.0,
      "min": -2243.0,
      "max": -2243.0,
      "count": 1,
      "ratio_to_perfect": -0.1691553544494721
    },
    "or_to_llm": {
      "rewards": [
        -4383.0
      ],
      "mean": -4383.0,
      "std": 0.0,
      "min": -4383.0,
      "max": -4383.0,
      "count": 1,
      "ratio_to_perfect": -0.33054298642533936
    },
    "perfect_score": {
      "rewards": [
        13260.0
      ],
      "mean": 13260.0,
      "std": 0.0,
      "min": 13260.0,
      "max": 13260.0,
      "count": 1,
      "ratio_to_perfect": 1.0
    }
  },
  "errors": {}
}