{
  "instance_dir": "D:\\TextArena\\examples\\benchmark\\real_trajectory\\lead_time_0\\689389004",
  "instance_name": "689389004",
  "promised_lead_time": 0,
  "model": "google/gemini-3-flash-preview",
  "num_runs_llm": 1,
  "num_runs_deterministic": 1,
  "max_periods": null,
  "summary": {
    "perfect_score": 2211.0,
    "ratios": {
      "or": 0.3387607417458164,
      "llm": 0.37403889642695615,
      "llm_to_or": 0.5748530076888286,
      "or_to_llm": 0.43781094527363185,
      "perfect_score": 1.0
    },
    "warnings": null
  },
  "results": {
    "or": {
      "rewards": [
        749.0
      ],
      "mean": 749.0,
      "std": 0.0,
      "min": 749.0,
      "max": 749.0,
      "count": 1,
      "ratio_to_perfect": 0.3387607417458164
    },
    "llm": {
      "rewards": [
        827.0
      ],
      "mean": 827.0,
      "std": 0.0,
      "min": 827.0,
      "max": 827.0,
      "count": 1,
      "ratio_to_perfect": 0.37403889642695615
    },
    "llm_to_or": {
      "rewards": [
        1271.0
      ],
      "mean": 1271.0,
      "std": 0.0,
      "min": 1271.0,
      "max": 1271.0,
      "count": 1,
      "ratio_to_perfect": 0.5748530076888286
    },
    "or_to_llm": {
      "rewards": [
        968.0
      ],
      "mean": 968.0,
      "std": 0.0,
      "min": 968.0,
      "max": 968.0,
      "count": 1,
      "ratio_to_perfect": 0.43781094527363185
    },
    "perfect_score": {
      "rewards": [
        2211.0
      ],
      "mean": 2211.0,
      "std": 0.0,
      "min": 2211.0,
      "max": 2211.0,
      "count": 1,
      "ratio_to_perfect": 1.0
    }
  },
  "errors": {}
}