{
  "instance_dir": "D:\\TextArena\\examples\\benchmark\\real_trajectory\\lead_time_0\\399223033",
  "instance_name": "399223033",
  "promised_lead_time": 0,
  "model": "google/gemini-3-flash-preview",
  "num_runs_llm": 1,
  "num_runs_deterministic": 1,
  "max_periods": null,
  "summary": {
    "perfect_score": 108889.0,
    "ratios": {
      "or": 0.8888225624259567,
      "llm": 0.8543379037368329,
      "llm_to_or": 0.8892450109744786,
      "or_to_llm": 0.8837256288513992,
      "perfect_score": 1.0
    },
    "warnings": null
  },
  "results": {
    "or": {
      "rewards": [
        96783.0
      ],
      "mean": 96783.0,
      "std": 0.0,
      "min": 96783.0,
      "max": 96783.0,
      "count": 1,
      "ratio_to_perfect": 0.8888225624259567
    },
    "llm": {
      "rewards": [
        93028.0
      ],
      "mean": 93028.0,
      "std": 0.0,
      "min": 93028.0,
      "max": 93028.0,
      "count": 1,
      "ratio_to_perfect": 0.8543379037368329
    },
    "llm_to_or": {
      "rewards": [
        96829.0
      ],
      "mean": 96829.0,
      "std": 0.0,
      "min": 96829.0,
      "max": 96829.0,
      "count": 1,
      "ratio_to_perfect": 0.8892450109744786
    },
    "or_to_llm": {
      "rewards": [
        96228.0
      ],
      "mean": 96228.0,
      "std": 0.0,
      "min": 96228.0,
      "max": 96228.0,
      "count": 1,
      "ratio_to_perfect": 0.8837256288513992
    },
    "perfect_score": {
      "rewards": [
        108889.0
      ],
      "mean": 108889.0,
      "std": 0.0,
      "min": 108889.0,
      "max": 108889.0,
      "count": 1,
      "ratio_to_perfect": 1.0
    }
  },
  "errors": {}
}