{
  "instance_dir": "D:\\TextArena\\examples\\benchmark\\synthetic_trajectory\\lead_time_4\\p04_increasing_trend\\v3_exp_1_05\\r1_high",
  "instance_name": "r1_high",
  "promised_lead_time": 4,
  "model": "google/gemini-3-flash-preview",
  "num_runs_llm": 1,
  "num_runs_deterministic": 1,
  "max_periods": null,
  "summary": {
    "perfect_score": 414542.0,
    "ratios": {
      "or": 0.5742723294623946,
      "llm": 0.8356041124904111,
      "llm_to_or": 0.7912322514968326,
      "or_to_llm": 0.8035036256881088,
      "perfect_score": 1.0
    },
    "warnings": null
  },
  "results": {
    "or": {
      "rewards": [
        238060.0
      ],
      "mean": 238060.0,
      "std": 0.0,
      "min": 238060.0,
      "max": 238060.0,
      "count": 1,
      "ratio_to_perfect": 0.5742723294623946
    },
    "llm": {
      "rewards": [
        346393.0
      ],
      "mean": 346393.0,
      "std": 0.0,
      "min": 346393.0,
      "max": 346393.0,
      "count": 1,
      "ratio_to_perfect": 0.8356041124904111
    },
    "llm_to_or": {
      "rewards": [
        327999.0
      ],
      "mean": 327999.0,
      "std": 0.0,
      "min": 327999.0,
      "max": 327999.0,
      "count": 1,
      "ratio_to_perfect": 0.7912322514968326
    },
    "or_to_llm": {
      "rewards": [
        333086.0
      ],
      "mean": 333086.0,
      "std": 0.0,
      "min": 333086.0,
      "max": 333086.0,
      "count": 1,
      "ratio_to_perfect": 0.8035036256881088
    },
    "perfect_score": {
      "rewards": [
        414542.0
      ],
      "mean": 414542.0,
      "std": 0.0,
      "min": 414542.0,
      "max": 414542.0,
      "count": 1,
      "ratio_to_perfect": 1.0
    }
  },
  "errors": {}
}