{
  "instance_dir": "/shared/share_malatown/OR_Agent/examples/benchmark/synthetic_trajectory/lead_time_stochastic/p04_increasing_trend/v1_linear_100t/r2_high",
  "instance_name": "r2_high",
  "promised_lead_time": 2,
  "model": "x-ai/grok-4.1-fast",
  "num_runs_llm": 1,
  "num_runs_deterministic": 1,
  "max_periods": null,
  "summary": {
    "perfect_score": 2430898.0,
    "ratios": {
      "or": 0.08802261551081123,
      "llm": 0.6355120617977389,
      "llm_to_or": 0.566973192622644,
      "or_to_llm": 0.5215105693451556,
      "perfect_score": 1.0
    },
    "warnings": null
  },
  "results": {
    "or": {
      "rewards": [
        213974.0
      ],
      "mean": 213974.0,
      "std": 0.0,
      "min": 213974.0,
      "max": 213974.0,
      "count": 1,
      "ratio_to_perfect": 0.08802261551081123
    },
    "llm": {
      "rewards": [
        1544865.0
      ],
      "mean": 1544865.0,
      "std": 0.0,
      "min": 1544865.0,
      "max": 1544865.0,
      "count": 1,
      "ratio_to_perfect": 0.6355120617977389
    },
    "llm_to_or": {
      "rewards": [
        1378254.0
      ],
      "mean": 1378254.0,
      "std": 0.0,
      "min": 1378254.0,
      "max": 1378254.0,
      "count": 1,
      "ratio_to_perfect": 0.566973192622644
    },
    "or_to_llm": {
      "rewards": [
        1267739.0
      ],
      "mean": 1267739.0,
      "std": 0.0,
      "min": 1267739.0,
      "max": 1267739.0,
      "count": 1,
      "ratio_to_perfect": 0.5215105693451556
    },
    "perfect_score": {
      "rewards": [
        2430898.0
      ],
      "mean": 2430898.0,
      "std": 0.0,
      "min": 2430898.0,
      "max": 2430898.0,
      "count": 1,
      "ratio_to_perfect": 1.0
    }
  },
  "errors": {}
}