{
  "instance_dir": "/shared/share_malatown/OR_Agent/examples/benchmark/real_trajectory/lead_time_0/605094001",
  "instance_name": "605094001",
  "promised_lead_time": 0,
  "model": "x-ai/grok-4.1-fast",
  "num_runs_llm": 1,
  "num_runs_deterministic": 1,
  "max_periods": null,
  "summary": {
    "perfect_score": 45277.0,
    "ratios": {
      "or": 0.8783709168010247,
      "llm": 0.8574993926276034,
      "llm_to_or": 0.8770457406630298,
      "or_to_llm": 0.8814629944563465,
      "perfect_score": 1.0
    },
    "warnings": null
  },
  "results": {
    "or": {
      "rewards": [
        39770.0
      ],
      "mean": 39770.0,
      "std": 0.0,
      "min": 39770.0,
      "max": 39770.0,
      "count": 1,
      "ratio_to_perfect": 0.8783709168010247
    },
    "llm": {
      "rewards": [
        38825.0
      ],
      "mean": 38825.0,
      "std": 0.0,
      "min": 38825.0,
      "max": 38825.0,
      "count": 1,
      "ratio_to_perfect": 0.8574993926276034
    },
    "llm_to_or": {
      "rewards": [
        39710.0
      ],
      "mean": 39710.0,
      "std": 0.0,
      "min": 39710.0,
      "max": 39710.0,
      "count": 1,
      "ratio_to_perfect": 0.8770457406630298
    },
    "or_to_llm": {
      "rewards": [
        39910.0
      ],
      "mean": 39910.0,
      "std": 0.0,
      "min": 39910.0,
      "max": 39910.0,
      "count": 1,
      "ratio_to_perfect": 0.8814629944563465
    },
    "perfect_score": {
      "rewards": [
        45277.0
      ],
      "mean": 45277.0,
      "std": 0.0,
      "min": 45277.0,
      "max": 45277.0,
      "count": 1,
      "ratio_to_perfect": 1.0
    }
  },
  "errors": {}
}