{
  "instance_dir": "/shared/share_malatown/OR-Agent-GPT5mini-benchmark/examples/benchmark/synthetic_trajectory/lead_time_stochastic/p10_autocorrelated/v2_phi_0_5/r2_high",
  "instance_name": "r2_high",
  "promised_lead_time": 2,
  "model": "openai/gpt-5-mini",
  "num_runs_llm": 1,
  "num_runs_deterministic": 1,
  "max_periods": null,
  "summary": {
    "perfect_score": 87210.0,
    "ratios": {
      "or": 0.13923861942437793,
      "llm": 0.26996904024767804,
      "llm_to_or": 0.17153996101364521,
      "or_to_llm": 0.3300882926269923,
      "perfect_score": 1.0
    },
    "warnings": null
  },
  "results": {
    "or": {
      "rewards": [
        12143.0
      ],
      "mean": 12143.0,
      "std": 0.0,
      "min": 12143.0,
      "max": 12143.0,
      "count": 1,
      "ratio_to_perfect": 0.13923861942437793
    },
    "llm": {
      "rewards": [
        23544.0
      ],
      "mean": 23544.0,
      "std": 0.0,
      "min": 23544.0,
      "max": 23544.0,
      "count": 1,
      "ratio_to_perfect": 0.26996904024767804
    },
    "llm_to_or": {
      "rewards": [
        14960.0
      ],
      "mean": 14960.0,
      "std": 0.0,
      "min": 14960.0,
      "max": 14960.0,
      "count": 1,
      "ratio_to_perfect": 0.17153996101364521
    },
    "or_to_llm": {
      "rewards": [
        28787.0
      ],
      "mean": 28787.0,
      "std": 0.0,
      "min": 28787.0,
      "max": 28787.0,
      "count": 1,
      "ratio_to_perfect": 0.3300882926269923
    },
    "perfect_score": {
      "rewards": [
        87210.0
      ],
      "mean": 87210.0,
      "std": 0.0,
      "min": 87210.0,
      "max": 87210.0,
      "count": 1,
      "ratio_to_perfect": 1.0
    }
  },
  "errors": {}
}