{
  "instance_dir": "D:\\TextArena\\examples\\benchmark\\real_trajectory\\lead_time_4\\717490003",
  "instance_name": "717490003",
  "promised_lead_time": 4,
  "model": "google/gemini-3-flash-preview",
  "num_runs_llm": 1,
  "num_runs_deterministic": 1,
  "max_periods": null,
  "summary": {
    "perfect_score": 12332.0,
    "ratios": {
      "or": 0.23507946805060007,
      "llm": -0.0635744404800519,
      "llm_to_or": 0.27854362633798246,
      "or_to_llm": 0.343658773921505,
      "perfect_score": 1.0
    },
    "warnings": null
  },
  "results": {
    "or": {
      "rewards": [
        2899.0
      ],
      "mean": 2899.0,
      "std": 0.0,
      "min": 2899.0,
      "max": 2899.0,
      "count": 1,
      "ratio_to_perfect": 0.23507946805060007
    },
    "llm": {
      "rewards": [
        -784.0
      ],
      "mean": -784.0,
      "std": 0.0,
      "min": -784.0,
      "max": -784.0,
      "count": 1,
      "ratio_to_perfect": -0.0635744404800519
    },
    "llm_to_or": {
      "rewards": [
        3435.0
      ],
      "mean": 3435.0,
      "std": 0.0,
      "min": 3435.0,
      "max": 3435.0,
      "count": 1,
      "ratio_to_perfect": 0.27854362633798246
    },
    "or_to_llm": {
      "rewards": [
        4238.0
      ],
      "mean": 4238.0,
      "std": 0.0,
      "min": 4238.0,
      "max": 4238.0,
      "count": 1,
      "ratio_to_perfect": 0.343658773921505
    },
    "perfect_score": {
      "rewards": [
        12332.0
      ],
      "mean": 12332.0,
      "std": 0.0,
      "min": 12332.0,
      "max": 12332.0,
      "count": 1,
      "ratio_to_perfect": 1.0
    }
  },
  "errors": {}
}