{
  "instance_dir": "/shared/share_malatown/OR-Agent-GPT5mini-benchmark/examples/benchmark/real_trajectory/lead_time_0/706016001",
  "instance_name": "706016001",
  "promised_lead_time": 0,
  "model": "openai/gpt-5-mini",
  "num_runs_llm": 1,
  "num_runs_deterministic": 1,
  "max_periods": null,
  "summary": {
    "perfect_score": 26370.0,
    "ratios": {
      "or": 0.6356465680697763,
      "llm": 0.6934015927189988,
      "llm_to_or": 0.6299582859309821,
      "or_to_llm": 0.7003412969283277,
      "perfect_score": 1.0
    },
    "warnings": null
  },
  "results": {
    "or": {
      "rewards": [
        16762.0
      ],
      "mean": 16762.0,
      "std": 0.0,
      "min": 16762.0,
      "max": 16762.0,
      "count": 1,
      "ratio_to_perfect": 0.6356465680697763
    },
    "llm": {
      "rewards": [
        18285.0
      ],
      "mean": 18285.0,
      "std": 0.0,
      "min": 18285.0,
      "max": 18285.0,
      "count": 1,
      "ratio_to_perfect": 0.6934015927189988
    },
    "llm_to_or": {
      "rewards": [
        16612.0
      ],
      "mean": 16612.0,
      "std": 0.0,
      "min": 16612.0,
      "max": 16612.0,
      "count": 1,
      "ratio_to_perfect": 0.6299582859309821
    },
    "or_to_llm": {
      "rewards": [
        18468.0
      ],
      "mean": 18468.0,
      "std": 0.0,
      "min": 18468.0,
      "max": 18468.0,
      "count": 1,
      "ratio_to_perfect": 0.7003412969283277
    },
    "perfect_score": {
      "rewards": [
        26370.0
      ],
      "mean": 26370.0,
      "std": 0.0,
      "min": 26370.0,
      "max": 26370.0,
      "count": 1,
      "ratio_to_perfect": 1.0
    }
  },
  "errors": {}
}