{
  "instance_dir": "D:\\TextArena\\examples\\benchmark\\synthetic_trajectory\\lead_time_0\\p06_variance_change\\v2_var_increase\\r1_med",
  "instance_name": "r1_med",
  "promised_lead_time": 0,
  "model": "openai/gpt-5-mini",
  "num_runs_llm": 1,
  "num_runs_deterministic": 1,
  "max_periods": null,
  "summary": {
    "perfect_score": 20956.0,
    "ratios": {
      "or": 0.8546955525863714,
      "llm": 0.8113189539988548,
      "llm_to_or": 0.8506394350066807,
      "or_to_llm": 0.850543996945982,
      "perfect_score": 1.0
    },
    "warnings": null
  },
  "results": {
    "or": {
      "rewards": [
        17911.0
      ],
      "mean": 17911.0,
      "std": 0.0,
      "min": 17911.0,
      "max": 17911.0,
      "count": 1,
      "ratio_to_perfect": 0.8546955525863714
    },
    "llm": {
      "rewards": [
        17002.0
      ],
      "mean": 17002.0,
      "std": 0.0,
      "min": 17002.0,
      "max": 17002.0,
      "count": 1,
      "ratio_to_perfect": 0.8113189539988548
    },
    "llm_to_or": {
      "rewards": [
        17826.0
      ],
      "mean": 17826.0,
      "std": 0.0,
      "min": 17826.0,
      "max": 17826.0,
      "count": 1,
      "ratio_to_perfect": 0.8506394350066807
    },
    "or_to_llm": {
      "rewards": [
        17824.0
      ],
      "mean": 17824.0,
      "std": 0.0,
      "min": 17824.0,
      "max": 17824.0,
      "count": 1,
      "ratio_to_perfect": 0.850543996945982
    },
    "perfect_score": {
      "rewards": [
        20956.0
      ],
      "mean": 20956.0,
      "std": 0.0,
      "min": 20956.0,
      "max": 20956.0,
      "count": 1,
      "ratio_to_perfect": 1.0
    }
  },
  "errors": {}
}