{
  "instance_dir": "D:\\TextArena\\examples\\benchmark\\real_trajectory\\lead_time_0\\554792001",
  "instance_name": "554792001",
  "promised_lead_time": 0,
  "model": "google/gemini-3-flash-preview",
  "num_runs_llm": 1,
  "num_runs_deterministic": 1,
  "max_periods": null,
  "summary": {
    "perfect_score": 2379.0,
    "ratios": {
      "or": 0.5044136191677175,
      "llm": 0.5153425809163514,
      "llm_to_or": 0.6090794451450189,
      "or_to_llm": 0.5771332492643968,
      "perfect_score": 1.0
    },
    "warnings": null
  },
  "results": {
    "or": {
      "rewards": [
        1200.0
      ],
      "mean": 1200.0,
      "std": 0.0,
      "min": 1200.0,
      "max": 1200.0,
      "count": 1,
      "ratio_to_perfect": 0.5044136191677175
    },
    "llm": {
      "rewards": [
        1226.0
      ],
      "mean": 1226.0,
      "std": 0.0,
      "min": 1226.0,
      "max": 1226.0,
      "count": 1,
      "ratio_to_perfect": 0.5153425809163514
    },
    "llm_to_or": {
      "rewards": [
        1449.0
      ],
      "mean": 1449.0,
      "std": 0.0,
      "min": 1449.0,
      "max": 1449.0,
      "count": 1,
      "ratio_to_perfect": 0.6090794451450189
    },
    "or_to_llm": {
      "rewards": [
        1373.0
      ],
      "mean": 1373.0,
      "std": 0.0,
      "min": 1373.0,
      "max": 1373.0,
      "count": 1,
      "ratio_to_perfect": 0.5771332492643968
    },
    "perfect_score": {
      "rewards": [
        2379.0
      ],
      "mean": 2379.0,
      "std": 0.0,
      "min": 2379.0,
      "max": 2379.0,
      "count": 1,
      "ratio_to_perfect": 1.0
    }
  },
  "errors": {}
}