{
  "instance_dir": "/shared/share_malatown/OR_Agent/examples/benchmark/synthetic_trajectory/lead_time_4/p03_mean_decrease/v4_150to80/r1_med",
  "instance_name": "r1_med",
  "promised_lead_time": 4,
  "model": "x-ai/grok-4.1-fast",
  "num_runs_llm": 1,
  "num_runs_deterministic": 1,
  "max_periods": null,
  "summary": {
    "perfect_score": 20164.0,
    "ratios": {
      "or": 0.3398631223963499,
      "llm": -0.33316802221781394,
      "llm_to_or": 0.5952192025391787,
      "or_to_llm": 0.5047113667923031,
      "perfect_score": 1.0
    },
    "warnings": null
  },
  "results": {
    "or": {
      "rewards": [
        6853.0
      ],
      "mean": 6853.0,
      "std": 0.0,
      "min": 6853.0,
      "max": 6853.0,
      "count": 1,
      "ratio_to_perfect": 0.3398631223963499
    },
    "llm": {
      "rewards": [
        -6718.0
      ],
      "mean": -6718.0,
      "std": 0.0,
      "min": -6718.0,
      "max": -6718.0,
      "count": 1,
      "ratio_to_perfect": -0.33316802221781394
    },
    "llm_to_or": {
      "rewards": [
        12002.0
      ],
      "mean": 12002.0,
      "std": 0.0,
      "min": 12002.0,
      "max": 12002.0,
      "count": 1,
      "ratio_to_perfect": 0.5952192025391787
    },
    "or_to_llm": {
      "rewards": [
        10177.0
      ],
      "mean": 10177.0,
      "std": 0.0,
      "min": 10177.0,
      "max": 10177.0,
      "count": 1,
      "ratio_to_perfect": 0.5047113667923031
    },
    "perfect_score": {
      "rewards": [
        20164.0
      ],
      "mean": 20164.0,
      "std": 0.0,
      "min": 20164.0,
      "max": 20164.0,
      "count": 1,
      "ratio_to_perfect": 1.0
    }
  },
  "errors": {}
}