{
  "instance_dir": "/shared/share_malatown/OR_Agent/examples/benchmark/real_trajectory/lead_time_4/448509014",
  "instance_name": "448509014",
  "promised_lead_time": 4,
  "model": "x-ai/grok-4.1-fast",
  "num_runs_llm": 1,
  "num_runs_deterministic": 1,
  "max_periods": null,
  "summary": {
    "perfect_score": 9028.0,
    "ratios": {
      "or": -0.7535445281346921,
      "llm": -1.9123836951705804,
      "llm_to_or": -0.9235711120957023,
      "or_to_llm": -0.8275365529463891,
      "perfect_score": 1.0
    },
    "warnings": null
  },
  "results": {
    "or": {
      "rewards": [
        -6803.0
      ],
      "mean": -6803.0,
      "std": 0.0,
      "min": -6803.0,
      "max": -6803.0,
      "count": 1,
      "ratio_to_perfect": -0.7535445281346921
    },
    "llm": {
      "rewards": [
        -17265.0
      ],
      "mean": -17265.0,
      "std": 0.0,
      "min": -17265.0,
      "max": -17265.0,
      "count": 1,
      "ratio_to_perfect": -1.9123836951705804
    },
    "llm_to_or": {
      "rewards": [
        -8338.0
      ],
      "mean": -8338.0,
      "std": 0.0,
      "min": -8338.0,
      "max": -8338.0,
      "count": 1,
      "ratio_to_perfect": -0.9235711120957023
    },
    "or_to_llm": {
      "rewards": [
        -7471.0
      ],
      "mean": -7471.0,
      "std": 0.0,
      "min": -7471.0,
      "max": -7471.0,
      "count": 1,
      "ratio_to_perfect": -0.8275365529463891
    },
    "perfect_score": {
      "rewards": [
        9028.0
      ],
      "mean": 9028.0,
      "std": 0.0,
      "min": 9028.0,
      "max": 9028.0,
      "count": 1,
      "ratio_to_perfect": 1.0
    }
  },
  "errors": {}
}