{
  "instance_dir": "/shared/share_malatown/OR-Agent-GPT5mini-benchmark/examples/benchmark/real_trajectory/lead_time_0/636323001",
  "instance_name": "636323001",
  "promised_lead_time": 0,
  "model": "openai/gpt-5-mini",
  "num_runs_llm": 1,
  "num_runs_deterministic": 1,
  "max_periods": null,
  "summary": {
    "perfect_score": 29816.0,
    "ratios": {
      "or": 0.7574792057955461,
      "llm": 0.7995036222162597,
      "llm_to_or": 0.7691843305607727,
      "or_to_llm": 0.7980279044808156,
      "perfect_score": 1.0
    },
    "warnings": null
  },
  "results": {
    "or": {
      "rewards": [
        22585.0
      ],
      "mean": 22585.0,
      "std": 0.0,
      "min": 22585.0,
      "max": 22585.0,
      "count": 1,
      "ratio_to_perfect": 0.7574792057955461
    },
    "llm": {
      "rewards": [
        23838.0
      ],
      "mean": 23838.0,
      "std": 0.0,
      "min": 23838.0,
      "max": 23838.0,
      "count": 1,
      "ratio_to_perfect": 0.7995036222162597
    },
    "llm_to_or": {
      "rewards": [
        22934.0
      ],
      "mean": 22934.0,
      "std": 0.0,
      "min": 22934.0,
      "max": 22934.0,
      "count": 1,
      "ratio_to_perfect": 0.7691843305607727
    },
    "or_to_llm": {
      "rewards": [
        23794.0
      ],
      "mean": 23794.0,
      "std": 0.0,
      "min": 23794.0,
      "max": 23794.0,
      "count": 1,
      "ratio_to_perfect": 0.7980279044808156
    },
    "perfect_score": {
      "rewards": [
        29816.0
      ],
      "mean": 29816.0,
      "std": 0.0,
      "min": 29816.0,
      "max": 29816.0,
      "count": 1,
      "ratio_to_perfect": 1.0
    }
  },
  "errors": {}
}