{
  "instance_dir": "/shared/share_malatown/OR_Agent/examples/benchmark/synthetic_trajectory/lead_time_stochastic/p04_increasing_trend/v4_linear_100_2t/r1_high",
  "instance_name": "r1_high",
  "promised_lead_time": 2,
  "model": "x-ai/grok-4.1-fast",
  "num_runs_llm": 1,
  "num_runs_deterministic": 1,
  "max_periods": null,
  "summary": {
    "perfect_score": 154413.0,
    "ratios": {
      "or": 0.14323275889983356,
      "llm": 0.6432295208305,
      "llm_to_or": 0.3378018690136193,
      "or_to_llm": 0.5811233510131919,
      "perfect_score": 1.0
    },
    "warnings": null
  },
  "results": {
    "or": {
      "rewards": [
        22117.0
      ],
      "mean": 22117.0,
      "std": 0.0,
      "min": 22117.0,
      "max": 22117.0,
      "count": 1,
      "ratio_to_perfect": 0.14323275889983356
    },
    "llm": {
      "rewards": [
        99323.0
      ],
      "mean": 99323.0,
      "std": 0.0,
      "min": 99323.0,
      "max": 99323.0,
      "count": 1,
      "ratio_to_perfect": 0.6432295208305
    },
    "llm_to_or": {
      "rewards": [
        52161.0
      ],
      "mean": 52161.0,
      "std": 0.0,
      "min": 52161.0,
      "max": 52161.0,
      "count": 1,
      "ratio_to_perfect": 0.3378018690136193
    },
    "or_to_llm": {
      "rewards": [
        89733.0
      ],
      "mean": 89733.0,
      "std": 0.0,
      "min": 89733.0,
      "max": 89733.0,
      "count": 1,
      "ratio_to_perfect": 0.5811233510131919
    },
    "perfect_score": {
      "rewards": [
        154413.0
      ],
      "mean": 154413.0,
      "std": 0.0,
      "min": 154413.0,
      "max": 154413.0,
      "count": 1,
      "ratio_to_perfect": 1.0
    }
  },
  "errors": {}
}