{
  "instance_dir": "/shared/share_malatown/OR_Agent/examples/benchmark/real_trajectory/lead_time_4/554479001",
  "instance_name": "554479001",
  "promised_lead_time": 4,
  "model": "x-ai/grok-4.1-fast",
  "num_runs_llm": 1,
  "num_runs_deterministic": 1,
  "max_periods": null,
  "summary": {
    "perfect_score": 7317.0,
    "ratios": {
      "or": -1.7742244089107557,
      "llm": -5.220308869755364,
      "llm_to_or": -4.765750990843242,
      "or_to_llm": -4.2405357386907205,
      "perfect_score": 1.0
    },
    "warnings": null
  },
  "results": {
    "or": {
      "rewards": [
        -12982.0
      ],
      "mean": -12982.0,
      "std": 0.0,
      "min": -12982.0,
      "max": -12982.0,
      "count": 1,
      "ratio_to_perfect": -1.7742244089107557
    },
    "llm": {
      "rewards": [
        -38197.0
      ],
      "mean": -38197.0,
      "std": 0.0,
      "min": -38197.0,
      "max": -38197.0,
      "count": 1,
      "ratio_to_perfect": -5.220308869755364
    },
    "llm_to_or": {
      "rewards": [
        -34871.0
      ],
      "mean": -34871.0,
      "std": 0.0,
      "min": -34871.0,
      "max": -34871.0,
      "count": 1,
      "ratio_to_perfect": -4.765750990843242
    },
    "or_to_llm": {
      "rewards": [
        -31028.0
      ],
      "mean": -31028.0,
      "std": 0.0,
      "min": -31028.0,
      "max": -31028.0,
      "count": 1,
      "ratio_to_perfect": -4.2405357386907205
    },
    "perfect_score": {
      "rewards": [
        7317.0
      ],
      "mean": 7317.0,
      "std": 0.0,
      "min": 7317.0,
      "max": 7317.0,
      "count": 1,
      "ratio_to_perfect": 1.0
    }
  },
  "errors": {}
}