{
  "instance_dir": "D:\\TextArena\\examples\\benchmark\\real_trajectory\\lead_time_4\\688432001",
  "instance_name": "688432001",
  "promised_lead_time": 4,
  "model": "google/gemini-3-flash-preview",
  "num_runs_llm": 1,
  "num_runs_deterministic": 1,
  "max_periods": null,
  "summary": {
    "perfect_score": 14804.0,
    "ratios": {
      "or": 0.3439610915968657,
      "llm": 0.08828694947311537,
      "llm_to_or": 0.46142934342069714,
      "or_to_llm": 0.33551742772223725,
      "perfect_score": 1.0
    },
    "warnings": null
  },
  "results": {
    "or": {
      "rewards": [
        5092.0
      ],
      "mean": 5092.0,
      "std": 0.0,
      "min": 5092.0,
      "max": 5092.0,
      "count": 1,
      "ratio_to_perfect": 0.3439610915968657
    },
    "llm": {
      "rewards": [
        1307.0
      ],
      "mean": 1307.0,
      "std": 0.0,
      "min": 1307.0,
      "max": 1307.0,
      "count": 1,
      "ratio_to_perfect": 0.08828694947311537
    },
    "llm_to_or": {
      "rewards": [
        6831.0
      ],
      "mean": 6831.0,
      "std": 0.0,
      "min": 6831.0,
      "max": 6831.0,
      "count": 1,
      "ratio_to_perfect": 0.46142934342069714
    },
    "or_to_llm": {
      "rewards": [
        4967.0
      ],
      "mean": 4967.0,
      "std": 0.0,
      "min": 4967.0,
      "max": 4967.0,
      "count": 1,
      "ratio_to_perfect": 0.33551742772223725
    },
    "perfect_score": {
      "rewards": [
        14804.0
      ],
      "mean": 14804.0,
      "std": 0.0,
      "min": 14804.0,
      "max": 14804.0,
      "count": 1,
      "ratio_to_perfect": 1.0
    }
  },
  "errors": {}
}