{
  "instance_dir": "/shared/share_malatown/OR_Agent/examples/benchmark/real_trajectory/lead_time_stochastic/685816001",
  "instance_name": "685816001",
  "promised_lead_time": 2,
  "model": "x-ai/grok-4.1-fast",
  "num_runs_llm": 1,
  "num_runs_deterministic": 1,
  "max_periods": null,
  "summary": {
    "perfect_score": 92321.0,
    "ratios": {
      "or": 0.15798139101612851,
      "llm": 0.6522351361012121,
      "llm_to_or": 0.599451912349303,
      "or_to_llm": 0.5496582576011958,
      "perfect_score": 1.0
    },
    "warnings": null
  },
  "results": {
    "or": {
      "rewards": [
        14585.0
      ],
      "mean": 14585.0,
      "std": 0.0,
      "min": 14585.0,
      "max": 14585.0,
      "count": 1,
      "ratio_to_perfect": 0.15798139101612851
    },
    "llm": {
      "rewards": [
        60215.0
      ],
      "mean": 60215.0,
      "std": 0.0,
      "min": 60215.0,
      "max": 60215.0,
      "count": 1,
      "ratio_to_perfect": 0.6522351361012121
    },
    "llm_to_or": {
      "rewards": [
        55342.0
      ],
      "mean": 55342.0,
      "std": 0.0,
      "min": 55342.0,
      "max": 55342.0,
      "count": 1,
      "ratio_to_perfect": 0.599451912349303
    },
    "or_to_llm": {
      "rewards": [
        50745.0
      ],
      "mean": 50745.0,
      "std": 0.0,
      "min": 50745.0,
      "max": 50745.0,
      "count": 1,
      "ratio_to_perfect": 0.5496582576011958
    },
    "perfect_score": {
      "rewards": [
        92321.0
      ],
      "mean": 92321.0,
      "std": 0.0,
      "min": 92321.0,
      "max": 92321.0,
      "count": 1,
      "ratio_to_perfect": 1.0
    }
  },
  "errors": {}
}