{
  "instance_dir": "D:\\TextArena\\examples\\benchmark\\synthetic_trajectory\\lead_time_stochastic\\p05_decreasing_trend\\v2_exp_decay_0_97\\r1_high",
  "instance_name": "r1_high",
  "promised_lead_time": 2,
  "model": "google/gemini-3-flash-preview",
  "num_runs_llm": 1,
  "num_runs_deterministic": 1,
  "max_periods": null,
  "summary": {
    "perfect_score": 95285.0,
    "ratios": {
      "or": 0.16680484861205855,
      "llm": 0.7163247100802854,
      "llm_to_or": 0.38601038988298264,
      "or_to_llm": 0.6210106522537651,
      "perfect_score": 1.0
    },
    "warnings": null
  },
  "results": {
    "or": {
      "rewards": [
        15894.0
      ],
      "mean": 15894.0,
      "std": 0.0,
      "min": 15894.0,
      "max": 15894.0,
      "count": 1,
      "ratio_to_perfect": 0.16680484861205855
    },
    "llm": {
      "rewards": [
        68255.0
      ],
      "mean": 68255.0,
      "std": 0.0,
      "min": 68255.0,
      "max": 68255.0,
      "count": 1,
      "ratio_to_perfect": 0.7163247100802854
    },
    "llm_to_or": {
      "rewards": [
        36781.0
      ],
      "mean": 36781.0,
      "std": 0.0,
      "min": 36781.0,
      "max": 36781.0,
      "count": 1,
      "ratio_to_perfect": 0.38601038988298264
    },
    "or_to_llm": {
      "rewards": [
        59173.0
      ],
      "mean": 59173.0,
      "std": 0.0,
      "min": 59173.0,
      "max": 59173.0,
      "count": 1,
      "ratio_to_perfect": 0.6210106522537651
    },
    "perfect_score": {
      "rewards": [
        95285.0
      ],
      "mean": 95285.0,
      "std": 0.0,
      "min": 95285.0,
      "max": 95285.0,
      "count": 1,
      "ratio_to_perfect": 1.0
    }
  },
  "errors": {}
}