{
  "instance_dir": "/shared/share_malatown/OR_Agent/examples/benchmark/real_trajectory/lead_time_0/120129001",
  "instance_name": "120129001",
  "promised_lead_time": 0,
  "model": "x-ai/grok-4.1-fast",
  "num_runs_llm": 1,
  "num_runs_deterministic": 1,
  "max_periods": null,
  "summary": {
    "perfect_score": 2974.0,
    "ratios": {
      "or": 0.7279757901815737,
      "llm": 0.6338264963012777,
      "llm_to_or": 0.7531943510423672,
      "or_to_llm": 0.6516476126429052,
      "perfect_score": 1.0
    },
    "warnings": null
  },
  "results": {
    "or": {
      "rewards": [
        2165.0
      ],
      "mean": 2165.0,
      "std": 0.0,
      "min": 2165.0,
      "max": 2165.0,
      "count": 1,
      "ratio_to_perfect": 0.7279757901815737
    },
    "llm": {
      "rewards": [
        1885.0
      ],
      "mean": 1885.0,
      "std": 0.0,
      "min": 1885.0,
      "max": 1885.0,
      "count": 1,
      "ratio_to_perfect": 0.6338264963012777
    },
    "llm_to_or": {
      "rewards": [
        2240.0
      ],
      "mean": 2240.0,
      "std": 0.0,
      "min": 2240.0,
      "max": 2240.0,
      "count": 1,
      "ratio_to_perfect": 0.7531943510423672
    },
    "or_to_llm": {
      "rewards": [
        1938.0
      ],
      "mean": 1938.0,
      "std": 0.0,
      "min": 1938.0,
      "max": 1938.0,
      "count": 1,
      "ratio_to_perfect": 0.6516476126429052
    },
    "perfect_score": {
      "rewards": [
        2974.0
      ],
      "mean": 2974.0,
      "std": 0.0,
      "min": 2974.0,
      "max": 2974.0,
      "count": 1,
      "ratio_to_perfect": 1.0
    }
  },
  "errors": {}
}