{
  "instance_dir": "/shared/share_malatown/OR_Agent/examples/benchmark/real_trajectory/lead_time_4/554450004",
  "instance_name": "554450004",
  "promised_lead_time": 4,
  "model": "x-ai/grok-4.1-fast",
  "num_runs_llm": 1,
  "num_runs_deterministic": 1,
  "max_periods": null,
  "summary": {
    "perfect_score": 4609.0,
    "ratios": {
      "or": 0.0531568669993491,
      "llm": -0.6912562377956173,
      "llm_to_or": 0.03948795834237362,
      "or_to_llm": -0.20047732696897375,
      "perfect_score": 1.0
    },
    "warnings": null
  },
  "results": {
    "or": {
      "rewards": [
        245.0
      ],
      "mean": 245.0,
      "std": 0.0,
      "min": 245.0,
      "max": 245.0,
      "count": 1,
      "ratio_to_perfect": 0.0531568669993491
    },
    "llm": {
      "rewards": [
        -3186.0
      ],
      "mean": -3186.0,
      "std": 0.0,
      "min": -3186.0,
      "max": -3186.0,
      "count": 1,
      "ratio_to_perfect": -0.6912562377956173
    },
    "llm_to_or": {
      "rewards": [
        182.0
      ],
      "mean": 182.0,
      "std": 0.0,
      "min": 182.0,
      "max": 182.0,
      "count": 1,
      "ratio_to_perfect": 0.03948795834237362
    },
    "or_to_llm": {
      "rewards": [
        -924.0
      ],
      "mean": -924.0,
      "std": 0.0,
      "min": -924.0,
      "max": -924.0,
      "count": 1,
      "ratio_to_perfect": -0.20047732696897375
    },
    "perfect_score": {
      "rewards": [
        4609.0
      ],
      "mean": 4609.0,
      "std": 0.0,
      "min": 4609.0,
      "max": 4609.0,
      "count": 1,
      "ratio_to_perfect": 1.0
    }
  },
  "errors": {}
}