{
  "instance_dir": "D:\\TextArena\\examples\\benchmark\\synthetic_trajectory\\lead_time_0\\p05_decreasing_trend\\v1_200_minus_3t\\r2_high",
  "instance_name": "r2_high",
  "promised_lead_time": 0,
  "model": "openai/gpt-5-mini",
  "num_runs_llm": 1,
  "num_runs_deterministic": 1,
  "max_periods": null,
  "summary": {
    "perfect_score": 119491.0,
    "ratios": {
      "or": 0.9566494547706522,
      "llm": 0.9511176573967914,
      "llm_to_or": 0.9585324417738574,
      "or_to_llm": 0.9610849352670913,
      "perfect_score": 1.0
    },
    "warnings": null
  },
  "results": {
    "or": {
      "rewards": [
        114311.0
      ],
      "mean": 114311.0,
      "std": 0.0,
      "min": 114311.0,
      "max": 114311.0,
      "count": 1,
      "ratio_to_perfect": 0.9566494547706522
    },
    "llm": {
      "rewards": [
        113650.0
      ],
      "mean": 113650.0,
      "std": 0.0,
      "min": 113650.0,
      "max": 113650.0,
      "count": 1,
      "ratio_to_perfect": 0.9511176573967914
    },
    "llm_to_or": {
      "rewards": [
        114536.0
      ],
      "mean": 114536.0,
      "std": 0.0,
      "min": 114536.0,
      "max": 114536.0,
      "count": 1,
      "ratio_to_perfect": 0.9585324417738574
    },
    "or_to_llm": {
      "rewards": [
        114841.0
      ],
      "mean": 114841.0,
      "std": 0.0,
      "min": 114841.0,
      "max": 114841.0,
      "count": 1,
      "ratio_to_perfect": 0.9610849352670913
    },
    "perfect_score": {
      "rewards": [
        119491.0
      ],
      "mean": 119491.0,
      "std": 0.0,
      "min": 119491.0,
      "max": 119491.0,
      "count": 1,
      "ratio_to_perfect": 1.0
    }
  },
  "errors": {}
}