{
  "instance_dir": "/shared/share_malatown/OR_Agent/examples/benchmark/synthetic_trajectory/lead_time_stochastic/p09_temp_spike_dip/v1_temp_surge/r1_high",
  "instance_name": "r1_high",
  "promised_lead_time": 2,
  "model": "x-ai/grok-4.1-fast",
  "num_runs_llm": 1,
  "num_runs_deterministic": 1,
  "max_periods": null,
  "summary": {
    "perfect_score": 117876.0,
    "ratios": {
      "or": 0.12198411890461162,
      "llm": 0.5524788761070956,
      "llm_to_or": 0.39267535376157997,
      "or_to_llm": 0.4819047134276698,
      "perfect_score": 1.0
    },
    "warnings": null
  },
  "results": {
    "or": {
      "rewards": [
        14379.0
      ],
      "mean": 14379.0,
      "std": 0.0,
      "min": 14379.0,
      "max": 14379.0,
      "count": 1,
      "ratio_to_perfect": 0.12198411890461162
    },
    "llm": {
      "rewards": [
        65124.0
      ],
      "mean": 65124.0,
      "std": 0.0,
      "min": 65124.0,
      "max": 65124.0,
      "count": 1,
      "ratio_to_perfect": 0.5524788761070956
    },
    "llm_to_or": {
      "rewards": [
        46287.0
      ],
      "mean": 46287.0,
      "std": 0.0,
      "min": 46287.0,
      "max": 46287.0,
      "count": 1,
      "ratio_to_perfect": 0.39267535376157997
    },
    "or_to_llm": {
      "rewards": [
        56805.0
      ],
      "mean": 56805.0,
      "std": 0.0,
      "min": 56805.0,
      "max": 56805.0,
      "count": 1,
      "ratio_to_perfect": 0.4819047134276698
    },
    "perfect_score": {
      "rewards": [
        117876.0
      ],
      "mean": 117876.0,
      "std": 0.0,
      "min": 117876.0,
      "max": 117876.0,
      "count": 1,
      "ratio_to_perfect": 1.0
    }
  },
  "errors": {}
}