{
  "instance_dir": "/shared/share_malatown/OR_Agent/examples/benchmark/synthetic_trajectory/lead_time_0/p01_stationary_iid/v4_uniform_50_150/r2_med",
  "instance_name": "r2_med",
  "promised_lead_time": 0,
  "model": "x-ai/grok-4.1-fast",
  "num_runs_llm": 1,
  "num_runs_deterministic": 1,
  "max_periods": null,
  "summary": {
    "perfect_score": 18244.0,
    "ratios": {
      "or": 0.876562157421618,
      "llm": 0.8588028941021706,
      "llm_to_or": 0.8613242709932033,
      "or_to_llm": 0.8748081561061171,
      "perfect_score": 1.0
    },
    "warnings": null
  },
  "results": {
    "or": {
      "rewards": [
        15992.0
      ],
      "mean": 15992.0,
      "std": 0.0,
      "min": 15992.0,
      "max": 15992.0,
      "count": 1,
      "ratio_to_perfect": 0.876562157421618
    },
    "llm": {
      "rewards": [
        15668.0
      ],
      "mean": 15668.0,
      "std": 0.0,
      "min": 15668.0,
      "max": 15668.0,
      "count": 1,
      "ratio_to_perfect": 0.8588028941021706
    },
    "llm_to_or": {
      "rewards": [
        15714.0
      ],
      "mean": 15714.0,
      "std": 0.0,
      "min": 15714.0,
      "max": 15714.0,
      "count": 1,
      "ratio_to_perfect": 0.8613242709932033
    },
    "or_to_llm": {
      "rewards": [
        15960.0
      ],
      "mean": 15960.0,
      "std": 0.0,
      "min": 15960.0,
      "max": 15960.0,
      "count": 1,
      "ratio_to_perfect": 0.8748081561061171
    },
    "perfect_score": {
      "rewards": [
        18244.0
      ],
      "mean": 18244.0,
      "std": 0.0,
      "min": 18244.0,
      "max": 18244.0,
      "count": 1,
      "ratio_to_perfect": 1.0
    }
  },
  "errors": {}
}