{
  "instance_dir": "D:\\TextArena\\examples\\benchmark\\synthetic_trajectory\\lead_time_4\\p09_temp_spike_dip\\v1_temp_surge\\r2_high",
  "instance_name": "r2_high",
  "promised_lead_time": 4,
  "model": "google/gemini-3-flash-preview",
  "num_runs_llm": 1,
  "num_runs_deterministic": 1,
  "max_periods": null,
  "summary": {
    "perfect_score": 115007.0,
    "ratios": {
      "or": 0.7690314502595494,
      "llm": 0.7586146930186858,
      "llm_to_or": 0.8098898327927865,
      "or_to_llm": 0.798220977853522,
      "perfect_score": 1.0
    },
    "warnings": null
  },
  "results": {
    "or": {
      "rewards": [
        88444.0
      ],
      "mean": 88444.0,
      "std": 0.0,
      "min": 88444.0,
      "max": 88444.0,
      "count": 1,
      "ratio_to_perfect": 0.7690314502595494
    },
    "llm": {
      "rewards": [
        87246.0
      ],
      "mean": 87246.0,
      "std": 0.0,
      "min": 87246.0,
      "max": 87246.0,
      "count": 1,
      "ratio_to_perfect": 0.7586146930186858
    },
    "llm_to_or": {
      "rewards": [
        93143.0
      ],
      "mean": 93143.0,
      "std": 0.0,
      "min": 93143.0,
      "max": 93143.0,
      "count": 1,
      "ratio_to_perfect": 0.8098898327927865
    },
    "or_to_llm": {
      "rewards": [
        91801.0
      ],
      "mean": 91801.0,
      "std": 0.0,
      "min": 91801.0,
      "max": 91801.0,
      "count": 1,
      "ratio_to_perfect": 0.798220977853522
    },
    "perfect_score": {
      "rewards": [
        115007.0
      ],
      "mean": 115007.0,
      "std": 0.0,
      "min": 115007.0,
      "max": 115007.0,
      "count": 1,
      "ratio_to_perfect": 1.0
    }
  },
  "errors": {}
}