{
  "instance_dir": "D:\\TextArena\\examples\\benchmark\\real_trajectory\\lead_time_4\\579541001",
  "instance_name": "579541001",
  "promised_lead_time": 4,
  "model": "google/gemini-3-flash-preview",
  "num_runs_llm": 1,
  "num_runs_deterministic": 1,
  "max_periods": null,
  "summary": {
    "perfect_score": 29948.0,
    "ratios": {
      "or": 0.64328168825965,
      "llm": 0.12131027113663684,
      "llm_to_or": 0.5418391879257379,
      "or_to_llm": 0.5678175504207292,
      "perfect_score": 1.0
    },
    "warnings": null
  },
  "results": {
    "or": {
      "rewards": [
        19265.0
      ],
      "mean": 19265.0,
      "std": 0.0,
      "min": 19265.0,
      "max": 19265.0,
      "count": 1,
      "ratio_to_perfect": 0.64328168825965
    },
    "llm": {
      "rewards": [
        3633.0
      ],
      "mean": 3633.0,
      "std": 0.0,
      "min": 3633.0,
      "max": 3633.0,
      "count": 1,
      "ratio_to_perfect": 0.12131027113663684
    },
    "llm_to_or": {
      "rewards": [
        16227.0
      ],
      "mean": 16227.0,
      "std": 0.0,
      "min": 16227.0,
      "max": 16227.0,
      "count": 1,
      "ratio_to_perfect": 0.5418391879257379
    },
    "or_to_llm": {
      "rewards": [
        17005.0
      ],
      "mean": 17005.0,
      "std": 0.0,
      "min": 17005.0,
      "max": 17005.0,
      "count": 1,
      "ratio_to_perfect": 0.5678175504207292
    },
    "perfect_score": {
      "rewards": [
        29948.0
      ],
      "mean": 29948.0,
      "std": 0.0,
      "min": 29948.0,
      "max": 29948.0,
      "count": 1,
      "ratio_to_perfect": 1.0
    }
  },
  "errors": {}
}