{
  "instance_dir": "D:\\TextArena\\examples\\benchmark\\real_trajectory\\lead_time_4\\732842002",
  "instance_name": "732842002",
  "promised_lead_time": 4,
  "model": "google/gemini-3-flash-preview",
  "num_runs_llm": 1,
  "num_runs_deterministic": 1,
  "max_periods": null,
  "summary": {
    "perfect_score": 67431.0,
    "ratios": {
      "or": 0.5896546098975248,
      "llm": 0.6178315611513993,
      "llm_to_or": 0.6087556168527829,
      "or_to_llm": 0.6233631415817651,
      "perfect_score": 1.0
    },
    "warnings": null
  },
  "results": {
    "or": {
      "rewards": [
        39761.0
      ],
      "mean": 39761.0,
      "std": 0.0,
      "min": 39761.0,
      "max": 39761.0,
      "count": 1,
      "ratio_to_perfect": 0.5896546098975248
    },
    "llm": {
      "rewards": [
        41661.0
      ],
      "mean": 41661.0,
      "std": 0.0,
      "min": 41661.0,
      "max": 41661.0,
      "count": 1,
      "ratio_to_perfect": 0.6178315611513993
    },
    "llm_to_or": {
      "rewards": [
        41049.0
      ],
      "mean": 41049.0,
      "std": 0.0,
      "min": 41049.0,
      "max": 41049.0,
      "count": 1,
      "ratio_to_perfect": 0.6087556168527829
    },
    "or_to_llm": {
      "rewards": [
        42034.0
      ],
      "mean": 42034.0,
      "std": 0.0,
      "min": 42034.0,
      "max": 42034.0,
      "count": 1,
      "ratio_to_perfect": 0.6233631415817651
    },
    "perfect_score": {
      "rewards": [
        67431.0
      ],
      "mean": 67431.0,
      "std": 0.0,
      "min": 67431.0,
      "max": 67431.0,
      "count": 1,
      "ratio_to_perfect": 1.0
    }
  },
  "errors": {}
}