{
  "instance_dir": "/shared/share_malatown/OR_Agent/examples/benchmark/synthetic_trajectory/lead_time_4/p04_increasing_trend/v3_exp_1_05/r2_med",
  "instance_name": "r2_med",
  "promised_lead_time": 4,
  "model": "x-ai/grok-4.1-fast",
  "num_runs_llm": 1,
  "num_runs_deterministic": 1,
  "max_periods": null,
  "summary": {
    "perfect_score": 87876.0,
    "ratios": {
      "or": 0.49007692657836044,
      "llm": 0.5532227229277619,
      "llm_to_or": 0.7820223951932268,
      "or_to_llm": 0.8060221220811143,
      "perfect_score": 1.0
    },
    "warnings": null
  },
  "results": {
    "or": {
      "rewards": [
        43066.0
      ],
      "mean": 43066.0,
      "std": 0.0,
      "min": 43066.0,
      "max": 43066.0,
      "count": 1,
      "ratio_to_perfect": 0.49007692657836044
    },
    "llm": {
      "rewards": [
        48615.0
      ],
      "mean": 48615.0,
      "std": 0.0,
      "min": 48615.0,
      "max": 48615.0,
      "count": 1,
      "ratio_to_perfect": 0.5532227229277619
    },
    "llm_to_or": {
      "rewards": [
        68721.0
      ],
      "mean": 68721.0,
      "std": 0.0,
      "min": 68721.0,
      "max": 68721.0,
      "count": 1,
      "ratio_to_perfect": 0.7820223951932268
    },
    "or_to_llm": {
      "rewards": [
        70830.0
      ],
      "mean": 70830.0,
      "std": 0.0,
      "min": 70830.0,
      "max": 70830.0,
      "count": 1,
      "ratio_to_perfect": 0.8060221220811143
    },
    "perfect_score": {
      "rewards": [
        87876.0
      ],
      "mean": 87876.0,
      "std": 0.0,
      "min": 87876.0,
      "max": 87876.0,
      "count": 1,
      "ratio_to_perfect": 1.0
    }
  },
  "errors": {}
}