{
  "instance_dir": "/shared/share_malatown/OR_Agent/examples/benchmark/synthetic_trajectory/lead_time_0/p03_mean_decrease/v1_100to50/r1_med",
  "instance_name": "r1_med",
  "promised_lead_time": 0,
  "model": "x-ai/grok-4.1-fast",
  "num_runs_llm": 1,
  "num_runs_deterministic": 1,
  "max_periods": null,
  "summary": {
    "perfect_score": 12484.0,
    "ratios": {
      "or": 0.8201698173662287,
      "llm": 0.8782441525152195,
      "llm_to_or": 0.8879365587952579,
      "or_to_llm": 0.8667894905479013,
      "perfect_score": 1.0
    },
    "warnings": null
  },
  "results": {
    "or": {
      "rewards": [
        10239.0
      ],
      "mean": 10239.0,
      "std": 0.0,
      "min": 10239.0,
      "max": 10239.0,
      "count": 1,
      "ratio_to_perfect": 0.8201698173662287
    },
    "llm": {
      "rewards": [
        10964.0
      ],
      "mean": 10964.0,
      "std": 0.0,
      "min": 10964.0,
      "max": 10964.0,
      "count": 1,
      "ratio_to_perfect": 0.8782441525152195
    },
    "llm_to_or": {
      "rewards": [
        11085.0
      ],
      "mean": 11085.0,
      "std": 0.0,
      "min": 11085.0,
      "max": 11085.0,
      "count": 1,
      "ratio_to_perfect": 0.8879365587952579
    },
    "or_to_llm": {
      "rewards": [
        10821.0
      ],
      "mean": 10821.0,
      "std": 0.0,
      "min": 10821.0,
      "max": 10821.0,
      "count": 1,
      "ratio_to_perfect": 0.8667894905479013
    },
    "perfect_score": {
      "rewards": [
        12484.0
      ],
      "mean": 12484.0,
      "std": 0.0,
      "min": 12484.0,
      "max": 12484.0,
      "count": 1,
      "ratio_to_perfect": 1.0
    }
  },
  "errors": {}
}