{
  "instance_dir": "/shared/share_malatown/OR_Agent/examples/benchmark/real_trajectory/lead_time_0/562245018",
  "instance_name": "562245018",
  "promised_lead_time": 0,
  "model": "x-ai/grok-4.1-fast",
  "num_runs_llm": 1,
  "num_runs_deterministic": 1,
  "max_periods": null,
  "summary": {
    "perfect_score": 27244.0,
    "ratios": {
      "or": 0.5998017912200851,
      "llm": 0.5641609161650272,
      "llm_to_or": 0.6139700484510351,
      "or_to_llm": 0.5582513580971957,
      "perfect_score": 1.0
    },
    "warnings": null
  },
  "results": {
    "or": {
      "rewards": [
        16341.0
      ],
      "mean": 16341.0,
      "std": 0.0,
      "min": 16341.0,
      "max": 16341.0,
      "count": 1,
      "ratio_to_perfect": 0.5998017912200851
    },
    "llm": {
      "rewards": [
        15370.0
      ],
      "mean": 15370.0,
      "std": 0.0,
      "min": 15370.0,
      "max": 15370.0,
      "count": 1,
      "ratio_to_perfect": 0.5641609161650272
    },
    "llm_to_or": {
      "rewards": [
        16727.0
      ],
      "mean": 16727.0,
      "std": 0.0,
      "min": 16727.0,
      "max": 16727.0,
      "count": 1,
      "ratio_to_perfect": 0.6139700484510351
    },
    "or_to_llm": {
      "rewards": [
        15209.0
      ],
      "mean": 15209.0,
      "std": 0.0,
      "min": 15209.0,
      "max": 15209.0,
      "count": 1,
      "ratio_to_perfect": 0.5582513580971957
    },
    "perfect_score": {
      "rewards": [
        27244.0
      ],
      "mean": 27244.0,
      "std": 0.0,
      "min": 27244.0,
      "max": 27244.0,
      "count": 1,
      "ratio_to_perfect": 1.0
    }
  },
  "errors": {}
}