{
  "instance_dir": "D:\\TextArena\\examples\\benchmark\\synthetic_trajectory\\lead_time_0\\p04_increasing_trend\\v2_linear_50_3t\\r1_high",
  "instance_name": "r1_high",
  "promised_lead_time": 0,
  "model": "openai/gpt-5-mini",
  "num_runs_llm": 1,
  "num_runs_deterministic": 1,
  "max_periods": null,
  "summary": {
    "perfect_score": 114532.0,
    "ratios": {
      "or": 0.9437013236475396,
      "llm": 0.9186952118185311,
      "llm_to_or": 0.9617137568539796,
      "or_to_llm": 0.9441553452310272,
      "perfect_score": 1.0
    },
    "warnings": null
  },
  "results": {
    "or": {
      "rewards": [
        108084.0
      ],
      "mean": 108084.0,
      "std": 0.0,
      "min": 108084.0,
      "max": 108084.0,
      "count": 1,
      "ratio_to_perfect": 0.9437013236475396
    },
    "llm": {
      "rewards": [
        105220.0
      ],
      "mean": 105220.0,
      "std": 0.0,
      "min": 105220.0,
      "max": 105220.0,
      "count": 1,
      "ratio_to_perfect": 0.9186952118185311
    },
    "llm_to_or": {
      "rewards": [
        110147.0
      ],
      "mean": 110147.0,
      "std": 0.0,
      "min": 110147.0,
      "max": 110147.0,
      "count": 1,
      "ratio_to_perfect": 0.9617137568539796
    },
    "or_to_llm": {
      "rewards": [
        108136.0
      ],
      "mean": 108136.0,
      "std": 0.0,
      "min": 108136.0,
      "max": 108136.0,
      "count": 1,
      "ratio_to_perfect": 0.9441553452310272
    },
    "perfect_score": {
      "rewards": [
        114532.0
      ],
      "mean": 114532.0,
      "std": 0.0,
      "min": 114532.0,
      "max": 114532.0,
      "count": 1,
      "ratio_to_perfect": 1.0
    }
  },
  "errors": {}
}