{
  "instance_dir": "D:\\TextArena\\examples\\benchmark\\real_trajectory\\lead_time_0\\224606019",
  "instance_name": "224606019",
  "promised_lead_time": 0,
  "model": "google/gemini-3-flash-preview",
  "num_runs_llm": 1,
  "num_runs_deterministic": 1,
  "max_periods": null,
  "summary": {
    "perfect_score": 2925.0,
    "ratios": {
      "or": 0.6758974358974359,
      "llm": 0.49401709401709404,
      "llm_to_or": 0.5945299145299145,
      "or_to_llm": 0.5425641025641026,
      "perfect_score": 1.0
    },
    "warnings": null
  },
  "results": {
    "or": {
      "rewards": [
        1977.0
      ],
      "mean": 1977.0,
      "std": 0.0,
      "min": 1977.0,
      "max": 1977.0,
      "count": 1,
      "ratio_to_perfect": 0.6758974358974359
    },
    "llm": {
      "rewards": [
        1445.0
      ],
      "mean": 1445.0,
      "std": 0.0,
      "min": 1445.0,
      "max": 1445.0,
      "count": 1,
      "ratio_to_perfect": 0.49401709401709404
    },
    "llm_to_or": {
      "rewards": [
        1739.0
      ],
      "mean": 1739.0,
      "std": 0.0,
      "min": 1739.0,
      "max": 1739.0,
      "count": 1,
      "ratio_to_perfect": 0.5945299145299145
    },
    "or_to_llm": {
      "rewards": [
        1587.0
      ],
      "mean": 1587.0,
      "std": 0.0,
      "min": 1587.0,
      "max": 1587.0,
      "count": 1,
      "ratio_to_perfect": 0.5425641025641026
    },
    "perfect_score": {
      "rewards": [
        2925.0
      ],
      "mean": 2925.0,
      "std": 0.0,
      "min": 2925.0,
      "max": 2925.0,
      "count": 1,
      "ratio_to_perfect": 1.0
    }
  },
  "errors": {}
}