{
  "instance_dir": "/shared/share_malatown/OR-Agent-GPT5mini-benchmark/examples/benchmark/synthetic_trajectory/lead_time_stochastic/p05_decreasing_trend/v4_200_div_sqrt_t/r2_high",
  "instance_name": "r2_high",
  "promised_lead_time": 2,
  "model": "openai/gpt-5-mini",
  "num_runs_llm": 1,
  "num_runs_deterministic": 1,
  "max_periods": null,
  "summary": {
    "perfect_score": 50483.0,
    "ratios": {
      "or": 0.30582572351088483,
      "llm": 0.3854961076005784,
      "llm_to_or": 0.36709387318503256,
      "or_to_llm": 0.44260444109898384,
      "perfect_score": 1.0
    },
    "warnings": null
  },
  "results": {
    "or": {
      "rewards": [
        15439.0
      ],
      "mean": 15439.0,
      "std": 0.0,
      "min": 15439.0,
      "max": 15439.0,
      "count": 1,
      "ratio_to_perfect": 0.30582572351088483
    },
    "llm": {
      "rewards": [
        19461.0
      ],
      "mean": 19461.0,
      "std": 0.0,
      "min": 19461.0,
      "max": 19461.0,
      "count": 1,
      "ratio_to_perfect": 0.3854961076005784
    },
    "llm_to_or": {
      "rewards": [
        18532.0
      ],
      "mean": 18532.0,
      "std": 0.0,
      "min": 18532.0,
      "max": 18532.0,
      "count": 1,
      "ratio_to_perfect": 0.36709387318503256
    },
    "or_to_llm": {
      "rewards": [
        22344.0
      ],
      "mean": 22344.0,
      "std": 0.0,
      "min": 22344.0,
      "max": 22344.0,
      "count": 1,
      "ratio_to_perfect": 0.44260444109898384
    },
    "perfect_score": {
      "rewards": [
        50483.0
      ],
      "mean": 50483.0,
      "std": 0.0,
      "min": 50483.0,
      "max": 50483.0,
      "count": 1,
      "ratio_to_perfect": 1.0
    }
  },
  "errors": {}
}