{
  "instance_dir": "/shared/share_malatown/OR_Agent/examples/benchmark/real_trajectory/lead_time_0/636323003",
  "instance_name": "636323003",
  "promised_lead_time": 0,
  "model": "x-ai/grok-4.1-fast",
  "num_runs_llm": 1,
  "num_runs_deterministic": 1,
  "max_periods": null,
  "summary": {
    "perfect_score": 61655.0,
    "ratios": {
      "or": 0.9071932527775525,
      "llm": 0.888670829616414,
      "llm_to_or": 0.8952072013624199,
      "or_to_llm": 0.8935041764658178,
      "perfect_score": 1.0
    },
    "warnings": null
  },
  "results": {
    "or": {
      "rewards": [
        55933.0
      ],
      "mean": 55933.0,
      "std": 0.0,
      "min": 55933.0,
      "max": 55933.0,
      "count": 1,
      "ratio_to_perfect": 0.9071932527775525
    },
    "llm": {
      "rewards": [
        54791.0
      ],
      "mean": 54791.0,
      "std": 0.0,
      "min": 54791.0,
      "max": 54791.0,
      "count": 1,
      "ratio_to_perfect": 0.888670829616414
    },
    "llm_to_or": {
      "rewards": [
        55194.0
      ],
      "mean": 55194.0,
      "std": 0.0,
      "min": 55194.0,
      "max": 55194.0,
      "count": 1,
      "ratio_to_perfect": 0.8952072013624199
    },
    "or_to_llm": {
      "rewards": [
        55089.0
      ],
      "mean": 55089.0,
      "std": 0.0,
      "min": 55089.0,
      "max": 55089.0,
      "count": 1,
      "ratio_to_perfect": 0.8935041764658178
    },
    "perfect_score": {
      "rewards": [
        61655.0
      ],
      "mean": 61655.0,
      "std": 0.0,
      "min": 61655.0,
      "max": 61655.0,
      "count": 1,
      "ratio_to_perfect": 1.0
    }
  },
  "errors": {}
}