{
  "instance_dir": "/shared/share_malatown/OR_Agent/examples/benchmark/real_trajectory/lead_time_0/677930023",
  "instance_name": "677930023",
  "promised_lead_time": 0,
  "model": "x-ai/grok-4.1-fast",
  "num_runs_llm": 1,
  "num_runs_deterministic": 1,
  "max_periods": null,
  "summary": {
    "perfect_score": 12520.0,
    "ratios": {
      "or": 0.4910543130990415,
      "llm": 0.3253993610223642,
      "llm_to_or": 0.6023961661341853,
      "or_to_llm": 0.5370607028753993,
      "perfect_score": 1.0
    },
    "warnings": null
  },
  "results": {
    "or": {
      "rewards": [
        6148.0
      ],
      "mean": 6148.0,
      "std": 0.0,
      "min": 6148.0,
      "max": 6148.0,
      "count": 1,
      "ratio_to_perfect": 0.4910543130990415
    },
    "llm": {
      "rewards": [
        4074.0
      ],
      "mean": 4074.0,
      "std": 0.0,
      "min": 4074.0,
      "max": 4074.0,
      "count": 1,
      "ratio_to_perfect": 0.3253993610223642
    },
    "llm_to_or": {
      "rewards": [
        7542.0
      ],
      "mean": 7542.0,
      "std": 0.0,
      "min": 7542.0,
      "max": 7542.0,
      "count": 1,
      "ratio_to_perfect": 0.6023961661341853
    },
    "or_to_llm": {
      "rewards": [
        6724.0
      ],
      "mean": 6724.0,
      "std": 0.0,
      "min": 6724.0,
      "max": 6724.0,
      "count": 1,
      "ratio_to_perfect": 0.5370607028753993
    },
    "perfect_score": {
      "rewards": [
        12520.0
      ],
      "mean": 12520.0,
      "std": 0.0,
      "min": 12520.0,
      "max": 12520.0,
      "count": 1,
      "ratio_to_perfect": 1.0
    }
  },
  "errors": {}
}