{
  "instance_dir": "D:\\TextArena\\examples\\benchmark\\real_trajectory\\lead_time_0\\678342002",
  "instance_name": "678342002",
  "promised_lead_time": 0,
  "model": "google/gemini-3-flash-preview",
  "num_runs_llm": 1,
  "num_runs_deterministic": 1,
  "max_periods": null,
  "summary": {
    "perfect_score": 2900.0,
    "ratios": {
      "or": 0.48137931034482756,
      "llm": 0.6882758620689655,
      "llm_to_or": 0.6920689655172414,
      "or_to_llm": 0.6717241379310345,
      "perfect_score": 1.0
    },
    "warnings": null
  },
  "results": {
    "or": {
      "rewards": [
        1396.0
      ],
      "mean": 1396.0,
      "std": 0.0,
      "min": 1396.0,
      "max": 1396.0,
      "count": 1,
      "ratio_to_perfect": 0.48137931034482756
    },
    "llm": {
      "rewards": [
        1996.0
      ],
      "mean": 1996.0,
      "std": 0.0,
      "min": 1996.0,
      "max": 1996.0,
      "count": 1,
      "ratio_to_perfect": 0.6882758620689655
    },
    "llm_to_or": {
      "rewards": [
        2007.0
      ],
      "mean": 2007.0,
      "std": 0.0,
      "min": 2007.0,
      "max": 2007.0,
      "count": 1,
      "ratio_to_perfect": 0.6920689655172414
    },
    "or_to_llm": {
      "rewards": [
        1948.0
      ],
      "mean": 1948.0,
      "std": 0.0,
      "min": 1948.0,
      "max": 1948.0,
      "count": 1,
      "ratio_to_perfect": 0.6717241379310345
    },
    "perfect_score": {
      "rewards": [
        2900.0
      ],
      "mean": 2900.0,
      "std": 0.0,
      "min": 2900.0,
      "max": 2900.0,
      "count": 1,
      "ratio_to_perfect": 1.0
    }
  },
  "errors": {}
}