{
  "instance_dir": "/shared/share_malatown/OR_Agent/examples/benchmark/real_trajectory/lead_time_4/697054014",
  "instance_name": "697054014",
  "promised_lead_time": 4,
  "model": "x-ai/grok-4.1-fast",
  "num_runs_llm": 1,
  "num_runs_deterministic": 1,
  "max_periods": null,
  "summary": {
    "perfect_score": 88882.0,
    "ratios": {
      "or": 0.7624490898044598,
      "llm": 0.7144078666096623,
      "llm_to_or": 0.7115613960081907,
      "or_to_llm": 0.7603451767511982,
      "perfect_score": 1.0
    },
    "warnings": null
  },
  "results": {
    "or": {
      "rewards": [
        67768.0
      ],
      "mean": 67768.0,
      "std": 0.0,
      "min": 67768.0,
      "max": 67768.0,
      "count": 1,
      "ratio_to_perfect": 0.7624490898044598
    },
    "llm": {
      "rewards": [
        63498.0
      ],
      "mean": 63498.0,
      "std": 0.0,
      "min": 63498.0,
      "max": 63498.0,
      "count": 1,
      "ratio_to_perfect": 0.7144078666096623
    },
    "llm_to_or": {
      "rewards": [
        63245.0
      ],
      "mean": 63245.0,
      "std": 0.0,
      "min": 63245.0,
      "max": 63245.0,
      "count": 1,
      "ratio_to_perfect": 0.7115613960081907
    },
    "or_to_llm": {
      "rewards": [
        67581.0
      ],
      "mean": 67581.0,
      "std": 0.0,
      "min": 67581.0,
      "max": 67581.0,
      "count": 1,
      "ratio_to_perfect": 0.7603451767511982
    },
    "perfect_score": {
      "rewards": [
        88882.0
      ],
      "mean": 88882.0,
      "std": 0.0,
      "min": 88882.0,
      "max": 88882.0,
      "count": 1,
      "ratio_to_perfect": 1.0
    }
  },
  "errors": {}
}