{
  "instance_dir": "D:\\TextArena\\examples\\benchmark\\real_trajectory\\lead_time_4\\711053003",
  "instance_name": "711053003",
  "promised_lead_time": 4,
  "model": "google/gemini-3-flash-preview",
  "num_runs_llm": 1,
  "num_runs_deterministic": 1,
  "max_periods": null,
  "summary": {
    "perfect_score": 24468.0,
    "ratios": {
      "or": 0.5669445806768023,
      "llm": 0.3438368481281674,
      "llm_to_or": 0.5032287068824587,
      "or_to_llm": 0.5732793853196011,
      "perfect_score": 1.0
    },
    "warnings": null
  },
  "results": {
    "or": {
      "rewards": [
        13872.0
      ],
      "mean": 13872.0,
      "std": 0.0,
      "min": 13872.0,
      "max": 13872.0,
      "count": 1,
      "ratio_to_perfect": 0.5669445806768023
    },
    "llm": {
      "rewards": [
        8413.0
      ],
      "mean": 8413.0,
      "std": 0.0,
      "min": 8413.0,
      "max": 8413.0,
      "count": 1,
      "ratio_to_perfect": 0.3438368481281674
    },
    "llm_to_or": {
      "rewards": [
        12313.0
      ],
      "mean": 12313.0,
      "std": 0.0,
      "min": 12313.0,
      "max": 12313.0,
      "count": 1,
      "ratio_to_perfect": 0.5032287068824587
    },
    "or_to_llm": {
      "rewards": [
        14027.0
      ],
      "mean": 14027.0,
      "std": 0.0,
      "min": 14027.0,
      "max": 14027.0,
      "count": 1,
      "ratio_to_perfect": 0.5732793853196011
    },
    "perfect_score": {
      "rewards": [
        24468.0
      ],
      "mean": 24468.0,
      "std": 0.0,
      "min": 24468.0,
      "max": 24468.0,
      "count": 1,
      "ratio_to_perfect": 1.0
    }
  },
  "errors": {}
}