{
  "instance_dir": "/shared/share_malatown/OR_Agent/examples/benchmark/real_trajectory/lead_time_4/706016003",
  "instance_name": "706016003",
  "promised_lead_time": 4,
  "model": "x-ai/grok-4.1-fast",
  "num_runs_llm": 1,
  "num_runs_deterministic": 1,
  "max_periods": null,
  "summary": {
    "perfect_score": 38396.0,
    "ratios": {
      "or": -0.16954891134493177,
      "llm": 0.010782373163871237,
      "llm_to_or": -0.10889155120325034,
      "or_to_llm": -0.1440775080737577,
      "perfect_score": 1.0
    },
    "warnings": null
  },
  "results": {
    "or": {
      "rewards": [
        -6510.0
      ],
      "mean": -6510.0,
      "std": 0.0,
      "min": -6510.0,
      "max": -6510.0,
      "count": 1,
      "ratio_to_perfect": -0.16954891134493177
    },
    "llm": {
      "rewards": [
        414.0
      ],
      "mean": 414.0,
      "std": 0.0,
      "min": 414.0,
      "max": 414.0,
      "count": 1,
      "ratio_to_perfect": 0.010782373163871237
    },
    "llm_to_or": {
      "rewards": [
        -4181.0
      ],
      "mean": -4181.0,
      "std": 0.0,
      "min": -4181.0,
      "max": -4181.0,
      "count": 1,
      "ratio_to_perfect": -0.10889155120325034
    },
    "or_to_llm": {
      "rewards": [
        -5532.0
      ],
      "mean": -5532.0,
      "std": 0.0,
      "min": -5532.0,
      "max": -5532.0,
      "count": 1,
      "ratio_to_perfect": -0.1440775080737577
    },
    "perfect_score": {
      "rewards": [
        38396.0
      ],
      "mean": 38396.0,
      "std": 0.0,
      "min": 38396.0,
      "max": 38396.0,
      "count": 1,
      "ratio_to_perfect": 1.0
    }
  },
  "errors": {}
}