{
  "instance_dir": "/shared/share_malatown/OR_Agent/examples/benchmark/real_trajectory/lead_time_4/580770001",
  "instance_name": "580770001",
  "promised_lead_time": 4,
  "model": "x-ai/grok-4.1-fast",
  "num_runs_llm": 1,
  "num_runs_deterministic": 1,
  "max_periods": null,
  "summary": {
    "perfect_score": 1896.0,
    "ratios": {
      "or": -4.314873417721519,
      "llm": -5.4978902953586495,
      "llm_to_or": -2.9862869198312234,
      "or_to_llm": -4.708333333333333,
      "perfect_score": 1.0
    },
    "warnings": null
  },
  "results": {
    "or": {
      "rewards": [
        -8181.0
      ],
      "mean": -8181.0,
      "std": 0.0,
      "min": -8181.0,
      "max": -8181.0,
      "count": 1,
      "ratio_to_perfect": -4.314873417721519
    },
    "llm": {
      "rewards": [
        -10424.0
      ],
      "mean": -10424.0,
      "std": 0.0,
      "min": -10424.0,
      "max": -10424.0,
      "count": 1,
      "ratio_to_perfect": -5.4978902953586495
    },
    "llm_to_or": {
      "rewards": [
        -5662.0
      ],
      "mean": -5662.0,
      "std": 0.0,
      "min": -5662.0,
      "max": -5662.0,
      "count": 1,
      "ratio_to_perfect": -2.9862869198312234
    },
    "or_to_llm": {
      "rewards": [
        -8927.0
      ],
      "mean": -8927.0,
      "std": 0.0,
      "min": -8927.0,
      "max": -8927.0,
      "count": 1,
      "ratio_to_perfect": -4.708333333333333
    },
    "perfect_score": {
      "rewards": [
        1896.0
      ],
      "mean": 1896.0,
      "std": 0.0,
      "min": 1896.0,
      "max": 1896.0,
      "count": 1,
      "ratio_to_perfect": 1.0
    }
  },
  "errors": {}
}