{
  "instance_dir": "D:\\TextArena\\examples\\benchmark\\real_trajectory\\lead_time_0\\706016001",
  "instance_name": "706016001",
  "promised_lead_time": 0,
  "model": "google/gemini-3-flash-preview",
  "num_runs_llm": 1,
  "num_runs_deterministic": 1,
  "max_periods": null,
  "summary": {
    "perfect_score": 26370.0,
    "ratios": {
      "or": 0.6356465680697763,
      "llm": 0.5963215775502465,
      "llm_to_or": 0.6732650739476678,
      "or_to_llm": 0.6775881683731513,
      "perfect_score": 1.0
    },
    "warnings": null
  },
  "results": {
    "or": {
      "rewards": [
        16762.0
      ],
      "mean": 16762.0,
      "std": 0.0,
      "min": 16762.0,
      "max": 16762.0,
      "count": 1,
      "ratio_to_perfect": 0.6356465680697763
    },
    "llm": {
      "rewards": [
        15725.0
      ],
      "mean": 15725.0,
      "std": 0.0,
      "min": 15725.0,
      "max": 15725.0,
      "count": 1,
      "ratio_to_perfect": 0.5963215775502465
    },
    "llm_to_or": {
      "rewards": [
        17754.0
      ],
      "mean": 17754.0,
      "std": 0.0,
      "min": 17754.0,
      "max": 17754.0,
      "count": 1,
      "ratio_to_perfect": 0.6732650739476678
    },
    "or_to_llm": {
      "rewards": [
        17868.0
      ],
      "mean": 17868.0,
      "std": 0.0,
      "min": 17868.0,
      "max": 17868.0,
      "count": 1,
      "ratio_to_perfect": 0.6775881683731513
    },
    "perfect_score": {
      "rewards": [
        26370.0
      ],
      "mean": 26370.0,
      "std": 0.0,
      "min": 26370.0,
      "max": 26370.0,
      "count": 1,
      "ratio_to_perfect": 1.0
    }
  },
  "errors": {}
}