{
  "instance_dir": "D:\\TextArena\\examples\\benchmark\\synthetic_trajectory\\lead_time_4\\p06_variance_change\\v1_normal_to_uniform\\r2_high",
  "instance_name": "r2_high",
  "promised_lead_time": 4,
  "model": "openai/gpt-5-mini",
  "num_runs_llm": 1,
  "num_runs_deterministic": 1,
  "max_periods": null,
  "summary": {
    "perfect_score": 86260.0,
    "ratios": {
      "or": 0.7702411314630188,
      "llm": 0.6412821701831671,
      "llm_to_or": 0.7830164618594946,
      "or_to_llm": 0.6680384882912126,
      "perfect_score": 1.0
    },
    "warnings": null
  },
  "results": {
    "or": {
      "rewards": [
        66441.0
      ],
      "mean": 66441.0,
      "std": 0.0,
      "min": 66441.0,
      "max": 66441.0,
      "count": 1,
      "ratio_to_perfect": 0.7702411314630188
    },
    "llm": {
      "rewards": [
        55317.0
      ],
      "mean": 55317.0,
      "std": 0.0,
      "min": 55317.0,
      "max": 55317.0,
      "count": 1,
      "ratio_to_perfect": 0.6412821701831671
    },
    "llm_to_or": {
      "rewards": [
        67543.0
      ],
      "mean": 67543.0,
      "std": 0.0,
      "min": 67543.0,
      "max": 67543.0,
      "count": 1,
      "ratio_to_perfect": 0.7830164618594946
    },
    "or_to_llm": {
      "rewards": [
        57625.0
      ],
      "mean": 57625.0,
      "std": 0.0,
      "min": 57625.0,
      "max": 57625.0,
      "count": 1,
      "ratio_to_perfect": 0.6680384882912126
    },
    "perfect_score": {
      "rewards": [
        86260.0
      ],
      "mean": 86260.0,
      "std": 0.0,
      "min": 86260.0,
      "max": 86260.0,
      "count": 1,
      "ratio_to_perfect": 1.0
    }
  },
  "errors": {}
}