{
  "instance_dir": "/shared/share_malatown/OR-Agent-GPT5mini-benchmark/examples/benchmark/real_trajectory/lead_time_0/253448001",
  "instance_name": "253448001",
  "promised_lead_time": 0,
  "model": "openai/gpt-5-mini",
  "num_runs_llm": 1,
  "num_runs_deterministic": 1,
  "max_periods": null,
  "summary": {
    "perfect_score": 9720.0,
    "ratios": {
      "or": 0.812037037037037,
      "llm": 0.8290123456790124,
      "llm_to_or": 0.8309670781893004,
      "or_to_llm": 0.8322016460905349,
      "perfect_score": 1.0
    },
    "warnings": null
  },
  "results": {
    "or": {
      "rewards": [
        7893.0
      ],
      "mean": 7893.0,
      "std": 0.0,
      "min": 7893.0,
      "max": 7893.0,
      "count": 1,
      "ratio_to_perfect": 0.812037037037037
    },
    "llm": {
      "rewards": [
        8058.0
      ],
      "mean": 8058.0,
      "std": 0.0,
      "min": 8058.0,
      "max": 8058.0,
      "count": 1,
      "ratio_to_perfect": 0.8290123456790124
    },
    "llm_to_or": {
      "rewards": [
        8077.0
      ],
      "mean": 8077.0,
      "std": 0.0,
      "min": 8077.0,
      "max": 8077.0,
      "count": 1,
      "ratio_to_perfect": 0.8309670781893004
    },
    "or_to_llm": {
      "rewards": [
        8089.0
      ],
      "mean": 8089.0,
      "std": 0.0,
      "min": 8089.0,
      "max": 8089.0,
      "count": 1,
      "ratio_to_perfect": 0.8322016460905349
    },
    "perfect_score": {
      "rewards": [
        9720.0
      ],
      "mean": 9720.0,
      "std": 0.0,
      "min": 9720.0,
      "max": 9720.0,
      "count": 1,
      "ratio_to_perfect": 1.0
    }
  },
  "errors": {}
}