{
  "instance_dir": "/shared/share_malatown/OR_Agent/examples/benchmark/synthetic_trajectory/lead_time_stochastic/p10_autocorrelated/v4_phi_neg_0_3/r2_high",
  "instance_name": "r2_high",
  "promised_lead_time": 2,
  "model": "x-ai/grok-4.1-fast",
  "num_runs_llm": 1,
  "num_runs_deterministic": 1,
  "max_periods": null,
  "summary": {
    "perfect_score": 91751.0,
    "ratios": {
      "or": 0.13098494839293304,
      "llm": 0.7020958899630522,
      "llm_to_or": 0.5568004708395549,
      "or_to_llm": 0.3875707076762106,
      "perfect_score": 1.0
    },
    "warnings": null
  },
  "results": {
    "or": {
      "rewards": [
        12018.0
      ],
      "mean": 12018.0,
      "std": 0.0,
      "min": 12018.0,
      "max": 12018.0,
      "count": 1,
      "ratio_to_perfect": 0.13098494839293304
    },
    "llm": {
      "rewards": [
        64418.0
      ],
      "mean": 64418.0,
      "std": 0.0,
      "min": 64418.0,
      "max": 64418.0,
      "count": 1,
      "ratio_to_perfect": 0.7020958899630522
    },
    "llm_to_or": {
      "rewards": [
        51087.0
      ],
      "mean": 51087.0,
      "std": 0.0,
      "min": 51087.0,
      "max": 51087.0,
      "count": 1,
      "ratio_to_perfect": 0.5568004708395549
    },
    "or_to_llm": {
      "rewards": [
        35560.0
      ],
      "mean": 35560.0,
      "std": 0.0,
      "min": 35560.0,
      "max": 35560.0,
      "count": 1,
      "ratio_to_perfect": 0.3875707076762106
    },
    "perfect_score": {
      "rewards": [
        91751.0
      ],
      "mean": 91751.0,
      "std": 0.0,
      "min": 91751.0,
      "max": 91751.0,
      "count": 1,
      "ratio_to_perfect": 1.0
    }
  },
  "errors": {}
}