{
  "instance_dir": "/shared/share_malatown/OR_Agent/examples/benchmark/synthetic_trajectory/lead_time_0/p04_increasing_trend/v1_linear_100t/r2_low",
  "instance_name": "r2_low",
  "promised_lead_time": 0,
  "model": "x-ai/grok-4.1-fast",
  "num_runs_llm": 1,
  "num_runs_deterministic": 1,
  "max_periods": null,
  "summary": {
    "perfect_score": 127942.0,
    "ratios": {
      "or": 0.44544402932578825,
      "llm": 0.9430992168326273,
      "llm_to_or": 0.875177814947398,
      "or_to_llm": 0.9165012271185381,
      "perfect_score": 1.0
    },
    "warnings": null
  },
  "results": {
    "or": {
      "rewards": [
        56991.0
      ],
      "mean": 56991.0,
      "std": 0.0,
      "min": 56991.0,
      "max": 56991.0,
      "count": 1,
      "ratio_to_perfect": 0.44544402932578825
    },
    "llm": {
      "rewards": [
        120662.0
      ],
      "mean": 120662.0,
      "std": 0.0,
      "min": 120662.0,
      "max": 120662.0,
      "count": 1,
      "ratio_to_perfect": 0.9430992168326273
    },
    "llm_to_or": {
      "rewards": [
        111972.0
      ],
      "mean": 111972.0,
      "std": 0.0,
      "min": 111972.0,
      "max": 111972.0,
      "count": 1,
      "ratio_to_perfect": 0.875177814947398
    },
    "or_to_llm": {
      "rewards": [
        117259.0
      ],
      "mean": 117259.0,
      "std": 0.0,
      "min": 117259.0,
      "max": 117259.0,
      "count": 1,
      "ratio_to_perfect": 0.9165012271185381
    },
    "perfect_score": {
      "rewards": [
        127942.0
      ],
      "mean": 127942.0,
      "std": 0.0,
      "min": 127942.0,
      "max": 127942.0,
      "count": 1,
      "ratio_to_perfect": 1.0
    }
  },
  "errors": {}
}