{
  "instance_dir": "/shared/share_malatown/OR_Agent/examples/benchmark/real_trajectory/lead_time_stochastic/399087021",
  "instance_name": "399087021",
  "promised_lead_time": 2,
  "model": "x-ai/grok-4.1-fast",
  "num_runs_llm": 1,
  "num_runs_deterministic": 1,
  "max_periods": null,
  "summary": {
    "perfect_score": 8464.0,
    "ratios": {
      "or": 0.07892249527410208,
      "llm": -0.9302930056710775,
      "llm_to_or": 0.06687145557655955,
      "or_to_llm": 0.14933837429111532,
      "perfect_score": 1.0
    },
    "warnings": null
  },
  "results": {
    "or": {
      "rewards": [
        668.0
      ],
      "mean": 668.0,
      "std": 0.0,
      "min": 668.0,
      "max": 668.0,
      "count": 1,
      "ratio_to_perfect": 0.07892249527410208
    },
    "llm": {
      "rewards": [
        -7874.0
      ],
      "mean": -7874.0,
      "std": 0.0,
      "min": -7874.0,
      "max": -7874.0,
      "count": 1,
      "ratio_to_perfect": -0.9302930056710775
    },
    "llm_to_or": {
      "rewards": [
        566.0
      ],
      "mean": 566.0,
      "std": 0.0,
      "min": 566.0,
      "max": 566.0,
      "count": 1,
      "ratio_to_perfect": 0.06687145557655955
    },
    "or_to_llm": {
      "rewards": [
        1264.0
      ],
      "mean": 1264.0,
      "std": 0.0,
      "min": 1264.0,
      "max": 1264.0,
      "count": 1,
      "ratio_to_perfect": 0.14933837429111532
    },
    "perfect_score": {
      "rewards": [
        8464.0
      ],
      "mean": 8464.0,
      "std": 0.0,
      "min": 8464.0,
      "max": 8464.0,
      "count": 1,
      "ratio_to_perfect": 1.0
    }
  },
  "errors": {}
}