{
  "instance_dir": "D:\\TextArena\\examples\\benchmark\\synthetic_trajectory\\lead_time_0\\p10_autocorrelated\\v4_phi_neg_0_3\\r1_high",
  "instance_name": "r1_high",
  "promised_lead_time": 0,
  "model": "openai/gpt-5-mini",
  "num_runs_llm": 1,
  "num_runs_deterministic": 1,
  "max_periods": null,
  "summary": {
    "perfect_score": 96900.0,
    "ratios": {
      "or": 0.9700103199174407,
      "llm": 0.9079153766769866,
      "llm_to_or": 0.9695872033023736,
      "or_to_llm": 0.9635087719298245,
      "perfect_score": 1.0
    },
    "warnings": null
  },
  "results": {
    "or": {
      "rewards": [
        93994.0
      ],
      "mean": 93994.0,
      "std": 0.0,
      "min": 93994.0,
      "max": 93994.0,
      "count": 1,
      "ratio_to_perfect": 0.9700103199174407
    },
    "llm": {
      "rewards": [
        87977.0
      ],
      "mean": 87977.0,
      "std": 0.0,
      "min": 87977.0,
      "max": 87977.0,
      "count": 1,
      "ratio_to_perfect": 0.9079153766769866
    },
    "llm_to_or": {
      "rewards": [
        93953.0
      ],
      "mean": 93953.0,
      "std": 0.0,
      "min": 93953.0,
      "max": 93953.0,
      "count": 1,
      "ratio_to_perfect": 0.9695872033023736
    },
    "or_to_llm": {
      "rewards": [
        93364.0
      ],
      "mean": 93364.0,
      "std": 0.0,
      "min": 93364.0,
      "max": 93364.0,
      "count": 1,
      "ratio_to_perfect": 0.9635087719298245
    },
    "perfect_score": {
      "rewards": [
        96900.0
      ],
      "mean": 96900.0,
      "std": 0.0,
      "min": 96900.0,
      "max": 96900.0,
      "count": 1,
      "ratio_to_perfect": 1.0
    }
  },
  "errors": {}
}