{
  "instance_dir": "D:\\TextArena\\examples\\benchmark\\real_trajectory\\lead_time_stochastic\\711053004",
  "instance_name": "711053004",
  "promised_lead_time": 2,
  "model": "google/gemini-3-flash-preview",
  "num_runs_llm": 1,
  "num_runs_deterministic": 1,
  "max_periods": null,
  "summary": {
    "perfect_score": 58349.0,
    "ratios": {
      "or": 0.3417367906905003,
      "llm": 0.48612658314624074,
      "llm_to_or": 0.43543162693448045,
      "or_to_llm": 0.6220843544876519,
      "perfect_score": 1.0
    },
    "warnings": null
  },
  "results": {
    "or": {
      "rewards": [
        19940.0
      ],
      "mean": 19940.0,
      "std": 0.0,
      "min": 19940.0,
      "max": 19940.0,
      "count": 1,
      "ratio_to_perfect": 0.3417367906905003
    },
    "llm": {
      "rewards": [
        28365.0
      ],
      "mean": 28365.0,
      "std": 0.0,
      "min": 28365.0,
      "max": 28365.0,
      "count": 1,
      "ratio_to_perfect": 0.48612658314624074
    },
    "llm_to_or": {
      "rewards": [
        25407.0
      ],
      "mean": 25407.0,
      "std": 0.0,
      "min": 25407.0,
      "max": 25407.0,
      "count": 1,
      "ratio_to_perfect": 0.43543162693448045
    },
    "or_to_llm": {
      "rewards": [
        36298.0
      ],
      "mean": 36298.0,
      "std": 0.0,
      "min": 36298.0,
      "max": 36298.0,
      "count": 1,
      "ratio_to_perfect": 0.6220843544876519
    },
    "perfect_score": {
      "rewards": [
        58349.0
      ],
      "mean": 58349.0,
      "std": 0.0,
      "min": 58349.0,
      "max": 58349.0,
      "count": 1,
      "ratio_to_perfect": 1.0
    }
  },
  "errors": {}
}