{
  "instance_dir": "D:\\TextArena\\examples\\benchmark\\synthetic_trajectory\\lead_time_0\\p02_mean_increase\\v4_100to200_samevar\\r1_high",
  "instance_name": "r1_high",
  "promised_lead_time": 0,
  "model": "openai/gpt-5-mini",
  "num_runs_llm": 1,
  "num_runs_deterministic": 1,
  "max_periods": null,
  "summary": {
    "perfect_score": 160949.0,
    "ratios": {
      "or": 0.9665794754860235,
      "llm": 0.926840179187196,
      "llm_to_or": 0.9678158919906306,
      "or_to_llm": 0.9613542177956993,
      "perfect_score": 1.0
    },
    "warnings": null
  },
  "results": {
    "or": {
      "rewards": [
        155570.0
      ],
      "mean": 155570.0,
      "std": 0.0,
      "min": 155570.0,
      "max": 155570.0,
      "count": 1,
      "ratio_to_perfect": 0.9665794754860235
    },
    "llm": {
      "rewards": [
        149174.0
      ],
      "mean": 149174.0,
      "std": 0.0,
      "min": 149174.0,
      "max": 149174.0,
      "count": 1,
      "ratio_to_perfect": 0.926840179187196
    },
    "llm_to_or": {
      "rewards": [
        155769.0
      ],
      "mean": 155769.0,
      "std": 0.0,
      "min": 155769.0,
      "max": 155769.0,
      "count": 1,
      "ratio_to_perfect": 0.9678158919906306
    },
    "or_to_llm": {
      "rewards": [
        154729.0
      ],
      "mean": 154729.0,
      "std": 0.0,
      "min": 154729.0,
      "max": 154729.0,
      "count": 1,
      "ratio_to_perfect": 0.9613542177956993
    },
    "perfect_score": {
      "rewards": [
        160949.0
      ],
      "mean": 160949.0,
      "std": 0.0,
      "min": 160949.0,
      "max": 160949.0,
      "count": 1,
      "ratio_to_perfect": 1.0
    }
  },
  "errors": {}
}