{
  "instance_dir": "/shared/share_malatown/OR-Agent-GPT5mini-benchmark/examples/benchmark/real_trajectory/lead_time_stochastic/728162002",
  "instance_name": "728162002",
  "promised_lead_time": 2,
  "model": "openai/gpt-5-mini",
  "num_runs_llm": 1,
  "num_runs_deterministic": 1,
  "max_periods": null,
  "summary": {
    "perfect_score": 20380.0,
    "ratios": {
      "or": 0.3099116781157998,
      "llm": 0.22286555446516193,
      "llm_to_or": 0.17566241413150147,
      "or_to_llm": 0.1525515210991168,
      "perfect_score": 1.0
    },
    "warnings": null
  },
  "results": {
    "or": {
      "rewards": [
        6316.0
      ],
      "mean": 6316.0,
      "std": 0.0,
      "min": 6316.0,
      "max": 6316.0,
      "count": 1,
      "ratio_to_perfect": 0.3099116781157998
    },
    "llm": {
      "rewards": [
        4542.0
      ],
      "mean": 4542.0,
      "std": 0.0,
      "min": 4542.0,
      "max": 4542.0,
      "count": 1,
      "ratio_to_perfect": 0.22286555446516193
    },
    "llm_to_or": {
      "rewards": [
        3580.0
      ],
      "mean": 3580.0,
      "std": 0.0,
      "min": 3580.0,
      "max": 3580.0,
      "count": 1,
      "ratio_to_perfect": 0.17566241413150147
    },
    "or_to_llm": {
      "rewards": [
        3109.0
      ],
      "mean": 3109.0,
      "std": 0.0,
      "min": 3109.0,
      "max": 3109.0,
      "count": 1,
      "ratio_to_perfect": 0.1525515210991168
    },
    "perfect_score": {
      "rewards": [
        20380.0
      ],
      "mean": 20380.0,
      "std": 0.0,
      "min": 20380.0,
      "max": 20380.0,
      "count": 1,
      "ratio_to_perfect": 1.0
    }
  },
  "errors": {}
}