{
  "instance_dir": "/shared/share_malatown/OR_Agent/examples/benchmark/real_trajectory/lead_time_stochastic/688558002",
  "instance_name": "688558002",
  "promised_lead_time": 2,
  "model": "x-ai/grok-4.1-fast",
  "num_runs_llm": 1,
  "num_runs_deterministic": 1,
  "max_periods": null,
  "summary": {
    "perfect_score": 14880.0,
    "ratios": {
      "or": 0.16404569892473117,
      "llm": 0.07809139784946237,
      "llm_to_or": 0.3096774193548387,
      "or_to_llm": 0.17956989247311828,
      "perfect_score": 1.0
    },
    "warnings": null
  },
  "results": {
    "or": {
      "rewards": [
        2441.0
      ],
      "mean": 2441.0,
      "std": 0.0,
      "min": 2441.0,
      "max": 2441.0,
      "count": 1,
      "ratio_to_perfect": 0.16404569892473117
    },
    "llm": {
      "rewards": [
        1162.0
      ],
      "mean": 1162.0,
      "std": 0.0,
      "min": 1162.0,
      "max": 1162.0,
      "count": 1,
      "ratio_to_perfect": 0.07809139784946237
    },
    "llm_to_or": {
      "rewards": [
        4608.0
      ],
      "mean": 4608.0,
      "std": 0.0,
      "min": 4608.0,
      "max": 4608.0,
      "count": 1,
      "ratio_to_perfect": 0.3096774193548387
    },
    "or_to_llm": {
      "rewards": [
        2672.0
      ],
      "mean": 2672.0,
      "std": 0.0,
      "min": 2672.0,
      "max": 2672.0,
      "count": 1,
      "ratio_to_perfect": 0.17956989247311828
    },
    "perfect_score": {
      "rewards": [
        14880.0
      ],
      "mean": 14880.0,
      "std": 0.0,
      "min": 14880.0,
      "max": 14880.0,
      "count": 1,
      "ratio_to_perfect": 1.0
    }
  },
  "errors": {}
}