{
  "instance_dir": "/shared/share_malatown/OR-Agent-GPT5mini-benchmark/examples/benchmark/real_trajectory/lead_time_stochastic/507883014",
  "instance_name": "507883014",
  "promised_lead_time": 2,
  "model": "openai/gpt-5-mini",
  "num_runs_llm": 1,
  "num_runs_deterministic": 1,
  "max_periods": null,
  "summary": {
    "perfect_score": 52573.0,
    "ratios": {
      "or": 0.2709375534970422,
      "llm": 0.14802274931999315,
      "llm_to_or": 0.18711125482662203,
      "or_to_llm": 0.2770243280771499,
      "perfect_score": 1.0
    },
    "warnings": null
  },
  "results": {
    "or": {
      "rewards": [
        14244.0
      ],
      "mean": 14244.0,
      "std": 0.0,
      "min": 14244.0,
      "max": 14244.0,
      "count": 1,
      "ratio_to_perfect": 0.2709375534970422
    },
    "llm": {
      "rewards": [
        7782.0
      ],
      "mean": 7782.0,
      "std": 0.0,
      "min": 7782.0,
      "max": 7782.0,
      "count": 1,
      "ratio_to_perfect": 0.14802274931999315
    },
    "llm_to_or": {
      "rewards": [
        9837.0
      ],
      "mean": 9837.0,
      "std": 0.0,
      "min": 9837.0,
      "max": 9837.0,
      "count": 1,
      "ratio_to_perfect": 0.18711125482662203
    },
    "or_to_llm": {
      "rewards": [
        14564.0
      ],
      "mean": 14564.0,
      "std": 0.0,
      "min": 14564.0,
      "max": 14564.0,
      "count": 1,
      "ratio_to_perfect": 0.2770243280771499
    },
    "perfect_score": {
      "rewards": [
        52573.0
      ],
      "mean": 52573.0,
      "std": 0.0,
      "min": 52573.0,
      "max": 52573.0,
      "count": 1,
      "ratio_to_perfect": 1.0
    }
  },
  "errors": {}
}