{
  "instance_dir": "/shared/share_malatown/OR_Agent/examples/benchmark/real_trajectory/lead_time_0/639448001",
  "instance_name": "639448001",
  "promised_lead_time": 0,
  "model": "x-ai/grok-4.1-fast",
  "num_runs_llm": 1,
  "num_runs_deterministic": 1,
  "max_periods": null,
  "summary": {
    "perfect_score": 9636.0,
    "ratios": {
      "or": 0.6876297218762972,
      "llm": 0.6104192611041926,
      "llm_to_or": 0.6333540888335409,
      "or_to_llm": 0.5729555832295559,
      "perfect_score": 1.0
    },
    "warnings": null
  },
  "results": {
    "or": {
      "rewards": [
        6626.0
      ],
      "mean": 6626.0,
      "std": 0.0,
      "min": 6626.0,
      "max": 6626.0,
      "count": 1,
      "ratio_to_perfect": 0.6876297218762972
    },
    "llm": {
      "rewards": [
        5882.0
      ],
      "mean": 5882.0,
      "std": 0.0,
      "min": 5882.0,
      "max": 5882.0,
      "count": 1,
      "ratio_to_perfect": 0.6104192611041926
    },
    "llm_to_or": {
      "rewards": [
        6103.0
      ],
      "mean": 6103.0,
      "std": 0.0,
      "min": 6103.0,
      "max": 6103.0,
      "count": 1,
      "ratio_to_perfect": 0.6333540888335409
    },
    "or_to_llm": {
      "rewards": [
        5521.0
      ],
      "mean": 5521.0,
      "std": 0.0,
      "min": 5521.0,
      "max": 5521.0,
      "count": 1,
      "ratio_to_perfect": 0.5729555832295559
    },
    "perfect_score": {
      "rewards": [
        9636.0
      ],
      "mean": 9636.0,
      "std": 0.0,
      "min": 9636.0,
      "max": 9636.0,
      "count": 1,
      "ratio_to_perfect": 1.0
    }
  },
  "errors": {}
}