{
  "instance_dir": "D:\\TextArena\\examples\\benchmark\\real_trajectory\\lead_time_4\\573085004",
  "instance_name": "573085004",
  "promised_lead_time": 4,
  "model": "google/gemini-3-flash-preview",
  "num_runs_llm": 1,
  "num_runs_deterministic": 1,
  "max_periods": null,
  "summary": {
    "perfect_score": 22052.0,
    "ratios": {
      "or": -0.32817884999093055,
      "llm": -1.1008978777435152,
      "llm_to_or": -0.8036005804462181,
      "or_to_llm": -0.6111010339198258,
      "perfect_score": 1.0
    },
    "warnings": null
  },
  "results": {
    "or": {
      "rewards": [
        -7237.0
      ],
      "mean": -7237.0,
      "std": 0.0,
      "min": -7237.0,
      "max": -7237.0,
      "count": 1,
      "ratio_to_perfect": -0.32817884999093055
    },
    "llm": {
      "rewards": [
        -24277.0
      ],
      "mean": -24277.0,
      "std": 0.0,
      "min": -24277.0,
      "max": -24277.0,
      "count": 1,
      "ratio_to_perfect": -1.1008978777435152
    },
    "llm_to_or": {
      "rewards": [
        -17721.0
      ],
      "mean": -17721.0,
      "std": 0.0,
      "min": -17721.0,
      "max": -17721.0,
      "count": 1,
      "ratio_to_perfect": -0.8036005804462181
    },
    "or_to_llm": {
      "rewards": [
        -13476.0
      ],
      "mean": -13476.0,
      "std": 0.0,
      "min": -13476.0,
      "max": -13476.0,
      "count": 1,
      "ratio_to_perfect": -0.6111010339198258
    },
    "perfect_score": {
      "rewards": [
        22052.0
      ],
      "mean": 22052.0,
      "std": 0.0,
      "min": 22052.0,
      "max": 22052.0,
      "count": 1,
      "ratio_to_perfect": 1.0
    }
  },
  "errors": {}
}