{
  "instance_dir": "D:\\TextArena\\examples\\benchmark\\synthetic_trajectory\\lead_time_4\\p04_increasing_trend\\v2_linear_50_3t\\r1_high",
  "instance_name": "r1_high",
  "promised_lead_time": 4,
  "model": "openai/gpt-5-mini",
  "num_runs_llm": 1,
  "num_runs_deterministic": 1,
  "max_periods": null,
  "summary": {
    "perfect_score": 114532.0,
    "ratios": {
      "or": 0.7342227499738064,
      "llm": 0.823638808367967,
      "llm_to_or": 0.8087783326930464,
      "or_to_llm": 0.8018632347291587,
      "perfect_score": 1.0
    },
    "warnings": null
  },
  "results": {
    "or": {
      "rewards": [
        84092.0
      ],
      "mean": 84092.0,
      "std": 0.0,
      "min": 84092.0,
      "max": 84092.0,
      "count": 1,
      "ratio_to_perfect": 0.7342227499738064
    },
    "llm": {
      "rewards": [
        94333.0
      ],
      "mean": 94333.0,
      "std": 0.0,
      "min": 94333.0,
      "max": 94333.0,
      "count": 1,
      "ratio_to_perfect": 0.823638808367967
    },
    "llm_to_or": {
      "rewards": [
        92631.0
      ],
      "mean": 92631.0,
      "std": 0.0,
      "min": 92631.0,
      "max": 92631.0,
      "count": 1,
      "ratio_to_perfect": 0.8087783326930464
    },
    "or_to_llm": {
      "rewards": [
        91839.0
      ],
      "mean": 91839.0,
      "std": 0.0,
      "min": 91839.0,
      "max": 91839.0,
      "count": 1,
      "ratio_to_perfect": 0.8018632347291587
    },
    "perfect_score": {
      "rewards": [
        114532.0
      ],
      "mean": 114532.0,
      "std": 0.0,
      "min": 114532.0,
      "max": 114532.0,
      "count": 1,
      "ratio_to_perfect": 1.0
    }
  },
  "errors": {}
}