{
  "instance_dir": "/shared/share_malatown/OR-Agent-GPT5mini-benchmark/examples/benchmark/real_trajectory/lead_time_0/372860001",
  "instance_name": "372860001",
  "promised_lead_time": 0,
  "model": "openai/gpt-5-mini",
  "num_runs_llm": 1,
  "num_runs_deterministic": 1,
  "max_periods": null,
  "summary": {
    "perfect_score": 14198.0,
    "ratios": {
      "or": 0.8046203690660656,
      "llm": 0.8339907029159036,
      "llm_to_or": 0.7979292858149035,
      "or_to_llm": 0.8258909705592337,
      "perfect_score": 1.0
    },
    "warnings": null
  },
  "results": {
    "or": {
      "rewards": [
        11424.0
      ],
      "mean": 11424.0,
      "std": 0.0,
      "min": 11424.0,
      "max": 11424.0,
      "count": 1,
      "ratio_to_perfect": 0.8046203690660656
    },
    "llm": {
      "rewards": [
        11841.0
      ],
      "mean": 11841.0,
      "std": 0.0,
      "min": 11841.0,
      "max": 11841.0,
      "count": 1,
      "ratio_to_perfect": 0.8339907029159036
    },
    "llm_to_or": {
      "rewards": [
        11329.0
      ],
      "mean": 11329.0,
      "std": 0.0,
      "min": 11329.0,
      "max": 11329.0,
      "count": 1,
      "ratio_to_perfect": 0.7979292858149035
    },
    "or_to_llm": {
      "rewards": [
        11726.0
      ],
      "mean": 11726.0,
      "std": 0.0,
      "min": 11726.0,
      "max": 11726.0,
      "count": 1,
      "ratio_to_perfect": 0.8258909705592337
    },
    "perfect_score": {
      "rewards": [
        14198.0
      ],
      "mean": 14198.0,
      "std": 0.0,
      "min": 14198.0,
      "max": 14198.0,
      "count": 1,
      "ratio_to_perfect": 1.0
    }
  },
  "errors": {}
}