{
  "instance_dir": "D:\\TextArena\\examples\\benchmark\\synthetic_trajectory\\lead_time_0\\p09_temp_spike_dip\\v2_temp_dip\\r1_med",
  "instance_name": "r1_med",
  "promised_lead_time": 0,
  "model": "google/gemini-3-flash-preview",
  "num_runs_llm": 1,
  "num_runs_deterministic": 1,
  "max_periods": null,
  "summary": {
    "perfect_score": 18552.0,
    "ratios": {
      "or": 0.8917097887020268,
      "llm": 0.8704182837429927,
      "llm_to_or": 0.8804441569642087,
      "or_to_llm": 0.8856727037516171,
      "perfect_score": 1.0
    },
    "warnings": null
  },
  "results": {
    "or": {
      "rewards": [
        16543.0
      ],
      "mean": 16543.0,
      "std": 0.0,
      "min": 16543.0,
      "max": 16543.0,
      "count": 1,
      "ratio_to_perfect": 0.8917097887020268
    },
    "llm": {
      "rewards": [
        16148.0
      ],
      "mean": 16148.0,
      "std": 0.0,
      "min": 16148.0,
      "max": 16148.0,
      "count": 1,
      "ratio_to_perfect": 0.8704182837429927
    },
    "llm_to_or": {
      "rewards": [
        16334.0
      ],
      "mean": 16334.0,
      "std": 0.0,
      "min": 16334.0,
      "max": 16334.0,
      "count": 1,
      "ratio_to_perfect": 0.8804441569642087
    },
    "or_to_llm": {
      "rewards": [
        16431.0
      ],
      "mean": 16431.0,
      "std": 0.0,
      "min": 16431.0,
      "max": 16431.0,
      "count": 1,
      "ratio_to_perfect": 0.8856727037516171
    },
    "perfect_score": {
      "rewards": [
        18552.0
      ],
      "mean": 18552.0,
      "std": 0.0,
      "min": 18552.0,
      "max": 18552.0,
      "count": 1,
      "ratio_to_perfect": 1.0
    }
  },
  "errors": {}
}