{
  "instance_dir": "D:\\TextArena\\examples\\benchmark\\real_trajectory\\lead_time_4\\664319001",
  "instance_name": "664319001",
  "promised_lead_time": 4,
  "model": "google/gemini-3-flash-preview",
  "num_runs_llm": 1,
  "num_runs_deterministic": 1,
  "max_periods": null,
  "summary": {
    "perfect_score": 3311.0,
    "ratios": {
      "or": -0.7061310782241015,
      "llm": -1.1685291452733313,
      "llm_to_or": -0.9546964663243733,
      "or_to_llm": -0.6046511627906976,
      "perfect_score": 1.0
    },
    "warnings": null
  },
  "results": {
    "or": {
      "rewards": [
        -2338.0
      ],
      "mean": -2338.0,
      "std": 0.0,
      "min": -2338.0,
      "max": -2338.0,
      "count": 1,
      "ratio_to_perfect": -0.7061310782241015
    },
    "llm": {
      "rewards": [
        -3869.0
      ],
      "mean": -3869.0,
      "std": 0.0,
      "min": -3869.0,
      "max": -3869.0,
      "count": 1,
      "ratio_to_perfect": -1.1685291452733313
    },
    "llm_to_or": {
      "rewards": [
        -3161.0
      ],
      "mean": -3161.0,
      "std": 0.0,
      "min": -3161.0,
      "max": -3161.0,
      "count": 1,
      "ratio_to_perfect": -0.9546964663243733
    },
    "or_to_llm": {
      "rewards": [
        -2002.0
      ],
      "mean": -2002.0,
      "std": 0.0,
      "min": -2002.0,
      "max": -2002.0,
      "count": 1,
      "ratio_to_perfect": -0.6046511627906976
    },
    "perfect_score": {
      "rewards": [
        3311.0
      ],
      "mean": 3311.0,
      "std": 0.0,
      "min": 3311.0,
      "max": 3311.0,
      "count": 1,
      "ratio_to_perfect": 1.0
    }
  },
  "errors": {}
}