{
  "instance_dir": "/shared/share_malatown/OR_Agent/examples/benchmark/real_trajectory/lead_time_0/554598047",
  "instance_name": "554598047",
  "promised_lead_time": 0,
  "model": "x-ai/grok-4.1-fast",
  "num_runs_llm": 1,
  "num_runs_deterministic": 1,
  "max_periods": null,
  "summary": {
    "perfect_score": 55879.0,
    "ratios": {
      "or": 0.8928040945614631,
      "llm": 0.9125252778324594,
      "llm_to_or": 0.9389037026432112,
      "or_to_llm": 0.9021457076898298,
      "perfect_score": 1.0
    },
    "warnings": null
  },
  "results": {
    "or": {
      "rewards": [
        49889.0
      ],
      "mean": 49889.0,
      "std": 0.0,
      "min": 49889.0,
      "max": 49889.0,
      "count": 1,
      "ratio_to_perfect": 0.8928040945614631
    },
    "llm": {
      "rewards": [
        50991.0
      ],
      "mean": 50991.0,
      "std": 0.0,
      "min": 50991.0,
      "max": 50991.0,
      "count": 1,
      "ratio_to_perfect": 0.9125252778324594
    },
    "llm_to_or": {
      "rewards": [
        52465.0
      ],
      "mean": 52465.0,
      "std": 0.0,
      "min": 52465.0,
      "max": 52465.0,
      "count": 1,
      "ratio_to_perfect": 0.9389037026432112
    },
    "or_to_llm": {
      "rewards": [
        50411.0
      ],
      "mean": 50411.0,
      "std": 0.0,
      "min": 50411.0,
      "max": 50411.0,
      "count": 1,
      "ratio_to_perfect": 0.9021457076898298
    },
    "perfect_score": {
      "rewards": [
        55879.0
      ],
      "mean": 55879.0,
      "std": 0.0,
      "min": 55879.0,
      "max": 55879.0,
      "count": 1,
      "ratio_to_perfect": 1.0
    }
  },
  "errors": {}
}