{
  "instance_dir": "D:\\TextArena\\examples\\benchmark\\synthetic_trajectory\\lead_time_stochastic\\p02_mean_increase\\v1_100to200\\r1_high",
  "instance_name": "r1_high",
  "promised_lead_time": 2,
  "model": "google/gemini-3-flash-preview",
  "num_runs_llm": 1,
  "num_runs_deterministic": 1,
  "max_periods": null,
  "summary": {
    "perfect_score": 159372.0,
    "ratios": {
      "or": 0.09266997967020556,
      "llm": 0.682516376778857,
      "llm_to_or": 0.427760208819617,
      "or_to_llm": 0.5463004793815727,
      "perfect_score": 1.0
    },
    "warnings": null
  },
  "results": {
    "or": {
      "rewards": [
        14769.0
      ],
      "mean": 14769.0,
      "std": 0.0,
      "min": 14769.0,
      "max": 14769.0,
      "count": 1,
      "ratio_to_perfect": 0.09266997967020556
    },
    "llm": {
      "rewards": [
        108774.0
      ],
      "mean": 108774.0,
      "std": 0.0,
      "min": 108774.0,
      "max": 108774.0,
      "count": 1,
      "ratio_to_perfect": 0.682516376778857
    },
    "llm_to_or": {
      "rewards": [
        68173.0
      ],
      "mean": 68173.0,
      "std": 0.0,
      "min": 68173.0,
      "max": 68173.0,
      "count": 1,
      "ratio_to_perfect": 0.427760208819617
    },
    "or_to_llm": {
      "rewards": [
        87065.0
      ],
      "mean": 87065.0,
      "std": 0.0,
      "min": 87065.0,
      "max": 87065.0,
      "count": 1,
      "ratio_to_perfect": 0.5463004793815727
    },
    "perfect_score": {
      "rewards": [
        159372.0
      ],
      "mean": 159372.0,
      "std": 0.0,
      "min": 159372.0,
      "max": 159372.0,
      "count": 1,
      "ratio_to_perfect": 1.0
    }
  },
  "errors": {}
}