{
  "instance_dir": "D:\\TextArena\\examples\\benchmark\\synthetic_trajectory\\lead_time_0\\p08_multi_changepoint\\v2_down_then_up\\r2_high",
  "instance_name": "r2_high",
  "promised_lead_time": 0,
  "model": "google/gemini-3-flash-preview",
  "num_runs_llm": 1,
  "num_runs_deterministic": 1,
  "max_periods": null,
  "summary": {
    "perfect_score": 90231.0,
    "ratios": {
      "or": 0.9423812215314027,
      "llm": 0.9390564218505835,
      "llm_to_or": 0.949163812880274,
      "or_to_llm": 0.9517017433032993,
      "perfect_score": 1.0
    },
    "warnings": null
  },
  "results": {
    "or": {
      "rewards": [
        85032.0
      ],
      "mean": 85032.0,
      "std": 0.0,
      "min": 85032.0,
      "max": 85032.0,
      "count": 1,
      "ratio_to_perfect": 0.9423812215314027
    },
    "llm": {
      "rewards": [
        84732.0
      ],
      "mean": 84732.0,
      "std": 0.0,
      "min": 84732.0,
      "max": 84732.0,
      "count": 1,
      "ratio_to_perfect": 0.9390564218505835
    },
    "llm_to_or": {
      "rewards": [
        85644.0
      ],
      "mean": 85644.0,
      "std": 0.0,
      "min": 85644.0,
      "max": 85644.0,
      "count": 1,
      "ratio_to_perfect": 0.949163812880274
    },
    "or_to_llm": {
      "rewards": [
        85873.0
      ],
      "mean": 85873.0,
      "std": 0.0,
      "min": 85873.0,
      "max": 85873.0,
      "count": 1,
      "ratio_to_perfect": 0.9517017433032993
    },
    "perfect_score": {
      "rewards": [
        90231.0
      ],
      "mean": 90231.0,
      "std": 0.0,
      "min": 90231.0,
      "max": 90231.0,
      "count": 1,
      "ratio_to_perfect": 1.0
    }
  },
  "errors": {}
}