{
  "instance_dir": "D:\\TextArena\\examples\\benchmark\\real_trajectory\\lead_time_4\\538699001",
  "instance_name": "538699001",
  "promised_lead_time": 4,
  "model": "google/gemini-3-flash-preview",
  "num_runs_llm": 1,
  "num_runs_deterministic": 1,
  "max_periods": null,
  "summary": {
    "perfect_score": 86811.0,
    "ratios": {
      "or": 0.44714379514116875,
      "llm": 0.47294697676561726,
      "llm_to_or": 0.5580513990162537,
      "or_to_llm": 0.46601237170404675,
      "perfect_score": 1.0
    },
    "warnings": null
  },
  "results": {
    "or": {
      "rewards": [
        38817.0
      ],
      "mean": 38817.0,
      "std": 0.0,
      "min": 38817.0,
      "max": 38817.0,
      "count": 1,
      "ratio_to_perfect": 0.44714379514116875
    },
    "llm": {
      "rewards": [
        41057.0
      ],
      "mean": 41057.0,
      "std": 0.0,
      "min": 41057.0,
      "max": 41057.0,
      "count": 1,
      "ratio_to_perfect": 0.47294697676561726
    },
    "llm_to_or": {
      "rewards": [
        48445.0
      ],
      "mean": 48445.0,
      "std": 0.0,
      "min": 48445.0,
      "max": 48445.0,
      "count": 1,
      "ratio_to_perfect": 0.5580513990162537
    },
    "or_to_llm": {
      "rewards": [
        40455.0
      ],
      "mean": 40455.0,
      "std": 0.0,
      "min": 40455.0,
      "max": 40455.0,
      "count": 1,
      "ratio_to_perfect": 0.46601237170404675
    },
    "perfect_score": {
      "rewards": [
        86811.0
      ],
      "mean": 86811.0,
      "std": 0.0,
      "min": 86811.0,
      "max": 86811.0,
      "count": 1,
      "ratio_to_perfect": 1.0
    }
  },
  "errors": {}
}