{
  "instance_dir": "/shared/share_malatown/OR-Agent-GPT5mini-benchmark/examples/benchmark/real_trajectory/lead_time_stochastic/685816002",
  "instance_name": "685816002",
  "promised_lead_time": 2,
  "model": "openai/gpt-5-mini",
  "num_runs_llm": 1,
  "num_runs_deterministic": 1,
  "max_periods": null,
  "summary": {
    "perfect_score": 87780.0,
    "ratios": {
      "or": 0.22199817726133517,
      "llm": 0.1761335156071998,
      "llm_to_or": 0.12424242424242424,
      "or_to_llm": 0.3835725677830941,
      "perfect_score": 1.0
    },
    "warnings": null
  },
  "results": {
    "or": {
      "rewards": [
        19487.0
      ],
      "mean": 19487.0,
      "std": 0.0,
      "min": 19487.0,
      "max": 19487.0,
      "count": 1,
      "ratio_to_perfect": 0.22199817726133517
    },
    "llm": {
      "rewards": [
        15461.0
      ],
      "mean": 15461.0,
      "std": 0.0,
      "min": 15461.0,
      "max": 15461.0,
      "count": 1,
      "ratio_to_perfect": 0.1761335156071998
    },
    "llm_to_or": {
      "rewards": [
        10906.0
      ],
      "mean": 10906.0,
      "std": 0.0,
      "min": 10906.0,
      "max": 10906.0,
      "count": 1,
      "ratio_to_perfect": 0.12424242424242424
    },
    "or_to_llm": {
      "rewards": [
        33670.0
      ],
      "mean": 33670.0,
      "std": 0.0,
      "min": 33670.0,
      "max": 33670.0,
      "count": 1,
      "ratio_to_perfect": 0.3835725677830941
    },
    "perfect_score": {
      "rewards": [
        87780.0
      ],
      "mean": 87780.0,
      "std": 0.0,
      "min": 87780.0,
      "max": 87780.0,
      "count": 1,
      "ratio_to_perfect": 1.0
    }
  },
  "errors": {}
}