{
  "instance_dir": "/shared/share_malatown/OR-Agent-GPT5mini-benchmark/examples/benchmark/real_trajectory/lead_time_0/589748001",
  "instance_name": "589748001",
  "promised_lead_time": 0,
  "model": "openai/gpt-5-mini",
  "num_runs_llm": 1,
  "num_runs_deterministic": 1,
  "max_periods": null,
  "summary": {
    "perfect_score": 11872.0,
    "ratios": {
      "or": 0.784282345013477,
      "llm": 0.7811657681940701,
      "llm_to_or": 0.7776280323450134,
      "or_to_llm": 0.8028975741239892,
      "perfect_score": 1.0
    },
    "warnings": null
  },
  "results": {
    "or": {
      "rewards": [
        9311.0
      ],
      "mean": 9311.0,
      "std": 0.0,
      "min": 9311.0,
      "max": 9311.0,
      "count": 1,
      "ratio_to_perfect": 0.784282345013477
    },
    "llm": {
      "rewards": [
        9274.0
      ],
      "mean": 9274.0,
      "std": 0.0,
      "min": 9274.0,
      "max": 9274.0,
      "count": 1,
      "ratio_to_perfect": 0.7811657681940701
    },
    "llm_to_or": {
      "rewards": [
        9232.0
      ],
      "mean": 9232.0,
      "std": 0.0,
      "min": 9232.0,
      "max": 9232.0,
      "count": 1,
      "ratio_to_perfect": 0.7776280323450134
    },
    "or_to_llm": {
      "rewards": [
        9532.0
      ],
      "mean": 9532.0,
      "std": 0.0,
      "min": 9532.0,
      "max": 9532.0,
      "count": 1,
      "ratio_to_perfect": 0.8028975741239892
    },
    "perfect_score": {
      "rewards": [
        11872.0
      ],
      "mean": 11872.0,
      "std": 0.0,
      "min": 11872.0,
      "max": 11872.0,
      "count": 1,
      "ratio_to_perfect": 1.0
    }
  },
  "errors": {}
}