{
  "instance_dir": "/shared/share_malatown/OR_Agent/examples/benchmark/synthetic_trajectory/lead_time_stochastic/p04_increasing_trend/v3_exp_1_05/r2_high",
  "instance_name": "r2_high",
  "promised_lead_time": 2,
  "model": "x-ai/grok-4.1-fast",
  "num_runs_llm": 1,
  "num_runs_deterministic": 1,
  "max_periods": null,
  "summary": {
    "perfect_score": 417411.0,
    "ratios": {
      "or": 0.08905850588508687,
      "llm": 0.6048067731803906,
      "llm_to_or": 0.5765205037720615,
      "or_to_llm": 0.44331845591036173,
      "perfect_score": 1.0
    },
    "warnings": null
  },
  "results": {
    "or": {
      "rewards": [
        37174.0
      ],
      "mean": 37174.0,
      "std": 0.0,
      "min": 37174.0,
      "max": 37174.0,
      "count": 1,
      "ratio_to_perfect": 0.08905850588508687
    },
    "llm": {
      "rewards": [
        252453.0
      ],
      "mean": 252453.0,
      "std": 0.0,
      "min": 252453.0,
      "max": 252453.0,
      "count": 1,
      "ratio_to_perfect": 0.6048067731803906
    },
    "llm_to_or": {
      "rewards": [
        240646.0
      ],
      "mean": 240646.0,
      "std": 0.0,
      "min": 240646.0,
      "max": 240646.0,
      "count": 1,
      "ratio_to_perfect": 0.5765205037720615
    },
    "or_to_llm": {
      "rewards": [
        185046.0
      ],
      "mean": 185046.0,
      "std": 0.0,
      "min": 185046.0,
      "max": 185046.0,
      "count": 1,
      "ratio_to_perfect": 0.44331845591036173
    },
    "perfect_score": {
      "rewards": [
        417411.0
      ],
      "mean": 417411.0,
      "std": 0.0,
      "min": 417411.0,
      "max": 417411.0,
      "count": 1,
      "ratio_to_perfect": 1.0
    }
  },
  "errors": {}
}