{
  "instance_dir": "/shared/share_malatown/OR-Agent-GPT5mini-benchmark/examples/benchmark/real_trajectory/lead_time_stochastic/717490001",
  "instance_name": "717490001",
  "promised_lead_time": 2,
  "model": "openai/gpt-5-mini",
  "num_runs_llm": 1,
  "num_runs_deterministic": 1,
  "max_periods": null,
  "summary": {
    "perfect_score": 95703.0,
    "ratios": {
      "or": 0.3162178824070301,
      "llm": 0.21040092787059966,
      "llm_to_or": 0.3013594140204591,
      "or_to_llm": 0.18831175616229376,
      "perfect_score": 1.0
    },
    "warnings": null
  },
  "results": {
    "or": {
      "rewards": [
        30263.0
      ],
      "mean": 30263.0,
      "std": 0.0,
      "min": 30263.0,
      "max": 30263.0,
      "count": 1,
      "ratio_to_perfect": 0.3162178824070301
    },
    "llm": {
      "rewards": [
        20136.0
      ],
      "mean": 20136.0,
      "std": 0.0,
      "min": 20136.0,
      "max": 20136.0,
      "count": 1,
      "ratio_to_perfect": 0.21040092787059966
    },
    "llm_to_or": {
      "rewards": [
        28841.0
      ],
      "mean": 28841.0,
      "std": 0.0,
      "min": 28841.0,
      "max": 28841.0,
      "count": 1,
      "ratio_to_perfect": 0.3013594140204591
    },
    "or_to_llm": {
      "rewards": [
        18022.0
      ],
      "mean": 18022.0,
      "std": 0.0,
      "min": 18022.0,
      "max": 18022.0,
      "count": 1,
      "ratio_to_perfect": 0.18831175616229376
    },
    "perfect_score": {
      "rewards": [
        95703.0
      ],
      "mean": 95703.0,
      "std": 0.0,
      "min": 95703.0,
      "max": 95703.0,
      "count": 1,
      "ratio_to_perfect": 1.0
    }
  },
  "errors": {}
}