{
  "instance_dir": "/shared/share_malatown/OR_Agent/examples/benchmark/real_trajectory/lead_time_4/243937001",
  "instance_name": "243937001",
  "promised_lead_time": 4,
  "model": "x-ai/grok-4.1-fast",
  "num_runs_llm": 1,
  "num_runs_deterministic": 1,
  "max_periods": null,
  "summary": {
    "perfect_score": 2194.0,
    "ratios": {
      "or": -1.322242479489517,
      "llm": -2.0692798541476756,
      "llm_to_or": -0.39061075660893346,
      "or_to_llm": -0.6718322698268003,
      "perfect_score": 1.0
    },
    "warnings": null
  },
  "results": {
    "or": {
      "rewards": [
        -2901.0
      ],
      "mean": -2901.0,
      "std": 0.0,
      "min": -2901.0,
      "max": -2901.0,
      "count": 1,
      "ratio_to_perfect": -1.322242479489517
    },
    "llm": {
      "rewards": [
        -4540.0
      ],
      "mean": -4540.0,
      "std": 0.0,
      "min": -4540.0,
      "max": -4540.0,
      "count": 1,
      "ratio_to_perfect": -2.0692798541476756
    },
    "llm_to_or": {
      "rewards": [
        -857.0
      ],
      "mean": -857.0,
      "std": 0.0,
      "min": -857.0,
      "max": -857.0,
      "count": 1,
      "ratio_to_perfect": -0.39061075660893346
    },
    "or_to_llm": {
      "rewards": [
        -1474.0
      ],
      "mean": -1474.0,
      "std": 0.0,
      "min": -1474.0,
      "max": -1474.0,
      "count": 1,
      "ratio_to_perfect": -0.6718322698268003
    },
    "perfect_score": {
      "rewards": [
        2194.0
      ],
      "mean": 2194.0,
      "std": 0.0,
      "min": 2194.0,
      "max": 2194.0,
      "count": 1,
      "ratio_to_perfect": 1.0
    }
  },
  "errors": {}
}