{
  "instance_dir": "/shared/share_malatown/OR_Agent/examples/benchmark/synthetic_trajectory/lead_time_stochastic/p05_decreasing_trend/v4_200_div_sqrt_t/r1_high",
  "instance_name": "r1_high",
  "promised_lead_time": 2,
  "model": "x-ai/grok-4.1-fast",
  "num_runs_llm": 1,
  "num_runs_deterministic": 1,
  "max_periods": null,
  "summary": {
    "perfect_score": 46322.0,
    "ratios": {
      "or": 0.28766029100643326,
      "llm": 0.4786278658089029,
      "llm_to_or": 0.2998575191053927,
      "or_to_llm": 0.5553948447821769,
      "perfect_score": 1.0
    },
    "warnings": null
  },
  "results": {
    "or": {
      "rewards": [
        13325.0
      ],
      "mean": 13325.0,
      "std": 0.0,
      "min": 13325.0,
      "max": 13325.0,
      "count": 1,
      "ratio_to_perfect": 0.28766029100643326
    },
    "llm": {
      "rewards": [
        22171.0
      ],
      "mean": 22171.0,
      "std": 0.0,
      "min": 22171.0,
      "max": 22171.0,
      "count": 1,
      "ratio_to_perfect": 0.4786278658089029
    },
    "llm_to_or": {
      "rewards": [
        13890.0
      ],
      "mean": 13890.0,
      "std": 0.0,
      "min": 13890.0,
      "max": 13890.0,
      "count": 1,
      "ratio_to_perfect": 0.2998575191053927
    },
    "or_to_llm": {
      "rewards": [
        25727.0
      ],
      "mean": 25727.0,
      "std": 0.0,
      "min": 25727.0,
      "max": 25727.0,
      "count": 1,
      "ratio_to_perfect": 0.5553948447821769
    },
    "perfect_score": {
      "rewards": [
        46322.0
      ],
      "mean": 46322.0,
      "std": 0.0,
      "min": 46322.0,
      "max": 46322.0,
      "count": 1,
      "ratio_to_perfect": 1.0
    }
  },
  "errors": {}
}