{
  "instance_dir": "/shared/share_malatown/OR_Agent/examples/benchmark/real_trajectory/lead_time_stochastic/536139006",
  "instance_name": "536139006",
  "promised_lead_time": 2,
  "model": "x-ai/grok-4.1-fast",
  "num_runs_llm": 1,
  "num_runs_deterministic": 1,
  "max_periods": null,
  "summary": {
    "perfect_score": 87457.0,
    "ratios": {
      "or": 0.16644751134843408,
      "llm": 0.559898007020593,
      "llm_to_or": 0.5612129389299885,
      "or_to_llm": 0.664097785197297,
      "perfect_score": 1.0
    },
    "warnings": null
  },
  "results": {
    "or": {
      "rewards": [
        14557.0
      ],
      "mean": 14557.0,
      "std": 0.0,
      "min": 14557.0,
      "max": 14557.0,
      "count": 1,
      "ratio_to_perfect": 0.16644751134843408
    },
    "llm": {
      "rewards": [
        48967.0
      ],
      "mean": 48967.0,
      "std": 0.0,
      "min": 48967.0,
      "max": 48967.0,
      "count": 1,
      "ratio_to_perfect": 0.559898007020593
    },
    "llm_to_or": {
      "rewards": [
        49082.0
      ],
      "mean": 49082.0,
      "std": 0.0,
      "min": 49082.0,
      "max": 49082.0,
      "count": 1,
      "ratio_to_perfect": 0.5612129389299885
    },
    "or_to_llm": {
      "rewards": [
        58080.0
      ],
      "mean": 58080.0,
      "std": 0.0,
      "min": 58080.0,
      "max": 58080.0,
      "count": 1,
      "ratio_to_perfect": 0.664097785197297
    },
    "perfect_score": {
      "rewards": [
        87457.0
      ],
      "mean": 87457.0,
      "std": 0.0,
      "min": 87457.0,
      "max": 87457.0,
      "count": 1,
      "ratio_to_perfect": 1.0
    }
  },
  "errors": {}
}