{
  "instance_dir": "/shared/share_malatown/OR-Agent-GPT5mini-benchmark/examples/benchmark/real_trajectory/lead_time_4/372860002",
  "instance_name": "372860002",
  "promised_lead_time": 4,
  "model": "openai/gpt-5-mini",
  "num_runs_llm": 1,
  "num_runs_deterministic": 1,
  "max_periods": null,
  "summary": {
    "perfect_score": 215821.0,
    "ratios": {
      "or": 0.7151389345800455,
      "llm": 0.7480273004017218,
      "llm_to_or": 0.7352157575027454,
      "or_to_llm": 0.7010485541258729,
      "perfect_score": 1.0
    },
    "warnings": null
  },
  "results": {
    "or": {
      "rewards": [
        154342.0
      ],
      "mean": 154342.0,
      "std": 0.0,
      "min": 154342.0,
      "max": 154342.0,
      "count": 1,
      "ratio_to_perfect": 0.7151389345800455
    },
    "llm": {
      "rewards": [
        161440.0
      ],
      "mean": 161440.0,
      "std": 0.0,
      "min": 161440.0,
      "max": 161440.0,
      "count": 1,
      "ratio_to_perfect": 0.7480273004017218
    },
    "llm_to_or": {
      "rewards": [
        158675.0
      ],
      "mean": 158675.0,
      "std": 0.0,
      "min": 158675.0,
      "max": 158675.0,
      "count": 1,
      "ratio_to_perfect": 0.7352157575027454
    },
    "or_to_llm": {
      "rewards": [
        151301.0
      ],
      "mean": 151301.0,
      "std": 0.0,
      "min": 151301.0,
      "max": 151301.0,
      "count": 1,
      "ratio_to_perfect": 0.7010485541258729
    },
    "perfect_score": {
      "rewards": [
        215821.0
      ],
      "mean": 215821.0,
      "std": 0.0,
      "min": 215821.0,
      "max": 215821.0,
      "count": 1,
      "ratio_to_perfect": 1.0
    }
  },
  "errors": {}
}