{
  "instance_dir": "D:\\TextArena\\examples\\benchmark\\synthetic_trajectory\\lead_time_0\\p08_multi_changepoint\\v4_mild_fluctuations\\r1_high",
  "instance_name": "r1_high",
  "promised_lead_time": 0,
  "model": "openai/gpt-5-mini",
  "num_runs_llm": 1,
  "num_runs_deterministic": 1,
  "max_periods": null,
  "summary": {
    "perfect_score": 93841.0,
    "ratios": {
      "or": 0.9500644707537217,
      "llm": 0.9171470892253919,
      "llm_to_or": 0.9502243155976599,
      "or_to_llm": 0.940335247919353,
      "perfect_score": 1.0
    },
    "warnings": null
  },
  "results": {
    "or": {
      "rewards": [
        89155.0
      ],
      "mean": 89155.0,
      "std": 0.0,
      "min": 89155.0,
      "max": 89155.0,
      "count": 1,
      "ratio_to_perfect": 0.9500644707537217
    },
    "llm": {
      "rewards": [
        86066.0
      ],
      "mean": 86066.0,
      "std": 0.0,
      "min": 86066.0,
      "max": 86066.0,
      "count": 1,
      "ratio_to_perfect": 0.9171470892253919
    },
    "llm_to_or": {
      "rewards": [
        89170.0
      ],
      "mean": 89170.0,
      "std": 0.0,
      "min": 89170.0,
      "max": 89170.0,
      "count": 1,
      "ratio_to_perfect": 0.9502243155976599
    },
    "or_to_llm": {
      "rewards": [
        88242.0
      ],
      "mean": 88242.0,
      "std": 0.0,
      "min": 88242.0,
      "max": 88242.0,
      "count": 1,
      "ratio_to_perfect": 0.940335247919353
    },
    "perfect_score": {
      "rewards": [
        93841.0
      ],
      "mean": 93841.0,
      "std": 0.0,
      "min": 93841.0,
      "max": 93841.0,
      "count": 1,
      "ratio_to_perfect": 1.0
    }
  },
  "errors": {}
}