{
  "instance_dir": "D:\\TextArena\\examples\\benchmark\\real_trajectory\\lead_time_4\\678692001",
  "instance_name": "678692001",
  "promised_lead_time": 4,
  "model": "google/gemini-3-flash-preview",
  "num_runs_llm": 1,
  "num_runs_deterministic": 1,
  "max_periods": null,
  "summary": {
    "perfect_score": 43795.0,
    "ratios": {
      "or": 0.262313049434867,
      "llm": 0.2765384176275831,
      "llm_to_or": 0.5176618335426418,
      "or_to_llm": 0.3551546980248887,
      "perfect_score": 1.0
    },
    "warnings": null
  },
  "results": {
    "or": {
      "rewards": [
        11488.0
      ],
      "mean": 11488.0,
      "std": 0.0,
      "min": 11488.0,
      "max": 11488.0,
      "count": 1,
      "ratio_to_perfect": 0.262313049434867
    },
    "llm": {
      "rewards": [
        12111.0
      ],
      "mean": 12111.0,
      "std": 0.0,
      "min": 12111.0,
      "max": 12111.0,
      "count": 1,
      "ratio_to_perfect": 0.2765384176275831
    },
    "llm_to_or": {
      "rewards": [
        22671.0
      ],
      "mean": 22671.0,
      "std": 0.0,
      "min": 22671.0,
      "max": 22671.0,
      "count": 1,
      "ratio_to_perfect": 0.5176618335426418
    },
    "or_to_llm": {
      "rewards": [
        15554.0
      ],
      "mean": 15554.0,
      "std": 0.0,
      "min": 15554.0,
      "max": 15554.0,
      "count": 1,
      "ratio_to_perfect": 0.3551546980248887
    },
    "perfect_score": {
      "rewards": [
        43795.0
      ],
      "mean": 43795.0,
      "std": 0.0,
      "min": 43795.0,
      "max": 43795.0,
      "count": 1,
      "ratio_to_perfect": 1.0
    }
  },
  "errors": {}
}