{
  "instance_dir": "/shared/share_malatown/OR_Agent/examples/benchmark/real_trajectory/lead_time_0/179950001",
  "instance_name": "179950001",
  "promised_lead_time": 0,
  "model": "x-ai/grok-4.1-fast",
  "num_runs_llm": 1,
  "num_runs_deterministic": 1,
  "max_periods": null,
  "summary": {
    "perfect_score": 3987.0,
    "ratios": {
      "or": 0.6674191121143717,
      "llm": 0.6232756458490093,
      "llm_to_or": 0.6310509154752947,
      "or_to_llm": 0.5678454978680713,
      "perfect_score": 1.0
    },
    "warnings": null
  },
  "results": {
    "or": {
      "rewards": [
        2661.0
      ],
      "mean": 2661.0,
      "std": 0.0,
      "min": 2661.0,
      "max": 2661.0,
      "count": 1,
      "ratio_to_perfect": 0.6674191121143717
    },
    "llm": {
      "rewards": [
        2485.0
      ],
      "mean": 2485.0,
      "std": 0.0,
      "min": 2485.0,
      "max": 2485.0,
      "count": 1,
      "ratio_to_perfect": 0.6232756458490093
    },
    "llm_to_or": {
      "rewards": [
        2516.0
      ],
      "mean": 2516.0,
      "std": 0.0,
      "min": 2516.0,
      "max": 2516.0,
      "count": 1,
      "ratio_to_perfect": 0.6310509154752947
    },
    "or_to_llm": {
      "rewards": [
        2264.0
      ],
      "mean": 2264.0,
      "std": 0.0,
      "min": 2264.0,
      "max": 2264.0,
      "count": 1,
      "ratio_to_perfect": 0.5678454978680713
    },
    "perfect_score": {
      "rewards": [
        3987.0
      ],
      "mean": 3987.0,
      "std": 0.0,
      "min": 3987.0,
      "max": 3987.0,
      "count": 1,
      "ratio_to_perfect": 1.0
    }
  },
  "errors": {}
}