{
  "overall_score": 0.4936955091051156,
  "total_instances": 1262,
  "batches": {
    "real_trajectory/lead_time_0": {
      "num_instances": 198,
      "score": 0.7383493503009356,
      "normalized_reward_stats": {
        "mean": 0.7383493503009356,
        "median": 0.7932500117151313,
        "std": 0.18097527975488426,
        "min": 0.0,
        "max": 0.9581403136685829
      },
      "service_level_mean": 0.908529106790744
    },
    "real_trajectory/lead_time_4": {
      "num_instances": 196,
      "score": 0.2384719931601168,
      "normalized_reward_stats": {
        "mean": 0.2384719931601168,
        "median": 0.0,
        "std": 0.29858089346064615,
        "min": 0.0,
        "max": 0.8045812912848924
      },
      "service_level_mean": 0.788610462318735
    },
    "real_trajectory/lead_time_stochastic": {
      "num_instances": 196,
      "score": 0.31488046033689465,
      "normalized_reward_stats": {
        "mean": 0.31488046033689465,
        "median": 0.3645787667113369,
        "std": 0.27385733087905734,
        "min": 0.0,
        "max": 0.7412557028025201
      },
      "service_level_mean": 0.693794677821971
    },
    "synthetic_trajectory/lead_time_0": {
      "num_instances": 227,
      "score": 0.8235545946182398,
      "normalized_reward_stats": {
        "mean": 0.8235545946182398,
        "median": 0.8771186440677966,
        "std": 0.15427364717793762,
        "min": 0.29408145687215453,
        "max": 0.9889688794193909
      },
      "service_level_mean": 0.9666561835223447
    },
    "synthetic_trajectory/lead_time_4": {
      "num_instances": 221,
      "score": 0.42924450427496935,
      "normalized_reward_stats": {
        "mean": 0.42924450427496935,
        "median": 0.508959487534626,
        "std": 0.3323346544240032,
        "min": 0.0,
        "max": 0.9526912551590273
      },
      "service_level_mean": 0.8623446377373262
    },
    "synthetic_trajectory/lead_time_stochastic": {
      "num_instances": 224,
      "score": 0.38653371349351684,
      "normalized_reward_stats": {
        "mean": 0.38653371349351684,
        "median": 0.47370092539699893,
        "std": 0.27010504629991006,
        "min": 0.0,
        "max": 0.7662516544889109
      },
      "service_level_mean": 0.691521656504004
    }
  },
  "overall_stats": {
    "mean": 0.4936955091051156,
    "median": 0.5850893065717218,
    "std": 0.3376610069398971,
    "min": 0.0,
    "max": 0.9889688794193909
  }
}