{
  "instance_dir": "/shared/share_malatown/OR_Agent/examples/benchmark/real_trajectory/lead_time_0/678691002",
  "instance_name": "678691002",
  "promised_lead_time": 0,
  "model": "x-ai/grok-4.1-fast",
  "num_runs_llm": 1,
  "num_runs_deterministic": 1,
  "max_periods": null,
  "summary": {
    "perfect_score": 44251.0,
    "ratios": {
      "or": 0.8467831235452307,
      "llm": 0.8933809405437165,
      "llm_to_or": 0.8974712435877156,
      "or_to_llm": 0.8736073761044948,
      "perfect_score": 1.0
    },
    "warnings": null
  },
  "results": {
    "or": {
      "rewards": [
        37471.0
      ],
      "mean": 37471.0,
      "std": 0.0,
      "min": 37471.0,
      "max": 37471.0,
      "count": 1,
      "ratio_to_perfect": 0.8467831235452307
    },
    "llm": {
      "rewards": [
        39533.0
      ],
      "mean": 39533.0,
      "std": 0.0,
      "min": 39533.0,
      "max": 39533.0,
      "count": 1,
      "ratio_to_perfect": 0.8933809405437165
    },
    "llm_to_or": {
      "rewards": [
        39714.0
      ],
      "mean": 39714.0,
      "std": 0.0,
      "min": 39714.0,
      "max": 39714.0,
      "count": 1,
      "ratio_to_perfect": 0.8974712435877156
    },
    "or_to_llm": {
      "rewards": [
        38658.0
      ],
      "mean": 38658.0,
      "std": 0.0,
      "min": 38658.0,
      "max": 38658.0,
      "count": 1,
      "ratio_to_perfect": 0.8736073761044948
    },
    "perfect_score": {
      "rewards": [
        44251.0
      ],
      "mean": 44251.0,
      "std": 0.0,
      "min": 44251.0,
      "max": 44251.0,
      "count": 1,
      "ratio_to_perfect": 1.0
    }
  },
  "errors": {}
}