{
  "instance_dir": "/shared/share_malatown/OR-Agent-GPT5mini-benchmark/examples/benchmark/real_trajectory/lead_time_0/148033001",
  "instance_name": "148033001",
  "promised_lead_time": 0,
  "model": "openai/gpt-5-mini",
  "num_runs_llm": 1,
  "num_runs_deterministic": 1,
  "max_periods": null,
  "summary": {
    "perfect_score": 53561.0,
    "ratios": {
      "or": 0.8719590746998749,
      "llm": 0.8793151733537462,
      "llm_to_or": 0.9167491271634212,
      "or_to_llm": 0.8637814827953175,
      "perfect_score": 1.0
    },
    "warnings": null
  },
  "results": {
    "or": {
      "rewards": [
        46703.0
      ],
      "mean": 46703.0,
      "std": 0.0,
      "min": 46703.0,
      "max": 46703.0,
      "count": 1,
      "ratio_to_perfect": 0.8719590746998749
    },
    "llm": {
      "rewards": [
        47097.0
      ],
      "mean": 47097.0,
      "std": 0.0,
      "min": 47097.0,
      "max": 47097.0,
      "count": 1,
      "ratio_to_perfect": 0.8793151733537462
    },
    "llm_to_or": {
      "rewards": [
        49102.0
      ],
      "mean": 49102.0,
      "std": 0.0,
      "min": 49102.0,
      "max": 49102.0,
      "count": 1,
      "ratio_to_perfect": 0.9167491271634212
    },
    "or_to_llm": {
      "rewards": [
        46265.0
      ],
      "mean": 46265.0,
      "std": 0.0,
      "min": 46265.0,
      "max": 46265.0,
      "count": 1,
      "ratio_to_perfect": 0.8637814827953175
    },
    "perfect_score": {
      "rewards": [
        53561.0
      ],
      "mean": 53561.0,
      "std": 0.0,
      "min": 53561.0,
      "max": 53561.0,
      "count": 1,
      "ratio_to_perfect": 1.0
    }
  },
  "errors": {}
}