{
  "instance_dir": "D:\\TextArena\\examples\\benchmark\\real_trajectory\\lead_time_4\\507883009",
  "instance_name": "507883009",
  "promised_lead_time": 4,
  "model": "google/gemini-3-flash-preview",
  "num_runs_llm": 1,
  "num_runs_deterministic": 1,
  "max_periods": null,
  "summary": {
    "perfect_score": 5691.0,
    "ratios": {
      "or": -0.17589175891758918,
      "llm": -2.2973115445440166,
      "llm_to_or": -0.46002460024600245,
      "or_to_llm": -0.5840801265155509,
      "perfect_score": 1.0
    },
    "warnings": null
  },
  "results": {
    "or": {
      "rewards": [
        -1001.0
      ],
      "mean": -1001.0,
      "std": 0.0,
      "min": -1001.0,
      "max": -1001.0,
      "count": 1,
      "ratio_to_perfect": -0.17589175891758918
    },
    "llm": {
      "rewards": [
        -13074.0
      ],
      "mean": -13074.0,
      "std": 0.0,
      "min": -13074.0,
      "max": -13074.0,
      "count": 1,
      "ratio_to_perfect": -2.2973115445440166
    },
    "llm_to_or": {
      "rewards": [
        -2618.0
      ],
      "mean": -2618.0,
      "std": 0.0,
      "min": -2618.0,
      "max": -2618.0,
      "count": 1,
      "ratio_to_perfect": -0.46002460024600245
    },
    "or_to_llm": {
      "rewards": [
        -3324.0
      ],
      "mean": -3324.0,
      "std": 0.0,
      "min": -3324.0,
      "max": -3324.0,
      "count": 1,
      "ratio_to_perfect": -0.5840801265155509
    },
    "perfect_score": {
      "rewards": [
        5691.0
      ],
      "mean": 5691.0,
      "std": 0.0,
      "min": 5691.0,
      "max": 5691.0,
      "count": 1,
      "ratio_to_perfect": 1.0
    }
  },
  "errors": {}
}