{
  "instance_dir": "D:\\TextArena\\examples\\benchmark\\synthetic_trajectory\\lead_time_0\\p04_increasing_trend\\v1_linear_100t\\r2_high",
  "instance_name": "r2_high",
  "promised_lead_time": 0,
  "model": "google/gemini-3-flash-preview",
  "num_runs_llm": 1,
  "num_runs_deterministic": 1,
  "max_periods": null,
  "summary": {
    "perfect_score": 2430898.0,
    "ratios": {
      "or": 0.9264629778789567,
      "llm": 0.985999001192152,
      "llm_to_or": 0.9802003210336263,
      "or_to_llm": 0.9882533121504893,
      "perfect_score": 1.0
    },
    "warnings": null
  },
  "results": {
    "or": {
      "rewards": [
        2252137.0
      ],
      "mean": 2252137.0,
      "std": 0.0,
      "min": 2252137.0,
      "max": 2252137.0,
      "count": 1,
      "ratio_to_perfect": 0.9264629778789567
    },
    "llm": {
      "rewards": [
        2396863.0
      ],
      "mean": 2396863.0,
      "std": 0.0,
      "min": 2396863.0,
      "max": 2396863.0,
      "count": 1,
      "ratio_to_perfect": 0.985999001192152
    },
    "llm_to_or": {
      "rewards": [
        2382767.0
      ],
      "mean": 2382767.0,
      "std": 0.0,
      "min": 2382767.0,
      "max": 2382767.0,
      "count": 1,
      "ratio_to_perfect": 0.9802003210336263
    },
    "or_to_llm": {
      "rewards": [
        2402343.0
      ],
      "mean": 2402343.0,
      "std": 0.0,
      "min": 2402343.0,
      "max": 2402343.0,
      "count": 1,
      "ratio_to_perfect": 0.9882533121504893
    },
    "perfect_score": {
      "rewards": [
        2430898.0
      ],
      "mean": 2430898.0,
      "std": 0.0,
      "min": 2430898.0,
      "max": 2430898.0,
      "count": 1,
      "ratio_to_perfect": 1.0
    }
  },
  "errors": {}
}