{
  "instance_dir": "/shared/share_malatown/OR_Agent/examples/benchmark/real_trajectory/lead_time_stochastic/636323002",
  "instance_name": "636323002",
  "promised_lead_time": 2,
  "model": "x-ai/grok-4.1-fast",
  "num_runs_llm": 1,
  "num_runs_deterministic": 1,
  "max_periods": null,
  "summary": {
    "perfect_score": 49932.0,
    "ratios": {
      "or": 0.04794520547945205,
      "llm": 0.5857366017784187,
      "llm_to_or": 0.1894776896579348,
      "or_to_llm": 0.4605863975006008,
      "perfect_score": 1.0
    },
    "warnings": null
  },
  "results": {
    "or": {
      "rewards": [
        2394.0
      ],
      "mean": 2394.0,
      "std": 0.0,
      "min": 2394.0,
      "max": 2394.0,
      "count": 1,
      "ratio_to_perfect": 0.04794520547945205
    },
    "llm": {
      "rewards": [
        29247.0
      ],
      "mean": 29247.0,
      "std": 0.0,
      "min": 29247.0,
      "max": 29247.0,
      "count": 1,
      "ratio_to_perfect": 0.5857366017784187
    },
    "llm_to_or": {
      "rewards": [
        9461.0
      ],
      "mean": 9461.0,
      "std": 0.0,
      "min": 9461.0,
      "max": 9461.0,
      "count": 1,
      "ratio_to_perfect": 0.1894776896579348
    },
    "or_to_llm": {
      "rewards": [
        22998.0
      ],
      "mean": 22998.0,
      "std": 0.0,
      "min": 22998.0,
      "max": 22998.0,
      "count": 1,
      "ratio_to_perfect": 0.4605863975006008
    },
    "perfect_score": {
      "rewards": [
        49932.0
      ],
      "mean": 49932.0,
      "std": 0.0,
      "min": 49932.0,
      "max": 49932.0,
      "count": 1,
      "ratio_to_perfect": 1.0
    }
  },
  "errors": {}
}