{
  "instance_dir": "/shared/share_malatown/OR_Agent/examples/benchmark/synthetic_trajectory/lead_time_0/p01_stationary_iid/v1_normal_100_25/r2_high",
  "instance_name": "r2_high",
  "promised_lead_time": 0,
  "model": "x-ai/grok-4.1-fast",
  "num_runs_llm": 1,
  "num_runs_deterministic": 1,
  "max_periods": null,
  "summary": {
    "perfect_score": 89737.0,
    "ratios": {
      "or": 0.9702575303386562,
      "llm": 0.9499648974224679,
      "llm_to_or": 0.9609302740229783,
      "or_to_llm": 0.9632147274814179,
      "perfect_score": 1.0
    },
    "warnings": null
  },
  "results": {
    "or": {
      "rewards": [
        87068.0
      ],
      "mean": 87068.0,
      "std": 0.0,
      "min": 87068.0,
      "max": 87068.0,
      "count": 1,
      "ratio_to_perfect": 0.9702575303386562
    },
    "llm": {
      "rewards": [
        85247.0
      ],
      "mean": 85247.0,
      "std": 0.0,
      "min": 85247.0,
      "max": 85247.0,
      "count": 1,
      "ratio_to_perfect": 0.9499648974224679
    },
    "llm_to_or": {
      "rewards": [
        86231.0
      ],
      "mean": 86231.0,
      "std": 0.0,
      "min": 86231.0,
      "max": 86231.0,
      "count": 1,
      "ratio_to_perfect": 0.9609302740229783
    },
    "or_to_llm": {
      "rewards": [
        86436.0
      ],
      "mean": 86436.0,
      "std": 0.0,
      "min": 86436.0,
      "max": 86436.0,
      "count": 1,
      "ratio_to_perfect": 0.9632147274814179
    },
    "perfect_score": {
      "rewards": [
        89737.0
      ],
      "mean": 89737.0,
      "std": 0.0,
      "min": 89737.0,
      "max": 89737.0,
      "count": 1,
      "ratio_to_perfect": 1.0
    }
  },
  "errors": {}
}