{
  "overall_score": 0.4934119748174008,
  "total_instances": 1320,
  "batches": {
    "real_trajectory/lead_time_0": {
      "num_instances": 200,
      "score": 0.7695863631981628,
      "normalized_reward_stats": {
        "mean": 0.7695863631981628,
        "median": 0.7997842024145991,
        "std": 0.13908600543951113,
        "min": 0.27168073676132004,
        "max": 0.957288430657482
      },
      "service_level_mean": 0.8959024740164943
    },
    "real_trajectory/lead_time_4": {
      "num_instances": 200,
      "score": 0.30845496243217885,
      "normalized_reward_stats": {
        "mean": 0.30845496243217885,
        "median": 0.2827324820260324,
        "std": 0.30293636802543106,
        "min": 0.0,
        "max": 0.8384835521682076
      },
      "service_level_mean": 0.7411674503879156
    },
    "real_trajectory/lead_time_stochastic": {
      "num_instances": 200,
      "score": 0.19811144600188604,
      "normalized_reward_stats": {
        "mean": 0.19811144600188604,
        "median": 0.07923279365479065,
        "std": 0.2214135029066421,
        "min": 0.0,
        "max": 0.6999687440309781
      },
      "service_level_mean": 0.5952314240057314
    },
    "synthetic_trajectory/lead_time_0": {
      "num_instances": 240,
      "score": 0.8583951759141405,
      "normalized_reward_stats": {
        "mean": 0.8583951759141405,
        "median": 0.8868957789886794,
        "std": 0.10958458208836418,
        "min": 0.33708567854909316,
        "max": 0.9828006200634827
      },
      "service_level_mean": 0.9374923454619863
    },
    "synthetic_trajectory/lead_time_4": {
      "num_instances": 240,
      "score": 0.5554724751969686,
      "normalized_reward_stats": {
        "mean": 0.5554724751969686,
        "median": 0.656846752613246,
        "std": 0.28584581432286027,
        "min": 0.0,
        "max": 0.8935639036253484
      },
      "service_level_mean": 0.8406700429527166
    },
    "synthetic_trajectory/lead_time_stochastic": {
      "num_instances": 240,
      "score": 0.2364375673577387,
      "normalized_reward_stats": {
        "mean": 0.2364375673577387,
        "median": 0.18875829877103403,
        "std": 0.2348344573868146,
        "min": 0.0,
        "max": 0.675887343205761
      },
      "service_level_mean": 0.6063603132165769
    }
  },
  "overall_stats": {
    "mean": 0.4934119748174008,
    "median": 0.568824614996962,
    "std": 0.3438154447985119,
    "min": 0.0,
    "max": 0.9828006200634827
  }
}