{
  "instance_dir": "/shared/share_malatown/OR_Agent/examples/benchmark/real_trajectory/lead_time_0/664074001",
  "instance_name": "664074001",
  "promised_lead_time": 0,
  "model": "x-ai/grok-4.1-fast",
  "num_runs_llm": 1,
  "num_runs_deterministic": 1,
  "max_periods": null,
  "summary": {
    "perfect_score": 18596.0,
    "ratios": {
      "or": 0.8332974833297483,
      "llm": 0.8548612604861261,
      "llm_to_or": 0.8435147343514734,
      "or_to_llm": 0.8228651322865133,
      "perfect_score": 1.0
    },
    "warnings": null
  },
  "results": {
    "or": {
      "rewards": [
        15496.0
      ],
      "mean": 15496.0,
      "std": 0.0,
      "min": 15496.0,
      "max": 15496.0,
      "count": 1,
      "ratio_to_perfect": 0.8332974833297483
    },
    "llm": {
      "rewards": [
        15897.0
      ],
      "mean": 15897.0,
      "std": 0.0,
      "min": 15897.0,
      "max": 15897.0,
      "count": 1,
      "ratio_to_perfect": 0.8548612604861261
    },
    "llm_to_or": {
      "rewards": [
        15686.0
      ],
      "mean": 15686.0,
      "std": 0.0,
      "min": 15686.0,
      "max": 15686.0,
      "count": 1,
      "ratio_to_perfect": 0.8435147343514734
    },
    "or_to_llm": {
      "rewards": [
        15302.0
      ],
      "mean": 15302.0,
      "std": 0.0,
      "min": 15302.0,
      "max": 15302.0,
      "count": 1,
      "ratio_to_perfect": 0.8228651322865133
    },
    "perfect_score": {
      "rewards": [
        18596.0
      ],
      "mean": 18596.0,
      "std": 0.0,
      "min": 18596.0,
      "max": 18596.0,
      "count": 1,
      "ratio_to_perfect": 1.0
    }
  },
  "errors": {}
}