{
  "instance_dir": "D:\\TextArena\\examples\\benchmark\\synthetic_trajectory\\lead_time_0\\p07_seasonal\\v2_period5_amp50\\r2_med",
  "instance_name": "r2_med",
  "promised_lead_time": 0,
  "model": "google/gemini-3-flash-preview",
  "num_runs_llm": 1,
  "num_runs_deterministic": 1,
  "max_periods": null,
  "summary": {
    "perfect_score": 19172.0,
    "ratios": {
      "or": 0.8533277696640935,
      "llm": 0.8239098685583142,
      "llm_to_or": 0.8424264552472356,
      "or_to_llm": 0.8474337575631129,
      "perfect_score": 1.0
    },
    "warnings": null
  },
  "results": {
    "or": {
      "rewards": [
        16360.0
      ],
      "mean": 16360.0,
      "std": 0.0,
      "min": 16360.0,
      "max": 16360.0,
      "count": 1,
      "ratio_to_perfect": 0.8533277696640935
    },
    "llm": {
      "rewards": [
        15796.0
      ],
      "mean": 15796.0,
      "std": 0.0,
      "min": 15796.0,
      "max": 15796.0,
      "count": 1,
      "ratio_to_perfect": 0.8239098685583142
    },
    "llm_to_or": {
      "rewards": [
        16151.0
      ],
      "mean": 16151.0,
      "std": 0.0,
      "min": 16151.0,
      "max": 16151.0,
      "count": 1,
      "ratio_to_perfect": 0.8424264552472356
    },
    "or_to_llm": {
      "rewards": [
        16247.0
      ],
      "mean": 16247.0,
      "std": 0.0,
      "min": 16247.0,
      "max": 16247.0,
      "count": 1,
      "ratio_to_perfect": 0.8474337575631129
    },
    "perfect_score": {
      "rewards": [
        19172.0
      ],
      "mean": 19172.0,
      "std": 0.0,
      "min": 19172.0,
      "max": 19172.0,
      "count": 1,
      "ratio_to_perfect": 1.0
    }
  },
  "errors": {}
}