{
  "instance_dir": "D:\\TextArena\\examples\\benchmark\\real_trajectory\\lead_time_0\\372860002",
  "instance_name": "372860002",
  "promised_lead_time": 0,
  "model": "google/gemini-3-flash-preview",
  "num_runs_llm": 1,
  "num_runs_deterministic": 1,
  "max_periods": null,
  "summary": {
    "perfect_score": 215821.0,
    "ratios": {
      "or": 0.9280978218060337,
      "llm": 0.9330649010059262,
      "llm_to_or": 0.9508064553495721,
      "or_to_llm": 0.9403394479684554,
      "perfect_score": 1.0
    },
    "warnings": null
  },
  "results": {
    "or": {
      "rewards": [
        200303.0
      ],
      "mean": 200303.0,
      "std": 0.0,
      "min": 200303.0,
      "max": 200303.0,
      "count": 1,
      "ratio_to_perfect": 0.9280978218060337
    },
    "llm": {
      "rewards": [
        201375.0
      ],
      "mean": 201375.0,
      "std": 0.0,
      "min": 201375.0,
      "max": 201375.0,
      "count": 1,
      "ratio_to_perfect": 0.9330649010059262
    },
    "llm_to_or": {
      "rewards": [
        205204.0
      ],
      "mean": 205204.0,
      "std": 0.0,
      "min": 205204.0,
      "max": 205204.0,
      "count": 1,
      "ratio_to_perfect": 0.9508064553495721
    },
    "or_to_llm": {
      "rewards": [
        202945.0
      ],
      "mean": 202945.0,
      "std": 0.0,
      "min": 202945.0,
      "max": 202945.0,
      "count": 1,
      "ratio_to_perfect": 0.9403394479684554
    },
    "perfect_score": {
      "rewards": [
        215821.0
      ],
      "mean": 215821.0,
      "std": 0.0,
      "min": 215821.0,
      "max": 215821.0,
      "count": 1,
      "ratio_to_perfect": 1.0
    }
  },
  "errors": {}
}