{
  "instance_dir": "D:\\TextArena\\examples\\benchmark\\real_trajectory\\lead_time_0\\253448003",
  "instance_name": "253448003",
  "promised_lead_time": 0,
  "model": "google/gemini-3-flash-preview",
  "num_runs_llm": 1,
  "num_runs_deterministic": 1,
  "max_periods": null,
  "summary": {
    "perfect_score": 3017.0,
    "ratios": {
      "or": 0.5253563142194233,
      "llm": 0.6589327146171694,
      "llm_to_or": 0.6579383493536626,
      "or_to_llm": 0.5764003977461054,
      "perfect_score": 1.0
    },
    "warnings": null
  },
  "results": {
    "or": {
      "rewards": [
        1585.0
      ],
      "mean": 1585.0,
      "std": 0.0,
      "min": 1585.0,
      "max": 1585.0,
      "count": 1,
      "ratio_to_perfect": 0.5253563142194233
    },
    "llm": {
      "rewards": [
        1988.0
      ],
      "mean": 1988.0,
      "std": 0.0,
      "min": 1988.0,
      "max": 1988.0,
      "count": 1,
      "ratio_to_perfect": 0.6589327146171694
    },
    "llm_to_or": {
      "rewards": [
        1985.0
      ],
      "mean": 1985.0,
      "std": 0.0,
      "min": 1985.0,
      "max": 1985.0,
      "count": 1,
      "ratio_to_perfect": 0.6579383493536626
    },
    "or_to_llm": {
      "rewards": [
        1739.0
      ],
      "mean": 1739.0,
      "std": 0.0,
      "min": 1739.0,
      "max": 1739.0,
      "count": 1,
      "ratio_to_perfect": 0.5764003977461054
    },
    "perfect_score": {
      "rewards": [
        3017.0
      ],
      "mean": 3017.0,
      "std": 0.0,
      "min": 3017.0,
      "max": 3017.0,
      "count": 1,
      "ratio_to_perfect": 1.0
    }
  },
  "errors": {}
}