{
  "instance_dir": "D:\\TextArena\\examples\\benchmark\\real_trajectory\\lead_time_4\\516859008",
  "instance_name": "516859008",
  "promised_lead_time": 4,
  "model": "google/gemini-3-flash-preview",
  "num_runs_llm": 1,
  "num_runs_deterministic": 1,
  "max_periods": null,
  "summary": {
    "perfect_score": 3952.0,
    "ratios": {
      "or": 0.611336032388664,
      "llm": -0.25025303643724695,
      "llm_to_or": 0.409665991902834,
      "or_to_llm": 0.4144736842105263,
      "perfect_score": 1.0
    },
    "warnings": null
  },
  "results": {
    "or": {
      "rewards": [
        2416.0
      ],
      "mean": 2416.0,
      "std": 0.0,
      "min": 2416.0,
      "max": 2416.0,
      "count": 1,
      "ratio_to_perfect": 0.611336032388664
    },
    "llm": {
      "rewards": [
        -989.0
      ],
      "mean": -989.0,
      "std": 0.0,
      "min": -989.0,
      "max": -989.0,
      "count": 1,
      "ratio_to_perfect": -0.25025303643724695
    },
    "llm_to_or": {
      "rewards": [
        1619.0
      ],
      "mean": 1619.0,
      "std": 0.0,
      "min": 1619.0,
      "max": 1619.0,
      "count": 1,
      "ratio_to_perfect": 0.409665991902834
    },
    "or_to_llm": {
      "rewards": [
        1638.0
      ],
      "mean": 1638.0,
      "std": 0.0,
      "min": 1638.0,
      "max": 1638.0,
      "count": 1,
      "ratio_to_perfect": 0.4144736842105263
    },
    "perfect_score": {
      "rewards": [
        3952.0
      ],
      "mean": 3952.0,
      "std": 0.0,
      "min": 3952.0,
      "max": 3952.0,
      "count": 1,
      "ratio_to_perfect": 1.0
    }
  },
  "errors": {}
}