{
  "instance_dir": "D:\\TextArena\\examples\\benchmark\\synthetic_trajectory\\lead_time_0\\p03_mean_decrease\\v3_100to30\\r2_med",
  "instance_name": "r2_med",
  "promised_lead_time": 0,
  "model": "openai/gpt-5-mini",
  "num_runs_llm": 1,
  "num_runs_deterministic": 1,
  "max_periods": null,
  "summary": {
    "perfect_score": 10480.0,
    "ratios": {
      "or": 0.7052480916030535,
      "llm": 0.7916030534351145,
      "llm_to_or": 0.7779580152671756,
      "or_to_llm": 0.7986641221374046,
      "perfect_score": 1.0
    },
    "warnings": null
  },
  "results": {
    "or": {
      "rewards": [
        7391.0
      ],
      "mean": 7391.0,
      "std": 0.0,
      "min": 7391.0,
      "max": 7391.0,
      "count": 1,
      "ratio_to_perfect": 0.7052480916030535
    },
    "llm": {
      "rewards": [
        8296.0
      ],
      "mean": 8296.0,
      "std": 0.0,
      "min": 8296.0,
      "max": 8296.0,
      "count": 1,
      "ratio_to_perfect": 0.7916030534351145
    },
    "llm_to_or": {
      "rewards": [
        8153.0
      ],
      "mean": 8153.0,
      "std": 0.0,
      "min": 8153.0,
      "max": 8153.0,
      "count": 1,
      "ratio_to_perfect": 0.7779580152671756
    },
    "or_to_llm": {
      "rewards": [
        8370.0
      ],
      "mean": 8370.0,
      "std": 0.0,
      "min": 8370.0,
      "max": 8370.0,
      "count": 1,
      "ratio_to_perfect": 0.7986641221374046
    },
    "perfect_score": {
      "rewards": [
        10480.0
      ],
      "mean": 10480.0,
      "std": 0.0,
      "min": 10480.0,
      "max": 10480.0,
      "count": 1,
      "ratio_to_perfect": 1.0
    }
  },
  "errors": {}
}