{
  "instance_dir": "D:\\TextArena\\examples\\benchmark\\real_trajectory\\lead_time_0\\507909001",
  "instance_name": "507909001",
  "promised_lead_time": 0,
  "model": "google/gemini-3-flash-preview",
  "num_runs_llm": 1,
  "num_runs_deterministic": 1,
  "max_periods": null,
  "summary": {
    "perfect_score": 34324.0,
    "ratios": {
      "or": 0.772986831371635,
      "llm": 0.80570446334926,
      "llm_to_or": 0.7969059550168978,
      "or_to_llm": 0.817620323971565,
      "perfect_score": 1.0
    },
    "warnings": null
  },
  "results": {
    "or": {
      "rewards": [
        26532.0
      ],
      "mean": 26532.0,
      "std": 0.0,
      "min": 26532.0,
      "max": 26532.0,
      "count": 1,
      "ratio_to_perfect": 0.772986831371635
    },
    "llm": {
      "rewards": [
        27655.0
      ],
      "mean": 27655.0,
      "std": 0.0,
      "min": 27655.0,
      "max": 27655.0,
      "count": 1,
      "ratio_to_perfect": 0.80570446334926
    },
    "llm_to_or": {
      "rewards": [
        27353.0
      ],
      "mean": 27353.0,
      "std": 0.0,
      "min": 27353.0,
      "max": 27353.0,
      "count": 1,
      "ratio_to_perfect": 0.7969059550168978
    },
    "or_to_llm": {
      "rewards": [
        28064.0
      ],
      "mean": 28064.0,
      "std": 0.0,
      "min": 28064.0,
      "max": 28064.0,
      "count": 1,
      "ratio_to_perfect": 0.817620323971565
    },
    "perfect_score": {
      "rewards": [
        34324.0
      ],
      "mean": 34324.0,
      "std": 0.0,
      "min": 34324.0,
      "max": 34324.0,
      "count": 1,
      "ratio_to_perfect": 1.0
    }
  },
  "errors": {}
}