{
  "instance_dir": "D:\\TextArena\\examples\\benchmark\\synthetic_trajectory\\lead_time_4\\p02_mean_increase\\v3_100to300\\r2_low",
  "instance_name": "r2_low",
  "promised_lead_time": 4,
  "model": "openai/gpt-5-mini",
  "num_runs_llm": 1,
  "num_runs_deterministic": 1,
  "max_periods": null,
  "summary": {
    "perfect_score": 11442.0,
    "ratios": {
      "or": 0.4704597098409369,
      "llm": 0.2525782205908058,
      "llm_to_or": 0.35981471770669465,
      "or_to_llm": 0.10251704247509176,
      "perfect_score": 1.0
    },
    "warnings": null
  },
  "results": {
    "or": {
      "rewards": [
        5383.0
      ],
      "mean": 5383.0,
      "std": 0.0,
      "min": 5383.0,
      "max": 5383.0,
      "count": 1,
      "ratio_to_perfect": 0.4704597098409369
    },
    "llm": {
      "rewards": [
        2890.0
      ],
      "mean": 2890.0,
      "std": 0.0,
      "min": 2890.0,
      "max": 2890.0,
      "count": 1,
      "ratio_to_perfect": 0.2525782205908058
    },
    "llm_to_or": {
      "rewards": [
        4117.0
      ],
      "mean": 4117.0,
      "std": 0.0,
      "min": 4117.0,
      "max": 4117.0,
      "count": 1,
      "ratio_to_perfect": 0.35981471770669465
    },
    "or_to_llm": {
      "rewards": [
        1173.0
      ],
      "mean": 1173.0,
      "std": 0.0,
      "min": 1173.0,
      "max": 1173.0,
      "count": 1,
      "ratio_to_perfect": 0.10251704247509176
    },
    "perfect_score": {
      "rewards": [
        11442.0
      ],
      "mean": 11442.0,
      "std": 0.0,
      "min": 11442.0,
      "max": 11442.0,
      "count": 1,
      "ratio_to_perfect": 1.0
    }
  },
  "errors": {}
}