{
  "instance_dir": "D:\\TextArena\\examples\\benchmark\\real_trajectory\\lead_time_0\\316441001",
  "instance_name": "316441001",
  "promised_lead_time": 0,
  "model": "google/gemini-3-flash-preview",
  "num_runs_llm": 1,
  "num_runs_deterministic": 1,
  "max_periods": null,
  "summary": {
    "perfect_score": 2394.0,
    "ratios": {
      "or": 0.2719298245614035,
      "llm": 0.015037593984962405,
      "llm_to_or": 0.6466165413533834,
      "or_to_llm": 0.41729323308270677,
      "perfect_score": 1.0
    },
    "warnings": null
  },
  "results": {
    "or": {
      "rewards": [
        651.0
      ],
      "mean": 651.0,
      "std": 0.0,
      "min": 651.0,
      "max": 651.0,
      "count": 1,
      "ratio_to_perfect": 0.2719298245614035
    },
    "llm": {
      "rewards": [
        36.0
      ],
      "mean": 36.0,
      "std": 0.0,
      "min": 36.0,
      "max": 36.0,
      "count": 1,
      "ratio_to_perfect": 0.015037593984962405
    },
    "llm_to_or": {
      "rewards": [
        1548.0
      ],
      "mean": 1548.0,
      "std": 0.0,
      "min": 1548.0,
      "max": 1548.0,
      "count": 1,
      "ratio_to_perfect": 0.6466165413533834
    },
    "or_to_llm": {
      "rewards": [
        999.0
      ],
      "mean": 999.0,
      "std": 0.0,
      "min": 999.0,
      "max": 999.0,
      "count": 1,
      "ratio_to_perfect": 0.41729323308270677
    },
    "perfect_score": {
      "rewards": [
        2394.0
      ],
      "mean": 2394.0,
      "std": 0.0,
      "min": 2394.0,
      "max": 2394.0,
      "count": 1,
      "ratio_to_perfect": 1.0
    }
  },
  "errors": {}
}