{
  "instance_dir": "/shared/share_malatown/OR_Agent/examples/benchmark/synthetic_trajectory/lead_time_4/p06_variance_change/v4_uniform_to_normal/r2_high",
  "instance_name": "r2_high",
  "promised_lead_time": 4,
  "model": "x-ai/grok-4.1-fast",
  "num_runs_llm": 1,
  "num_runs_deterministic": 1,
  "max_periods": null,
  "summary": {
    "perfect_score": 90801.0,
    "ratios": {
      "or": 0.8802766489355844,
      "llm": 0.6058413453596326,
      "llm_to_or": 0.8560148015991014,
      "or_to_llm": 0.8802766489355844,
      "perfect_score": 1.0
    },
    "warnings": null
  },
  "results": {
    "or": {
      "rewards": [
        79930.0
      ],
      "mean": 79930.0,
      "std": 0.0,
      "min": 79930.0,
      "max": 79930.0,
      "count": 1,
      "ratio_to_perfect": 0.8802766489355844
    },
    "llm": {
      "rewards": [
        55011.0
      ],
      "mean": 55011.0,
      "std": 0.0,
      "min": 55011.0,
      "max": 55011.0,
      "count": 1,
      "ratio_to_perfect": 0.6058413453596326
    },
    "llm_to_or": {
      "rewards": [
        77727.0
      ],
      "mean": 77727.0,
      "std": 0.0,
      "min": 77727.0,
      "max": 77727.0,
      "count": 1,
      "ratio_to_perfect": 0.8560148015991014
    },
    "or_to_llm": {
      "rewards": [
        79930.0
      ],
      "mean": 79930.0,
      "std": 0.0,
      "min": 79930.0,
      "max": 79930.0,
      "count": 1,
      "ratio_to_perfect": 0.8802766489355844
    },
    "perfect_score": {
      "rewards": [
        90801.0
      ],
      "mean": 90801.0,
      "std": 0.0,
      "min": 90801.0,
      "max": 90801.0,
      "count": 1,
      "ratio_to_perfect": 1.0
    }
  },
  "errors": {}
}