{
  "instance_dir": "/shared/share_malatown/OR-Agent-GPT5mini-benchmark/examples/benchmark/real_trajectory/lead_time_stochastic/685816001",
  "instance_name": "685816001",
  "promised_lead_time": 2,
  "model": "openai/gpt-5-mini",
  "num_runs_llm": 1,
  "num_runs_deterministic": 1,
  "max_periods": null,
  "summary": {
    "perfect_score": 92321.0,
    "ratios": {
      "or": 0.15798139101612851,
      "llm": 0.10953087596538166,
      "llm_to_or": 0.16554196769965662,
      "or_to_llm": 0.5573054884587472,
      "perfect_score": 1.0
    },
    "warnings": null
  },
  "results": {
    "or": {
      "rewards": [
        14585.0
      ],
      "mean": 14585.0,
      "std": 0.0,
      "min": 14585.0,
      "max": 14585.0,
      "count": 1,
      "ratio_to_perfect": 0.15798139101612851
    },
    "llm": {
      "rewards": [
        10112.0
      ],
      "mean": 10112.0,
      "std": 0.0,
      "min": 10112.0,
      "max": 10112.0,
      "count": 1,
      "ratio_to_perfect": 0.10953087596538166
    },
    "llm_to_or": {
      "rewards": [
        15283.0
      ],
      "mean": 15283.0,
      "std": 0.0,
      "min": 15283.0,
      "max": 15283.0,
      "count": 1,
      "ratio_to_perfect": 0.16554196769965662
    },
    "or_to_llm": {
      "rewards": [
        51451.0
      ],
      "mean": 51451.0,
      "std": 0.0,
      "min": 51451.0,
      "max": 51451.0,
      "count": 1,
      "ratio_to_perfect": 0.5573054884587472
    },
    "perfect_score": {
      "rewards": [
        92321.0
      ],
      "mean": 92321.0,
      "std": 0.0,
      "min": 92321.0,
      "max": 92321.0,
      "count": 1,
      "ratio_to_perfect": 1.0
    }
  },
  "errors": {}
}