{
  "instance_dir": "D:\\TextArena\\examples\\benchmark\\synthetic_trajectory\\lead_time_0\\p06_variance_change\\v1_normal_to_uniform\\r2_high",
  "instance_name": "r2_high",
  "promised_lead_time": 0,
  "model": "openai/gpt-5-mini",
  "num_runs_llm": 1,
  "num_runs_deterministic": 1,
  "max_periods": null,
  "summary": {
    "perfect_score": 86260.0,
    "ratios": {
      "or": 0.9185833526547647,
      "llm": 0.7998724785532112,
      "llm_to_or": 0.9052631578947369,
      "or_to_llm": 0.8598191514027359,
      "perfect_score": 1.0
    },
    "warnings": null
  },
  "results": {
    "or": {
      "rewards": [
        79237.0
      ],
      "mean": 79237.0,
      "std": 0.0,
      "min": 79237.0,
      "max": 79237.0,
      "count": 1,
      "ratio_to_perfect": 0.9185833526547647
    },
    "llm": {
      "rewards": [
        68997.0
      ],
      "mean": 68997.0,
      "std": 0.0,
      "min": 68997.0,
      "max": 68997.0,
      "count": 1,
      "ratio_to_perfect": 0.7998724785532112
    },
    "llm_to_or": {
      "rewards": [
        78088.0
      ],
      "mean": 78088.0,
      "std": 0.0,
      "min": 78088.0,
      "max": 78088.0,
      "count": 1,
      "ratio_to_perfect": 0.9052631578947369
    },
    "or_to_llm": {
      "rewards": [
        74168.0
      ],
      "mean": 74168.0,
      "std": 0.0,
      "min": 74168.0,
      "max": 74168.0,
      "count": 1,
      "ratio_to_perfect": 0.8598191514027359
    },
    "perfect_score": {
      "rewards": [
        86260.0
      ],
      "mean": 86260.0,
      "std": 0.0,
      "min": 86260.0,
      "max": 86260.0,
      "count": 1,
      "ratio_to_perfect": 1.0
    }
  },
  "errors": {}
}