{
  "instance_dir": "/shared/share_malatown/OR_Agent/examples/benchmark/synthetic_trajectory/lead_time_0/p04_increasing_trend/v3_exp_1_05/r2_high",
  "instance_name": "r2_high",
  "promised_lead_time": 0,
  "model": "x-ai/grok-4.1-fast",
  "num_runs_llm": 1,
  "num_runs_deterministic": 1,
  "max_periods": null,
  "summary": {
    "perfect_score": 417411.0,
    "ratios": {
      "or": 0.8335261888162986,
      "llm": 0.9816703440973046,
      "llm_to_or": 0.9709135600163867,
      "or_to_llm": 0.9716418589831126,
      "perfect_score": 1.0
    },
    "warnings": null
  },
  "results": {
    "or": {
      "rewards": [
        347923.0
      ],
      "mean": 347923.0,
      "std": 0.0,
      "min": 347923.0,
      "max": 347923.0,
      "count": 1,
      "ratio_to_perfect": 0.8335261888162986
    },
    "llm": {
      "rewards": [
        409760.0
      ],
      "mean": 409760.0,
      "std": 0.0,
      "min": 409760.0,
      "max": 409760.0,
      "count": 1,
      "ratio_to_perfect": 0.9816703440973046
    },
    "llm_to_or": {
      "rewards": [
        405270.0
      ],
      "mean": 405270.0,
      "std": 0.0,
      "min": 405270.0,
      "max": 405270.0,
      "count": 1,
      "ratio_to_perfect": 0.9709135600163867
    },
    "or_to_llm": {
      "rewards": [
        405574.0
      ],
      "mean": 405574.0,
      "std": 0.0,
      "min": 405574.0,
      "max": 405574.0,
      "count": 1,
      "ratio_to_perfect": 0.9716418589831126
    },
    "perfect_score": {
      "rewards": [
        417411.0
      ],
      "mean": 417411.0,
      "std": 0.0,
      "min": 417411.0,
      "max": 417411.0,
      "count": 1,
      "ratio_to_perfect": 1.0
    }
  },
  "errors": {}
}