{
  "instance_dir": "D:\\TextArena\\examples\\benchmark\\synthetic_trajectory\\lead_time_0\\p04_increasing_trend\\v1_linear_100t\\r2_med",
  "instance_name": "r2_med",
  "promised_lead_time": 0,
  "model": "openai/gpt-5-mini",
  "num_runs_llm": 1,
  "num_runs_deterministic": 1,
  "max_periods": null,
  "summary": {
    "perfect_score": 511768.0,
    "ratios": {
      "or": 0.692876459645777,
      "llm": 0.9380187897641119,
      "llm_to_or": 0.8607474480624033,
      "or_to_llm": 0.9349177752419064,
      "perfect_score": 1.0
    },
    "warnings": null
  },
  "results": {
    "or": {
      "rewards": [
        354592.0
      ],
      "mean": 354592.0,
      "std": 0.0,
      "min": 354592.0,
      "max": 354592.0,
      "count": 1,
      "ratio_to_perfect": 0.692876459645777
    },
    "llm": {
      "rewards": [
        480048.0
      ],
      "mean": 480048.0,
      "std": 0.0,
      "min": 480048.0,
      "max": 480048.0,
      "count": 1,
      "ratio_to_perfect": 0.9380187897641119
    },
    "llm_to_or": {
      "rewards": [
        440503.0
      ],
      "mean": 440503.0,
      "std": 0.0,
      "min": 440503.0,
      "max": 440503.0,
      "count": 1,
      "ratio_to_perfect": 0.8607474480624033
    },
    "or_to_llm": {
      "rewards": [
        478461.0
      ],
      "mean": 478461.0,
      "std": 0.0,
      "min": 478461.0,
      "max": 478461.0,
      "count": 1,
      "ratio_to_perfect": 0.9349177752419064
    },
    "perfect_score": {
      "rewards": [
        511768.0
      ],
      "mean": 511768.0,
      "std": 0.0,
      "min": 511768.0,
      "max": 511768.0,
      "count": 1,
      "ratio_to_perfect": 1.0
    }
  },
  "errors": {}
}