{
  "instance_dir": "/shared/share_malatown/OR_Agent/examples/benchmark/real_trajectory/lead_time_0/685814001",
  "instance_name": "685814001",
  "promised_lead_time": 0,
  "model": "x-ai/grok-4.1-fast",
  "num_runs_llm": 1,
  "num_runs_deterministic": 1,
  "max_periods": null,
  "summary": {
    "perfect_score": 23800.0,
    "ratios": {
      "or": 0.6613025210084034,
      "llm": 0.7078571428571429,
      "llm_to_or": 0.7115966386554622,
      "or_to_llm": 0.7359243697478992,
      "perfect_score": 1.0
    },
    "warnings": null
  },
  "results": {
    "or": {
      "rewards": [
        15739.0
      ],
      "mean": 15739.0,
      "std": 0.0,
      "min": 15739.0,
      "max": 15739.0,
      "count": 1,
      "ratio_to_perfect": 0.6613025210084034
    },
    "llm": {
      "rewards": [
        16847.0
      ],
      "mean": 16847.0,
      "std": 0.0,
      "min": 16847.0,
      "max": 16847.0,
      "count": 1,
      "ratio_to_perfect": 0.7078571428571429
    },
    "llm_to_or": {
      "rewards": [
        16936.0
      ],
      "mean": 16936.0,
      "std": 0.0,
      "min": 16936.0,
      "max": 16936.0,
      "count": 1,
      "ratio_to_perfect": 0.7115966386554622
    },
    "or_to_llm": {
      "rewards": [
        17515.0
      ],
      "mean": 17515.0,
      "std": 0.0,
      "min": 17515.0,
      "max": 17515.0,
      "count": 1,
      "ratio_to_perfect": 0.7359243697478992
    },
    "perfect_score": {
      "rewards": [
        23800.0
      ],
      "mean": 23800.0,
      "std": 0.0,
      "min": 23800.0,
      "max": 23800.0,
      "count": 1,
      "ratio_to_perfect": 1.0
    }
  },
  "errors": {}
}