{
  "instance_dir": "/shared/share_malatown/OR-Agent-GPT5mini-benchmark/examples/benchmark/real_trajectory/lead_time_4/743098002",
  "instance_name": "743098002",
  "promised_lead_time": 4,
  "model": "openai/gpt-5-mini",
  "num_runs_llm": 1,
  "num_runs_deterministic": 1,
  "max_periods": null,
  "summary": {
    "perfect_score": 9636.0,
    "ratios": {
      "or": 0.35450394354503945,
      "llm": -0.0352843503528435,
      "llm_to_or": 0.10336239103362391,
      "or_to_llm": 0.12754254877542548,
      "perfect_score": 1.0
    },
    "warnings": null
  },
  "results": {
    "or": {
      "rewards": [
        3416.0
      ],
      "mean": 3416.0,
      "std": 0.0,
      "min": 3416.0,
      "max": 3416.0,
      "count": 1,
      "ratio_to_perfect": 0.35450394354503945
    },
    "llm": {
      "rewards": [
        -340.0
      ],
      "mean": -340.0,
      "std": 0.0,
      "min": -340.0,
      "max": -340.0,
      "count": 1,
      "ratio_to_perfect": -0.0352843503528435
    },
    "llm_to_or": {
      "rewards": [
        996.0
      ],
      "mean": 996.0,
      "std": 0.0,
      "min": 996.0,
      "max": 996.0,
      "count": 1,
      "ratio_to_perfect": 0.10336239103362391
    },
    "or_to_llm": {
      "rewards": [
        1229.0
      ],
      "mean": 1229.0,
      "std": 0.0,
      "min": 1229.0,
      "max": 1229.0,
      "count": 1,
      "ratio_to_perfect": 0.12754254877542548
    },
    "perfect_score": {
      "rewards": [
        9636.0
      ],
      "mean": 9636.0,
      "std": 0.0,
      "min": 9636.0,
      "max": 9636.0,
      "count": 1,
      "ratio_to_perfect": 1.0
    }
  },
  "errors": {}
}