{
  "instance_dir": "/shared/share_malatown/OR_Agent/examples/benchmark/real_trajectory/lead_time_0/712587002",
  "instance_name": "712587002",
  "promised_lead_time": 0,
  "model": "x-ai/grok-4.1-fast",
  "num_runs_llm": 1,
  "num_runs_deterministic": 1,
  "max_periods": null,
  "summary": {
    "perfect_score": 10264.0,
    "ratios": {
      "or": 0.5675175370226033,
      "llm": 0.8482073265783321,
      "llm_to_or": 0.8647700701480904,
      "or_to_llm": 0.6179851909586905,
      "perfect_score": 1.0
    },
    "warnings": null
  },
  "results": {
    "or": {
      "rewards": [
        5825.0
      ],
      "mean": 5825.0,
      "std": 0.0,
      "min": 5825.0,
      "max": 5825.0,
      "count": 1,
      "ratio_to_perfect": 0.5675175370226033
    },
    "llm": {
      "rewards": [
        8706.0
      ],
      "mean": 8706.0,
      "std": 0.0,
      "min": 8706.0,
      "max": 8706.0,
      "count": 1,
      "ratio_to_perfect": 0.8482073265783321
    },
    "llm_to_or": {
      "rewards": [
        8876.0
      ],
      "mean": 8876.0,
      "std": 0.0,
      "min": 8876.0,
      "max": 8876.0,
      "count": 1,
      "ratio_to_perfect": 0.8647700701480904
    },
    "or_to_llm": {
      "rewards": [
        6343.0
      ],
      "mean": 6343.0,
      "std": 0.0,
      "min": 6343.0,
      "max": 6343.0,
      "count": 1,
      "ratio_to_perfect": 0.6179851909586905
    },
    "perfect_score": {
      "rewards": [
        10264.0
      ],
      "mean": 10264.0,
      "std": 0.0,
      "min": 10264.0,
      "max": 10264.0,
      "count": 1,
      "ratio_to_perfect": 1.0
    }
  },
  "errors": {}
}