{
  "instance_dir": "/shared/share_malatown/OR-Agent-GPT5mini-benchmark/examples/benchmark/synthetic_trajectory/lead_time_stochastic/p04_increasing_trend/v4_linear_100_2t/r2_high",
  "instance_name": "r2_high",
  "promised_lead_time": 2,
  "model": "openai/gpt-5-mini",
  "num_runs_llm": 1,
  "num_runs_deterministic": 1,
  "max_periods": null,
  "summary": {
    "perfect_score": 151905.0,
    "ratios": {
      "or": 0.15564991277443138,
      "llm": 0.3063164477798624,
      "llm_to_or": 0.2602745136763108,
      "or_to_llm": 0.2602218491820546,
      "perfect_score": 1.0
    },
    "warnings": null
  },
  "results": {
    "or": {
      "rewards": [
        23644.0
      ],
      "mean": 23644.0,
      "std": 0.0,
      "min": 23644.0,
      "max": 23644.0,
      "count": 1,
      "ratio_to_perfect": 0.15564991277443138
    },
    "llm": {
      "rewards": [
        46531.0
      ],
      "mean": 46531.0,
      "std": 0.0,
      "min": 46531.0,
      "max": 46531.0,
      "count": 1,
      "ratio_to_perfect": 0.3063164477798624
    },
    "llm_to_or": {
      "rewards": [
        39537.0
      ],
      "mean": 39537.0,
      "std": 0.0,
      "min": 39537.0,
      "max": 39537.0,
      "count": 1,
      "ratio_to_perfect": 0.2602745136763108
    },
    "or_to_llm": {
      "rewards": [
        39529.0
      ],
      "mean": 39529.0,
      "std": 0.0,
      "min": 39529.0,
      "max": 39529.0,
      "count": 1,
      "ratio_to_perfect": 0.2602218491820546
    },
    "perfect_score": {
      "rewards": [
        151905.0
      ],
      "mean": 151905.0,
      "std": 0.0,
      "min": 151905.0,
      "max": 151905.0,
      "count": 1,
      "ratio_to_perfect": 1.0
    }
  },
  "errors": {}
}