{
  "instance_dir": "/shared/share_malatown/OR_Agent/examples/benchmark/synthetic_trajectory/lead_time_stochastic/p02_mean_increase/v4_100to200_samevar/r1_med",
  "instance_name": "r1_med",
  "promised_lead_time": 2,
  "model": "x-ai/grok-4.1-fast",
  "num_runs_llm": 1,
  "num_runs_deterministic": 1,
  "max_periods": null,
  "summary": {
    "perfect_score": 33884.0,
    "ratios": {
      "or": 0.08166096092551056,
      "llm": 0.5002360996340456,
      "llm_to_or": -0.7712489670641011,
      "or_to_llm": 0.5164384370204226,
      "perfect_score": 1.0
    },
    "warnings": null
  },
  "results": {
    "or": {
      "rewards": [
        2767.0
      ],
      "mean": 2767.0,
      "std": 0.0,
      "min": 2767.0,
      "max": 2767.0,
      "count": 1,
      "ratio_to_perfect": 0.08166096092551056
    },
    "llm": {
      "rewards": [
        16950.0
      ],
      "mean": 16950.0,
      "std": 0.0,
      "min": 16950.0,
      "max": 16950.0,
      "count": 1,
      "ratio_to_perfect": 0.5002360996340456
    },
    "llm_to_or": {
      "rewards": [
        -26133.0
      ],
      "mean": -26133.0,
      "std": 0.0,
      "min": -26133.0,
      "max": -26133.0,
      "count": 1,
      "ratio_to_perfect": -0.7712489670641011
    },
    "or_to_llm": {
      "rewards": [
        17499.0
      ],
      "mean": 17499.0,
      "std": 0.0,
      "min": 17499.0,
      "max": 17499.0,
      "count": 1,
      "ratio_to_perfect": 0.5164384370204226
    },
    "perfect_score": {
      "rewards": [
        33884.0
      ],
      "mean": 33884.0,
      "std": 0.0,
      "min": 33884.0,
      "max": 33884.0,
      "count": 1,
      "ratio_to_perfect": 1.0
    }
  },
  "errors": {}
}