{
  "instance_dir": "/shared/share_malatown/OR_Agent/examples/benchmark/real_trajectory/lead_time_0/589748001",
  "instance_name": "589748001",
  "promised_lead_time": 0,
  "model": "x-ai/grok-4.1-fast",
  "num_runs_llm": 1,
  "num_runs_deterministic": 1,
  "max_periods": null,
  "summary": {
    "perfect_score": 11872.0,
    "ratios": {
      "or": 0.784282345013477,
      "llm": 0.7547169811320755,
      "llm_to_or": 0.8027291105121294,
      "or_to_llm": 0.7878200808625337,
      "perfect_score": 1.0
    },
    "warnings": null
  },
  "results": {
    "or": {
      "rewards": [
        9311.0
      ],
      "mean": 9311.0,
      "std": 0.0,
      "min": 9311.0,
      "max": 9311.0,
      "count": 1,
      "ratio_to_perfect": 0.784282345013477
    },
    "llm": {
      "rewards": [
        8960.0
      ],
      "mean": 8960.0,
      "std": 0.0,
      "min": 8960.0,
      "max": 8960.0,
      "count": 1,
      "ratio_to_perfect": 0.7547169811320755
    },
    "llm_to_or": {
      "rewards": [
        9530.0
      ],
      "mean": 9530.0,
      "std": 0.0,
      "min": 9530.0,
      "max": 9530.0,
      "count": 1,
      "ratio_to_perfect": 0.8027291105121294
    },
    "or_to_llm": {
      "rewards": [
        9353.0
      ],
      "mean": 9353.0,
      "std": 0.0,
      "min": 9353.0,
      "max": 9353.0,
      "count": 1,
      "ratio_to_perfect": 0.7878200808625337
    },
    "perfect_score": {
      "rewards": [
        11872.0
      ],
      "mean": 11872.0,
      "std": 0.0,
      "min": 11872.0,
      "max": 11872.0,
      "count": 1,
      "ratio_to_perfect": 1.0
    }
  },
  "errors": {}
}