{
  "instance_dir": "D:\\TextArena\\examples\\benchmark\\real_trajectory\\lead_time_4\\720504001",
  "instance_name": "720504001",
  "promised_lead_time": 4,
  "model": "google/gemini-3-flash-preview",
  "num_runs_llm": 1,
  "num_runs_deterministic": 1,
  "max_periods": null,
  "summary": {
    "perfect_score": 50711.0,
    "ratios": {
      "or": 0.7048174952180001,
      "llm": 0.7548263690323599,
      "llm_to_or": 0.7591646782749305,
      "or_to_llm": 0.74713572992053,
      "perfect_score": 1.0
    },
    "warnings": null
  },
  "results": {
    "or": {
      "rewards": [
        35742.0
      ],
      "mean": 35742.0,
      "std": 0.0,
      "min": 35742.0,
      "max": 35742.0,
      "count": 1,
      "ratio_to_perfect": 0.7048174952180001
    },
    "llm": {
      "rewards": [
        38278.0
      ],
      "mean": 38278.0,
      "std": 0.0,
      "min": 38278.0,
      "max": 38278.0,
      "count": 1,
      "ratio_to_perfect": 0.7548263690323599
    },
    "llm_to_or": {
      "rewards": [
        38498.0
      ],
      "mean": 38498.0,
      "std": 0.0,
      "min": 38498.0,
      "max": 38498.0,
      "count": 1,
      "ratio_to_perfect": 0.7591646782749305
    },
    "or_to_llm": {
      "rewards": [
        37888.0
      ],
      "mean": 37888.0,
      "std": 0.0,
      "min": 37888.0,
      "max": 37888.0,
      "count": 1,
      "ratio_to_perfect": 0.74713572992053
    },
    "perfect_score": {
      "rewards": [
        50711.0
      ],
      "mean": 50711.0,
      "std": 0.0,
      "min": 50711.0,
      "max": 50711.0,
      "count": 1,
      "ratio_to_perfect": 1.0
    }
  },
  "errors": {}
}