{
  "instance_dir": "/shared/share_malatown/OR_Agent/examples/benchmark/real_trajectory/lead_time_4/599580017",
  "instance_name": "599580017",
  "promised_lead_time": 4,
  "model": "x-ai/grok-4.1-fast",
  "num_runs_llm": 1,
  "num_runs_deterministic": 1,
  "max_periods": null,
  "summary": {
    "perfect_score": 11087.0,
    "ratios": {
      "or": -1.4744295120411293,
      "llm": -3.629836745738252,
      "llm_to_or": -2.602417245422567,
      "or_to_llm": -2.3059438982592226,
      "perfect_score": 1.0
    },
    "warnings": null
  },
  "results": {
    "or": {
      "rewards": [
        -16347.0
      ],
      "mean": -16347.0,
      "std": 0.0,
      "min": -16347.0,
      "max": -16347.0,
      "count": 1,
      "ratio_to_perfect": -1.4744295120411293
    },
    "llm": {
      "rewards": [
        -40244.0
      ],
      "mean": -40244.0,
      "std": 0.0,
      "min": -40244.0,
      "max": -40244.0,
      "count": 1,
      "ratio_to_perfect": -3.629836745738252
    },
    "llm_to_or": {
      "rewards": [
        -28853.0
      ],
      "mean": -28853.0,
      "std": 0.0,
      "min": -28853.0,
      "max": -28853.0,
      "count": 1,
      "ratio_to_perfect": -2.602417245422567
    },
    "or_to_llm": {
      "rewards": [
        -25566.0
      ],
      "mean": -25566.0,
      "std": 0.0,
      "min": -25566.0,
      "max": -25566.0,
      "count": 1,
      "ratio_to_perfect": -2.3059438982592226
    },
    "perfect_score": {
      "rewards": [
        11087.0
      ],
      "mean": 11087.0,
      "std": 0.0,
      "min": 11087.0,
      "max": 11087.0,
      "count": 1,
      "ratio_to_perfect": 1.0
    }
  },
  "errors": {}
}