{
  "instance_dir": "/shared/share_malatown/OR-Agent-GPT5mini-benchmark/examples/benchmark/real_trajectory/lead_time_stochastic/224606019",
  "instance_name": "224606019",
  "promised_lead_time": 2,
  "model": "openai/gpt-5-mini",
  "num_runs_llm": 1,
  "num_runs_deterministic": 1,
  "max_periods": null,
  "summary": {
    "perfect_score": 55575.0,
    "ratios": {
      "or": 0.07339631129104814,
      "llm": 0.35940620782726046,
      "llm_to_or": 0.10321187584345479,
      "or_to_llm": 0.33820962663067927,
      "perfect_score": 1.0
    },
    "warnings": null
  },
  "results": {
    "or": {
      "rewards": [
        4079.0
      ],
      "mean": 4079.0,
      "std": 0.0,
      "min": 4079.0,
      "max": 4079.0,
      "count": 1,
      "ratio_to_perfect": 0.07339631129104814
    },
    "llm": {
      "rewards": [
        19974.0
      ],
      "mean": 19974.0,
      "std": 0.0,
      "min": 19974.0,
      "max": 19974.0,
      "count": 1,
      "ratio_to_perfect": 0.35940620782726046
    },
    "llm_to_or": {
      "rewards": [
        5736.0
      ],
      "mean": 5736.0,
      "std": 0.0,
      "min": 5736.0,
      "max": 5736.0,
      "count": 1,
      "ratio_to_perfect": 0.10321187584345479
    },
    "or_to_llm": {
      "rewards": [
        18796.0
      ],
      "mean": 18796.0,
      "std": 0.0,
      "min": 18796.0,
      "max": 18796.0,
      "count": 1,
      "ratio_to_perfect": 0.33820962663067927
    },
    "perfect_score": {
      "rewards": [
        55575.0
      ],
      "mean": 55575.0,
      "std": 0.0,
      "min": 55575.0,
      "max": 55575.0,
      "count": 1,
      "ratio_to_perfect": 1.0
    }
  },
  "errors": {}
}