{
  "instance_dir": "/shared/share_malatown/OR-Agent-GPT5mini-benchmark/examples/benchmark/real_trajectory/lead_time_0/697564010",
  "instance_name": "697564010",
  "promised_lead_time": 0,
  "model": "openai/gpt-5-mini",
  "num_runs_llm": 1,
  "num_runs_deterministic": 1,
  "max_periods": null,
  "summary": {
    "perfect_score": 15284.0,
    "ratios": {
      "or": 0.5271525778591991,
      "llm": 0.8100628107825176,
      "llm_to_or": 0.7465323213818372,
      "or_to_llm": 0.7733577597487569,
      "perfect_score": 1.0
    },
    "warnings": null
  },
  "results": {
    "or": {
      "rewards": [
        8057.0
      ],
      "mean": 8057.0,
      "std": 0.0,
      "min": 8057.0,
      "max": 8057.0,
      "count": 1,
      "ratio_to_perfect": 0.5271525778591991
    },
    "llm": {
      "rewards": [
        12381.0
      ],
      "mean": 12381.0,
      "std": 0.0,
      "min": 12381.0,
      "max": 12381.0,
      "count": 1,
      "ratio_to_perfect": 0.8100628107825176
    },
    "llm_to_or": {
      "rewards": [
        11410.0
      ],
      "mean": 11410.0,
      "std": 0.0,
      "min": 11410.0,
      "max": 11410.0,
      "count": 1,
      "ratio_to_perfect": 0.7465323213818372
    },
    "or_to_llm": {
      "rewards": [
        11820.0
      ],
      "mean": 11820.0,
      "std": 0.0,
      "min": 11820.0,
      "max": 11820.0,
      "count": 1,
      "ratio_to_perfect": 0.7733577597487569
    },
    "perfect_score": {
      "rewards": [
        15284.0
      ],
      "mean": 15284.0,
      "std": 0.0,
      "min": 15284.0,
      "max": 15284.0,
      "count": 1,
      "ratio_to_perfect": 1.0
    }
  },
  "errors": {}
}