{
  "instance_dir": "/shared/share_malatown/OR_Agent/examples/benchmark/real_trajectory/lead_time_0/294008002",
  "instance_name": "294008002",
  "promised_lead_time": 0,
  "model": "x-ai/grok-4.1-fast",
  "num_runs_llm": 1,
  "num_runs_deterministic": 1,
  "max_periods": null,
  "summary": {
    "perfect_score": 2802.0,
    "ratios": {
      "or": 0.4011420413990007,
      "llm": 0.6370449678800857,
      "llm_to_or": 0.6759457530335474,
      "or_to_llm": 0.44147037830121344,
      "perfect_score": 1.0
    },
    "warnings": null
  },
  "results": {
    "or": {
      "rewards": [
        1124.0
      ],
      "mean": 1124.0,
      "std": 0.0,
      "min": 1124.0,
      "max": 1124.0,
      "count": 1,
      "ratio_to_perfect": 0.4011420413990007
    },
    "llm": {
      "rewards": [
        1785.0
      ],
      "mean": 1785.0,
      "std": 0.0,
      "min": 1785.0,
      "max": 1785.0,
      "count": 1,
      "ratio_to_perfect": 0.6370449678800857
    },
    "llm_to_or": {
      "rewards": [
        1894.0
      ],
      "mean": 1894.0,
      "std": 0.0,
      "min": 1894.0,
      "max": 1894.0,
      "count": 1,
      "ratio_to_perfect": 0.6759457530335474
    },
    "or_to_llm": {
      "rewards": [
        1237.0
      ],
      "mean": 1237.0,
      "std": 0.0,
      "min": 1237.0,
      "max": 1237.0,
      "count": 1,
      "ratio_to_perfect": 0.44147037830121344
    },
    "perfect_score": {
      "rewards": [
        2802.0
      ],
      "mean": 2802.0,
      "std": 0.0,
      "min": 2802.0,
      "max": 2802.0,
      "count": 1,
      "ratio_to_perfect": 1.0
    }
  },
  "errors": {}
}