{
  "instance_dir": "D:\\TextArena\\examples\\benchmark\\real_trajectory\\lead_time_4\\580770001",
  "instance_name": "580770001",
  "promised_lead_time": 4,
  "model": "google/gemini-3-flash-preview",
  "num_runs_llm": 1,
  "num_runs_deterministic": 1,
  "max_periods": null,
  "summary": {
    "perfect_score": 1896.0,
    "ratios": {
      "or": -4.314873417721519,
      "llm": -11.813291139240507,
      "llm_to_or": -3.4778481012658227,
      "or_to_llm": -5.004746835443038,
      "perfect_score": 1.0
    },
    "warnings": null
  },
  "results": {
    "or": {
      "rewards": [
        -8181.0
      ],
      "mean": -8181.0,
      "std": 0.0,
      "min": -8181.0,
      "max": -8181.0,
      "count": 1,
      "ratio_to_perfect": -4.314873417721519
    },
    "llm": {
      "rewards": [
        -22398.0
      ],
      "mean": -22398.0,
      "std": 0.0,
      "min": -22398.0,
      "max": -22398.0,
      "count": 1,
      "ratio_to_perfect": -11.813291139240507
    },
    "llm_to_or": {
      "rewards": [
        -6594.0
      ],
      "mean": -6594.0,
      "std": 0.0,
      "min": -6594.0,
      "max": -6594.0,
      "count": 1,
      "ratio_to_perfect": -3.4778481012658227
    },
    "or_to_llm": {
      "rewards": [
        -9489.0
      ],
      "mean": -9489.0,
      "std": 0.0,
      "min": -9489.0,
      "max": -9489.0,
      "count": 1,
      "ratio_to_perfect": -5.004746835443038
    },
    "perfect_score": {
      "rewards": [
        1896.0
      ],
      "mean": 1896.0,
      "std": 0.0,
      "min": 1896.0,
      "max": 1896.0,
      "count": 1,
      "ratio_to_perfect": 1.0
    }
  },
  "errors": {}
}