{
  "instance_dir": "/shared/share_malatown/OR_Agent/examples/benchmark/synthetic_trajectory/lead_time_0/p10_autocorrelated/v4_phi_neg_0_3/r2_med",
  "instance_name": "r2_med",
  "promised_lead_time": 0,
  "model": "x-ai/grok-4.1-fast",
  "num_runs_llm": 1,
  "num_runs_deterministic": 1,
  "max_periods": null,
  "summary": {
    "perfect_score": 19316.0,
    "ratios": {
      "or": 0.9214640712362808,
      "llm": 0.913491406088217,
      "llm_to_or": 0.9090391385379996,
      "or_to_llm": 0.9194450196728101,
      "perfect_score": 1.0
    },
    "warnings": null
  },
  "results": {
    "or": {
      "rewards": [
        17799.0
      ],
      "mean": 17799.0,
      "std": 0.0,
      "min": 17799.0,
      "max": 17799.0,
      "count": 1,
      "ratio_to_perfect": 0.9214640712362808
    },
    "llm": {
      "rewards": [
        17645.0
      ],
      "mean": 17645.0,
      "std": 0.0,
      "min": 17645.0,
      "max": 17645.0,
      "count": 1,
      "ratio_to_perfect": 0.913491406088217
    },
    "llm_to_or": {
      "rewards": [
        17559.0
      ],
      "mean": 17559.0,
      "std": 0.0,
      "min": 17559.0,
      "max": 17559.0,
      "count": 1,
      "ratio_to_perfect": 0.9090391385379996
    },
    "or_to_llm": {
      "rewards": [
        17760.0
      ],
      "mean": 17760.0,
      "std": 0.0,
      "min": 17760.0,
      "max": 17760.0,
      "count": 1,
      "ratio_to_perfect": 0.9194450196728101
    },
    "perfect_score": {
      "rewards": [
        19316.0
      ],
      "mean": 19316.0,
      "std": 0.0,
      "min": 19316.0,
      "max": 19316.0,
      "count": 1,
      "ratio_to_perfect": 1.0
    }
  },
  "errors": {}
}