{
  "instance_dir": "/shared/share_malatown/OR-Agent-GPT5mini-benchmark/examples/benchmark/real_trajectory/lead_time_stochastic/687704001",
  "instance_name": "687704001",
  "promised_lead_time": 2,
  "model": "openai/gpt-5-mini",
  "num_runs_llm": 1,
  "num_runs_deterministic": 1,
  "max_periods": null,
  "summary": {
    "perfect_score": 99028.0,
    "ratios": {
      "or": 0.22615825827038818,
      "llm": 0.4013410348588278,
      "llm_to_or": 0.07755382316112615,
      "or_to_llm": 0.3743991598335824,
      "perfect_score": 1.0
    },
    "warnings": null
  },
  "results": {
    "or": {
      "rewards": [
        22396.0
      ],
      "mean": 22396.0,
      "std": 0.0,
      "min": 22396.0,
      "max": 22396.0,
      "count": 1,
      "ratio_to_perfect": 0.22615825827038818
    },
    "llm": {
      "rewards": [
        39744.0
      ],
      "mean": 39744.0,
      "std": 0.0,
      "min": 39744.0,
      "max": 39744.0,
      "count": 1,
      "ratio_to_perfect": 0.4013410348588278
    },
    "llm_to_or": {
      "rewards": [
        7680.0
      ],
      "mean": 7680.0,
      "std": 0.0,
      "min": 7680.0,
      "max": 7680.0,
      "count": 1,
      "ratio_to_perfect": 0.07755382316112615
    },
    "or_to_llm": {
      "rewards": [
        37076.0
      ],
      "mean": 37076.0,
      "std": 0.0,
      "min": 37076.0,
      "max": 37076.0,
      "count": 1,
      "ratio_to_perfect": 0.3743991598335824
    },
    "perfect_score": {
      "rewards": [
        99028.0
      ],
      "mean": 99028.0,
      "std": 0.0,
      "min": 99028.0,
      "max": 99028.0,
      "count": 1,
      "ratio_to_perfect": 1.0
    }
  },
  "errors": {}
}