{
  "instance_dir": "D:\\TextArena\\examples\\benchmark\\real_trajectory\\lead_time_0\\695632002",
  "instance_name": "695632002",
  "promised_lead_time": 0,
  "model": "google/gemini-3-flash-preview",
  "num_runs_llm": 1,
  "num_runs_deterministic": 1,
  "max_periods": null,
  "summary": {
    "perfect_score": 28116.0,
    "ratios": {
      "or": 0.7808009674206857,
      "llm": 0.7904040404040404,
      "llm_to_or": 0.7124413145539906,
      "or_to_llm": 0.7955256793284963,
      "perfect_score": 1.0
    },
    "warnings": null
  },
  "results": {
    "or": {
      "rewards": [
        21953.0
      ],
      "mean": 21953.0,
      "std": 0.0,
      "min": 21953.0,
      "max": 21953.0,
      "count": 1,
      "ratio_to_perfect": 0.7808009674206857
    },
    "llm": {
      "rewards": [
        22223.0
      ],
      "mean": 22223.0,
      "std": 0.0,
      "min": 22223.0,
      "max": 22223.0,
      "count": 1,
      "ratio_to_perfect": 0.7904040404040404
    },
    "llm_to_or": {
      "rewards": [
        20031.0
      ],
      "mean": 20031.0,
      "std": 0.0,
      "min": 20031.0,
      "max": 20031.0,
      "count": 1,
      "ratio_to_perfect": 0.7124413145539906
    },
    "or_to_llm": {
      "rewards": [
        22367.0
      ],
      "mean": 22367.0,
      "std": 0.0,
      "min": 22367.0,
      "max": 22367.0,
      "count": 1,
      "ratio_to_perfect": 0.7955256793284963
    },
    "perfect_score": {
      "rewards": [
        28116.0
      ],
      "mean": 28116.0,
      "std": 0.0,
      "min": 28116.0,
      "max": 28116.0,
      "count": 1,
      "ratio_to_perfect": 1.0
    }
  },
  "errors": {}
}