{
  "instance_dir": "/shared/share_malatown/OR_Agent/examples/benchmark/real_trajectory/lead_time_4/610776002",
  "instance_name": "610776002",
  "promised_lead_time": 4,
  "model": "x-ai/grok-4.1-fast",
  "num_runs_llm": 1,
  "num_runs_deterministic": 1,
  "max_periods": null,
  "summary": {
    "perfect_score": 203072.0,
    "ratios": {
      "or": 0.6311751497005988,
      "llm": 0.5083418688937914,
      "llm_to_or": 0.7398262685156004,
      "or_to_llm": 0.7165635833595966,
      "perfect_score": 1.0
    },
    "warnings": null
  },
  "results": {
    "or": {
      "rewards": [
        128174.0
      ],
      "mean": 128174.0,
      "std": 0.0,
      "min": 128174.0,
      "max": 128174.0,
      "count": 1,
      "ratio_to_perfect": 0.6311751497005988
    },
    "llm": {
      "rewards": [
        103230.0
      ],
      "mean": 103230.0,
      "std": 0.0,
      "min": 103230.0,
      "max": 103230.0,
      "count": 1,
      "ratio_to_perfect": 0.5083418688937914
    },
    "llm_to_or": {
      "rewards": [
        150238.0
      ],
      "mean": 150238.0,
      "std": 0.0,
      "min": 150238.0,
      "max": 150238.0,
      "count": 1,
      "ratio_to_perfect": 0.7398262685156004
    },
    "or_to_llm": {
      "rewards": [
        145514.0
      ],
      "mean": 145514.0,
      "std": 0.0,
      "min": 145514.0,
      "max": 145514.0,
      "count": 1,
      "ratio_to_perfect": 0.7165635833595966
    },
    "perfect_score": {
      "rewards": [
        203072.0
      ],
      "mean": 203072.0,
      "std": 0.0,
      "min": 203072.0,
      "max": 203072.0,
      "count": 1,
      "ratio_to_perfect": 1.0
    }
  },
  "errors": {}
}