{
  "instance_dir": "/shared/share_malatown/OR_Agent/examples/benchmark/real_trajectory/lead_time_0/658030020",
  "instance_name": "658030020",
  "promised_lead_time": 0,
  "model": "x-ai/grok-4.1-fast",
  "num_runs_llm": 1,
  "num_runs_deterministic": 1,
  "max_periods": null,
  "summary": {
    "perfect_score": 64106.0,
    "ratios": {
      "or": 0.929975353321062,
      "llm": 0.9318784513150096,
      "llm_to_or": 0.9273234954606433,
      "or_to_llm": 0.9355286556640564,
      "perfect_score": 1.0
    },
    "warnings": null
  },
  "results": {
    "or": {
      "rewards": [
        59617.0
      ],
      "mean": 59617.0,
      "std": 0.0,
      "min": 59617.0,
      "max": 59617.0,
      "count": 1,
      "ratio_to_perfect": 0.929975353321062
    },
    "llm": {
      "rewards": [
        59739.0
      ],
      "mean": 59739.0,
      "std": 0.0,
      "min": 59739.0,
      "max": 59739.0,
      "count": 1,
      "ratio_to_perfect": 0.9318784513150096
    },
    "llm_to_or": {
      "rewards": [
        59447.0
      ],
      "mean": 59447.0,
      "std": 0.0,
      "min": 59447.0,
      "max": 59447.0,
      "count": 1,
      "ratio_to_perfect": 0.9273234954606433
    },
    "or_to_llm": {
      "rewards": [
        59973.0
      ],
      "mean": 59973.0,
      "std": 0.0,
      "min": 59973.0,
      "max": 59973.0,
      "count": 1,
      "ratio_to_perfect": 0.9355286556640564
    },
    "perfect_score": {
      "rewards": [
        64106.0
      ],
      "mean": 64106.0,
      "std": 0.0,
      "min": 64106.0,
      "max": 64106.0,
      "count": 1,
      "ratio_to_perfect": 1.0
    }
  },
  "errors": {}
}