{
  "instance_dir": "D:\\TextArena\\examples\\benchmark\\real_trajectory\\lead_time_stochastic\\624486001",
  "instance_name": "624486001",
  "promised_lead_time": 2,
  "model": "google/gemini-3-flash-preview",
  "num_runs_llm": 1,
  "num_runs_deterministic": 1,
  "max_periods": null,
  "summary": {
    "perfect_score": 19908.0,
    "ratios": {
      "or": 0.32906369298774363,
      "llm": 0.044705645971468755,
      "llm_to_or": 0.2823488045007032,
      "or_to_llm": 0.2575848904962829,
      "perfect_score": 1.0
    },
    "warnings": null
  },
  "results": {
    "or": {
      "rewards": [
        6551.0
      ],
      "mean": 6551.0,
      "std": 0.0,
      "min": 6551.0,
      "max": 6551.0,
      "count": 1,
      "ratio_to_perfect": 0.32906369298774363
    },
    "llm": {
      "rewards": [
        890.0
      ],
      "mean": 890.0,
      "std": 0.0,
      "min": 890.0,
      "max": 890.0,
      "count": 1,
      "ratio_to_perfect": 0.044705645971468755
    },
    "llm_to_or": {
      "rewards": [
        5621.0
      ],
      "mean": 5621.0,
      "std": 0.0,
      "min": 5621.0,
      "max": 5621.0,
      "count": 1,
      "ratio_to_perfect": 0.2823488045007032
    },
    "or_to_llm": {
      "rewards": [
        5128.0
      ],
      "mean": 5128.0,
      "std": 0.0,
      "min": 5128.0,
      "max": 5128.0,
      "count": 1,
      "ratio_to_perfect": 0.2575848904962829
    },
    "perfect_score": {
      "rewards": [
        19908.0
      ],
      "mean": 19908.0,
      "std": 0.0,
      "min": 19908.0,
      "max": 19908.0,
      "count": 1,
      "ratio_to_perfect": 1.0
    }
  },
  "errors": {}
}