{
  "instance_dir": "/shared/share_malatown/OR_Agent/examples/benchmark/real_trajectory/lead_time_stochastic/399223034",
  "instance_name": "399223034",
  "promised_lead_time": 2,
  "model": "x-ai/grok-4.1-fast",
  "num_runs_llm": 1,
  "num_runs_deterministic": 1,
  "max_periods": null,
  "summary": {
    "perfect_score": 11688.0,
    "ratios": {
      "or": 0.19977754962354552,
      "llm": 0.4098220396988364,
      "llm_to_or": 0.3612251882272416,
      "or_to_llm": 0.4046885694729637,
      "perfect_score": 1.0
    },
    "warnings": null
  },
  "results": {
    "or": {
      "rewards": [
        2335.0
      ],
      "mean": 2335.0,
      "std": 0.0,
      "min": 2335.0,
      "max": 2335.0,
      "count": 1,
      "ratio_to_perfect": 0.19977754962354552
    },
    "llm": {
      "rewards": [
        4790.0
      ],
      "mean": 4790.0,
      "std": 0.0,
      "min": 4790.0,
      "max": 4790.0,
      "count": 1,
      "ratio_to_perfect": 0.4098220396988364
    },
    "llm_to_or": {
      "rewards": [
        4222.0
      ],
      "mean": 4222.0,
      "std": 0.0,
      "min": 4222.0,
      "max": 4222.0,
      "count": 1,
      "ratio_to_perfect": 0.3612251882272416
    },
    "or_to_llm": {
      "rewards": [
        4730.0
      ],
      "mean": 4730.0,
      "std": 0.0,
      "min": 4730.0,
      "max": 4730.0,
      "count": 1,
      "ratio_to_perfect": 0.4046885694729637
    },
    "perfect_score": {
      "rewards": [
        11688.0
      ],
      "mean": 11688.0,
      "std": 0.0,
      "min": 11688.0,
      "max": 11688.0,
      "count": 1,
      "ratio_to_perfect": 1.0
    }
  },
  "errors": {}
}