{
  "instance_dir": "/shared/share_malatown/OR-Agent-GPT5mini-benchmark/examples/benchmark/real_trajectory/lead_time_4/583534002",
  "instance_name": "583534002",
  "promised_lead_time": 4,
  "model": "openai/gpt-5-mini",
  "num_runs_llm": 1,
  "num_runs_deterministic": 1,
  "max_periods": null,
  "summary": {
    "perfect_score": 5864.0,
    "ratios": {
      "or": -3.764495225102319,
      "llm": -2.200204638472033,
      "llm_to_or": -2.3651091405184173,
      "or_to_llm": -2.2435197817189634,
      "perfect_score": 1.0
    },
    "warnings": null
  },
  "results": {
    "or": {
      "rewards": [
        -22075.0
      ],
      "mean": -22075.0,
      "std": 0.0,
      "min": -22075.0,
      "max": -22075.0,
      "count": 1,
      "ratio_to_perfect": -3.764495225102319
    },
    "llm": {
      "rewards": [
        -12902.0
      ],
      "mean": -12902.0,
      "std": 0.0,
      "min": -12902.0,
      "max": -12902.0,
      "count": 1,
      "ratio_to_perfect": -2.200204638472033
    },
    "llm_to_or": {
      "rewards": [
        -13869.0
      ],
      "mean": -13869.0,
      "std": 0.0,
      "min": -13869.0,
      "max": -13869.0,
      "count": 1,
      "ratio_to_perfect": -2.3651091405184173
    },
    "or_to_llm": {
      "rewards": [
        -13156.0
      ],
      "mean": -13156.0,
      "std": 0.0,
      "min": -13156.0,
      "max": -13156.0,
      "count": 1,
      "ratio_to_perfect": -2.2435197817189634
    },
    "perfect_score": {
      "rewards": [
        5864.0
      ],
      "mean": 5864.0,
      "std": 0.0,
      "min": 5864.0,
      "max": 5864.0,
      "count": 1,
      "ratio_to_perfect": 1.0
    }
  },
  "errors": {}
}