{
  "instance_dir": "/shared/share_malatown/OR_Agent/examples/benchmark/real_trajectory/lead_time_stochastic/624486001",
  "instance_name": "624486001",
  "promised_lead_time": 2,
  "model": "x-ai/grok-4.1-fast",
  "num_runs_llm": 1,
  "num_runs_deterministic": 1,
  "max_periods": null,
  "summary": {
    "perfect_score": 19908.0,
    "ratios": {
      "or": 0.32906369298774363,
      "llm": 0.2781796262808921,
      "llm_to_or": -0.13261000602772754,
      "or_to_llm": -0.002913401647578863,
      "perfect_score": 1.0
    },
    "warnings": null
  },
  "results": {
    "or": {
      "rewards": [
        6551.0
      ],
      "mean": 6551.0,
      "std": 0.0,
      "min": 6551.0,
      "max": 6551.0,
      "count": 1,
      "ratio_to_perfect": 0.32906369298774363
    },
    "llm": {
      "rewards": [
        5538.0
      ],
      "mean": 5538.0,
      "std": 0.0,
      "min": 5538.0,
      "max": 5538.0,
      "count": 1,
      "ratio_to_perfect": 0.2781796262808921
    },
    "llm_to_or": {
      "rewards": [
        -2640.0
      ],
      "mean": -2640.0,
      "std": 0.0,
      "min": -2640.0,
      "max": -2640.0,
      "count": 1,
      "ratio_to_perfect": -0.13261000602772754
    },
    "or_to_llm": {
      "rewards": [
        -58.0
      ],
      "mean": -58.0,
      "std": 0.0,
      "min": -58.0,
      "max": -58.0,
      "count": 1,
      "ratio_to_perfect": -0.002913401647578863
    },
    "perfect_score": {
      "rewards": [
        19908.0
      ],
      "mean": 19908.0,
      "std": 0.0,
      "min": 19908.0,
      "max": 19908.0,
      "count": 1,
      "ratio_to_perfect": 1.0
    }
  },
  "errors": {}
}