{
  "instance_dir": "D:\\TextArena\\examples\\benchmark\\real_trajectory\\lead_time_0\\611415001",
  "instance_name": "611415001",
  "promised_lead_time": 0,
  "model": "google/gemini-3-flash-preview",
  "num_runs_llm": 1,
  "num_runs_deterministic": 1,
  "max_periods": null,
  "summary": {
    "perfect_score": 15252.0,
    "ratios": {
      "or": 0.8112378704432206,
      "llm": 0.7593102543928665,
      "llm_to_or": 0.79982953055337,
      "or_to_llm": 0.8106477838971938,
      "perfect_score": 1.0
    },
    "warnings": null
  },
  "results": {
    "or": {
      "rewards": [
        12373.0
      ],
      "mean": 12373.0,
      "std": 0.0,
      "min": 12373.0,
      "max": 12373.0,
      "count": 1,
      "ratio_to_perfect": 0.8112378704432206
    },
    "llm": {
      "rewards": [
        11581.0
      ],
      "mean": 11581.0,
      "std": 0.0,
      "min": 11581.0,
      "max": 11581.0,
      "count": 1,
      "ratio_to_perfect": 0.7593102543928665
    },
    "llm_to_or": {
      "rewards": [
        12199.0
      ],
      "mean": 12199.0,
      "std": 0.0,
      "min": 12199.0,
      "max": 12199.0,
      "count": 1,
      "ratio_to_perfect": 0.79982953055337
    },
    "or_to_llm": {
      "rewards": [
        12364.0
      ],
      "mean": 12364.0,
      "std": 0.0,
      "min": 12364.0,
      "max": 12364.0,
      "count": 1,
      "ratio_to_perfect": 0.8106477838971938
    },
    "perfect_score": {
      "rewards": [
        15252.0
      ],
      "mean": 15252.0,
      "std": 0.0,
      "min": 15252.0,
      "max": 15252.0,
      "count": 1,
      "ratio_to_perfect": 1.0
    }
  },
  "errors": {}
}