{
  "instance_dir": "/shared/share_malatown/OR_Agent/examples/benchmark/real_trajectory/lead_time_0/189616006",
  "instance_name": "189616006",
  "promised_lead_time": 0,
  "model": "x-ai/grok-4.1-fast",
  "num_runs_llm": 1,
  "num_runs_deterministic": 1,
  "max_periods": null,
  "summary": {
    "perfect_score": 80655.0,
    "ratios": {
      "or": 0.9006633190750728,
      "llm": 0.9010476721839935,
      "llm_to_or": 0.8980968321864733,
      "or_to_llm": 0.9180335999008121,
      "perfect_score": 1.0
    },
    "warnings": null
  },
  "results": {
    "or": {
      "rewards": [
        72643.0
      ],
      "mean": 72643.0,
      "std": 0.0,
      "min": 72643.0,
      "max": 72643.0,
      "count": 1,
      "ratio_to_perfect": 0.9006633190750728
    },
    "llm": {
      "rewards": [
        72674.0
      ],
      "mean": 72674.0,
      "std": 0.0,
      "min": 72674.0,
      "max": 72674.0,
      "count": 1,
      "ratio_to_perfect": 0.9010476721839935
    },
    "llm_to_or": {
      "rewards": [
        72436.0
      ],
      "mean": 72436.0,
      "std": 0.0,
      "min": 72436.0,
      "max": 72436.0,
      "count": 1,
      "ratio_to_perfect": 0.8980968321864733
    },
    "or_to_llm": {
      "rewards": [
        74044.0
      ],
      "mean": 74044.0,
      "std": 0.0,
      "min": 74044.0,
      "max": 74044.0,
      "count": 1,
      "ratio_to_perfect": 0.9180335999008121
    },
    "perfect_score": {
      "rewards": [
        80655.0
      ],
      "mean": 80655.0,
      "std": 0.0,
      "min": 80655.0,
      "max": 80655.0,
      "count": 1,
      "ratio_to_perfect": 1.0
    }
  },
  "errors": {}
}