{
  "instance_dir": "/shared/share_malatown/OR_Agent/examples/benchmark/synthetic_trajectory/lead_time_stochastic/p10_autocorrelated/v1_phi_0_7/r1_high",
  "instance_name": "r1_high",
  "promised_lead_time": 2,
  "model": "x-ai/grok-4.1-fast",
  "num_runs_llm": 1,
  "num_runs_deterministic": 1,
  "max_periods": null,
  "summary": {
    "perfect_score": 101118.0,
    "ratios": {
      "or": 0.10613342827191993,
      "llm": 0.6410431377202872,
      "llm_to_or": 0.3432919954904171,
      "or_to_llm": 0.4529262841432781,
      "perfect_score": 1.0
    },
    "warnings": null
  },
  "results": {
    "or": {
      "rewards": [
        10732.0
      ],
      "mean": 10732.0,
      "std": 0.0,
      "min": 10732.0,
      "max": 10732.0,
      "count": 1,
      "ratio_to_perfect": 0.10613342827191993
    },
    "llm": {
      "rewards": [
        64821.0
      ],
      "mean": 64821.0,
      "std": 0.0,
      "min": 64821.0,
      "max": 64821.0,
      "count": 1,
      "ratio_to_perfect": 0.6410431377202872
    },
    "llm_to_or": {
      "rewards": [
        34713.0
      ],
      "mean": 34713.0,
      "std": 0.0,
      "min": 34713.0,
      "max": 34713.0,
      "count": 1,
      "ratio_to_perfect": 0.3432919954904171
    },
    "or_to_llm": {
      "rewards": [
        45799.0
      ],
      "mean": 45799.0,
      "std": 0.0,
      "min": 45799.0,
      "max": 45799.0,
      "count": 1,
      "ratio_to_perfect": 0.4529262841432781
    },
    "perfect_score": {
      "rewards": [
        101118.0
      ],
      "mean": 101118.0,
      "std": 0.0,
      "min": 101118.0,
      "max": 101118.0,
      "count": 1,
      "ratio_to_perfect": 1.0
    }
  },
  "errors": {}
}