{
  "instance_dir": "D:\\TextArena\\examples\\benchmark\\synthetic_trajectory\\lead_time_0\\p06_variance_change\\v2_var_increase\\r2_med",
  "instance_name": "r2_med",
  "promised_lead_time": 0,
  "model": "google/gemini-3-flash-preview",
  "num_runs_llm": 1,
  "num_runs_deterministic": 1,
  "max_periods": null,
  "summary": {
    "perfect_score": 20156.0,
    "ratios": {
      "or": 0.8431732486604485,
      "llm": 0.8284381821790038,
      "llm_to_or": 0.833349871006152,
      "or_to_llm": 0.8312661242309982,
      "perfect_score": 1.0
    },
    "warnings": null
  },
  "results": {
    "or": {
      "rewards": [
        16995.0
      ],
      "mean": 16995.0,
      "std": 0.0,
      "min": 16995.0,
      "max": 16995.0,
      "count": 1,
      "ratio_to_perfect": 0.8431732486604485
    },
    "llm": {
      "rewards": [
        16698.0
      ],
      "mean": 16698.0,
      "std": 0.0,
      "min": 16698.0,
      "max": 16698.0,
      "count": 1,
      "ratio_to_perfect": 0.8284381821790038
    },
    "llm_to_or": {
      "rewards": [
        16797.0
      ],
      "mean": 16797.0,
      "std": 0.0,
      "min": 16797.0,
      "max": 16797.0,
      "count": 1,
      "ratio_to_perfect": 0.833349871006152
    },
    "or_to_llm": {
      "rewards": [
        16755.0
      ],
      "mean": 16755.0,
      "std": 0.0,
      "min": 16755.0,
      "max": 16755.0,
      "count": 1,
      "ratio_to_perfect": 0.8312661242309982
    },
    "perfect_score": {
      "rewards": [
        20156.0
      ],
      "mean": 20156.0,
      "std": 0.0,
      "min": 20156.0,
      "max": 20156.0,
      "count": 1,
      "ratio_to_perfect": 1.0
    }
  },
  "errors": {}
}