{
  "instance_dir": "D:\\TextArena\\examples\\benchmark\\real_trajectory\\lead_time_0\\728162001",
  "instance_name": "728162001",
  "promised_lead_time": 0,
  "model": "google/gemini-3-flash-preview",
  "num_runs_llm": 1,
  "num_runs_deterministic": 1,
  "max_periods": null,
  "summary": {
    "perfect_score": 102923.0,
    "ratios": {
      "or": 0.8952615061745188,
      "llm": 0.8877024571767244,
      "llm_to_or": 0.9067361036891657,
      "or_to_llm": 0.9146060647280005,
      "perfect_score": 1.0
    },
    "warnings": null
  },
  "results": {
    "or": {
      "rewards": [
        92143.0
      ],
      "mean": 92143.0,
      "std": 0.0,
      "min": 92143.0,
      "max": 92143.0,
      "count": 1,
      "ratio_to_perfect": 0.8952615061745188
    },
    "llm": {
      "rewards": [
        91365.0
      ],
      "mean": 91365.0,
      "std": 0.0,
      "min": 91365.0,
      "max": 91365.0,
      "count": 1,
      "ratio_to_perfect": 0.8877024571767244
    },
    "llm_to_or": {
      "rewards": [
        93324.0
      ],
      "mean": 93324.0,
      "std": 0.0,
      "min": 93324.0,
      "max": 93324.0,
      "count": 1,
      "ratio_to_perfect": 0.9067361036891657
    },
    "or_to_llm": {
      "rewards": [
        94134.0
      ],
      "mean": 94134.0,
      "std": 0.0,
      "min": 94134.0,
      "max": 94134.0,
      "count": 1,
      "ratio_to_perfect": 0.9146060647280005
    },
    "perfect_score": {
      "rewards": [
        102923.0
      ],
      "mean": 102923.0,
      "std": 0.0,
      "min": 102923.0,
      "max": 102923.0,
      "count": 1,
      "ratio_to_perfect": 1.0
    }
  },
  "errors": {}
}