{
  "instance_dir": "D:\\TextArena\\examples\\benchmark\\real_trajectory\\lead_time_0\\516903005",
  "instance_name": "516903005",
  "promised_lead_time": 0,
  "model": "google/gemini-3-flash-preview",
  "num_runs_llm": 1,
  "num_runs_deterministic": 1,
  "max_periods": null,
  "summary": {
    "perfect_score": 13260.0,
    "ratios": {
      "or": 0.5896681749622926,
      "llm": 0.6204374057315234,
      "llm_to_or": 0.634841628959276,
      "or_to_llm": 0.6459276018099548,
      "perfect_score": 1.0
    },
    "warnings": null
  },
  "results": {
    "or": {
      "rewards": [
        7819.0
      ],
      "mean": 7819.0,
      "std": 0.0,
      "min": 7819.0,
      "max": 7819.0,
      "count": 1,
      "ratio_to_perfect": 0.5896681749622926
    },
    "llm": {
      "rewards": [
        8227.0
      ],
      "mean": 8227.0,
      "std": 0.0,
      "min": 8227.0,
      "max": 8227.0,
      "count": 1,
      "ratio_to_perfect": 0.6204374057315234
    },
    "llm_to_or": {
      "rewards": [
        8418.0
      ],
      "mean": 8418.0,
      "std": 0.0,
      "min": 8418.0,
      "max": 8418.0,
      "count": 1,
      "ratio_to_perfect": 0.634841628959276
    },
    "or_to_llm": {
      "rewards": [
        8565.0
      ],
      "mean": 8565.0,
      "std": 0.0,
      "min": 8565.0,
      "max": 8565.0,
      "count": 1,
      "ratio_to_perfect": 0.6459276018099548
    },
    "perfect_score": {
      "rewards": [
        13260.0
      ],
      "mean": 13260.0,
      "std": 0.0,
      "min": 13260.0,
      "max": 13260.0,
      "count": 1,
      "ratio_to_perfect": 1.0
    }
  },
  "errors": {}
}