{
  "instance_dir": "D:\\TextArena\\examples\\benchmark\\real_trajectory\\lead_time_0\\712216001",
  "instance_name": "712216001",
  "promised_lead_time": 0,
  "model": "google/gemini-3-flash-preview",
  "num_runs_llm": 1,
  "num_runs_deterministic": 1,
  "max_periods": null,
  "summary": {
    "perfect_score": 61370.0,
    "ratios": {
      "or": 0.8839986964314812,
      "llm": 0.88681766335343,
      "llm_to_or": 0.9045461952093857,
      "or_to_llm": 0.9064037803487046,
      "perfect_score": 1.0
    },
    "warnings": null
  },
  "results": {
    "or": {
      "rewards": [
        54251.0
      ],
      "mean": 54251.0,
      "std": 0.0,
      "min": 54251.0,
      "max": 54251.0,
      "count": 1,
      "ratio_to_perfect": 0.8839986964314812
    },
    "llm": {
      "rewards": [
        54424.0
      ],
      "mean": 54424.0,
      "std": 0.0,
      "min": 54424.0,
      "max": 54424.0,
      "count": 1,
      "ratio_to_perfect": 0.88681766335343
    },
    "llm_to_or": {
      "rewards": [
        55512.0
      ],
      "mean": 55512.0,
      "std": 0.0,
      "min": 55512.0,
      "max": 55512.0,
      "count": 1,
      "ratio_to_perfect": 0.9045461952093857
    },
    "or_to_llm": {
      "rewards": [
        55626.0
      ],
      "mean": 55626.0,
      "std": 0.0,
      "min": 55626.0,
      "max": 55626.0,
      "count": 1,
      "ratio_to_perfect": 0.9064037803487046
    },
    "perfect_score": {
      "rewards": [
        61370.0
      ],
      "mean": 61370.0,
      "std": 0.0,
      "min": 61370.0,
      "max": 61370.0,
      "count": 1,
      "ratio_to_perfect": 1.0
    }
  },
  "errors": {}
}