{
  "instance_dir": "D:\\TextArena\\examples\\benchmark\\real_trajectory\\lead_time_4\\399087021",
  "instance_name": "399087021",
  "promised_lead_time": 4,
  "model": "google/gemini-3-flash-preview",
  "num_runs_llm": 1,
  "num_runs_deterministic": 1,
  "max_periods": null,
  "summary": {
    "perfect_score": 8464.0,
    "ratios": {
      "or": -0.4460066162570889,
      "llm": -1.2479914933837428,
      "llm_to_or": -0.25531663516068054,
      "or_to_llm": -0.49090264650283555,
      "perfect_score": 1.0
    },
    "warnings": null
  },
  "results": {
    "or": {
      "rewards": [
        -3775.0
      ],
      "mean": -3775.0,
      "std": 0.0,
      "min": -3775.0,
      "max": -3775.0,
      "count": 1,
      "ratio_to_perfect": -0.4460066162570889
    },
    "llm": {
      "rewards": [
        -10563.0
      ],
      "mean": -10563.0,
      "std": 0.0,
      "min": -10563.0,
      "max": -10563.0,
      "count": 1,
      "ratio_to_perfect": -1.2479914933837428
    },
    "llm_to_or": {
      "rewards": [
        -2161.0
      ],
      "mean": -2161.0,
      "std": 0.0,
      "min": -2161.0,
      "max": -2161.0,
      "count": 1,
      "ratio_to_perfect": -0.25531663516068054
    },
    "or_to_llm": {
      "rewards": [
        -4155.0
      ],
      "mean": -4155.0,
      "std": 0.0,
      "min": -4155.0,
      "max": -4155.0,
      "count": 1,
      "ratio_to_perfect": -0.49090264650283555
    },
    "perfect_score": {
      "rewards": [
        8464.0
      ],
      "mean": 8464.0,
      "std": 0.0,
      "min": 8464.0,
      "max": 8464.0,
      "count": 1,
      "ratio_to_perfect": 1.0
    }
  },
  "errors": {}
}