{
  "instance_dir": "/shared/share_malatown/OR-Agent-GPT5mini-benchmark/examples/benchmark/real_trajectory/lead_time_4/688558002",
  "instance_name": "688558002",
  "promised_lead_time": 4,
  "model": "openai/gpt-5-mini",
  "num_runs_llm": 1,
  "num_runs_deterministic": 1,
  "max_periods": null,
  "summary": {
    "perfect_score": 70680.0,
    "ratios": {
      "or": 0.5608941709111488,
      "llm": 0.5023486134691567,
      "llm_to_or": 0.44373231465761176,
      "or_to_llm": 0.5054753820033956,
      "perfect_score": 1.0
    },
    "warnings": null
  },
  "results": {
    "or": {
      "rewards": [
        39644.0
      ],
      "mean": 39644.0,
      "std": 0.0,
      "min": 39644.0,
      "max": 39644.0,
      "count": 1,
      "ratio_to_perfect": 0.5608941709111488
    },
    "llm": {
      "rewards": [
        35506.0
      ],
      "mean": 35506.0,
      "std": 0.0,
      "min": 35506.0,
      "max": 35506.0,
      "count": 1,
      "ratio_to_perfect": 0.5023486134691567
    },
    "llm_to_or": {
      "rewards": [
        31363.0
      ],
      "mean": 31363.0,
      "std": 0.0,
      "min": 31363.0,
      "max": 31363.0,
      "count": 1,
      "ratio_to_perfect": 0.44373231465761176
    },
    "or_to_llm": {
      "rewards": [
        35727.0
      ],
      "mean": 35727.0,
      "std": 0.0,
      "min": 35727.0,
      "max": 35727.0,
      "count": 1,
      "ratio_to_perfect": 0.5054753820033956
    },
    "perfect_score": {
      "rewards": [
        70680.0
      ],
      "mean": 70680.0,
      "std": 0.0,
      "min": 70680.0,
      "max": 70680.0,
      "count": 1,
      "ratio_to_perfect": 1.0
    }
  },
  "errors": {}
}