{
  "instance_dir": "/shared/share_malatown/OR-Agent-GPT5mini-benchmark/examples/benchmark/real_trajectory/lead_time_0/120129001",
  "instance_name": "120129001",
  "promised_lead_time": 0,
  "model": "openai/gpt-5-mini",
  "num_runs_llm": 1,
  "num_runs_deterministic": 1,
  "max_periods": null,
  "summary": {
    "perfect_score": 2974.0,
    "ratios": {
      "or": 0.7279757901815737,
      "llm": 0.7689979825151312,
      "llm_to_or": 0.7441156691324815,
      "or_to_llm": 0.7575655682582381,
      "perfect_score": 1.0
    },
    "warnings": null
  },
  "results": {
    "or": {
      "rewards": [
        2165.0
      ],
      "mean": 2165.0,
      "std": 0.0,
      "min": 2165.0,
      "max": 2165.0,
      "count": 1,
      "ratio_to_perfect": 0.7279757901815737
    },
    "llm": {
      "rewards": [
        2287.0
      ],
      "mean": 2287.0,
      "std": 0.0,
      "min": 2287.0,
      "max": 2287.0,
      "count": 1,
      "ratio_to_perfect": 0.7689979825151312
    },
    "llm_to_or": {
      "rewards": [
        2213.0
      ],
      "mean": 2213.0,
      "std": 0.0,
      "min": 2213.0,
      "max": 2213.0,
      "count": 1,
      "ratio_to_perfect": 0.7441156691324815
    },
    "or_to_llm": {
      "rewards": [
        2253.0
      ],
      "mean": 2253.0,
      "std": 0.0,
      "min": 2253.0,
      "max": 2253.0,
      "count": 1,
      "ratio_to_perfect": 0.7575655682582381
    },
    "perfect_score": {
      "rewards": [
        2974.0
      ],
      "mean": 2974.0,
      "std": 0.0,
      "min": 2974.0,
      "max": 2974.0,
      "count": 1,
      "ratio_to_perfect": 1.0
    }
  },
  "errors": {}
}