{
  "instance_dir": "/shared/share_malatown/OR_Agent/examples/benchmark/synthetic_trajectory/lead_time_stochastic/p02_mean_increase/v1_100to200/r1_med",
  "instance_name": "r1_med",
  "promised_lead_time": 2,
  "model": "x-ai/grok-4.1-fast",
  "num_runs_llm": 1,
  "num_runs_deterministic": 1,
  "max_periods": null,
  "summary": {
    "perfect_score": 33552.0,
    "ratios": {
      "or": 0.07767048164043872,
      "llm": 0.5031890796375775,
      "llm_to_or": 0.17516094420600858,
      "or_to_llm": 0.3888888888888889,
      "perfect_score": 1.0
    },
    "warnings": null
  },
  "results": {
    "or": {
      "rewards": [
        2606.0
      ],
      "mean": 2606.0,
      "std": 0.0,
      "min": 2606.0,
      "max": 2606.0,
      "count": 1,
      "ratio_to_perfect": 0.07767048164043872
    },
    "llm": {
      "rewards": [
        16883.0
      ],
      "mean": 16883.0,
      "std": 0.0,
      "min": 16883.0,
      "max": 16883.0,
      "count": 1,
      "ratio_to_perfect": 0.5031890796375775
    },
    "llm_to_or": {
      "rewards": [
        5877.0
      ],
      "mean": 5877.0,
      "std": 0.0,
      "min": 5877.0,
      "max": 5877.0,
      "count": 1,
      "ratio_to_perfect": 0.17516094420600858
    },
    "or_to_llm": {
      "rewards": [
        13048.0
      ],
      "mean": 13048.0,
      "std": 0.0,
      "min": 13048.0,
      "max": 13048.0,
      "count": 1,
      "ratio_to_perfect": 0.3888888888888889
    },
    "perfect_score": {
      "rewards": [
        33552.0
      ],
      "mean": 33552.0,
      "std": 0.0,
      "min": 33552.0,
      "max": 33552.0,
      "count": 1,
      "ratio_to_perfect": 1.0
    }
  },
  "errors": {}
}