{
  "instance_dir": "D:\\TextArena\\examples\\benchmark\\synthetic_trajectory\\lead_time_0\\p04_increasing_trend\\v1_linear_100t\\r2_med",
  "instance_name": "r2_med",
  "promised_lead_time": 0,
  "model": "google/gemini-3-flash-preview",
  "num_runs_llm": 1,
  "num_runs_deterministic": 1,
  "max_periods": null,
  "summary": {
    "perfect_score": 511768.0,
    "ratios": {
      "or": 0.692876459645777,
      "llm": 0.9708149005017899,
      "llm_to_or": 0.9586844038705038,
      "or_to_llm": 0.97392568507605,
      "perfect_score": 1.0
    },
    "warnings": null
  },
  "results": {
    "or": {
      "rewards": [
        354592.0
      ],
      "mean": 354592.0,
      "std": 0.0,
      "min": 354592.0,
      "max": 354592.0,
      "count": 1,
      "ratio_to_perfect": 0.692876459645777
    },
    "llm": {
      "rewards": [
        496832.0
      ],
      "mean": 496832.0,
      "std": 0.0,
      "min": 496832.0,
      "max": 496832.0,
      "count": 1,
      "ratio_to_perfect": 0.9708149005017899
    },
    "llm_to_or": {
      "rewards": [
        490624.0
      ],
      "mean": 490624.0,
      "std": 0.0,
      "min": 490624.0,
      "max": 490624.0,
      "count": 1,
      "ratio_to_perfect": 0.9586844038705038
    },
    "or_to_llm": {
      "rewards": [
        498424.0
      ],
      "mean": 498424.0,
      "std": 0.0,
      "min": 498424.0,
      "max": 498424.0,
      "count": 1,
      "ratio_to_perfect": 0.97392568507605
    },
    "perfect_score": {
      "rewards": [
        511768.0
      ],
      "mean": 511768.0,
      "std": 0.0,
      "min": 511768.0,
      "max": 511768.0,
      "count": 1,
      "ratio_to_perfect": 1.0
    }
  },
  "errors": {}
}