{
  "instance_dir": "/shared/share_malatown/OR-Agent-GPT5mini-benchmark/examples/benchmark/real_trajectory/lead_time_4/562245046",
  "instance_name": "562245046",
  "promised_lead_time": 4,
  "model": "openai/gpt-5-mini",
  "num_runs_llm": 1,
  "num_runs_deterministic": 1,
  "max_periods": null,
  "summary": {
    "perfect_score": 47304.0,
    "ratios": {
      "or": 0.4410409267715204,
      "llm": 0.4493700321325892,
      "llm_to_or": 0.4104938271604938,
      "or_to_llm": 0.4193302891933029,
      "perfect_score": 1.0
    },
    "warnings": null
  },
  "results": {
    "or": {
      "rewards": [
        20863.0
      ],
      "mean": 20863.0,
      "std": 0.0,
      "min": 20863.0,
      "max": 20863.0,
      "count": 1,
      "ratio_to_perfect": 0.4410409267715204
    },
    "llm": {
      "rewards": [
        21257.0
      ],
      "mean": 21257.0,
      "std": 0.0,
      "min": 21257.0,
      "max": 21257.0,
      "count": 1,
      "ratio_to_perfect": 0.4493700321325892
    },
    "llm_to_or": {
      "rewards": [
        19418.0
      ],
      "mean": 19418.0,
      "std": 0.0,
      "min": 19418.0,
      "max": 19418.0,
      "count": 1,
      "ratio_to_perfect": 0.4104938271604938
    },
    "or_to_llm": {
      "rewards": [
        19836.0
      ],
      "mean": 19836.0,
      "std": 0.0,
      "min": 19836.0,
      "max": 19836.0,
      "count": 1,
      "ratio_to_perfect": 0.4193302891933029
    },
    "perfect_score": {
      "rewards": [
        47304.0
      ],
      "mean": 47304.0,
      "std": 0.0,
      "min": 47304.0,
      "max": 47304.0,
      "count": 1,
      "ratio_to_perfect": 1.0
    }
  },
  "errors": {}
}