{
  "instance_dir": "D:\\TextArena\\examples\\benchmark\\synthetic_trajectory\\lead_time_0\\p01_stationary_iid\\v2_normal_100_40\\r1_med",
  "instance_name": "r1_med",
  "promised_lead_time": 0,
  "model": "google/gemini-3-flash-preview",
  "num_runs_llm": 1,
  "num_runs_deterministic": 1,
  "max_periods": null,
  "summary": {
    "perfect_score": 18624.0,
    "ratios": {
      "or": 0.8605025773195877,
      "llm": 0.8625966494845361,
      "llm_to_or": 0.8571198453608248,
      "or_to_llm": 0.8557774914089347,
      "perfect_score": 1.0
    },
    "warnings": null
  },
  "results": {
    "or": {
      "rewards": [
        16026.0
      ],
      "mean": 16026.0,
      "std": 0.0,
      "min": 16026.0,
      "max": 16026.0,
      "count": 1,
      "ratio_to_perfect": 0.8605025773195877
    },
    "llm": {
      "rewards": [
        16065.0
      ],
      "mean": 16065.0,
      "std": 0.0,
      "min": 16065.0,
      "max": 16065.0,
      "count": 1,
      "ratio_to_perfect": 0.8625966494845361
    },
    "llm_to_or": {
      "rewards": [
        15963.0
      ],
      "mean": 15963.0,
      "std": 0.0,
      "min": 15963.0,
      "max": 15963.0,
      "count": 1,
      "ratio_to_perfect": 0.8571198453608248
    },
    "or_to_llm": {
      "rewards": [
        15938.0
      ],
      "mean": 15938.0,
      "std": 0.0,
      "min": 15938.0,
      "max": 15938.0,
      "count": 1,
      "ratio_to_perfect": 0.8557774914089347
    },
    "perfect_score": {
      "rewards": [
        18624.0
      ],
      "mean": 18624.0,
      "std": 0.0,
      "min": 18624.0,
      "max": 18624.0,
      "count": 1,
      "ratio_to_perfect": 1.0
    }
  },
  "errors": {}
}