{
  "instance_dir": "D:\\TextArena\\examples\\benchmark\\synthetic_trajectory\\lead_time_4\\p01_stationary_iid\\v3_normal_100_15\\r1_med",
  "instance_name": "r1_med",
  "promised_lead_time": 4,
  "model": "google/gemini-3-flash-preview",
  "num_runs_llm": 1,
  "num_runs_deterministic": 1,
  "max_periods": null,
  "summary": {
    "perfect_score": 19964.0,
    "ratios": {
      "or": 0.7733921057904227,
      "llm": 0.5803947104788619,
      "llm_to_or": 0.7932278100581046,
      "or_to_llm": 0.7715387697856141,
      "perfect_score": 1.0
    },
    "warnings": null
  },
  "results": {
    "or": {
      "rewards": [
        15440.0
      ],
      "mean": 15440.0,
      "std": 0.0,
      "min": 15440.0,
      "max": 15440.0,
      "count": 1,
      "ratio_to_perfect": 0.7733921057904227
    },
    "llm": {
      "rewards": [
        11587.0
      ],
      "mean": 11587.0,
      "std": 0.0,
      "min": 11587.0,
      "max": 11587.0,
      "count": 1,
      "ratio_to_perfect": 0.5803947104788619
    },
    "llm_to_or": {
      "rewards": [
        15836.0
      ],
      "mean": 15836.0,
      "std": 0.0,
      "min": 15836.0,
      "max": 15836.0,
      "count": 1,
      "ratio_to_perfect": 0.7932278100581046
    },
    "or_to_llm": {
      "rewards": [
        15403.0
      ],
      "mean": 15403.0,
      "std": 0.0,
      "min": 15403.0,
      "max": 15403.0,
      "count": 1,
      "ratio_to_perfect": 0.7715387697856141
    },
    "perfect_score": {
      "rewards": [
        19964.0
      ],
      "mean": 19964.0,
      "std": 0.0,
      "min": 19964.0,
      "max": 19964.0,
      "count": 1,
      "ratio_to_perfect": 1.0
    }
  },
  "errors": {}
}