{
  "instance_dir": "/shared/share_malatown/OR_Agent/examples/benchmark/real_trajectory/lead_time_4/706016002",
  "instance_name": "706016002",
  "promised_lead_time": 4,
  "model": "x-ai/grok-4.1-fast",
  "num_runs_llm": 1,
  "num_runs_deterministic": 1,
  "max_periods": null,
  "summary": {
    "perfect_score": 371564.0,
    "ratios": {
      "or": 0.8153696267668558,
      "llm": 0.07357548094002649,
      "llm_to_or": 0.7173703588076348,
      "or_to_llm": 0.7743618865121487,
      "perfect_score": 1.0
    },
    "warnings": null
  },
  "results": {
    "or": {
      "rewards": [
        302962.0
      ],
      "mean": 302962.0,
      "std": 0.0,
      "min": 302962.0,
      "max": 302962.0,
      "count": 1,
      "ratio_to_perfect": 0.8153696267668558
    },
    "llm": {
      "rewards": [
        27338.0
      ],
      "mean": 27338.0,
      "std": 0.0,
      "min": 27338.0,
      "max": 27338.0,
      "count": 1,
      "ratio_to_perfect": 0.07357548094002649
    },
    "llm_to_or": {
      "rewards": [
        266549.0
      ],
      "mean": 266549.0,
      "std": 0.0,
      "min": 266549.0,
      "max": 266549.0,
      "count": 1,
      "ratio_to_perfect": 0.7173703588076348
    },
    "or_to_llm": {
      "rewards": [
        287725.0
      ],
      "mean": 287725.0,
      "std": 0.0,
      "min": 287725.0,
      "max": 287725.0,
      "count": 1,
      "ratio_to_perfect": 0.7743618865121487
    },
    "perfect_score": {
      "rewards": [
        371564.0
      ],
      "mean": 371564.0,
      "std": 0.0,
      "min": 371564.0,
      "max": 371564.0,
      "count": 1,
      "ratio_to_perfect": 1.0
    }
  },
  "errors": {}
}