{
  "instance_dir": "/shared/share_malatown/OR_Agent/examples/benchmark/synthetic_trajectory/lead_time_0/p10_autocorrelated/v4_phi_neg_0_3/r2_high",
  "instance_name": "r2_high",
  "promised_lead_time": 0,
  "model": "x-ai/grok-4.1-fast",
  "num_runs_llm": 1,
  "num_runs_deterministic": 1,
  "max_periods": null,
  "summary": {
    "perfect_score": 91751.0,
    "ratios": {
      "or": 0.9760002615775305,
      "llm": 0.9739294394611503,
      "llm_to_or": 0.9751719327309785,
      "or_to_llm": 0.9760002615775305,
      "perfect_score": 1.0
    },
    "warnings": null
  },
  "results": {
    "or": {
      "rewards": [
        89549.0
      ],
      "mean": 89549.0,
      "std": 0.0,
      "min": 89549.0,
      "max": 89549.0,
      "count": 1,
      "ratio_to_perfect": 0.9760002615775305
    },
    "llm": {
      "rewards": [
        89359.0
      ],
      "mean": 89359.0,
      "std": 0.0,
      "min": 89359.0,
      "max": 89359.0,
      "count": 1,
      "ratio_to_perfect": 0.9739294394611503
    },
    "llm_to_or": {
      "rewards": [
        89473.0
      ],
      "mean": 89473.0,
      "std": 0.0,
      "min": 89473.0,
      "max": 89473.0,
      "count": 1,
      "ratio_to_perfect": 0.9751719327309785
    },
    "or_to_llm": {
      "rewards": [
        89549.0
      ],
      "mean": 89549.0,
      "std": 0.0,
      "min": 89549.0,
      "max": 89549.0,
      "count": 1,
      "ratio_to_perfect": 0.9760002615775305
    },
    "perfect_score": {
      "rewards": [
        91751.0
      ],
      "mean": 91751.0,
      "std": 0.0,
      "min": 91751.0,
      "max": 91751.0,
      "count": 1,
      "ratio_to_perfect": 1.0
    }
  },
  "errors": {}
}