{
  "instance_dir": "D:\\TextArena\\examples\\benchmark\\real_trajectory\\lead_time_stochastic\\720504001",
  "instance_name": "720504001",
  "promised_lead_time": 2,
  "model": "google/gemini-3-flash-preview",
  "num_runs_llm": 1,
  "num_runs_deterministic": 1,
  "max_periods": null,
  "summary": {
    "perfect_score": 10676.0,
    "ratios": {
      "or": 0.1981079055826152,
      "llm": 0.47442862495316596,
      "llm_to_or": 0.4467965530161109,
      "or_to_llm": 0.47180591982015735,
      "perfect_score": 1.0
    },
    "warnings": null
  },
  "results": {
    "or": {
      "rewards": [
        2115.0
      ],
      "mean": 2115.0,
      "std": 0.0,
      "min": 2115.0,
      "max": 2115.0,
      "count": 1,
      "ratio_to_perfect": 0.1981079055826152
    },
    "llm": {
      "rewards": [
        5065.0
      ],
      "mean": 5065.0,
      "std": 0.0,
      "min": 5065.0,
      "max": 5065.0,
      "count": 1,
      "ratio_to_perfect": 0.47442862495316596
    },
    "llm_to_or": {
      "rewards": [
        4770.0
      ],
      "mean": 4770.0,
      "std": 0.0,
      "min": 4770.0,
      "max": 4770.0,
      "count": 1,
      "ratio_to_perfect": 0.4467965530161109
    },
    "or_to_llm": {
      "rewards": [
        5037.0
      ],
      "mean": 5037.0,
      "std": 0.0,
      "min": 5037.0,
      "max": 5037.0,
      "count": 1,
      "ratio_to_perfect": 0.47180591982015735
    },
    "perfect_score": {
      "rewards": [
        10676.0
      ],
      "mean": 10676.0,
      "std": 0.0,
      "min": 10676.0,
      "max": 10676.0,
      "count": 1,
      "ratio_to_perfect": 1.0
    }
  },
  "errors": {}
}