{
  "instance_dir": "/shared/share_malatown/OR_Agent/examples/benchmark/real_trajectory/lead_time_4/712587002",
  "instance_name": "712587002",
  "promised_lead_time": 4,
  "model": "x-ai/grok-4.1-fast",
  "num_runs_llm": 1,
  "num_runs_deterministic": 1,
  "max_periods": null,
  "summary": {
    "perfect_score": 2566.0,
    "ratios": {
      "or": -4.351909586905689,
      "llm": -3.69485580670304,
      "llm_to_or": -1.7661730319563522,
      "or_to_llm": -1.8787996882307092,
      "perfect_score": 1.0
    },
    "warnings": null
  },
  "results": {
    "or": {
      "rewards": [
        -11167.0
      ],
      "mean": -11167.0,
      "std": 0.0,
      "min": -11167.0,
      "max": -11167.0,
      "count": 1,
      "ratio_to_perfect": -4.351909586905689
    },
    "llm": {
      "rewards": [
        -9481.0
      ],
      "mean": -9481.0,
      "std": 0.0,
      "min": -9481.0,
      "max": -9481.0,
      "count": 1,
      "ratio_to_perfect": -3.69485580670304
    },
    "llm_to_or": {
      "rewards": [
        -4532.0
      ],
      "mean": -4532.0,
      "std": 0.0,
      "min": -4532.0,
      "max": -4532.0,
      "count": 1,
      "ratio_to_perfect": -1.7661730319563522
    },
    "or_to_llm": {
      "rewards": [
        -4821.0
      ],
      "mean": -4821.0,
      "std": 0.0,
      "min": -4821.0,
      "max": -4821.0,
      "count": 1,
      "ratio_to_perfect": -1.8787996882307092
    },
    "perfect_score": {
      "rewards": [
        2566.0
      ],
      "mean": 2566.0,
      "std": 0.0,
      "min": 2566.0,
      "max": 2566.0,
      "count": 1,
      "ratio_to_perfect": 1.0
    }
  },
  "errors": {}
}