{
  "instance_dir": "/shared/share_malatown/OR_Agent/examples/benchmark/real_trajectory/lead_time_stochastic/611415001",
  "instance_name": "611415001",
  "promised_lead_time": 2,
  "model": "x-ai/grok-4.1-fast",
  "num_runs_llm": 1,
  "num_runs_deterministic": 1,
  "max_periods": null,
  "summary": {
    "perfect_score": 3813.0,
    "ratios": {
      "or": 0.12798321531602413,
      "llm": 0.044584316810910046,
      "llm_to_or": -1.2302648832939942,
      "or_to_llm": 0.04038814581694204,
      "perfect_score": 1.0
    },
    "warnings": null
  },
  "results": {
    "or": {
      "rewards": [
        488.0
      ],
      "mean": 488.0,
      "std": 0.0,
      "min": 488.0,
      "max": 488.0,
      "count": 1,
      "ratio_to_perfect": 0.12798321531602413
    },
    "llm": {
      "rewards": [
        170.0
      ],
      "mean": 170.0,
      "std": 0.0,
      "min": 170.0,
      "max": 170.0,
      "count": 1,
      "ratio_to_perfect": 0.044584316810910046
    },
    "llm_to_or": {
      "rewards": [
        -4691.0
      ],
      "mean": -4691.0,
      "std": 0.0,
      "min": -4691.0,
      "max": -4691.0,
      "count": 1,
      "ratio_to_perfect": -1.2302648832939942
    },
    "or_to_llm": {
      "rewards": [
        154.0
      ],
      "mean": 154.0,
      "std": 0.0,
      "min": 154.0,
      "max": 154.0,
      "count": 1,
      "ratio_to_perfect": 0.04038814581694204
    },
    "perfect_score": {
      "rewards": [
        3813.0
      ],
      "mean": 3813.0,
      "std": 0.0,
      "min": 3813.0,
      "max": 3813.0,
      "count": 1,
      "ratio_to_perfect": 1.0
    }
  },
  "errors": {}
}