{
  "instance_dir": "/shared/share_malatown/OR-Agent-GPT5mini-benchmark/examples/benchmark/real_trajectory/lead_time_stochastic/568597006",
  "instance_name": "568597006",
  "promised_lead_time": 2,
  "model": "openai/gpt-5-mini",
  "num_runs_llm": 1,
  "num_runs_deterministic": 1,
  "max_periods": null,
  "summary": {
    "perfect_score": 23236.0,
    "ratios": {
      "or": 0.19073850920984678,
      "llm": 0.18084007574453434,
      "llm_to_or": 0.10965742812876571,
      "or_to_llm": 0.14012738853503184,
      "perfect_score": 1.0
    },
    "warnings": null
  },
  "results": {
    "or": {
      "rewards": [
        4432.0
      ],
      "mean": 4432.0,
      "std": 0.0,
      "min": 4432.0,
      "max": 4432.0,
      "count": 1,
      "ratio_to_perfect": 0.19073850920984678
    },
    "llm": {
      "rewards": [
        4202.0
      ],
      "mean": 4202.0,
      "std": 0.0,
      "min": 4202.0,
      "max": 4202.0,
      "count": 1,
      "ratio_to_perfect": 0.18084007574453434
    },
    "llm_to_or": {
      "rewards": [
        2548.0
      ],
      "mean": 2548.0,
      "std": 0.0,
      "min": 2548.0,
      "max": 2548.0,
      "count": 1,
      "ratio_to_perfect": 0.10965742812876571
    },
    "or_to_llm": {
      "rewards": [
        3256.0
      ],
      "mean": 3256.0,
      "std": 0.0,
      "min": 3256.0,
      "max": 3256.0,
      "count": 1,
      "ratio_to_perfect": 0.14012738853503184
    },
    "perfect_score": {
      "rewards": [
        23236.0
      ],
      "mean": 23236.0,
      "std": 0.0,
      "min": 23236.0,
      "max": 23236.0,
      "count": 1,
      "ratio_to_perfect": 1.0
    }
  },
  "errors": {}
}