{
  "instance_dir": "/shared/share_malatown/OR-Agent-GPT5mini-benchmark/examples/benchmark/real_trajectory/lead_time_4/692226004",
  "instance_name": "692226004",
  "promised_lead_time": 4,
  "model": "openai/gpt-5-mini",
  "num_runs_llm": 1,
  "num_runs_deterministic": 1,
  "max_periods": null,
  "summary": {
    "perfect_score": 47177.0,
    "ratios": {
      "or": 0.5374864870593722,
      "llm": 0.6300951734955593,
      "llm_to_or": 0.5635373169129024,
      "or_to_llm": 0.4654598639167391,
      "perfect_score": 1.0
    },
    "warnings": null
  },
  "results": {
    "or": {
      "rewards": [
        25357.0
      ],
      "mean": 25357.0,
      "std": 0.0,
      "min": 25357.0,
      "max": 25357.0,
      "count": 1,
      "ratio_to_perfect": 0.5374864870593722
    },
    "llm": {
      "rewards": [
        29726.0
      ],
      "mean": 29726.0,
      "std": 0.0,
      "min": 29726.0,
      "max": 29726.0,
      "count": 1,
      "ratio_to_perfect": 0.6300951734955593
    },
    "llm_to_or": {
      "rewards": [
        26586.0
      ],
      "mean": 26586.0,
      "std": 0.0,
      "min": 26586.0,
      "max": 26586.0,
      "count": 1,
      "ratio_to_perfect": 0.5635373169129024
    },
    "or_to_llm": {
      "rewards": [
        21959.0
      ],
      "mean": 21959.0,
      "std": 0.0,
      "min": 21959.0,
      "max": 21959.0,
      "count": 1,
      "ratio_to_perfect": 0.4654598639167391
    },
    "perfect_score": {
      "rewards": [
        47177.0
      ],
      "mean": 47177.0,
      "std": 0.0,
      "min": 47177.0,
      "max": 47177.0,
      "count": 1,
      "ratio_to_perfect": 1.0
    }
  },
  "errors": {}
}