{
  "instance_dir": "/shared/share_malatown/OR_Agent/examples/benchmark/synthetic_trajectory/lead_time_stochastic/p05_decreasing_trend/v2_exp_decay_0_97/r2_high",
  "instance_name": "r2_high",
  "promised_lead_time": 2,
  "model": "x-ai/grok-4.1-fast",
  "num_runs_llm": 1,
  "num_runs_deterministic": 1,
  "max_periods": null,
  "summary": {
    "perfect_score": 96007.0,
    "ratios": {
      "or": 0.20640161654879333,
      "llm": 0.6598997989729916,
      "llm_to_or": 0.5601987355088691,
      "or_to_llm": 0.5015155144937349,
      "perfect_score": 1.0
    },
    "warnings": null
  },
  "results": {
    "or": {
      "rewards": [
        19816.0
      ],
      "mean": 19816.0,
      "std": 0.0,
      "min": 19816.0,
      "max": 19816.0,
      "count": 1,
      "ratio_to_perfect": 0.20640161654879333
    },
    "llm": {
      "rewards": [
        63355.0
      ],
      "mean": 63355.0,
      "std": 0.0,
      "min": 63355.0,
      "max": 63355.0,
      "count": 1,
      "ratio_to_perfect": 0.6598997989729916
    },
    "llm_to_or": {
      "rewards": [
        53783.0
      ],
      "mean": 53783.0,
      "std": 0.0,
      "min": 53783.0,
      "max": 53783.0,
      "count": 1,
      "ratio_to_perfect": 0.5601987355088691
    },
    "or_to_llm": {
      "rewards": [
        48149.0
      ],
      "mean": 48149.0,
      "std": 0.0,
      "min": 48149.0,
      "max": 48149.0,
      "count": 1,
      "ratio_to_perfect": 0.5015155144937349
    },
    "perfect_score": {
      "rewards": [
        96007.0
      ],
      "mean": 96007.0,
      "std": 0.0,
      "min": 96007.0,
      "max": 96007.0,
      "count": 1,
      "ratio_to_perfect": 1.0
    }
  },
  "errors": {}
}