{
  "instance_dir": "/shared/share_malatown/OR_Agent/examples/benchmark/real_trajectory/lead_time_0/728162001",
  "instance_name": "728162001",
  "promised_lead_time": 0,
  "model": "x-ai/grok-4.1-fast",
  "num_runs_llm": 1,
  "num_runs_deterministic": 1,
  "max_periods": null,
  "summary": {
    "perfect_score": 102923.0,
    "ratios": {
      "or": 0.8952615061745188,
      "llm": 0.8888489453280608,
      "llm_to_or": 0.9067943996968607,
      "or_to_llm": 0.9069012757109683,
      "perfect_score": 1.0
    },
    "warnings": null
  },
  "results": {
    "or": {
      "rewards": [
        92143.0
      ],
      "mean": 92143.0,
      "std": 0.0,
      "min": 92143.0,
      "max": 92143.0,
      "count": 1,
      "ratio_to_perfect": 0.8952615061745188
    },
    "llm": {
      "rewards": [
        91483.0
      ],
      "mean": 91483.0,
      "std": 0.0,
      "min": 91483.0,
      "max": 91483.0,
      "count": 1,
      "ratio_to_perfect": 0.8888489453280608
    },
    "llm_to_or": {
      "rewards": [
        93330.0
      ],
      "mean": 93330.0,
      "std": 0.0,
      "min": 93330.0,
      "max": 93330.0,
      "count": 1,
      "ratio_to_perfect": 0.9067943996968607
    },
    "or_to_llm": {
      "rewards": [
        93341.0
      ],
      "mean": 93341.0,
      "std": 0.0,
      "min": 93341.0,
      "max": 93341.0,
      "count": 1,
      "ratio_to_perfect": 0.9069012757109683
    },
    "perfect_score": {
      "rewards": [
        102923.0
      ],
      "mean": 102923.0,
      "std": 0.0,
      "min": 102923.0,
      "max": 102923.0,
      "count": 1,
      "ratio_to_perfect": 1.0
    }
  },
  "errors": {}
}