{
  "instance_dir": "/shared/share_malatown/OR_Agent/examples/benchmark/synthetic_trajectory/lead_time_stochastic/p01_stationary_iid/v1_normal_100_25/r2_high",
  "instance_name": "r2_high",
  "promised_lead_time": 2,
  "model": "x-ai/grok-4.1-fast",
  "num_runs_llm": 1,
  "num_runs_deterministic": 1,
  "max_periods": null,
  "summary": {
    "perfect_score": 89737.0,
    "ratios": {
      "or": 0.13618685714922496,
      "llm": 0.6578000156011455,
      "llm_to_or": 0.42994528455375153,
      "or_to_llm": 0.5596576662914963,
      "perfect_score": 1.0
    },
    "warnings": null
  },
  "results": {
    "or": {
      "rewards": [
        12221.0
      ],
      "mean": 12221.0,
      "std": 0.0,
      "min": 12221.0,
      "max": 12221.0,
      "count": 1,
      "ratio_to_perfect": 0.13618685714922496
    },
    "llm": {
      "rewards": [
        59029.0
      ],
      "mean": 59029.0,
      "std": 0.0,
      "min": 59029.0,
      "max": 59029.0,
      "count": 1,
      "ratio_to_perfect": 0.6578000156011455
    },
    "llm_to_or": {
      "rewards": [
        38582.0
      ],
      "mean": 38582.0,
      "std": 0.0,
      "min": 38582.0,
      "max": 38582.0,
      "count": 1,
      "ratio_to_perfect": 0.42994528455375153
    },
    "or_to_llm": {
      "rewards": [
        50222.0
      ],
      "mean": 50222.0,
      "std": 0.0,
      "min": 50222.0,
      "max": 50222.0,
      "count": 1,
      "ratio_to_perfect": 0.5596576662914963
    },
    "perfect_score": {
      "rewards": [
        89737.0
      ],
      "mean": 89737.0,
      "std": 0.0,
      "min": 89737.0,
      "max": 89737.0,
      "count": 1,
      "ratio_to_perfect": 1.0
    }
  },
  "errors": {}
}