{
  "instance_dir": "/shared/share_malatown/OR_Agent/examples/benchmark/synthetic_trajectory/lead_time_4/p02_mean_increase/v4_100to200_samevar/r2_high",
  "instance_name": "r2_high",
  "promised_lead_time": 4,
  "model": "x-ai/grok-4.1-fast",
  "num_runs_llm": 1,
  "num_runs_deterministic": 1,
  "max_periods": null,
  "summary": {
    "perfect_score": 158631.0,
    "ratios": {
      "or": 0.8161708619374524,
      "llm": 0.7974481658692185,
      "llm_to_or": 0.8555326512472341,
      "or_to_llm": 0.8422691655477177,
      "perfect_score": 1.0
    },
    "warnings": null
  },
  "results": {
    "or": {
      "rewards": [
        129470.0
      ],
      "mean": 129470.0,
      "std": 0.0,
      "min": 129470.0,
      "max": 129470.0,
      "count": 1,
      "ratio_to_perfect": 0.8161708619374524
    },
    "llm": {
      "rewards": [
        126500.0
      ],
      "mean": 126500.0,
      "std": 0.0,
      "min": 126500.0,
      "max": 126500.0,
      "count": 1,
      "ratio_to_perfect": 0.7974481658692185
    },
    "llm_to_or": {
      "rewards": [
        135714.0
      ],
      "mean": 135714.0,
      "std": 0.0,
      "min": 135714.0,
      "max": 135714.0,
      "count": 1,
      "ratio_to_perfect": 0.8555326512472341
    },
    "or_to_llm": {
      "rewards": [
        133610.0
      ],
      "mean": 133610.0,
      "std": 0.0,
      "min": 133610.0,
      "max": 133610.0,
      "count": 1,
      "ratio_to_perfect": 0.8422691655477177
    },
    "perfect_score": {
      "rewards": [
        158631.0
      ],
      "mean": 158631.0,
      "std": 0.0,
      "min": 158631.0,
      "max": 158631.0,
      "count": 1,
      "ratio_to_perfect": 1.0
    }
  },
  "errors": {}
}