{
  "instance_dir": "D:\\TextArena\\examples\\benchmark\\real_trajectory\\lead_time_stochastic\\608458001",
  "instance_name": "608458001",
  "promised_lead_time": 2,
  "model": "google/gemini-3-flash-preview",
  "num_runs_llm": 1,
  "num_runs_deterministic": 1,
  "max_periods": null,
  "summary": {
    "perfect_score": 9732.0,
    "ratios": {
      "or": 0.24527332511302918,
      "llm": 0.3700164406083025,
      "llm_to_or": 0.11385121249486231,
      "or_to_llm": 0.43999177969584874,
      "perfect_score": 1.0
    },
    "warnings": null
  },
  "results": {
    "or": {
      "rewards": [
        2387.0
      ],
      "mean": 2387.0,
      "std": 0.0,
      "min": 2387.0,
      "max": 2387.0,
      "count": 1,
      "ratio_to_perfect": 0.24527332511302918
    },
    "llm": {
      "rewards": [
        3601.0
      ],
      "mean": 3601.0,
      "std": 0.0,
      "min": 3601.0,
      "max": 3601.0,
      "count": 1,
      "ratio_to_perfect": 0.3700164406083025
    },
    "llm_to_or": {
      "rewards": [
        1108.0
      ],
      "mean": 1108.0,
      "std": 0.0,
      "min": 1108.0,
      "max": 1108.0,
      "count": 1,
      "ratio_to_perfect": 0.11385121249486231
    },
    "or_to_llm": {
      "rewards": [
        4282.0
      ],
      "mean": 4282.0,
      "std": 0.0,
      "min": 4282.0,
      "max": 4282.0,
      "count": 1,
      "ratio_to_perfect": 0.43999177969584874
    },
    "perfect_score": {
      "rewards": [
        9732.0
      ],
      "mean": 9732.0,
      "std": 0.0,
      "min": 9732.0,
      "max": 9732.0,
      "count": 1,
      "ratio_to_perfect": 1.0
    }
  },
  "errors": {}
}