{
  "instance_dir": "/shared/share_malatown/OR-Agent-GPT5mini-benchmark/examples/benchmark/real_trajectory/lead_time_0/554477005",
  "instance_name": "554477005",
  "promised_lead_time": 0,
  "model": "openai/gpt-5-mini",
  "num_runs_llm": 1,
  "num_runs_deterministic": 1,
  "max_periods": null,
  "summary": {
    "perfect_score": 3154.0,
    "ratios": {
      "or": 0.1715282181357007,
      "llm": 0.6414077362079899,
      "llm_to_or": 0.4578313253012048,
      "or_to_llm": 0.6230183893468612,
      "perfect_score": 1.0
    },
    "warnings": null
  },
  "results": {
    "or": {
      "rewards": [
        541.0
      ],
      "mean": 541.0,
      "std": 0.0,
      "min": 541.0,
      "max": 541.0,
      "count": 1,
      "ratio_to_perfect": 0.1715282181357007
    },
    "llm": {
      "rewards": [
        2023.0
      ],
      "mean": 2023.0,
      "std": 0.0,
      "min": 2023.0,
      "max": 2023.0,
      "count": 1,
      "ratio_to_perfect": 0.6414077362079899
    },
    "llm_to_or": {
      "rewards": [
        1444.0
      ],
      "mean": 1444.0,
      "std": 0.0,
      "min": 1444.0,
      "max": 1444.0,
      "count": 1,
      "ratio_to_perfect": 0.4578313253012048
    },
    "or_to_llm": {
      "rewards": [
        1965.0
      ],
      "mean": 1965.0,
      "std": 0.0,
      "min": 1965.0,
      "max": 1965.0,
      "count": 1,
      "ratio_to_perfect": 0.6230183893468612
    },
    "perfect_score": {
      "rewards": [
        3154.0
      ],
      "mean": 3154.0,
      "std": 0.0,
      "min": 3154.0,
      "max": 3154.0,
      "count": 1,
      "ratio_to_perfect": 1.0
    }
  },
  "errors": {}
}