{
  "instance_dir": "/shared/share_malatown/OR-Agent-GPT5mini-benchmark/examples/benchmark/real_trajectory/lead_time_0/156231001",
  "instance_name": "156231001",
  "promised_lead_time": 0,
  "model": "openai/gpt-5-mini",
  "num_runs_llm": 1,
  "num_runs_deterministic": 1,
  "max_periods": null,
  "summary": {
    "perfect_score": 43580.0,
    "ratios": {
      "or": 0.7908444240477284,
      "llm": 0.8280862781092244,
      "llm_to_or": 0.8449288664525011,
      "or_to_llm": 0.8038320330426801,
      "perfect_score": 1.0
    },
    "warnings": null
  },
  "results": {
    "or": {
      "rewards": [
        34465.0
      ],
      "mean": 34465.0,
      "std": 0.0,
      "min": 34465.0,
      "max": 34465.0,
      "count": 1,
      "ratio_to_perfect": 0.7908444240477284
    },
    "llm": {
      "rewards": [
        36088.0
      ],
      "mean": 36088.0,
      "std": 0.0,
      "min": 36088.0,
      "max": 36088.0,
      "count": 1,
      "ratio_to_perfect": 0.8280862781092244
    },
    "llm_to_or": {
      "rewards": [
        36822.0
      ],
      "mean": 36822.0,
      "std": 0.0,
      "min": 36822.0,
      "max": 36822.0,
      "count": 1,
      "ratio_to_perfect": 0.8449288664525011
    },
    "or_to_llm": {
      "rewards": [
        35031.0
      ],
      "mean": 35031.0,
      "std": 0.0,
      "min": 35031.0,
      "max": 35031.0,
      "count": 1,
      "ratio_to_perfect": 0.8038320330426801
    },
    "perfect_score": {
      "rewards": [
        43580.0
      ],
      "mean": 43580.0,
      "std": 0.0,
      "min": 43580.0,
      "max": 43580.0,
      "count": 1,
      "ratio_to_perfect": 1.0
    }
  },
  "errors": {}
}