{
  "instance_dir": "D:\\TextArena\\examples\\benchmark\\synthetic_trajectory\\lead_time_0\\p10_autocorrelated\\v4_phi_neg_0_3\\r2_med",
  "instance_name": "r2_med",
  "promised_lead_time": 0,
  "model": "openai/gpt-5-mini",
  "num_runs_llm": 1,
  "num_runs_deterministic": 1,
  "max_periods": null,
  "summary": {
    "perfect_score": 19316.0,
    "ratios": {
      "or": 0.9214640712362808,
      "llm": 0.8779768067922965,
      "llm_to_or": 0.9191343963553531,
      "or_to_llm": 0.9091426796438186,
      "perfect_score": 1.0
    },
    "warnings": null
  },
  "results": {
    "or": {
      "rewards": [
        17799.0
      ],
      "mean": 17799.0,
      "std": 0.0,
      "min": 17799.0,
      "max": 17799.0,
      "count": 1,
      "ratio_to_perfect": 0.9214640712362808
    },
    "llm": {
      "rewards": [
        16959.0
      ],
      "mean": 16959.0,
      "std": 0.0,
      "min": 16959.0,
      "max": 16959.0,
      "count": 1,
      "ratio_to_perfect": 0.8779768067922965
    },
    "llm_to_or": {
      "rewards": [
        17754.0
      ],
      "mean": 17754.0,
      "std": 0.0,
      "min": 17754.0,
      "max": 17754.0,
      "count": 1,
      "ratio_to_perfect": 0.9191343963553531
    },
    "or_to_llm": {
      "rewards": [
        17561.0
      ],
      "mean": 17561.0,
      "std": 0.0,
      "min": 17561.0,
      "max": 17561.0,
      "count": 1,
      "ratio_to_perfect": 0.9091426796438186
    },
    "perfect_score": {
      "rewards": [
        19316.0
      ],
      "mean": 19316.0,
      "std": 0.0,
      "min": 19316.0,
      "max": 19316.0,
      "count": 1,
      "ratio_to_perfect": 1.0
    }
  },
  "errors": {}
}