{
  "instance_dir": "D:\\TextArena\\examples\\benchmark\\synthetic_trajectory\\lead_time_stochastic\\p10_autocorrelated\\v4_phi_neg_0_3\\r2_high",
  "instance_name": "r2_high",
  "promised_lead_time": 2,
  "model": "google/gemini-3-flash-preview",
  "num_runs_llm": 1,
  "num_runs_deterministic": 1,
  "max_periods": null,
  "summary": {
    "perfect_score": 91751.0,
    "ratios": {
      "or": 0.13098494839293304,
      "llm": 0.7026408431515733,
      "llm_to_or": 0.5365064140990289,
      "or_to_llm": 0.6370284792536322,
      "perfect_score": 1.0
    },
    "warnings": null
  },
  "results": {
    "or": {
      "rewards": [
        12018.0
      ],
      "mean": 12018.0,
      "std": 0.0,
      "min": 12018.0,
      "max": 12018.0,
      "count": 1,
      "ratio_to_perfect": 0.13098494839293304
    },
    "llm": {
      "rewards": [
        64468.0
      ],
      "mean": 64468.0,
      "std": 0.0,
      "min": 64468.0,
      "max": 64468.0,
      "count": 1,
      "ratio_to_perfect": 0.7026408431515733
    },
    "llm_to_or": {
      "rewards": [
        49225.0
      ],
      "mean": 49225.0,
      "std": 0.0,
      "min": 49225.0,
      "max": 49225.0,
      "count": 1,
      "ratio_to_perfect": 0.5365064140990289
    },
    "or_to_llm": {
      "rewards": [
        58448.0
      ],
      "mean": 58448.0,
      "std": 0.0,
      "min": 58448.0,
      "max": 58448.0,
      "count": 1,
      "ratio_to_perfect": 0.6370284792536322
    },
    "perfect_score": {
      "rewards": [
        91751.0
      ],
      "mean": 91751.0,
      "std": 0.0,
      "min": 91751.0,
      "max": 91751.0,
      "count": 1,
      "ratio_to_perfect": 1.0
    }
  },
  "errors": {}
}