{
  "instance_dir": "/shared/share_malatown/OR-Agent-GPT5mini-benchmark/examples/benchmark/real_trajectory/lead_time_0/706016003",
  "instance_name": "706016003",
  "promised_lead_time": 0,
  "model": "openai/gpt-5-mini",
  "num_runs_llm": 1,
  "num_runs_deterministic": 1,
  "max_periods": null,
  "summary": {
    "perfect_score": 9599.0,
    "ratios": {
      "or": 0.17762266902802376,
      "llm": 0.5384935930826128,
      "llm_to_or": 0.5104698406083967,
      "or_to_llm": 0.5294301489738514,
      "perfect_score": 1.0
    },
    "warnings": null
  },
  "results": {
    "or": {
      "rewards": [
        1705.0
      ],
      "mean": 1705.0,
      "std": 0.0,
      "min": 1705.0,
      "max": 1705.0,
      "count": 1,
      "ratio_to_perfect": 0.17762266902802376
    },
    "llm": {
      "rewards": [
        5169.0
      ],
      "mean": 5169.0,
      "std": 0.0,
      "min": 5169.0,
      "max": 5169.0,
      "count": 1,
      "ratio_to_perfect": 0.5384935930826128
    },
    "llm_to_or": {
      "rewards": [
        4900.0
      ],
      "mean": 4900.0,
      "std": 0.0,
      "min": 4900.0,
      "max": 4900.0,
      "count": 1,
      "ratio_to_perfect": 0.5104698406083967
    },
    "or_to_llm": {
      "rewards": [
        5082.0
      ],
      "mean": 5082.0,
      "std": 0.0,
      "min": 5082.0,
      "max": 5082.0,
      "count": 1,
      "ratio_to_perfect": 0.5294301489738514
    },
    "perfect_score": {
      "rewards": [
        9599.0
      ],
      "mean": 9599.0,
      "std": 0.0,
      "min": 9599.0,
      "max": 9599.0,
      "count": 1,
      "ratio_to_perfect": 1.0
    }
  },
  "errors": {}
}