{
  "instance_dir": "/shared/share_malatown/OR_Agent/examples/benchmark/real_trajectory/lead_time_4/610776022",
  "instance_name": "610776022",
  "promised_lead_time": 4,
  "model": "x-ai/grok-4.1-fast",
  "num_runs_llm": 1,
  "num_runs_deterministic": 1,
  "max_periods": null,
  "summary": {
    "perfect_score": 5459.0,
    "ratios": {
      "or": -2.731086279538377,
      "llm": -4.0663125114489835,
      "llm_to_or": -1.2427184466019416,
      "or_to_llm": -2.7329181168712218,
      "perfect_score": 1.0
    },
    "warnings": null
  },
  "results": {
    "or": {
      "rewards": [
        -14909.0
      ],
      "mean": -14909.0,
      "std": 0.0,
      "min": -14909.0,
      "max": -14909.0,
      "count": 1,
      "ratio_to_perfect": -2.731086279538377
    },
    "llm": {
      "rewards": [
        -22198.0
      ],
      "mean": -22198.0,
      "std": 0.0,
      "min": -22198.0,
      "max": -22198.0,
      "count": 1,
      "ratio_to_perfect": -4.0663125114489835
    },
    "llm_to_or": {
      "rewards": [
        -6784.0
      ],
      "mean": -6784.0,
      "std": 0.0,
      "min": -6784.0,
      "max": -6784.0,
      "count": 1,
      "ratio_to_perfect": -1.2427184466019416
    },
    "or_to_llm": {
      "rewards": [
        -14919.0
      ],
      "mean": -14919.0,
      "std": 0.0,
      "min": -14919.0,
      "max": -14919.0,
      "count": 1,
      "ratio_to_perfect": -2.7329181168712218
    },
    "perfect_score": {
      "rewards": [
        5459.0
      ],
      "mean": 5459.0,
      "std": 0.0,
      "min": 5459.0,
      "max": 5459.0,
      "count": 1,
      "ratio_to_perfect": 1.0
    }
  },
  "errors": {}
}