{
  "instance_dir": "/shared/share_malatown/OR_Agent/examples/benchmark/synthetic_trajectory/lead_time_4/p04_increasing_trend/v4_linear_100_2t/r2_high",
  "instance_name": "r2_high",
  "promised_lead_time": 4,
  "model": "x-ai/grok-4.1-fast",
  "num_runs_llm": 1,
  "num_runs_deterministic": 1,
  "max_periods": null,
  "summary": {
    "perfect_score": 151905.0,
    "ratios": {
      "or": 0.7474737500411441,
      "llm": 0.5955695994206905,
      "llm_to_or": 0.7269148480958494,
      "or_to_llm": 0.7428787729172839,
      "perfect_score": 1.0
    },
    "warnings": null
  },
  "results": {
    "or": {
      "rewards": [
        113545.0
      ],
      "mean": 113545.0,
      "std": 0.0,
      "min": 113545.0,
      "max": 113545.0,
      "count": 1,
      "ratio_to_perfect": 0.7474737500411441
    },
    "llm": {
      "rewards": [
        90470.0
      ],
      "mean": 90470.0,
      "std": 0.0,
      "min": 90470.0,
      "max": 90470.0,
      "count": 1,
      "ratio_to_perfect": 0.5955695994206905
    },
    "llm_to_or": {
      "rewards": [
        110422.0
      ],
      "mean": 110422.0,
      "std": 0.0,
      "min": 110422.0,
      "max": 110422.0,
      "count": 1,
      "ratio_to_perfect": 0.7269148480958494
    },
    "or_to_llm": {
      "rewards": [
        112847.0
      ],
      "mean": 112847.0,
      "std": 0.0,
      "min": 112847.0,
      "max": 112847.0,
      "count": 1,
      "ratio_to_perfect": 0.7428787729172839
    },
    "perfect_score": {
      "rewards": [
        151905.0
      ],
      "mean": 151905.0,
      "std": 0.0,
      "min": 151905.0,
      "max": 151905.0,
      "count": 1,
      "ratio_to_perfect": 1.0
    }
  },
  "errors": {}
}