{
  "instance_dir": "D:\\TextArena\\examples\\benchmark\\real_trajectory\\lead_time_0\\685814003",
  "instance_name": "685814003",
  "promised_lead_time": 0,
  "model": "google/gemini-3-flash-preview",
  "num_runs_llm": 1,
  "num_runs_deterministic": 1,
  "max_periods": null,
  "summary": {
    "perfect_score": 15312.0,
    "ratios": {
      "or": 0.6573275862068966,
      "llm": 0.7222439916405433,
      "llm_to_or": 0.7167580982236155,
      "or_to_llm": 0.7001698014629049,
      "perfect_score": 1.0
    },
    "warnings": null
  },
  "results": {
    "or": {
      "rewards": [
        10065.0
      ],
      "mean": 10065.0,
      "std": 0.0,
      "min": 10065.0,
      "max": 10065.0,
      "count": 1,
      "ratio_to_perfect": 0.6573275862068966
    },
    "llm": {
      "rewards": [
        11059.0
      ],
      "mean": 11059.0,
      "std": 0.0,
      "min": 11059.0,
      "max": 11059.0,
      "count": 1,
      "ratio_to_perfect": 0.7222439916405433
    },
    "llm_to_or": {
      "rewards": [
        10975.0
      ],
      "mean": 10975.0,
      "std": 0.0,
      "min": 10975.0,
      "max": 10975.0,
      "count": 1,
      "ratio_to_perfect": 0.7167580982236155
    },
    "or_to_llm": {
      "rewards": [
        10721.0
      ],
      "mean": 10721.0,
      "std": 0.0,
      "min": 10721.0,
      "max": 10721.0,
      "count": 1,
      "ratio_to_perfect": 0.7001698014629049
    },
    "perfect_score": {
      "rewards": [
        15312.0
      ],
      "mean": 15312.0,
      "std": 0.0,
      "min": 15312.0,
      "max": 15312.0,
      "count": 1,
      "ratio_to_perfect": 1.0
    }
  },
  "errors": {}
}