{
  "instance_dir": "D:\\TextArena\\examples\\benchmark\\real_trajectory\\lead_time_0\\610776002",
  "instance_name": "610776002",
  "promised_lead_time": 0,
  "model": "google/gemini-3-flash-preview",
  "num_runs_llm": 1,
  "num_runs_deterministic": 1,
  "max_periods": null,
  "summary": {
    "perfect_score": 10688.0,
    "ratios": {
      "or": 0.41429640718562877,
      "llm": 0.6687874251497006,
      "llm_to_or": 0.7659056886227545,
      "or_to_llm": 0.7057447604790419,
      "perfect_score": 1.0
    },
    "warnings": null
  },
  "results": {
    "or": {
      "rewards": [
        4428.0
      ],
      "mean": 4428.0,
      "std": 0.0,
      "min": 4428.0,
      "max": 4428.0,
      "count": 1,
      "ratio_to_perfect": 0.41429640718562877
    },
    "llm": {
      "rewards": [
        7148.0
      ],
      "mean": 7148.0,
      "std": 0.0,
      "min": 7148.0,
      "max": 7148.0,
      "count": 1,
      "ratio_to_perfect": 0.6687874251497006
    },
    "llm_to_or": {
      "rewards": [
        8186.0
      ],
      "mean": 8186.0,
      "std": 0.0,
      "min": 8186.0,
      "max": 8186.0,
      "count": 1,
      "ratio_to_perfect": 0.7659056886227545
    },
    "or_to_llm": {
      "rewards": [
        7543.0
      ],
      "mean": 7543.0,
      "std": 0.0,
      "min": 7543.0,
      "max": 7543.0,
      "count": 1,
      "ratio_to_perfect": 0.7057447604790419
    },
    "perfect_score": {
      "rewards": [
        10688.0
      ],
      "mean": 10688.0,
      "std": 0.0,
      "min": 10688.0,
      "max": 10688.0,
      "count": 1,
      "ratio_to_perfect": 1.0
    }
  },
  "errors": {}
}