{
  "instance_dir": "/shared/share_malatown/OR-Agent-GPT5mini-benchmark/examples/benchmark/real_trajectory/lead_time_4/697054003",
  "instance_name": "697054003",
  "promised_lead_time": 4,
  "model": "openai/gpt-5-mini",
  "num_runs_llm": 1,
  "num_runs_deterministic": 1,
  "max_periods": null,
  "summary": {
    "perfect_score": 13780.0,
    "ratios": {
      "or": 0.27053701015965165,
      "llm": 0.49107402031930336,
      "llm_to_or": 0.3224238026124819,
      "or_to_llm": 0.31168359941944845,
      "perfect_score": 1.0
    },
    "warnings": null
  },
  "results": {
    "or": {
      "rewards": [
        3728.0
      ],
      "mean": 3728.0,
      "std": 0.0,
      "min": 3728.0,
      "max": 3728.0,
      "count": 1,
      "ratio_to_perfect": 0.27053701015965165
    },
    "llm": {
      "rewards": [
        6767.0
      ],
      "mean": 6767.0,
      "std": 0.0,
      "min": 6767.0,
      "max": 6767.0,
      "count": 1,
      "ratio_to_perfect": 0.49107402031930336
    },
    "llm_to_or": {
      "rewards": [
        4443.0
      ],
      "mean": 4443.0,
      "std": 0.0,
      "min": 4443.0,
      "max": 4443.0,
      "count": 1,
      "ratio_to_perfect": 0.3224238026124819
    },
    "or_to_llm": {
      "rewards": [
        4295.0
      ],
      "mean": 4295.0,
      "std": 0.0,
      "min": 4295.0,
      "max": 4295.0,
      "count": 1,
      "ratio_to_perfect": 0.31168359941944845
    },
    "perfect_score": {
      "rewards": [
        13780.0
      ],
      "mean": 13780.0,
      "std": 0.0,
      "min": 13780.0,
      "max": 13780.0,
      "count": 1,
      "ratio_to_perfect": 1.0
    }
  },
  "errors": {}
}