{
  "instance_dir": "/shared/share_malatown/OR_Agent/examples/benchmark/real_trajectory/lead_time_0/678696001",
  "instance_name": "678696001",
  "promised_lead_time": 0,
  "model": "x-ai/grok-4.1-fast",
  "num_runs_llm": 1,
  "num_runs_deterministic": 1,
  "max_periods": null,
  "summary": {
    "perfect_score": 2410.0,
    "ratios": {
      "or": -0.4717842323651452,
      "llm": 0.2941908713692946,
      "llm_to_or": 0.6029045643153527,
      "or_to_llm": -0.13153526970954357,
      "perfect_score": 1.0
    },
    "warnings": null
  },
  "results": {
    "or": {
      "rewards": [
        -1137.0
      ],
      "mean": -1137.0,
      "std": 0.0,
      "min": -1137.0,
      "max": -1137.0,
      "count": 1,
      "ratio_to_perfect": -0.4717842323651452
    },
    "llm": {
      "rewards": [
        709.0
      ],
      "mean": 709.0,
      "std": 0.0,
      "min": 709.0,
      "max": 709.0,
      "count": 1,
      "ratio_to_perfect": 0.2941908713692946
    },
    "llm_to_or": {
      "rewards": [
        1453.0
      ],
      "mean": 1453.0,
      "std": 0.0,
      "min": 1453.0,
      "max": 1453.0,
      "count": 1,
      "ratio_to_perfect": 0.6029045643153527
    },
    "or_to_llm": {
      "rewards": [
        -317.0
      ],
      "mean": -317.0,
      "std": 0.0,
      "min": -317.0,
      "max": -317.0,
      "count": 1,
      "ratio_to_perfect": -0.13153526970954357
    },
    "perfect_score": {
      "rewards": [
        2410.0
      ],
      "mean": 2410.0,
      "std": 0.0,
      "min": 2410.0,
      "max": 2410.0,
      "count": 1,
      "ratio_to_perfect": 1.0
    }
  },
  "errors": {}
}