{
  "instance_dir": "/shared/share_malatown/OR-Agent-GPT5mini-benchmark/examples/benchmark/real_trajectory/lead_time_stochastic/554477005",
  "instance_name": "554477005",
  "promised_lead_time": 2,
  "model": "openai/gpt-5-mini",
  "num_runs_llm": 1,
  "num_runs_deterministic": 1,
  "max_periods": null,
  "summary": {
    "perfect_score": 59926.0,
    "ratios": {
      "or": 0.38457430831358674,
      "llm": 0.24326669559122918,
      "llm_to_or": 0.4273770984213864,
      "or_to_llm": 0.40067750225277843,
      "perfect_score": 1.0
    },
    "warnings": null
  },
  "results": {
    "or": {
      "rewards": [
        23046.0
      ],
      "mean": 23046.0,
      "std": 0.0,
      "min": 23046.0,
      "max": 23046.0,
      "count": 1,
      "ratio_to_perfect": 0.38457430831358674
    },
    "llm": {
      "rewards": [
        14578.0
      ],
      "mean": 14578.0,
      "std": 0.0,
      "min": 14578.0,
      "max": 14578.0,
      "count": 1,
      "ratio_to_perfect": 0.24326669559122918
    },
    "llm_to_or": {
      "rewards": [
        25611.0
      ],
      "mean": 25611.0,
      "std": 0.0,
      "min": 25611.0,
      "max": 25611.0,
      "count": 1,
      "ratio_to_perfect": 0.4273770984213864
    },
    "or_to_llm": {
      "rewards": [
        24011.0
      ],
      "mean": 24011.0,
      "std": 0.0,
      "min": 24011.0,
      "max": 24011.0,
      "count": 1,
      "ratio_to_perfect": 0.40067750225277843
    },
    "perfect_score": {
      "rewards": [
        59926.0
      ],
      "mean": 59926.0,
      "std": 0.0,
      "min": 59926.0,
      "max": 59926.0,
      "count": 1,
      "ratio_to_perfect": 1.0
    }
  },
  "errors": {}
}