{
  "instance_dir": "/shared/share_malatown/OR_Agent/examples/benchmark/real_trajectory/lead_time_4/399087021",
  "instance_name": "399087021",
  "promised_lead_time": 4,
  "model": "x-ai/grok-4.1-fast",
  "num_runs_llm": 1,
  "num_runs_deterministic": 1,
  "max_periods": null,
  "summary": {
    "perfect_score": 8464.0,
    "ratios": {
      "or": -0.4460066162570889,
      "llm": -1.0949905482041589,
      "llm_to_or": -0.34522684310018903,
      "or_to_llm": -0.4120982986767486,
      "perfect_score": 1.0
    },
    "warnings": null
  },
  "results": {
    "or": {
      "rewards": [
        -3775.0
      ],
      "mean": -3775.0,
      "std": 0.0,
      "min": -3775.0,
      "max": -3775.0,
      "count": 1,
      "ratio_to_perfect": -0.4460066162570889
    },
    "llm": {
      "rewards": [
        -9268.0
      ],
      "mean": -9268.0,
      "std": 0.0,
      "min": -9268.0,
      "max": -9268.0,
      "count": 1,
      "ratio_to_perfect": -1.0949905482041589
    },
    "llm_to_or": {
      "rewards": [
        -2922.0
      ],
      "mean": -2922.0,
      "std": 0.0,
      "min": -2922.0,
      "max": -2922.0,
      "count": 1,
      "ratio_to_perfect": -0.34522684310018903
    },
    "or_to_llm": {
      "rewards": [
        -3488.0
      ],
      "mean": -3488.0,
      "std": 0.0,
      "min": -3488.0,
      "max": -3488.0,
      "count": 1,
      "ratio_to_perfect": -0.4120982986767486
    },
    "perfect_score": {
      "rewards": [
        8464.0
      ],
      "mean": 8464.0,
      "std": 0.0,
      "min": 8464.0,
      "max": 8464.0,
      "count": 1,
      "ratio_to_perfect": 1.0
    }
  },
  "errors": {}
}