{
  "instance_dir": "D:\\TextArena\\examples\\benchmark\\synthetic_trajectory\\lead_time_0\\p06_variance_change\\v2_var_increase\\r2_med",
  "instance_name": "r2_med",
  "promised_lead_time": 0,
  "model": "openai/gpt-5-mini",
  "num_runs_llm": 1,
  "num_runs_deterministic": 1,
  "max_periods": null,
  "summary": {
    "perfect_score": 20156.0,
    "ratios": {
      "or": 0.8431732486604485,
      "llm": 0.7567473705100218,
      "llm_to_or": 0.8435205397896408,
      "or_to_llm": 0.8156876364358008,
      "perfect_score": 1.0
    },
    "warnings": null
  },
  "results": {
    "or": {
      "rewards": [
        16995.0
      ],
      "mean": 16995.0,
      "std": 0.0,
      "min": 16995.0,
      "max": 16995.0,
      "count": 1,
      "ratio_to_perfect": 0.8431732486604485
    },
    "llm": {
      "rewards": [
        15253.0
      ],
      "mean": 15253.0,
      "std": 0.0,
      "min": 15253.0,
      "max": 15253.0,
      "count": 1,
      "ratio_to_perfect": 0.7567473705100218
    },
    "llm_to_or": {
      "rewards": [
        17002.0
      ],
      "mean": 17002.0,
      "std": 0.0,
      "min": 17002.0,
      "max": 17002.0,
      "count": 1,
      "ratio_to_perfect": 0.8435205397896408
    },
    "or_to_llm": {
      "rewards": [
        16441.0
      ],
      "mean": 16441.0,
      "std": 0.0,
      "min": 16441.0,
      "max": 16441.0,
      "count": 1,
      "ratio_to_perfect": 0.8156876364358008
    },
    "perfect_score": {
      "rewards": [
        20156.0
      ],
      "mean": 20156.0,
      "std": 0.0,
      "min": 20156.0,
      "max": 20156.0,
      "count": 1,
      "ratio_to_perfect": 1.0
    }
  },
  "errors": {}
}