{
  "instance_dir": "/shared/share_malatown/OR_Agent/examples/benchmark/real_trajectory/lead_time_stochastic/253448001",
  "instance_name": "253448001",
  "promised_lead_time": 2,
  "model": "x-ai/grok-4.1-fast",
  "num_runs_llm": 1,
  "num_runs_deterministic": 1,
  "max_periods": null,
  "summary": {
    "perfect_score": 9720.0,
    "ratios": {
      "or": 0.22726337448559672,
      "llm": 0.00041152263374485596,
      "llm_to_or": -1.0973251028806585,
      "or_to_llm": 0.2339506172839506,
      "perfect_score": 1.0
    },
    "warnings": null
  },
  "results": {
    "or": {
      "rewards": [
        2209.0
      ],
      "mean": 2209.0,
      "std": 0.0,
      "min": 2209.0,
      "max": 2209.0,
      "count": 1,
      "ratio_to_perfect": 0.22726337448559672
    },
    "llm": {
      "rewards": [
        4.0
      ],
      "mean": 4.0,
      "std": 0.0,
      "min": 4.0,
      "max": 4.0,
      "count": 1,
      "ratio_to_perfect": 0.00041152263374485596
    },
    "llm_to_or": {
      "rewards": [
        -10666.0
      ],
      "mean": -10666.0,
      "std": 0.0,
      "min": -10666.0,
      "max": -10666.0,
      "count": 1,
      "ratio_to_perfect": -1.0973251028806585
    },
    "or_to_llm": {
      "rewards": [
        2274.0
      ],
      "mean": 2274.0,
      "std": 0.0,
      "min": 2274.0,
      "max": 2274.0,
      "count": 1,
      "ratio_to_perfect": 0.2339506172839506
    },
    "perfect_score": {
      "rewards": [
        9720.0
      ],
      "mean": 9720.0,
      "std": 0.0,
      "min": 9720.0,
      "max": 9720.0,
      "count": 1,
      "ratio_to_perfect": 1.0
    }
  },
  "errors": {}
}