{
  "instance_dir": "D:\\TextArena\\examples\\benchmark\\synthetic_trajectory\\lead_time_0\\p04_increasing_trend\\v3_exp_1_05\\r1_low",
  "instance_name": "r1_low",
  "promised_lead_time": 0,
  "model": "google/gemini-3-flash-preview",
  "num_runs_llm": 1,
  "num_runs_deterministic": 1,
  "max_periods": null,
  "summary": {
    "perfect_score": 21818.0,
    "ratios": {
      "or": 0.4644330369419745,
      "llm": 0.9185076542304519,
      "llm_to_or": 0.8701989183243194,
      "or_to_llm": 0.9227701897515813,
      "perfect_score": 1.0
    },
    "warnings": null
  },
  "results": {
    "or": {
      "rewards": [
        10133.0
      ],
      "mean": 10133.0,
      "std": 0.0,
      "min": 10133.0,
      "max": 10133.0,
      "count": 1,
      "ratio_to_perfect": 0.4644330369419745
    },
    "llm": {
      "rewards": [
        20040.0
      ],
      "mean": 20040.0,
      "std": 0.0,
      "min": 20040.0,
      "max": 20040.0,
      "count": 1,
      "ratio_to_perfect": 0.9185076542304519
    },
    "llm_to_or": {
      "rewards": [
        18986.0
      ],
      "mean": 18986.0,
      "std": 0.0,
      "min": 18986.0,
      "max": 18986.0,
      "count": 1,
      "ratio_to_perfect": 0.8701989183243194
    },
    "or_to_llm": {
      "rewards": [
        20133.0
      ],
      "mean": 20133.0,
      "std": 0.0,
      "min": 20133.0,
      "max": 20133.0,
      "count": 1,
      "ratio_to_perfect": 0.9227701897515813
    },
    "perfect_score": {
      "rewards": [
        21818.0
      ],
      "mean": 21818.0,
      "std": 0.0,
      "min": 21818.0,
      "max": 21818.0,
      "count": 1,
      "ratio_to_perfect": 1.0
    }
  },
  "errors": {}
}