{
  "instance_dir": "D:\\TextArena\\examples\\benchmark\\real_trajectory\\lead_time_0\\554450027",
  "instance_name": "554450027",
  "promised_lead_time": 0,
  "model": "google/gemini-3-flash-preview",
  "num_runs_llm": 1,
  "num_runs_deterministic": 1,
  "max_periods": null,
  "summary": {
    "perfect_score": 17092.0,
    "ratios": {
      "or": 0.8060496138544349,
      "llm": 0.8357126140884624,
      "llm_to_or": 0.8068687105078399,
      "or_to_llm": 0.8353615726655745,
      "perfect_score": 1.0
    },
    "warnings": null
  },
  "results": {
    "or": {
      "rewards": [
        13777.0
      ],
      "mean": 13777.0,
      "std": 0.0,
      "min": 13777.0,
      "max": 13777.0,
      "count": 1,
      "ratio_to_perfect": 0.8060496138544349
    },
    "llm": {
      "rewards": [
        14284.0
      ],
      "mean": 14284.0,
      "std": 0.0,
      "min": 14284.0,
      "max": 14284.0,
      "count": 1,
      "ratio_to_perfect": 0.8357126140884624
    },
    "llm_to_or": {
      "rewards": [
        13791.0
      ],
      "mean": 13791.0,
      "std": 0.0,
      "min": 13791.0,
      "max": 13791.0,
      "count": 1,
      "ratio_to_perfect": 0.8068687105078399
    },
    "or_to_llm": {
      "rewards": [
        14278.0
      ],
      "mean": 14278.0,
      "std": 0.0,
      "min": 14278.0,
      "max": 14278.0,
      "count": 1,
      "ratio_to_perfect": 0.8353615726655745
    },
    "perfect_score": {
      "rewards": [
        17092.0
      ],
      "mean": 17092.0,
      "std": 0.0,
      "min": 17092.0,
      "max": 17092.0,
      "count": 1,
      "ratio_to_perfect": 1.0
    }
  },
  "errors": {}
}