{
  "instance_dir": "/shared/share_malatown/OR_Agent/examples/benchmark/synthetic_trajectory/lead_time_0/p07_seasonal/v3_period25_amp40/r1_high",
  "instance_name": "r1_high",
  "promised_lead_time": 0,
  "model": "x-ai/grok-4.1-fast",
  "num_runs_llm": 1,
  "num_runs_deterministic": 1,
  "max_periods": null,
  "summary": {
    "perfect_score": 94753.0,
    "ratios": {
      "or": 0.9536162443405486,
      "llm": 0.9434951927643452,
      "llm_to_or": 0.9573100587844184,
      "or_to_llm": 0.9538062119405191,
      "perfect_score": 1.0
    },
    "warnings": null
  },
  "results": {
    "or": {
      "rewards": [
        90358.0
      ],
      "mean": 90358.0,
      "std": 0.0,
      "min": 90358.0,
      "max": 90358.0,
      "count": 1,
      "ratio_to_perfect": 0.9536162443405486
    },
    "llm": {
      "rewards": [
        89399.0
      ],
      "mean": 89399.0,
      "std": 0.0,
      "min": 89399.0,
      "max": 89399.0,
      "count": 1,
      "ratio_to_perfect": 0.9434951927643452
    },
    "llm_to_or": {
      "rewards": [
        90708.0
      ],
      "mean": 90708.0,
      "std": 0.0,
      "min": 90708.0,
      "max": 90708.0,
      "count": 1,
      "ratio_to_perfect": 0.9573100587844184
    },
    "or_to_llm": {
      "rewards": [
        90376.0
      ],
      "mean": 90376.0,
      "std": 0.0,
      "min": 90376.0,
      "max": 90376.0,
      "count": 1,
      "ratio_to_perfect": 0.9538062119405191
    },
    "perfect_score": {
      "rewards": [
        94753.0
      ],
      "mean": 94753.0,
      "std": 0.0,
      "min": 94753.0,
      "max": 94753.0,
      "count": 1,
      "ratio_to_perfect": 1.0
    }
  },
  "errors": {}
}