{
  "instance_dir": "D:\\TextArena\\examples\\benchmark\\synthetic_trajectory\\lead_time_0\\p02_mean_increase\\v3_100to300\\r2_high",
  "instance_name": "r2_high",
  "promised_lead_time": 0,
  "model": "openai/gpt-5-mini",
  "num_runs_llm": 1,
  "num_runs_deterministic": 1,
  "max_periods": null,
  "summary": {
    "perfect_score": 217398.0,
    "ratios": {
      "or": 0.931535708700172,
      "llm": 0.8892400114076486,
      "llm_to_or": 0.9486149826585342,
      "or_to_llm": 0.9342450252532222,
      "perfect_score": 1.0
    },
    "warnings": null
  },
  "results": {
    "or": {
      "rewards": [
        202514.0
      ],
      "mean": 202514.0,
      "std": 0.0,
      "min": 202514.0,
      "max": 202514.0,
      "count": 1,
      "ratio_to_perfect": 0.931535708700172
    },
    "llm": {
      "rewards": [
        193319.0
      ],
      "mean": 193319.0,
      "std": 0.0,
      "min": 193319.0,
      "max": 193319.0,
      "count": 1,
      "ratio_to_perfect": 0.8892400114076486
    },
    "llm_to_or": {
      "rewards": [
        206227.0
      ],
      "mean": 206227.0,
      "std": 0.0,
      "min": 206227.0,
      "max": 206227.0,
      "count": 1,
      "ratio_to_perfect": 0.9486149826585342
    },
    "or_to_llm": {
      "rewards": [
        203103.0
      ],
      "mean": 203103.0,
      "std": 0.0,
      "min": 203103.0,
      "max": 203103.0,
      "count": 1,
      "ratio_to_perfect": 0.9342450252532222
    },
    "perfect_score": {
      "rewards": [
        217398.0
      ],
      "mean": 217398.0,
      "std": 0.0,
      "min": 217398.0,
      "max": 217398.0,
      "count": 1,
      "ratio_to_perfect": 1.0
    }
  },
  "errors": {}
}