{
  "instance_dir": "D:\\TextArena\\examples\\benchmark\\real_trajectory\\lead_time_0\\621381012",
  "instance_name": "621381012",
  "promised_lead_time": 0,
  "model": "google/gemini-3-flash-preview",
  "num_runs_llm": 1,
  "num_runs_deterministic": 1,
  "max_periods": null,
  "summary": {
    "perfect_score": 68970.0,
    "ratios": {
      "or": 0.859504132231405,
      "llm": 0.9101058431201972,
      "llm_to_or": 0.9335508191967522,
      "or_to_llm": 0.9346092503987241,
      "perfect_score": 1.0
    },
    "warnings": null
  },
  "results": {
    "or": {
      "rewards": [
        59280.0
      ],
      "mean": 59280.0,
      "std": 0.0,
      "min": 59280.0,
      "max": 59280.0,
      "count": 1,
      "ratio_to_perfect": 0.859504132231405
    },
    "llm": {
      "rewards": [
        62770.0
      ],
      "mean": 62770.0,
      "std": 0.0,
      "min": 62770.0,
      "max": 62770.0,
      "count": 1,
      "ratio_to_perfect": 0.9101058431201972
    },
    "llm_to_or": {
      "rewards": [
        64387.0
      ],
      "mean": 64387.0,
      "std": 0.0,
      "min": 64387.0,
      "max": 64387.0,
      "count": 1,
      "ratio_to_perfect": 0.9335508191967522
    },
    "or_to_llm": {
      "rewards": [
        64460.0
      ],
      "mean": 64460.0,
      "std": 0.0,
      "min": 64460.0,
      "max": 64460.0,
      "count": 1,
      "ratio_to_perfect": 0.9346092503987241
    },
    "perfect_score": {
      "rewards": [
        68970.0
      ],
      "mean": 68970.0,
      "std": 0.0,
      "min": 68970.0,
      "max": 68970.0,
      "count": 1,
      "ratio_to_perfect": 1.0
    }
  },
  "errors": {}
}