{
  "instance_dir": "D:\\TextArena\\examples\\benchmark\\synthetic_trajectory\\lead_time_4\\p09_temp_spike_dip\\v3_surge_new_normal\\r1_high",
  "instance_name": "r1_high",
  "promised_lead_time": 4,
  "model": "openai/gpt-5-mini",
  "num_runs_llm": 1,
  "num_runs_deterministic": 1,
  "max_periods": null,
  "summary": {
    "perfect_score": 136401.0,
    "ratios": {
      "or": 0.7342981356441668,
      "llm": 0.756827295987566,
      "llm_to_or": 0.7467540560553075,
      "or_to_llm": 0.7622158195321148,
      "perfect_score": 1.0
    },
    "warnings": null
  },
  "results": {
    "or": {
      "rewards": [
        100159.0
      ],
      "mean": 100159.0,
      "std": 0.0,
      "min": 100159.0,
      "max": 100159.0,
      "count": 1,
      "ratio_to_perfect": 0.7342981356441668
    },
    "llm": {
      "rewards": [
        103232.0
      ],
      "mean": 103232.0,
      "std": 0.0,
      "min": 103232.0,
      "max": 103232.0,
      "count": 1,
      "ratio_to_perfect": 0.756827295987566
    },
    "llm_to_or": {
      "rewards": [
        101858.0
      ],
      "mean": 101858.0,
      "std": 0.0,
      "min": 101858.0,
      "max": 101858.0,
      "count": 1,
      "ratio_to_perfect": 0.7467540560553075
    },
    "or_to_llm": {
      "rewards": [
        103967.0
      ],
      "mean": 103967.0,
      "std": 0.0,
      "min": 103967.0,
      "max": 103967.0,
      "count": 1,
      "ratio_to_perfect": 0.7622158195321148
    },
    "perfect_score": {
      "rewards": [
        136401.0
      ],
      "mean": 136401.0,
      "std": 0.0,
      "min": 136401.0,
      "max": 136401.0,
      "count": 1,
      "ratio_to_perfect": 1.0
    }
  },
  "errors": {}
}