{
  "instance_dir": "/shared/share_malatown/OR_Agent/examples/benchmark/real_trajectory/lead_time_stochastic/743098001",
  "instance_name": "743098001",
  "promised_lead_time": 2,
  "model": "x-ai/grok-4.1-fast",
  "num_runs_llm": 1,
  "num_runs_deterministic": 1,
  "max_periods": null,
  "summary": {
    "perfect_score": 60591.0,
    "ratios": {
      "or": 0.2960670726675579,
      "llm": 0.6603951081843838,
      "llm_to_or": 0.583073393738344,
      "or_to_llm": 0.5231470020300044,
      "perfect_score": 1.0
    },
    "warnings": null
  },
  "results": {
    "or": {
      "rewards": [
        17939.0
      ],
      "mean": 17939.0,
      "std": 0.0,
      "min": 17939.0,
      "max": 17939.0,
      "count": 1,
      "ratio_to_perfect": 0.2960670726675579
    },
    "llm": {
      "rewards": [
        40014.0
      ],
      "mean": 40014.0,
      "std": 0.0,
      "min": 40014.0,
      "max": 40014.0,
      "count": 1,
      "ratio_to_perfect": 0.6603951081843838
    },
    "llm_to_or": {
      "rewards": [
        35329.0
      ],
      "mean": 35329.0,
      "std": 0.0,
      "min": 35329.0,
      "max": 35329.0,
      "count": 1,
      "ratio_to_perfect": 0.583073393738344
    },
    "or_to_llm": {
      "rewards": [
        31698.0
      ],
      "mean": 31698.0,
      "std": 0.0,
      "min": 31698.0,
      "max": 31698.0,
      "count": 1,
      "ratio_to_perfect": 0.5231470020300044
    },
    "perfect_score": {
      "rewards": [
        60591.0
      ],
      "mean": 60591.0,
      "std": 0.0,
      "min": 60591.0,
      "max": 60591.0,
      "count": 1,
      "ratio_to_perfect": 1.0
    }
  },
  "errors": {}
}