{
  "instance_dir": "D:\\TextArena\\examples\\benchmark\\real_trajectory\\lead_time_0\\305931001",
  "instance_name": "305931001",
  "promised_lead_time": 0,
  "model": "google/gemini-3-flash-preview",
  "num_runs_llm": 1,
  "num_runs_deterministic": 1,
  "max_periods": null,
  "summary": {
    "perfect_score": 2639.0,
    "ratios": {
      "or": 0.4115195149677908,
      "llm": 0.6241000378931414,
      "llm_to_or": 0.7104964001515726,
      "or_to_llm": 0.6180371352785146,
      "perfect_score": 1.0
    },
    "warnings": null
  },
  "results": {
    "or": {
      "rewards": [
        1086.0
      ],
      "mean": 1086.0,
      "std": 0.0,
      "min": 1086.0,
      "max": 1086.0,
      "count": 1,
      "ratio_to_perfect": 0.4115195149677908
    },
    "llm": {
      "rewards": [
        1647.0
      ],
      "mean": 1647.0,
      "std": 0.0,
      "min": 1647.0,
      "max": 1647.0,
      "count": 1,
      "ratio_to_perfect": 0.6241000378931414
    },
    "llm_to_or": {
      "rewards": [
        1875.0
      ],
      "mean": 1875.0,
      "std": 0.0,
      "min": 1875.0,
      "max": 1875.0,
      "count": 1,
      "ratio_to_perfect": 0.7104964001515726
    },
    "or_to_llm": {
      "rewards": [
        1631.0
      ],
      "mean": 1631.0,
      "std": 0.0,
      "min": 1631.0,
      "max": 1631.0,
      "count": 1,
      "ratio_to_perfect": 0.6180371352785146
    },
    "perfect_score": {
      "rewards": [
        2639.0
      ],
      "mean": 2639.0,
      "std": 0.0,
      "min": 2639.0,
      "max": 2639.0,
      "count": 1,
      "ratio_to_perfect": 1.0
    }
  },
  "errors": {}
}