{
  "instance_dir": "D:\\TextArena\\examples\\benchmark\\synthetic_trajectory\\lead_time_4\\p09_temp_spike_dip\\v1_temp_surge\\r2_med",
  "instance_name": "r2_med",
  "promised_lead_time": 4,
  "model": "openai/gpt-5-mini",
  "num_runs_llm": 1,
  "num_runs_deterministic": 1,
  "max_periods": null,
  "summary": {
    "perfect_score": 24212.0,
    "ratios": {
      "or": 0.5666611597554931,
      "llm": 0.5320089211961011,
      "llm_to_or": 0.5451429043449529,
      "or_to_llm": 0.5017346770196597,
      "perfect_score": 1.0
    },
    "warnings": null
  },
  "results": {
    "or": {
      "rewards": [
        13720.0
      ],
      "mean": 13720.0,
      "std": 0.0,
      "min": 13720.0,
      "max": 13720.0,
      "count": 1,
      "ratio_to_perfect": 0.5666611597554931
    },
    "llm": {
      "rewards": [
        12881.0
      ],
      "mean": 12881.0,
      "std": 0.0,
      "min": 12881.0,
      "max": 12881.0,
      "count": 1,
      "ratio_to_perfect": 0.5320089211961011
    },
    "llm_to_or": {
      "rewards": [
        13199.0
      ],
      "mean": 13199.0,
      "std": 0.0,
      "min": 13199.0,
      "max": 13199.0,
      "count": 1,
      "ratio_to_perfect": 0.5451429043449529
    },
    "or_to_llm": {
      "rewards": [
        12148.0
      ],
      "mean": 12148.0,
      "std": 0.0,
      "min": 12148.0,
      "max": 12148.0,
      "count": 1,
      "ratio_to_perfect": 0.5017346770196597
    },
    "perfect_score": {
      "rewards": [
        24212.0
      ],
      "mean": 24212.0,
      "std": 0.0,
      "min": 24212.0,
      "max": 24212.0,
      "count": 1,
      "ratio_to_perfect": 1.0
    }
  },
  "errors": {}
}