{
  "instance_dir": "D:\\TextArena\\examples\\benchmark\\synthetic_trajectory\\lead_time_0\\p03_mean_decrease\\v1_100to50\\r2_high",
  "instance_name": "r2_high",
  "promised_lead_time": 0,
  "model": "openai/gpt-5-mini",
  "num_runs_llm": 1,
  "num_runs_deterministic": 1,
  "max_periods": null,
  "summary": {
    "perfect_score": 64562.0,
    "ratios": {
      "or": 0.9293547287878319,
      "llm": 0.9248164555001394,
      "llm_to_or": 0.951922183327654,
      "or_to_llm": 0.9476162448499117,
      "perfect_score": 1.0
    },
    "warnings": null
  },
  "results": {
    "or": {
      "rewards": [
        60001.0
      ],
      "mean": 60001.0,
      "std": 0.0,
      "min": 60001.0,
      "max": 60001.0,
      "count": 1,
      "ratio_to_perfect": 0.9293547287878319
    },
    "llm": {
      "rewards": [
        59708.0
      ],
      "mean": 59708.0,
      "std": 0.0,
      "min": 59708.0,
      "max": 59708.0,
      "count": 1,
      "ratio_to_perfect": 0.9248164555001394
    },
    "llm_to_or": {
      "rewards": [
        61458.0
      ],
      "mean": 61458.0,
      "std": 0.0,
      "min": 61458.0,
      "max": 61458.0,
      "count": 1,
      "ratio_to_perfect": 0.951922183327654
    },
    "or_to_llm": {
      "rewards": [
        61180.0
      ],
      "mean": 61180.0,
      "std": 0.0,
      "min": 61180.0,
      "max": 61180.0,
      "count": 1,
      "ratio_to_perfect": 0.9476162448499117
    },
    "perfect_score": {
      "rewards": [
        64562.0
      ],
      "mean": 64562.0,
      "std": 0.0,
      "min": 64562.0,
      "max": 64562.0,
      "count": 1,
      "ratio_to_perfect": 1.0
    }
  },
  "errors": {}
}