{
  "instance_dir": "/shared/share_malatown/OR_Agent/examples/benchmark/real_trajectory/lead_time_0/578476001",
  "instance_name": "578476001",
  "promised_lead_time": 0,
  "model": "x-ai/grok-4.1-fast",
  "num_runs_llm": 1,
  "num_runs_deterministic": 1,
  "max_periods": null,
  "summary": {
    "perfect_score": 66006.0,
    "ratios": {
      "or": 0.868663454837439,
      "llm": 0.8961761052025573,
      "llm_to_or": 0.9218858891615914,
      "or_to_llm": 0.908296215495561,
      "perfect_score": 1.0
    },
    "warnings": null
  },
  "results": {
    "or": {
      "rewards": [
        57337.0
      ],
      "mean": 57337.0,
      "std": 0.0,
      "min": 57337.0,
      "max": 57337.0,
      "count": 1,
      "ratio_to_perfect": 0.868663454837439
    },
    "llm": {
      "rewards": [
        59153.0
      ],
      "mean": 59153.0,
      "std": 0.0,
      "min": 59153.0,
      "max": 59153.0,
      "count": 1,
      "ratio_to_perfect": 0.8961761052025573
    },
    "llm_to_or": {
      "rewards": [
        60850.0
      ],
      "mean": 60850.0,
      "std": 0.0,
      "min": 60850.0,
      "max": 60850.0,
      "count": 1,
      "ratio_to_perfect": 0.9218858891615914
    },
    "or_to_llm": {
      "rewards": [
        59953.0
      ],
      "mean": 59953.0,
      "std": 0.0,
      "min": 59953.0,
      "max": 59953.0,
      "count": 1,
      "ratio_to_perfect": 0.908296215495561
    },
    "perfect_score": {
      "rewards": [
        66006.0
      ],
      "mean": 66006.0,
      "std": 0.0,
      "min": 66006.0,
      "max": 66006.0,
      "count": 1,
      "ratio_to_perfect": 1.0
    }
  },
  "errors": {}
}