{
  "instance_dir": "D:\\TextArena\\examples\\benchmark\\synthetic_trajectory\\lead_time_4\\p04_increasing_trend\\v2_linear_50_3t\\r2_high",
  "instance_name": "r2_high",
  "promised_lead_time": 4,
  "model": "google/gemini-3-flash-preview",
  "num_runs_llm": 1,
  "num_runs_deterministic": 1,
  "max_periods": null,
  "summary": {
    "perfect_score": 122816.0,
    "ratios": {
      "or": 0.7676768499218343,
      "llm": 0.8857070739968733,
      "llm_to_or": 0.8894932256383533,
      "or_to_llm": 0.8435708702449193,
      "perfect_score": 1.0
    },
    "warnings": null
  },
  "results": {
    "or": {
      "rewards": [
        94283.0
      ],
      "mean": 94283.0,
      "std": 0.0,
      "min": 94283.0,
      "max": 94283.0,
      "count": 1,
      "ratio_to_perfect": 0.7676768499218343
    },
    "llm": {
      "rewards": [
        108779.0
      ],
      "mean": 108779.0,
      "std": 0.0,
      "min": 108779.0,
      "max": 108779.0,
      "count": 1,
      "ratio_to_perfect": 0.8857070739968733
    },
    "llm_to_or": {
      "rewards": [
        109244.0
      ],
      "mean": 109244.0,
      "std": 0.0,
      "min": 109244.0,
      "max": 109244.0,
      "count": 1,
      "ratio_to_perfect": 0.8894932256383533
    },
    "or_to_llm": {
      "rewards": [
        103604.0
      ],
      "mean": 103604.0,
      "std": 0.0,
      "min": 103604.0,
      "max": 103604.0,
      "count": 1,
      "ratio_to_perfect": 0.8435708702449193
    },
    "perfect_score": {
      "rewards": [
        122816.0
      ],
      "mean": 122816.0,
      "std": 0.0,
      "min": 122816.0,
      "max": 122816.0,
      "count": 1,
      "ratio_to_perfect": 1.0
    }
  },
  "errors": {}
}