{
  "instance_dir": "D:\\TextArena\\examples\\benchmark\\synthetic_trajectory\\lead_time_4\\p04_increasing_trend\\v4_linear_100_2t\\r2_med",
  "instance_name": "r2_med",
  "promised_lead_time": 4,
  "model": "google/gemini-3-flash-preview",
  "num_runs_llm": 1,
  "num_runs_deterministic": 1,
  "max_periods": null,
  "summary": {
    "perfect_score": 31980.0,
    "ratios": {
      "or": 0.5147592245153221,
      "llm": 0.48245778611632273,
      "llm_to_or": 0.45347091932457784,
      "or_to_llm": 0.49499687304565354,
      "perfect_score": 1.0
    },
    "warnings": null
  },
  "results": {
    "or": {
      "rewards": [
        16462.0
      ],
      "mean": 16462.0,
      "std": 0.0,
      "min": 16462.0,
      "max": 16462.0,
      "count": 1,
      "ratio_to_perfect": 0.5147592245153221
    },
    "llm": {
      "rewards": [
        15429.0
      ],
      "mean": 15429.0,
      "std": 0.0,
      "min": 15429.0,
      "max": 15429.0,
      "count": 1,
      "ratio_to_perfect": 0.48245778611632273
    },
    "llm_to_or": {
      "rewards": [
        14502.0
      ],
      "mean": 14502.0,
      "std": 0.0,
      "min": 14502.0,
      "max": 14502.0,
      "count": 1,
      "ratio_to_perfect": 0.45347091932457784
    },
    "or_to_llm": {
      "rewards": [
        15830.0
      ],
      "mean": 15830.0,
      "std": 0.0,
      "min": 15830.0,
      "max": 15830.0,
      "count": 1,
      "ratio_to_perfect": 0.49499687304565354
    },
    "perfect_score": {
      "rewards": [
        31980.0
      ],
      "mean": 31980.0,
      "std": 0.0,
      "min": 31980.0,
      "max": 31980.0,
      "count": 1,
      "ratio_to_perfect": 1.0
    }
  },
  "errors": {}
}