{
  "instance_dir": "D:\\TextArena\\examples\\benchmark\\real_trajectory\\lead_time_0\\568808001",
  "instance_name": "568808001",
  "promised_lead_time": 0,
  "model": "google/gemini-3-flash-preview",
  "num_runs_llm": 1,
  "num_runs_deterministic": 1,
  "max_periods": null,
  "summary": {
    "perfect_score": 2896.0,
    "ratios": {
      "or": 0.669889502762431,
      "llm": 0.630524861878453,
      "llm_to_or": 0.7113259668508287,
      "or_to_llm": 0.712707182320442,
      "perfect_score": 1.0
    },
    "warnings": null
  },
  "results": {
    "or": {
      "rewards": [
        1940.0
      ],
      "mean": 1940.0,
      "std": 0.0,
      "min": 1940.0,
      "max": 1940.0,
      "count": 1,
      "ratio_to_perfect": 0.669889502762431
    },
    "llm": {
      "rewards": [
        1826.0
      ],
      "mean": 1826.0,
      "std": 0.0,
      "min": 1826.0,
      "max": 1826.0,
      "count": 1,
      "ratio_to_perfect": 0.630524861878453
    },
    "llm_to_or": {
      "rewards": [
        2060.0
      ],
      "mean": 2060.0,
      "std": 0.0,
      "min": 2060.0,
      "max": 2060.0,
      "count": 1,
      "ratio_to_perfect": 0.7113259668508287
    },
    "or_to_llm": {
      "rewards": [
        2064.0
      ],
      "mean": 2064.0,
      "std": 0.0,
      "min": 2064.0,
      "max": 2064.0,
      "count": 1,
      "ratio_to_perfect": 0.712707182320442
    },
    "perfect_score": {
      "rewards": [
        2896.0
      ],
      "mean": 2896.0,
      "std": 0.0,
      "min": 2896.0,
      "max": 2896.0,
      "count": 1,
      "ratio_to_perfect": 1.0
    }
  },
  "errors": {}
}