{
  "instance_dir": "D:\\TextArena\\examples\\benchmark\\real_trajectory\\lead_time_0\\473954008",
  "instance_name": "473954008",
  "promised_lead_time": 0,
  "model": "google/gemini-3-flash-preview",
  "num_runs_llm": 1,
  "num_runs_deterministic": 1,
  "max_periods": null,
  "summary": {
    "perfect_score": 9516.0,
    "ratios": {
      "or": 0.8591845313156788,
      "llm": 0.8440521227406473,
      "llm_to_or": 0.8619167717528373,
      "or_to_llm": 0.8521437578814628,
      "perfect_score": 1.0
    },
    "warnings": null
  },
  "results": {
    "or": {
      "rewards": [
        8176.0
      ],
      "mean": 8176.0,
      "std": 0.0,
      "min": 8176.0,
      "max": 8176.0,
      "count": 1,
      "ratio_to_perfect": 0.8591845313156788
    },
    "llm": {
      "rewards": [
        8032.0
      ],
      "mean": 8032.0,
      "std": 0.0,
      "min": 8032.0,
      "max": 8032.0,
      "count": 1,
      "ratio_to_perfect": 0.8440521227406473
    },
    "llm_to_or": {
      "rewards": [
        8202.0
      ],
      "mean": 8202.0,
      "std": 0.0,
      "min": 8202.0,
      "max": 8202.0,
      "count": 1,
      "ratio_to_perfect": 0.8619167717528373
    },
    "or_to_llm": {
      "rewards": [
        8109.0
      ],
      "mean": 8109.0,
      "std": 0.0,
      "min": 8109.0,
      "max": 8109.0,
      "count": 1,
      "ratio_to_perfect": 0.8521437578814628
    },
    "perfect_score": {
      "rewards": [
        9516.0
      ],
      "mean": 9516.0,
      "std": 0.0,
      "min": 9516.0,
      "max": 9516.0,
      "count": 1,
      "ratio_to_perfect": 1.0
    }
  },
  "errors": {}
}