{
  "instance_dir": "D:\\TextArena\\examples\\benchmark\\real_trajectory\\lead_time_stochastic\\396135007",
  "instance_name": "396135007",
  "promised_lead_time": 2,
  "model": "google/gemini-3-flash-preview",
  "num_runs_llm": 1,
  "num_runs_deterministic": 1,
  "max_periods": null,
  "summary": {
    "perfect_score": 55518.0,
    "ratios": {
      "or": 0.33814258438704564,
      "llm": 0.6731690622861054,
      "llm_to_or": 0.38767606902265933,
      "or_to_llm": 0.4454591303721316,
      "perfect_score": 1.0
    },
    "warnings": null
  },
  "results": {
    "or": {
      "rewards": [
        18773.0
      ],
      "mean": 18773.0,
      "std": 0.0,
      "min": 18773.0,
      "max": 18773.0,
      "count": 1,
      "ratio_to_perfect": 0.33814258438704564
    },
    "llm": {
      "rewards": [
        37373.0
      ],
      "mean": 37373.0,
      "std": 0.0,
      "min": 37373.0,
      "max": 37373.0,
      "count": 1,
      "ratio_to_perfect": 0.6731690622861054
    },
    "llm_to_or": {
      "rewards": [
        21523.0
      ],
      "mean": 21523.0,
      "std": 0.0,
      "min": 21523.0,
      "max": 21523.0,
      "count": 1,
      "ratio_to_perfect": 0.38767606902265933
    },
    "or_to_llm": {
      "rewards": [
        24731.0
      ],
      "mean": 24731.0,
      "std": 0.0,
      "min": 24731.0,
      "max": 24731.0,
      "count": 1,
      "ratio_to_perfect": 0.4454591303721316
    },
    "perfect_score": {
      "rewards": [
        55518.0
      ],
      "mean": 55518.0,
      "std": 0.0,
      "min": 55518.0,
      "max": 55518.0,
      "count": 1,
      "ratio_to_perfect": 1.0
    }
  },
  "errors": {}
}