{
  "instance_dir": "/shared/share_malatown/OR_Agent/examples/benchmark/synthetic_trajectory/lead_time_0/p04_increasing_trend/v2_linear_50_3t/r2_med",
  "instance_name": "r2_med",
  "promised_lead_time": 0,
  "model": "x-ai/grok-4.1-fast",
  "num_runs_llm": 1,
  "num_runs_deterministic": 1,
  "max_periods": null,
  "summary": {
    "perfect_score": 25856.0,
    "ratios": {
      "or": 0.8374845297029703,
      "llm": 0.9224938118811881,
      "llm_to_or": 0.9281404702970297,
      "or_to_llm": 0.9231512995049505,
      "perfect_score": 1.0
    },
    "warnings": null
  },
  "results": {
    "or": {
      "rewards": [
        21654.0
      ],
      "mean": 21654.0,
      "std": 0.0,
      "min": 21654.0,
      "max": 21654.0,
      "count": 1,
      "ratio_to_perfect": 0.8374845297029703
    },
    "llm": {
      "rewards": [
        23852.0
      ],
      "mean": 23852.0,
      "std": 0.0,
      "min": 23852.0,
      "max": 23852.0,
      "count": 1,
      "ratio_to_perfect": 0.9224938118811881
    },
    "llm_to_or": {
      "rewards": [
        23998.0
      ],
      "mean": 23998.0,
      "std": 0.0,
      "min": 23998.0,
      "max": 23998.0,
      "count": 1,
      "ratio_to_perfect": 0.9281404702970297
    },
    "or_to_llm": {
      "rewards": [
        23869.0
      ],
      "mean": 23869.0,
      "std": 0.0,
      "min": 23869.0,
      "max": 23869.0,
      "count": 1,
      "ratio_to_perfect": 0.9231512995049505
    },
    "perfect_score": {
      "rewards": [
        25856.0
      ],
      "mean": 25856.0,
      "std": 0.0,
      "min": 25856.0,
      "max": 25856.0,
      "count": 1,
      "ratio_to_perfect": 1.0
    }
  },
  "errors": {}
}