{
  "instance_dir": "/shared/share_malatown/OR-Agent-GPT5mini-benchmark/examples/benchmark/synthetic_trajectory/lead_time_stochastic/p02_mean_increase/v2_100to150/r2_high",
  "instance_name": "r2_high",
  "promised_lead_time": 2,
  "model": "openai/gpt-5-mini",
  "num_runs_llm": 1,
  "num_runs_deterministic": 1,
  "max_periods": null,
  "summary": {
    "perfect_score": 125894.0,
    "ratios": {
      "or": 0.1135320190001112,
      "llm": 0.15941188618996935,
      "llm_to_or": 0.1817243077509651,
      "or_to_llm": 0.1570209859087804,
      "perfect_score": 1.0
    },
    "warnings": null
  },
  "results": {
    "or": {
      "rewards": [
        14293.0
      ],
      "mean": 14293.0,
      "std": 0.0,
      "min": 14293.0,
      "max": 14293.0,
      "count": 1,
      "ratio_to_perfect": 0.1135320190001112
    },
    "llm": {
      "rewards": [
        20069.0
      ],
      "mean": 20069.0,
      "std": 0.0,
      "min": 20069.0,
      "max": 20069.0,
      "count": 1,
      "ratio_to_perfect": 0.15941188618996935
    },
    "llm_to_or": {
      "rewards": [
        22878.0
      ],
      "mean": 22878.0,
      "std": 0.0,
      "min": 22878.0,
      "max": 22878.0,
      "count": 1,
      "ratio_to_perfect": 0.1817243077509651
    },
    "or_to_llm": {
      "rewards": [
        19768.0
      ],
      "mean": 19768.0,
      "std": 0.0,
      "min": 19768.0,
      "max": 19768.0,
      "count": 1,
      "ratio_to_perfect": 0.1570209859087804
    },
    "perfect_score": {
      "rewards": [
        125894.0
      ],
      "mean": 125894.0,
      "std": 0.0,
      "min": 125894.0,
      "max": 125894.0,
      "count": 1,
      "ratio_to_perfect": 1.0
    }
  },
  "errors": {}
}