{
  "instance_dir": "/shared/share_malatown/OR-Agent-GPT5mini-benchmark/examples/benchmark/real_trajectory/lead_time_stochastic/678687001",
  "instance_name": "678687001",
  "promised_lead_time": 2,
  "model": "openai/gpt-5-mini",
  "num_runs_llm": 1,
  "num_runs_deterministic": 1,
  "max_periods": null,
  "summary": {
    "perfect_score": 16296.0,
    "ratios": {
      "or": 0.202626411389298,
      "llm": 0.14991408934707903,
      "llm_to_or": 0.05995336278841434,
      "or_to_llm": 0.17415316642120765,
      "perfect_score": 1.0
    },
    "warnings": null
  },
  "results": {
    "or": {
      "rewards": [
        3302.0
      ],
      "mean": 3302.0,
      "std": 0.0,
      "min": 3302.0,
      "max": 3302.0,
      "count": 1,
      "ratio_to_perfect": 0.202626411389298
    },
    "llm": {
      "rewards": [
        2443.0
      ],
      "mean": 2443.0,
      "std": 0.0,
      "min": 2443.0,
      "max": 2443.0,
      "count": 1,
      "ratio_to_perfect": 0.14991408934707903
    },
    "llm_to_or": {
      "rewards": [
        977.0
      ],
      "mean": 977.0,
      "std": 0.0,
      "min": 977.0,
      "max": 977.0,
      "count": 1,
      "ratio_to_perfect": 0.05995336278841434
    },
    "or_to_llm": {
      "rewards": [
        2838.0
      ],
      "mean": 2838.0,
      "std": 0.0,
      "min": 2838.0,
      "max": 2838.0,
      "count": 1,
      "ratio_to_perfect": 0.17415316642120765
    },
    "perfect_score": {
      "rewards": [
        16296.0
      ],
      "mean": 16296.0,
      "std": 0.0,
      "min": 16296.0,
      "max": 16296.0,
      "count": 1,
      "ratio_to_perfect": 1.0
    }
  },
  "errors": {}
}