{
  "instance_dir": "/shared/share_malatown/OR_Agent/examples/benchmark/real_trajectory/lead_time_0/507883009",
  "instance_name": "507883009",
  "promised_lead_time": 0,
  "model": "x-ai/grok-4.1-fast",
  "num_runs_llm": 1,
  "num_runs_deterministic": 1,
  "max_periods": null,
  "summary": {
    "perfect_score": 22764.0,
    "ratios": {
      "or": 0.8125109822526797,
      "llm": 0.8224828676858197,
      "llm_to_or": 0.8083377262344053,
      "or_to_llm": 0.8166842382709542,
      "perfect_score": 1.0
    },
    "warnings": null
  },
  "results": {
    "or": {
      "rewards": [
        18496.0
      ],
      "mean": 18496.0,
      "std": 0.0,
      "min": 18496.0,
      "max": 18496.0,
      "count": 1,
      "ratio_to_perfect": 0.8125109822526797
    },
    "llm": {
      "rewards": [
        18723.0
      ],
      "mean": 18723.0,
      "std": 0.0,
      "min": 18723.0,
      "max": 18723.0,
      "count": 1,
      "ratio_to_perfect": 0.8224828676858197
    },
    "llm_to_or": {
      "rewards": [
        18401.0
      ],
      "mean": 18401.0,
      "std": 0.0,
      "min": 18401.0,
      "max": 18401.0,
      "count": 1,
      "ratio_to_perfect": 0.8083377262344053
    },
    "or_to_llm": {
      "rewards": [
        18591.0
      ],
      "mean": 18591.0,
      "std": 0.0,
      "min": 18591.0,
      "max": 18591.0,
      "count": 1,
      "ratio_to_perfect": 0.8166842382709542
    },
    "perfect_score": {
      "rewards": [
        22764.0
      ],
      "mean": 22764.0,
      "std": 0.0,
      "min": 22764.0,
      "max": 22764.0,
      "count": 1,
      "ratio_to_perfect": 1.0
    }
  },
  "errors": {}
}