{
  "instance_dir": "D:\\TextArena\\examples\\benchmark\\synthetic_trajectory\\lead_time_4\\p05_decreasing_trend\\v1_200_minus_3t\\r2_med",
  "instance_name": "r2_med",
  "promised_lead_time": 4,
  "model": "google/gemini-3-flash-preview",
  "num_runs_llm": 1,
  "num_runs_deterministic": 1,
  "max_periods": null,
  "summary": {
    "perfect_score": 25156.0,
    "ratios": {
      "or": 0.3542296072507553,
      "llm": 0.5450389569088885,
      "llm_to_or": 0.5917474956272858,
      "or_to_llm": 0.5875337891556687,
      "perfect_score": 1.0
    },
    "warnings": null
  },
  "results": {
    "or": {
      "rewards": [
        8911.0
      ],
      "mean": 8911.0,
      "std": 0.0,
      "min": 8911.0,
      "max": 8911.0,
      "count": 1,
      "ratio_to_perfect": 0.3542296072507553
    },
    "llm": {
      "rewards": [
        13711.0
      ],
      "mean": 13711.0,
      "std": 0.0,
      "min": 13711.0,
      "max": 13711.0,
      "count": 1,
      "ratio_to_perfect": 0.5450389569088885
    },
    "llm_to_or": {
      "rewards": [
        14886.0
      ],
      "mean": 14886.0,
      "std": 0.0,
      "min": 14886.0,
      "max": 14886.0,
      "count": 1,
      "ratio_to_perfect": 0.5917474956272858
    },
    "or_to_llm": {
      "rewards": [
        14780.0
      ],
      "mean": 14780.0,
      "std": 0.0,
      "min": 14780.0,
      "max": 14780.0,
      "count": 1,
      "ratio_to_perfect": 0.5875337891556687
    },
    "perfect_score": {
      "rewards": [
        25156.0
      ],
      "mean": 25156.0,
      "std": 0.0,
      "min": 25156.0,
      "max": 25156.0,
      "count": 1,
      "ratio_to_perfect": 1.0
    }
  },
  "errors": {}
}