{
  "instance_dir": "/shared/share_malatown/OR-Agent-GPT5mini-benchmark/examples/benchmark/real_trajectory/lead_time_4/179123001",
  "instance_name": "179123001",
  "promised_lead_time": 4,
  "model": "openai/gpt-5-mini",
  "num_runs_llm": 1,
  "num_runs_deterministic": 1,
  "max_periods": null,
  "summary": {
    "perfect_score": 82251.0,
    "ratios": {
      "or": 0.7299485720538352,
      "llm": 0.7100460784671311,
      "llm_to_or": 0.7313832050674156,
      "or_to_llm": 0.7064108643056012,
      "perfect_score": 1.0
    },
    "warnings": null
  },
  "results": {
    "or": {
      "rewards": [
        60039.0
      ],
      "mean": 60039.0,
      "std": 0.0,
      "min": 60039.0,
      "max": 60039.0,
      "count": 1,
      "ratio_to_perfect": 0.7299485720538352
    },
    "llm": {
      "rewards": [
        58402.0
      ],
      "mean": 58402.0,
      "std": 0.0,
      "min": 58402.0,
      "max": 58402.0,
      "count": 1,
      "ratio_to_perfect": 0.7100460784671311
    },
    "llm_to_or": {
      "rewards": [
        60157.0
      ],
      "mean": 60157.0,
      "std": 0.0,
      "min": 60157.0,
      "max": 60157.0,
      "count": 1,
      "ratio_to_perfect": 0.7313832050674156
    },
    "or_to_llm": {
      "rewards": [
        58103.0
      ],
      "mean": 58103.0,
      "std": 0.0,
      "min": 58103.0,
      "max": 58103.0,
      "count": 1,
      "ratio_to_perfect": 0.7064108643056012
    },
    "perfect_score": {
      "rewards": [
        82251.0
      ],
      "mean": 82251.0,
      "std": 0.0,
      "min": 82251.0,
      "max": 82251.0,
      "count": 1,
      "ratio_to_perfect": 1.0
    }
  },
  "errors": {}
}