{
  "instance_dir": "/shared/share_malatown/OR-Agent-GPT5mini-benchmark/examples/benchmark/real_trajectory/lead_time_4/673396002",
  "instance_name": "673396002",
  "promised_lead_time": 4,
  "model": "openai/gpt-5-mini",
  "num_runs_llm": 1,
  "num_runs_deterministic": 1,
  "max_periods": null,
  "summary": {
    "perfect_score": 10210.0,
    "ratios": {
      "or": -0.7438785504407444,
      "llm": -1.772771792360431,
      "llm_to_or": -1.4372184133202743,
      "or_to_llm": -1.811949069539667,
      "perfect_score": 1.0
    },
    "warnings": null
  },
  "results": {
    "or": {
      "rewards": [
        -7595.0
      ],
      "mean": -7595.0,
      "std": 0.0,
      "min": -7595.0,
      "max": -7595.0,
      "count": 1,
      "ratio_to_perfect": -0.7438785504407444
    },
    "llm": {
      "rewards": [
        -18100.0
      ],
      "mean": -18100.0,
      "std": 0.0,
      "min": -18100.0,
      "max": -18100.0,
      "count": 1,
      "ratio_to_perfect": -1.772771792360431
    },
    "llm_to_or": {
      "rewards": [
        -14674.0
      ],
      "mean": -14674.0,
      "std": 0.0,
      "min": -14674.0,
      "max": -14674.0,
      "count": 1,
      "ratio_to_perfect": -1.4372184133202743
    },
    "or_to_llm": {
      "rewards": [
        -18500.0
      ],
      "mean": -18500.0,
      "std": 0.0,
      "min": -18500.0,
      "max": -18500.0,
      "count": 1,
      "ratio_to_perfect": -1.811949069539667
    },
    "perfect_score": {
      "rewards": [
        10210.0
      ],
      "mean": 10210.0,
      "std": 0.0,
      "min": 10210.0,
      "max": 10210.0,
      "count": 1,
      "ratio_to_perfect": 1.0
    }
  },
  "errors": {}
}