{
  "instance_dir": "D:\\TextArena\\examples\\benchmark\\synthetic_trajectory\\lead_time_stochastic\\p01_stationary_iid\\v4_uniform_50_150\\r2_high",
  "instance_name": "r2_high",
  "promised_lead_time": 2,
  "model": "google/gemini-3-flash-preview",
  "num_runs_llm": 1,
  "num_runs_deterministic": 1,
  "max_periods": null,
  "summary": {
    "perfect_score": 86659.0,
    "ratios": {
      "or": 0.15297891736576696,
      "llm": 0.6463379452797747,
      "llm_to_or": 0.43276520615285197,
      "or_to_llm": 0.5865980452116918,
      "perfect_score": 1.0
    },
    "warnings": null
  },
  "results": {
    "or": {
      "rewards": [
        13257.0
      ],
      "mean": 13257.0,
      "std": 0.0,
      "min": 13257.0,
      "max": 13257.0,
      "count": 1,
      "ratio_to_perfect": 0.15297891736576696
    },
    "llm": {
      "rewards": [
        56011.0
      ],
      "mean": 56011.0,
      "std": 0.0,
      "min": 56011.0,
      "max": 56011.0,
      "count": 1,
      "ratio_to_perfect": 0.6463379452797747
    },
    "llm_to_or": {
      "rewards": [
        37503.0
      ],
      "mean": 37503.0,
      "std": 0.0,
      "min": 37503.0,
      "max": 37503.0,
      "count": 1,
      "ratio_to_perfect": 0.43276520615285197
    },
    "or_to_llm": {
      "rewards": [
        50834.0
      ],
      "mean": 50834.0,
      "std": 0.0,
      "min": 50834.0,
      "max": 50834.0,
      "count": 1,
      "ratio_to_perfect": 0.5865980452116918
    },
    "perfect_score": {
      "rewards": [
        86659.0
      ],
      "mean": 86659.0,
      "std": 0.0,
      "min": 86659.0,
      "max": 86659.0,
      "count": 1,
      "ratio_to_perfect": 1.0
    }
  },
  "errors": {}
}