{
  "instance_dir": "D:\\TextArena\\examples\\benchmark\\real_trajectory\\lead_time_0\\664405002",
  "instance_name": "664405002",
  "promised_lead_time": 0,
  "model": "google/gemini-3-flash-preview",
  "num_runs_llm": 1,
  "num_runs_deterministic": 1,
  "max_periods": null,
  "summary": {
    "perfect_score": 82308.0,
    "ratios": {
      "or": 0.904796617582738,
      "llm": 0.897713466491714,
      "llm_to_or": 0.9031078388492005,
      "or_to_llm": 0.9008237352383729,
      "perfect_score": 1.0
    },
    "warnings": null
  },
  "results": {
    "or": {
      "rewards": [
        74472.0
      ],
      "mean": 74472.0,
      "std": 0.0,
      "min": 74472.0,
      "max": 74472.0,
      "count": 1,
      "ratio_to_perfect": 0.904796617582738
    },
    "llm": {
      "rewards": [
        73889.0
      ],
      "mean": 73889.0,
      "std": 0.0,
      "min": 73889.0,
      "max": 73889.0,
      "count": 1,
      "ratio_to_perfect": 0.897713466491714
    },
    "llm_to_or": {
      "rewards": [
        74333.0
      ],
      "mean": 74333.0,
      "std": 0.0,
      "min": 74333.0,
      "max": 74333.0,
      "count": 1,
      "ratio_to_perfect": 0.9031078388492005
    },
    "or_to_llm": {
      "rewards": [
        74145.0
      ],
      "mean": 74145.0,
      "std": 0.0,
      "min": 74145.0,
      "max": 74145.0,
      "count": 1,
      "ratio_to_perfect": 0.9008237352383729
    },
    "perfect_score": {
      "rewards": [
        82308.0
      ],
      "mean": 82308.0,
      "std": 0.0,
      "min": 82308.0,
      "max": 82308.0,
      "count": 1,
      "ratio_to_perfect": 1.0
    }
  },
  "errors": {}
}