{
  "instance_dir": "/shared/share_malatown/OR-Agent-GPT5mini-benchmark/examples/benchmark/real_trajectory/lead_time_stochastic/680262006",
  "instance_name": "680262006",
  "promised_lead_time": 2,
  "model": "openai/gpt-5-mini",
  "num_runs_llm": 1,
  "num_runs_deterministic": 1,
  "max_periods": null,
  "summary": {
    "perfect_score": 8656.0,
    "ratios": {
      "or": 0.38620609981515713,
      "llm": 0.09299907578558225,
      "llm_to_or": 0.1891173752310536,
      "or_to_llm": 0.3602125693160813,
      "perfect_score": 1.0
    },
    "warnings": null
  },
  "results": {
    "or": {
      "rewards": [
        3343.0
      ],
      "mean": 3343.0,
      "std": 0.0,
      "min": 3343.0,
      "max": 3343.0,
      "count": 1,
      "ratio_to_perfect": 0.38620609981515713
    },
    "llm": {
      "rewards": [
        805.0
      ],
      "mean": 805.0,
      "std": 0.0,
      "min": 805.0,
      "max": 805.0,
      "count": 1,
      "ratio_to_perfect": 0.09299907578558225
    },
    "llm_to_or": {
      "rewards": [
        1637.0
      ],
      "mean": 1637.0,
      "std": 0.0,
      "min": 1637.0,
      "max": 1637.0,
      "count": 1,
      "ratio_to_perfect": 0.1891173752310536
    },
    "or_to_llm": {
      "rewards": [
        3118.0
      ],
      "mean": 3118.0,
      "std": 0.0,
      "min": 3118.0,
      "max": 3118.0,
      "count": 1,
      "ratio_to_perfect": 0.3602125693160813
    },
    "perfect_score": {
      "rewards": [
        8656.0
      ],
      "mean": 8656.0,
      "std": 0.0,
      "min": 8656.0,
      "max": 8656.0,
      "count": 1,
      "ratio_to_perfect": 1.0
    }
  },
  "errors": {}
}