{
  "instance_dir": "/shared/share_malatown/OR_Agent/examples/benchmark/synthetic_trajectory/lead_time_4/p10_autocorrelated/v2_phi_0_5/r1_high",
  "instance_name": "r1_high",
  "promised_lead_time": 4,
  "model": "x-ai/grok-4.1-fast",
  "num_runs_llm": 1,
  "num_runs_deterministic": 1,
  "max_periods": null,
  "summary": {
    "perfect_score": 109744.0,
    "ratios": {
      "or": 0.8694598337950139,
      "llm": 0.7449792243767313,
      "llm_to_or": 0.8136754628954658,
      "or_to_llm": 0.8555456334742674,
      "perfect_score": 1.0
    },
    "warnings": null
  },
  "results": {
    "or": {
      "rewards": [
        95418.0
      ],
      "mean": 95418.0,
      "std": 0.0,
      "min": 95418.0,
      "max": 95418.0,
      "count": 1,
      "ratio_to_perfect": 0.8694598337950139
    },
    "llm": {
      "rewards": [
        81757.0
      ],
      "mean": 81757.0,
      "std": 0.0,
      "min": 81757.0,
      "max": 81757.0,
      "count": 1,
      "ratio_to_perfect": 0.7449792243767313
    },
    "llm_to_or": {
      "rewards": [
        89296.0
      ],
      "mean": 89296.0,
      "std": 0.0,
      "min": 89296.0,
      "max": 89296.0,
      "count": 1,
      "ratio_to_perfect": 0.8136754628954658
    },
    "or_to_llm": {
      "rewards": [
        93891.0
      ],
      "mean": 93891.0,
      "std": 0.0,
      "min": 93891.0,
      "max": 93891.0,
      "count": 1,
      "ratio_to_perfect": 0.8555456334742674
    },
    "perfect_score": {
      "rewards": [
        109744.0
      ],
      "mean": 109744.0,
      "std": 0.0,
      "min": 109744.0,
      "max": 109744.0,
      "count": 1,
      "ratio_to_perfect": 1.0
    }
  },
  "errors": {}
}