{
  "instance_dir": "/shared/share_malatown/OR_Agent/examples/benchmark/synthetic_trajectory/lead_time_4/p09_temp_spike_dip/v2_temp_dip/r2_high",
  "instance_name": "r2_high",
  "promised_lead_time": 4,
  "model": "x-ai/grok-4.1-fast",
  "num_runs_llm": 1,
  "num_runs_deterministic": 1,
  "max_periods": null,
  "summary": {
    "perfect_score": 83600.0,
    "ratios": {
      "or": 0.8136004784688995,
      "llm": 0.6109808612440192,
      "llm_to_or": 0.7680382775119617,
      "or_to_llm": 0.7844019138755981,
      "perfect_score": 1.0
    },
    "warnings": null
  },
  "results": {
    "or": {
      "rewards": [
        68017.0
      ],
      "mean": 68017.0,
      "std": 0.0,
      "min": 68017.0,
      "max": 68017.0,
      "count": 1,
      "ratio_to_perfect": 0.8136004784688995
    },
    "llm": {
      "rewards": [
        51078.0
      ],
      "mean": 51078.0,
      "std": 0.0,
      "min": 51078.0,
      "max": 51078.0,
      "count": 1,
      "ratio_to_perfect": 0.6109808612440192
    },
    "llm_to_or": {
      "rewards": [
        64208.0
      ],
      "mean": 64208.0,
      "std": 0.0,
      "min": 64208.0,
      "max": 64208.0,
      "count": 1,
      "ratio_to_perfect": 0.7680382775119617
    },
    "or_to_llm": {
      "rewards": [
        65576.0
      ],
      "mean": 65576.0,
      "std": 0.0,
      "min": 65576.0,
      "max": 65576.0,
      "count": 1,
      "ratio_to_perfect": 0.7844019138755981
    },
    "perfect_score": {
      "rewards": [
        83600.0
      ],
      "mean": 83600.0,
      "std": 0.0,
      "min": 83600.0,
      "max": 83600.0,
      "count": 1,
      "ratio_to_perfect": 1.0
    }
  },
  "errors": {}
}