{
  "instance_dir": "D:\\TextArena\\examples\\benchmark\\synthetic_trajectory\\lead_time_4\\p06_variance_change\\v2_var_increase\\r1_high",
  "instance_name": "r1_high",
  "promised_lead_time": 4,
  "model": "google/gemini-3-flash-preview",
  "num_runs_llm": 1,
  "num_runs_deterministic": 1,
  "max_periods": null,
  "summary": {
    "perfect_score": 99541.0,
    "ratios": {
      "or": 0.8560693583548488,
      "llm": 0.8117660059673903,
      "llm_to_or": 0.8269155423393375,
      "or_to_llm": 0.8540802282476567,
      "perfect_score": 1.0
    },
    "warnings": null
  },
  "results": {
    "or": {
      "rewards": [
        85214.0
      ],
      "mean": 85214.0,
      "std": 0.0,
      "min": 85214.0,
      "max": 85214.0,
      "count": 1,
      "ratio_to_perfect": 0.8560693583548488
    },
    "llm": {
      "rewards": [
        80804.0
      ],
      "mean": 80804.0,
      "std": 0.0,
      "min": 80804.0,
      "max": 80804.0,
      "count": 1,
      "ratio_to_perfect": 0.8117660059673903
    },
    "llm_to_or": {
      "rewards": [
        82312.0
      ],
      "mean": 82312.0,
      "std": 0.0,
      "min": 82312.0,
      "max": 82312.0,
      "count": 1,
      "ratio_to_perfect": 0.8269155423393375
    },
    "or_to_llm": {
      "rewards": [
        85016.0
      ],
      "mean": 85016.0,
      "std": 0.0,
      "min": 85016.0,
      "max": 85016.0,
      "count": 1,
      "ratio_to_perfect": 0.8540802282476567
    },
    "perfect_score": {
      "rewards": [
        99541.0
      ],
      "mean": 99541.0,
      "std": 0.0,
      "min": 99541.0,
      "max": 99541.0,
      "count": 1,
      "ratio_to_perfect": 1.0
    }
  },
  "errors": {}
}