{
  "instance_dir": "/shared/share_malatown/OR-Agent-GPT5mini-benchmark/examples/benchmark/real_trajectory/lead_time_0/621381001",
  "instance_name": "621381001",
  "promised_lead_time": 0,
  "model": "openai/gpt-5-mini",
  "num_runs_llm": 1,
  "num_runs_deterministic": 1,
  "max_periods": null,
  "summary": {
    "perfect_score": 49248.0,
    "ratios": {
      "or": 0.920585607537362,
      "llm": 0.8894980506822612,
      "llm_to_or": 0.9405458089668616,
      "or_to_llm": 0.9288092917478883,
      "perfect_score": 1.0
    },
    "warnings": null
  },
  "results": {
    "or": {
      "rewards": [
        45337.0
      ],
      "mean": 45337.0,
      "std": 0.0,
      "min": 45337.0,
      "max": 45337.0,
      "count": 1,
      "ratio_to_perfect": 0.920585607537362
    },
    "llm": {
      "rewards": [
        43806.0
      ],
      "mean": 43806.0,
      "std": 0.0,
      "min": 43806.0,
      "max": 43806.0,
      "count": 1,
      "ratio_to_perfect": 0.8894980506822612
    },
    "llm_to_or": {
      "rewards": [
        46320.0
      ],
      "mean": 46320.0,
      "std": 0.0,
      "min": 46320.0,
      "max": 46320.0,
      "count": 1,
      "ratio_to_perfect": 0.9405458089668616
    },
    "or_to_llm": {
      "rewards": [
        45742.0
      ],
      "mean": 45742.0,
      "std": 0.0,
      "min": 45742.0,
      "max": 45742.0,
      "count": 1,
      "ratio_to_perfect": 0.9288092917478883
    },
    "perfect_score": {
      "rewards": [
        49248.0
      ],
      "mean": 49248.0,
      "std": 0.0,
      "min": 49248.0,
      "max": 49248.0,
      "count": 1,
      "ratio_to_perfect": 1.0
    }
  },
  "errors": {}
}