{
  "instance_dir": "/shared/share_malatown/OR_Agent/examples/benchmark/synthetic_trajectory/lead_time_4/p02_mean_increase/v3_100to300/r2_high",
  "instance_name": "r2_high",
  "promised_lead_time": 4,
  "model": "x-ai/grok-4.1-fast",
  "num_runs_llm": 1,
  "num_runs_deterministic": 1,
  "max_periods": null,
  "summary": {
    "perfect_score": 217398.0,
    "ratios": {
      "or": 0.7637098777357657,
      "llm": 0.7679739464024508,
      "llm_to_or": 0.8294004544660024,
      "or_to_llm": 0.8321465698856475,
      "perfect_score": 1.0
    },
    "warnings": null
  },
  "results": {
    "or": {
      "rewards": [
        166029.0
      ],
      "mean": 166029.0,
      "std": 0.0,
      "min": 166029.0,
      "max": 166029.0,
      "count": 1,
      "ratio_to_perfect": 0.7637098777357657
    },
    "llm": {
      "rewards": [
        166956.0
      ],
      "mean": 166956.0,
      "std": 0.0,
      "min": 166956.0,
      "max": 166956.0,
      "count": 1,
      "ratio_to_perfect": 0.7679739464024508
    },
    "llm_to_or": {
      "rewards": [
        180310.0
      ],
      "mean": 180310.0,
      "std": 0.0,
      "min": 180310.0,
      "max": 180310.0,
      "count": 1,
      "ratio_to_perfect": 0.8294004544660024
    },
    "or_to_llm": {
      "rewards": [
        180907.0
      ],
      "mean": 180907.0,
      "std": 0.0,
      "min": 180907.0,
      "max": 180907.0,
      "count": 1,
      "ratio_to_perfect": 0.8321465698856475
    },
    "perfect_score": {
      "rewards": [
        217398.0
      ],
      "mean": 217398.0,
      "std": 0.0,
      "min": 217398.0,
      "max": 217398.0,
      "count": 1,
      "ratio_to_perfect": 1.0
    }
  },
  "errors": {}
}