{
  "instance_dir": "/shared/share_malatown/OR_Agent/examples/benchmark/real_trajectory/lead_time_stochastic/568597006",
  "instance_name": "568597006",
  "promised_lead_time": 2,
  "model": "x-ai/grok-4.1-fast",
  "num_runs_llm": 1,
  "num_runs_deterministic": 1,
  "max_periods": null,
  "summary": {
    "perfect_score": 23236.0,
    "ratios": {
      "or": 0.19073850920984678,
      "llm": 0.4996126699948356,
      "llm_to_or": -0.1461094852814598,
      "or_to_llm": 0.37428989499053195,
      "perfect_score": 1.0
    },
    "warnings": null
  },
  "results": {
    "or": {
      "rewards": [
        4432.0
      ],
      "mean": 4432.0,
      "std": 0.0,
      "min": 4432.0,
      "max": 4432.0,
      "count": 1,
      "ratio_to_perfect": 0.19073850920984678
    },
    "llm": {
      "rewards": [
        11609.0
      ],
      "mean": 11609.0,
      "std": 0.0,
      "min": 11609.0,
      "max": 11609.0,
      "count": 1,
      "ratio_to_perfect": 0.4996126699948356
    },
    "llm_to_or": {
      "rewards": [
        -3395.0
      ],
      "mean": -3395.0,
      "std": 0.0,
      "min": -3395.0,
      "max": -3395.0,
      "count": 1,
      "ratio_to_perfect": -0.1461094852814598
    },
    "or_to_llm": {
      "rewards": [
        8697.0
      ],
      "mean": 8697.0,
      "std": 0.0,
      "min": 8697.0,
      "max": 8697.0,
      "count": 1,
      "ratio_to_perfect": 0.37428989499053195
    },
    "perfect_score": {
      "rewards": [
        23236.0
      ],
      "mean": 23236.0,
      "std": 0.0,
      "min": 23236.0,
      "max": 23236.0,
      "count": 1,
      "ratio_to_perfect": 1.0
    }
  },
  "errors": {}
}