{
  "instance_dir": "D:\\TextArena\\examples\\benchmark\\synthetic_trajectory\\lead_time_4\\p03_mean_decrease\\v3_100to30\\r2_high",
  "instance_name": "r2_high",
  "promised_lead_time": 4,
  "model": "openai/gpt-5-mini",
  "num_runs_llm": 1,
  "num_runs_deterministic": 1,
  "max_periods": null,
  "summary": {
    "perfect_score": 49780.0,
    "ratios": {
      "or": 0.6093009240658899,
      "llm": 0.6814985938127762,
      "llm_to_or": 0.6097428686219365,
      "or_to_llm": 0.678987545198875,
      "perfect_score": 1.0
    },
    "warnings": null
  },
  "results": {
    "or": {
      "rewards": [
        30331.0
      ],
      "mean": 30331.0,
      "std": 0.0,
      "min": 30331.0,
      "max": 30331.0,
      "count": 1,
      "ratio_to_perfect": 0.6093009240658899
    },
    "llm": {
      "rewards": [
        33925.0
      ],
      "mean": 33925.0,
      "std": 0.0,
      "min": 33925.0,
      "max": 33925.0,
      "count": 1,
      "ratio_to_perfect": 0.6814985938127762
    },
    "llm_to_or": {
      "rewards": [
        30353.0
      ],
      "mean": 30353.0,
      "std": 0.0,
      "min": 30353.0,
      "max": 30353.0,
      "count": 1,
      "ratio_to_perfect": 0.6097428686219365
    },
    "or_to_llm": {
      "rewards": [
        33800.0
      ],
      "mean": 33800.0,
      "std": 0.0,
      "min": 33800.0,
      "max": 33800.0,
      "count": 1,
      "ratio_to_perfect": 0.678987545198875
    },
    "perfect_score": {
      "rewards": [
        49780.0
      ],
      "mean": 49780.0,
      "std": 0.0,
      "min": 49780.0,
      "max": 49780.0,
      "count": 1,
      "ratio_to_perfect": 1.0
    }
  },
  "errors": {}
}