{
  "instance_dir": "/shared/share_malatown/OR_Agent/examples/benchmark/synthetic_trajectory/lead_time_4/p02_mean_increase/v2_100to150/r1_high",
  "instance_name": "r1_high",
  "promised_lead_time": 4,
  "model": "x-ai/grok-4.1-fast",
  "num_runs_llm": 1,
  "num_runs_deterministic": 1,
  "max_periods": null,
  "summary": {
    "perfect_score": 134767.0,
    "ratios": {
      "or": 0.8227756053039691,
      "llm": 0.761351072591955,
      "llm_to_or": 0.828081058419346,
      "or_to_llm": 0.8297951278873908,
      "perfect_score": 1.0
    },
    "warnings": null
  },
  "results": {
    "or": {
      "rewards": [
        110883.0
      ],
      "mean": 110883.0,
      "std": 0.0,
      "min": 110883.0,
      "max": 110883.0,
      "count": 1,
      "ratio_to_perfect": 0.8227756053039691
    },
    "llm": {
      "rewards": [
        102605.0
      ],
      "mean": 102605.0,
      "std": 0.0,
      "min": 102605.0,
      "max": 102605.0,
      "count": 1,
      "ratio_to_perfect": 0.761351072591955
    },
    "llm_to_or": {
      "rewards": [
        111598.0
      ],
      "mean": 111598.0,
      "std": 0.0,
      "min": 111598.0,
      "max": 111598.0,
      "count": 1,
      "ratio_to_perfect": 0.828081058419346
    },
    "or_to_llm": {
      "rewards": [
        111829.0
      ],
      "mean": 111829.0,
      "std": 0.0,
      "min": 111829.0,
      "max": 111829.0,
      "count": 1,
      "ratio_to_perfect": 0.8297951278873908
    },
    "perfect_score": {
      "rewards": [
        134767.0
      ],
      "mean": 134767.0,
      "std": 0.0,
      "min": 134767.0,
      "max": 134767.0,
      "count": 1,
      "ratio_to_perfect": 1.0
    }
  },
  "errors": {}
}