{
  "instance_dir": "/shared/share_malatown/OR-Agent-GPT5mini-benchmark/examples/benchmark/real_trajectory/lead_time_0/160442010",
  "instance_name": "160442010",
  "promised_lead_time": 0,
  "model": "openai/gpt-5-mini",
  "num_runs_llm": 1,
  "num_runs_deterministic": 1,
  "max_periods": null,
  "summary": {
    "perfect_score": 7704.0,
    "ratios": {
      "or": 0.3417705088265836,
      "llm": 0.6913291796469366,
      "llm_to_or": 0.6470664589823468,
      "or_to_llm": 0.6739356178608515,
      "perfect_score": 1.0
    },
    "warnings": null
  },
  "results": {
    "or": {
      "rewards": [
        2633.0
      ],
      "mean": 2633.0,
      "std": 0.0,
      "min": 2633.0,
      "max": 2633.0,
      "count": 1,
      "ratio_to_perfect": 0.3417705088265836
    },
    "llm": {
      "rewards": [
        5326.0
      ],
      "mean": 5326.0,
      "std": 0.0,
      "min": 5326.0,
      "max": 5326.0,
      "count": 1,
      "ratio_to_perfect": 0.6913291796469366
    },
    "llm_to_or": {
      "rewards": [
        4985.0
      ],
      "mean": 4985.0,
      "std": 0.0,
      "min": 4985.0,
      "max": 4985.0,
      "count": 1,
      "ratio_to_perfect": 0.6470664589823468
    },
    "or_to_llm": {
      "rewards": [
        5192.0
      ],
      "mean": 5192.0,
      "std": 0.0,
      "min": 5192.0,
      "max": 5192.0,
      "count": 1,
      "ratio_to_perfect": 0.6739356178608515
    },
    "perfect_score": {
      "rewards": [
        7704.0
      ],
      "mean": 7704.0,
      "std": 0.0,
      "min": 7704.0,
      "max": 7704.0,
      "count": 1,
      "ratio_to_perfect": 1.0
    }
  },
  "errors": {}
}