{
  "instance_dir": "/shared/share_malatown/OR-Agent-GPT5mini-benchmark/examples/benchmark/real_trajectory/lead_time_4/473954008",
  "instance_name": "473954008",
  "promised_lead_time": 4,
  "model": "openai/gpt-5-mini",
  "num_runs_llm": 1,
  "num_runs_deterministic": 1,
  "max_periods": null,
  "summary": {
    "perfect_score": 45201.0,
    "ratios": {
      "or": 0.8036769098028804,
      "llm": 0.7567752925820225,
      "llm_to_or": 0.8055131523638858,
      "or_to_llm": 0.7684564500785381,
      "perfect_score": 1.0
    },
    "warnings": null
  },
  "results": {
    "or": {
      "rewards": [
        36327.0
      ],
      "mean": 36327.0,
      "std": 0.0,
      "min": 36327.0,
      "max": 36327.0,
      "count": 1,
      "ratio_to_perfect": 0.8036769098028804
    },
    "llm": {
      "rewards": [
        34207.0
      ],
      "mean": 34207.0,
      "std": 0.0,
      "min": 34207.0,
      "max": 34207.0,
      "count": 1,
      "ratio_to_perfect": 0.7567752925820225
    },
    "llm_to_or": {
      "rewards": [
        36410.0
      ],
      "mean": 36410.0,
      "std": 0.0,
      "min": 36410.0,
      "max": 36410.0,
      "count": 1,
      "ratio_to_perfect": 0.8055131523638858
    },
    "or_to_llm": {
      "rewards": [
        34735.0
      ],
      "mean": 34735.0,
      "std": 0.0,
      "min": 34735.0,
      "max": 34735.0,
      "count": 1,
      "ratio_to_perfect": 0.7684564500785381
    },
    "perfect_score": {
      "rewards": [
        45201.0
      ],
      "mean": 45201.0,
      "std": 0.0,
      "min": 45201.0,
      "max": 45201.0,
      "count": 1,
      "ratio_to_perfect": 1.0
    }
  },
  "errors": {}
}