{
  "instance_dir": "/shared/share_malatown/OR-Agent-GPT5mini-benchmark/examples/benchmark/real_trajectory/lead_time_stochastic/743098002",
  "instance_name": "743098002",
  "promised_lead_time": 2,
  "model": "openai/gpt-5-mini",
  "num_runs_llm": 1,
  "num_runs_deterministic": 1,
  "max_periods": null,
  "summary": {
    "perfect_score": 45771.0,
    "ratios": {
      "or": 0.29839854929977494,
      "llm": 0.19678398986257675,
      "llm_to_or": 0.20788272049987983,
      "or_to_llm": 0.1610408337156715,
      "perfect_score": 1.0
    },
    "warnings": null
  },
  "results": {
    "or": {
      "rewards": [
        13658.0
      ],
      "mean": 13658.0,
      "std": 0.0,
      "min": 13658.0,
      "max": 13658.0,
      "count": 1,
      "ratio_to_perfect": 0.29839854929977494
    },
    "llm": {
      "rewards": [
        9007.0
      ],
      "mean": 9007.0,
      "std": 0.0,
      "min": 9007.0,
      "max": 9007.0,
      "count": 1,
      "ratio_to_perfect": 0.19678398986257675
    },
    "llm_to_or": {
      "rewards": [
        9515.0
      ],
      "mean": 9515.0,
      "std": 0.0,
      "min": 9515.0,
      "max": 9515.0,
      "count": 1,
      "ratio_to_perfect": 0.20788272049987983
    },
    "or_to_llm": {
      "rewards": [
        7371.0
      ],
      "mean": 7371.0,
      "std": 0.0,
      "min": 7371.0,
      "max": 7371.0,
      "count": 1,
      "ratio_to_perfect": 0.1610408337156715
    },
    "perfect_score": {
      "rewards": [
        45771.0
      ],
      "mean": 45771.0,
      "std": 0.0,
      "min": 45771.0,
      "max": 45771.0,
      "count": 1,
      "ratio_to_perfect": 1.0
    }
  },
  "errors": {}
}