{
  "instance_dir": "D:\\TextArena\\examples\\benchmark\\synthetic_trajectory\\lead_time_stochastic\\p10_autocorrelated\\v2_phi_0_5\\r1_high",
  "instance_name": "r1_high",
  "promised_lead_time": 2,
  "model": "google/gemini-3-flash-preview",
  "num_runs_llm": 1,
  "num_runs_deterministic": 1,
  "max_periods": null,
  "summary": {
    "perfect_score": 109744.0,
    "ratios": {
      "or": 0.14124690188074063,
      "llm": 0.6105755212130048,
      "llm_to_or": 0.29062181075958593,
      "or_to_llm": 0.6111860329494095,
      "perfect_score": 1.0
    },
    "warnings": null
  },
  "results": {
    "or": {
      "rewards": [
        15501.0
      ],
      "mean": 15501.0,
      "std": 0.0,
      "min": 15501.0,
      "max": 15501.0,
      "count": 1,
      "ratio_to_perfect": 0.14124690188074063
    },
    "llm": {
      "rewards": [
        67007.0
      ],
      "mean": 67007.0,
      "std": 0.0,
      "min": 67007.0,
      "max": 67007.0,
      "count": 1,
      "ratio_to_perfect": 0.6105755212130048
    },
    "llm_to_or": {
      "rewards": [
        31894.0
      ],
      "mean": 31894.0,
      "std": 0.0,
      "min": 31894.0,
      "max": 31894.0,
      "count": 1,
      "ratio_to_perfect": 0.29062181075958593
    },
    "or_to_llm": {
      "rewards": [
        67074.0
      ],
      "mean": 67074.0,
      "std": 0.0,
      "min": 67074.0,
      "max": 67074.0,
      "count": 1,
      "ratio_to_perfect": 0.6111860329494095
    },
    "perfect_score": {
      "rewards": [
        109744.0
      ],
      "mean": 109744.0,
      "std": 0.0,
      "min": 109744.0,
      "max": 109744.0,
      "count": 1,
      "ratio_to_perfect": 1.0
    }
  },
  "errors": {}
}