{
  "instance_dir": "/shared/share_malatown/OR_Agent/examples/benchmark/synthetic_trajectory/lead_time_0/p10_autocorrelated/v1_phi_0_7/r2_med",
  "instance_name": "r2_med",
  "promised_lead_time": 0,
  "model": "x-ai/grok-4.1-fast",
  "num_runs_llm": 1,
  "num_runs_deterministic": 1,
  "max_periods": null,
  "summary": {
    "perfect_score": 20176.0,
    "ratios": {
      "or": 0.9133624107850912,
      "llm": 0.9177735923869944,
      "llm_to_or": 0.9212926249008723,
      "or_to_llm": 0.9201030927835051,
      "perfect_score": 1.0
    },
    "warnings": null
  },
  "results": {
    "or": {
      "rewards": [
        18428.0
      ],
      "mean": 18428.0,
      "std": 0.0,
      "min": 18428.0,
      "max": 18428.0,
      "count": 1,
      "ratio_to_perfect": 0.9133624107850912
    },
    "llm": {
      "rewards": [
        18517.0
      ],
      "mean": 18517.0,
      "std": 0.0,
      "min": 18517.0,
      "max": 18517.0,
      "count": 1,
      "ratio_to_perfect": 0.9177735923869944
    },
    "llm_to_or": {
      "rewards": [
        18588.0
      ],
      "mean": 18588.0,
      "std": 0.0,
      "min": 18588.0,
      "max": 18588.0,
      "count": 1,
      "ratio_to_perfect": 0.9212926249008723
    },
    "or_to_llm": {
      "rewards": [
        18564.0
      ],
      "mean": 18564.0,
      "std": 0.0,
      "min": 18564.0,
      "max": 18564.0,
      "count": 1,
      "ratio_to_perfect": 0.9201030927835051
    },
    "perfect_score": {
      "rewards": [
        20176.0
      ],
      "mean": 20176.0,
      "std": 0.0,
      "min": 20176.0,
      "max": 20176.0,
      "count": 1,
      "ratio_to_perfect": 1.0
    }
  },
  "errors": {}
}