{
  "instance_dir": "/shared/share_malatown/OR_Agent/examples/benchmark/real_trajectory/lead_time_0/399256018",
  "instance_name": "399256018",
  "promised_lead_time": 0,
  "model": "x-ai/grok-4.1-fast",
  "num_runs_llm": 1,
  "num_runs_deterministic": 1,
  "max_periods": null,
  "summary": {
    "perfect_score": 15436.0,
    "ratios": {
      "or": 0.7724151334542627,
      "llm": 0.811090956206271,
      "llm_to_or": 0.8119331433013735,
      "or_to_llm": 0.7400881057268722,
      "perfect_score": 1.0
    },
    "warnings": null
  },
  "results": {
    "or": {
      "rewards": [
        11923.0
      ],
      "mean": 11923.0,
      "std": 0.0,
      "min": 11923.0,
      "max": 11923.0,
      "count": 1,
      "ratio_to_perfect": 0.7724151334542627
    },
    "llm": {
      "rewards": [
        12520.0
      ],
      "mean": 12520.0,
      "std": 0.0,
      "min": 12520.0,
      "max": 12520.0,
      "count": 1,
      "ratio_to_perfect": 0.811090956206271
    },
    "llm_to_or": {
      "rewards": [
        12533.0
      ],
      "mean": 12533.0,
      "std": 0.0,
      "min": 12533.0,
      "max": 12533.0,
      "count": 1,
      "ratio_to_perfect": 0.8119331433013735
    },
    "or_to_llm": {
      "rewards": [
        11424.0
      ],
      "mean": 11424.0,
      "std": 0.0,
      "min": 11424.0,
      "max": 11424.0,
      "count": 1,
      "ratio_to_perfect": 0.7400881057268722
    },
    "perfect_score": {
      "rewards": [
        15436.0
      ],
      "mean": 15436.0,
      "std": 0.0,
      "min": 15436.0,
      "max": 15436.0,
      "count": 1,
      "ratio_to_perfect": 1.0
    }
  },
  "errors": {}
}