{
  "instance_dir": "/shared/share_malatown/OR-Agent-GPT5mini-benchmark/examples/benchmark/synthetic_trajectory/lead_time_stochastic/p03_mean_decrease/v3_100to30/r2_high",
  "instance_name": "r2_high",
  "promised_lead_time": 2,
  "model": "openai/gpt-5-mini",
  "num_runs_llm": 1,
  "num_runs_deterministic": 1,
  "max_periods": null,
  "summary": {
    "perfect_score": 49780.0,
    "ratios": {
      "or": 0.24343109682603456,
      "llm": 0.46217356368019286,
      "llm_to_or": 0.27834471675371636,
      "or_to_llm": 0.321494576134994,
      "perfect_score": 1.0
    },
    "warnings": null
  },
  "results": {
    "or": {
      "rewards": [
        12118.0
      ],
      "mean": 12118.0,
      "std": 0.0,
      "min": 12118.0,
      "max": 12118.0,
      "count": 1,
      "ratio_to_perfect": 0.24343109682603456
    },
    "llm": {
      "rewards": [
        23007.0
      ],
      "mean": 23007.0,
      "std": 0.0,
      "min": 23007.0,
      "max": 23007.0,
      "count": 1,
      "ratio_to_perfect": 0.46217356368019286
    },
    "llm_to_or": {
      "rewards": [
        13856.0
      ],
      "mean": 13856.0,
      "std": 0.0,
      "min": 13856.0,
      "max": 13856.0,
      "count": 1,
      "ratio_to_perfect": 0.27834471675371636
    },
    "or_to_llm": {
      "rewards": [
        16004.0
      ],
      "mean": 16004.0,
      "std": 0.0,
      "min": 16004.0,
      "max": 16004.0,
      "count": 1,
      "ratio_to_perfect": 0.321494576134994
    },
    "perfect_score": {
      "rewards": [
        49780.0
      ],
      "mean": 49780.0,
      "std": 0.0,
      "min": 49780.0,
      "max": 49780.0,
      "count": 1,
      "ratio_to_perfect": 1.0
    }
  },
  "errors": {}
}