{
  "instance_dir": "D:\\TextArena\\examples\\benchmark\\synthetic_trajectory\\lead_time_4\\p04_increasing_trend\\v3_exp_1_05\\r1_low",
  "instance_name": "r1_low",
  "promised_lead_time": 4,
  "model": "google/gemini-3-flash-preview",
  "num_runs_llm": 1,
  "num_runs_deterministic": 1,
  "max_periods": null,
  "summary": {
    "perfect_score": 21818.0,
    "ratios": {
      "or": 0.4104867540562838,
      "llm": 0.685305710880924,
      "llm_to_or": 0.7662938857823816,
      "or_to_llm": 0.7680355669630581,
      "perfect_score": 1.0
    },
    "warnings": null
  },
  "results": {
    "or": {
      "rewards": [
        8956.0
      ],
      "mean": 8956.0,
      "std": 0.0,
      "min": 8956.0,
      "max": 8956.0,
      "count": 1,
      "ratio_to_perfect": 0.4104867540562838
    },
    "llm": {
      "rewards": [
        14952.0
      ],
      "mean": 14952.0,
      "std": 0.0,
      "min": 14952.0,
      "max": 14952.0,
      "count": 1,
      "ratio_to_perfect": 0.685305710880924
    },
    "llm_to_or": {
      "rewards": [
        16719.0
      ],
      "mean": 16719.0,
      "std": 0.0,
      "min": 16719.0,
      "max": 16719.0,
      "count": 1,
      "ratio_to_perfect": 0.7662938857823816
    },
    "or_to_llm": {
      "rewards": [
        16757.0
      ],
      "mean": 16757.0,
      "std": 0.0,
      "min": 16757.0,
      "max": 16757.0,
      "count": 1,
      "ratio_to_perfect": 0.7680355669630581
    },
    "perfect_score": {
      "rewards": [
        21818.0
      ],
      "mean": 21818.0,
      "std": 0.0,
      "min": 21818.0,
      "max": 21818.0,
      "count": 1,
      "ratio_to_perfect": 1.0
    }
  },
  "errors": {}
}