{
  "instance_dir": "/shared/share_malatown/OR-Agent-GPT5mini-benchmark/examples/benchmark/real_trajectory/lead_time_stochastic/179123001",
  "instance_name": "179123001",
  "promised_lead_time": 2,
  "model": "openai/gpt-5-mini",
  "num_runs_llm": 1,
  "num_runs_deterministic": 1,
  "max_periods": null,
  "summary": {
    "perfect_score": 17316.0,
    "ratios": {
      "or": 0.11804111804111804,
      "llm": 0.1294178794178794,
      "llm_to_or": 0.0544005544005544,
      "or_to_llm": 0.3034188034188034,
      "perfect_score": 1.0
    },
    "warnings": null
  },
  "results": {
    "or": {
      "rewards": [
        2044.0
      ],
      "mean": 2044.0,
      "std": 0.0,
      "min": 2044.0,
      "max": 2044.0,
      "count": 1,
      "ratio_to_perfect": 0.11804111804111804
    },
    "llm": {
      "rewards": [
        2241.0
      ],
      "mean": 2241.0,
      "std": 0.0,
      "min": 2241.0,
      "max": 2241.0,
      "count": 1,
      "ratio_to_perfect": 0.1294178794178794
    },
    "llm_to_or": {
      "rewards": [
        942.0
      ],
      "mean": 942.0,
      "std": 0.0,
      "min": 942.0,
      "max": 942.0,
      "count": 1,
      "ratio_to_perfect": 0.0544005544005544
    },
    "or_to_llm": {
      "rewards": [
        5254.0
      ],
      "mean": 5254.0,
      "std": 0.0,
      "min": 5254.0,
      "max": 5254.0,
      "count": 1,
      "ratio_to_perfect": 0.3034188034188034
    },
    "perfect_score": {
      "rewards": [
        17316.0
      ],
      "mean": 17316.0,
      "std": 0.0,
      "min": 17316.0,
      "max": 17316.0,
      "count": 1,
      "ratio_to_perfect": 1.0
    }
  },
  "errors": {}
}