{
  "instance_dir": "/shared/share_malatown/OR-Agent-GPT5mini-benchmark/examples/benchmark/real_trajectory/lead_time_0/554772002",
  "instance_name": "554772002",
  "promised_lead_time": 0,
  "model": "openai/gpt-5-mini",
  "num_runs_llm": 1,
  "num_runs_deterministic": 1,
  "max_periods": null,
  "summary": {
    "perfect_score": 12920.0,
    "ratios": {
      "or": 0.7804179566563467,
      "llm": 0.8155572755417957,
      "llm_to_or": 0.8042569659442724,
      "or_to_llm": 0.819891640866873,
      "perfect_score": 1.0
    },
    "warnings": null
  },
  "results": {
    "or": {
      "rewards": [
        10083.0
      ],
      "mean": 10083.0,
      "std": 0.0,
      "min": 10083.0,
      "max": 10083.0,
      "count": 1,
      "ratio_to_perfect": 0.7804179566563467
    },
    "llm": {
      "rewards": [
        10537.0
      ],
      "mean": 10537.0,
      "std": 0.0,
      "min": 10537.0,
      "max": 10537.0,
      "count": 1,
      "ratio_to_perfect": 0.8155572755417957
    },
    "llm_to_or": {
      "rewards": [
        10391.0
      ],
      "mean": 10391.0,
      "std": 0.0,
      "min": 10391.0,
      "max": 10391.0,
      "count": 1,
      "ratio_to_perfect": 0.8042569659442724
    },
    "or_to_llm": {
      "rewards": [
        10593.0
      ],
      "mean": 10593.0,
      "std": 0.0,
      "min": 10593.0,
      "max": 10593.0,
      "count": 1,
      "ratio_to_perfect": 0.819891640866873
    },
    "perfect_score": {
      "rewards": [
        12920.0
      ],
      "mean": 12920.0,
      "std": 0.0,
      "min": 12920.0,
      "max": 12920.0,
      "count": 1,
      "ratio_to_perfect": 1.0
    }
  },
  "errors": {}
}