{
  "instance_dir": "/shared/share_malatown/OR-Agent-GPT5mini-benchmark/examples/benchmark/real_trajectory/lead_time_4/706016006",
  "instance_name": "706016006",
  "promised_lead_time": 4,
  "model": "openai/gpt-5-mini",
  "num_runs_llm": 1,
  "num_runs_deterministic": 1,
  "max_periods": null,
  "summary": {
    "perfect_score": 7738.0,
    "ratios": {
      "or": 0.21090721116567587,
      "llm": -0.42814680796071336,
      "llm_to_or": -0.17898681829930216,
      "or_to_llm": 0.1221245799948307,
      "perfect_score": 1.0
    },
    "warnings": null
  },
  "results": {
    "or": {
      "rewards": [
        1632.0
      ],
      "mean": 1632.0,
      "std": 0.0,
      "min": 1632.0,
      "max": 1632.0,
      "count": 1,
      "ratio_to_perfect": 0.21090721116567587
    },
    "llm": {
      "rewards": [
        -3313.0
      ],
      "mean": -3313.0,
      "std": 0.0,
      "min": -3313.0,
      "max": -3313.0,
      "count": 1,
      "ratio_to_perfect": -0.42814680796071336
    },
    "llm_to_or": {
      "rewards": [
        -1385.0
      ],
      "mean": -1385.0,
      "std": 0.0,
      "min": -1385.0,
      "max": -1385.0,
      "count": 1,
      "ratio_to_perfect": -0.17898681829930216
    },
    "or_to_llm": {
      "rewards": [
        945.0
      ],
      "mean": 945.0,
      "std": 0.0,
      "min": 945.0,
      "max": 945.0,
      "count": 1,
      "ratio_to_perfect": 0.1221245799948307
    },
    "perfect_score": {
      "rewards": [
        7738.0
      ],
      "mean": 7738.0,
      "std": 0.0,
      "min": 7738.0,
      "max": 7738.0,
      "count": 1,
      "ratio_to_perfect": 1.0
    }
  },
  "errors": {}
}