{
  "instance_dir": "D:\\TextArena\\examples\\benchmark\\synthetic_trajectory\\lead_time_0\\p07_seasonal\\v4_multiplicative\\r2_high",
  "instance_name": "r2_high",
  "promised_lead_time": 0,
  "model": "openai/gpt-5-mini",
  "num_runs_llm": 1,
  "num_runs_deterministic": 1,
  "max_periods": null,
  "summary": {
    "perfect_score": 91998.0,
    "ratios": {
      "or": 0.9568251483727908,
      "llm": 0.9124654883801822,
      "llm_to_or": 0.9572925498380399,
      "or_to_llm": 0.9454988151916346,
      "perfect_score": 1.0
    },
    "warnings": null
  },
  "results": {
    "or": {
      "rewards": [
        88026.0
      ],
      "mean": 88026.0,
      "std": 0.0,
      "min": 88026.0,
      "max": 88026.0,
      "count": 1,
      "ratio_to_perfect": 0.9568251483727908
    },
    "llm": {
      "rewards": [
        83945.0
      ],
      "mean": 83945.0,
      "std": 0.0,
      "min": 83945.0,
      "max": 83945.0,
      "count": 1,
      "ratio_to_perfect": 0.9124654883801822
    },
    "llm_to_or": {
      "rewards": [
        88069.0
      ],
      "mean": 88069.0,
      "std": 0.0,
      "min": 88069.0,
      "max": 88069.0,
      "count": 1,
      "ratio_to_perfect": 0.9572925498380399
    },
    "or_to_llm": {
      "rewards": [
        86984.0
      ],
      "mean": 86984.0,
      "std": 0.0,
      "min": 86984.0,
      "max": 86984.0,
      "count": 1,
      "ratio_to_perfect": 0.9454988151916346
    },
    "perfect_score": {
      "rewards": [
        91998.0
      ],
      "mean": 91998.0,
      "std": 0.0,
      "min": 91998.0,
      "max": 91998.0,
      "count": 1,
      "ratio_to_perfect": 1.0
    }
  },
  "errors": {}
}