{
  "instance_dir": "D:\\TextArena\\examples\\benchmark\\synthetic_trajectory\\lead_time_stochastic\\p06_variance_change\\v3_var_decrease\\r1_high",
  "instance_name": "r1_high",
  "promised_lead_time": 2,
  "model": "google/gemini-3-flash-preview",
  "num_runs_llm": 1,
  "num_runs_deterministic": 1,
  "max_periods": null,
  "summary": {
    "perfect_score": 90611.0,
    "ratios": {
      "or": 0.14688062155808898,
      "llm": 0.5396033594155235,
      "llm_to_or": 0.46031938727086114,
      "or_to_llm": 0.5596781847678538,
      "perfect_score": 1.0
    },
    "warnings": null
  },
  "results": {
    "or": {
      "rewards": [
        13309.0
      ],
      "mean": 13309.0,
      "std": 0.0,
      "min": 13309.0,
      "max": 13309.0,
      "count": 1,
      "ratio_to_perfect": 0.14688062155808898
    },
    "llm": {
      "rewards": [
        48894.0
      ],
      "mean": 48894.0,
      "std": 0.0,
      "min": 48894.0,
      "max": 48894.0,
      "count": 1,
      "ratio_to_perfect": 0.5396033594155235
    },
    "llm_to_or": {
      "rewards": [
        41710.0
      ],
      "mean": 41710.0,
      "std": 0.0,
      "min": 41710.0,
      "max": 41710.0,
      "count": 1,
      "ratio_to_perfect": 0.46031938727086114
    },
    "or_to_llm": {
      "rewards": [
        50713.0
      ],
      "mean": 50713.0,
      "std": 0.0,
      "min": 50713.0,
      "max": 50713.0,
      "count": 1,
      "ratio_to_perfect": 0.5596781847678538
    },
    "perfect_score": {
      "rewards": [
        90611.0
      ],
      "mean": 90611.0,
      "std": 0.0,
      "min": 90611.0,
      "max": 90611.0,
      "count": 1,
      "ratio_to_perfect": 1.0
    }
  },
  "errors": {}
}