{
  "instance_dir": "/shared/share_malatown/OR_Agent/examples/benchmark/real_trajectory/lead_time_stochastic/687704002",
  "instance_name": "687704002",
  "promised_lead_time": 2,
  "model": "x-ai/grok-4.1-fast",
  "num_runs_llm": 1,
  "num_runs_deterministic": 1,
  "max_periods": null,
  "summary": {
    "perfect_score": 62643.0,
    "ratios": {
      "or": 0.27880210079338474,
      "llm": 0.6046964545120763,
      "llm_to_or": 0.531009051290647,
      "or_to_llm": 0.5247673323435978,
      "perfect_score": 1.0
    },
    "warnings": null
  },
  "results": {
    "or": {
      "rewards": [
        17465.0
      ],
      "mean": 17465.0,
      "std": 0.0,
      "min": 17465.0,
      "max": 17465.0,
      "count": 1,
      "ratio_to_perfect": 0.27880210079338474
    },
    "llm": {
      "rewards": [
        37880.0
      ],
      "mean": 37880.0,
      "std": 0.0,
      "min": 37880.0,
      "max": 37880.0,
      "count": 1,
      "ratio_to_perfect": 0.6046964545120763
    },
    "llm_to_or": {
      "rewards": [
        33264.0
      ],
      "mean": 33264.0,
      "std": 0.0,
      "min": 33264.0,
      "max": 33264.0,
      "count": 1,
      "ratio_to_perfect": 0.531009051290647
    },
    "or_to_llm": {
      "rewards": [
        32873.0
      ],
      "mean": 32873.0,
      "std": 0.0,
      "min": 32873.0,
      "max": 32873.0,
      "count": 1,
      "ratio_to_perfect": 0.5247673323435978
    },
    "perfect_score": {
      "rewards": [
        62643.0
      ],
      "mean": 62643.0,
      "std": 0.0,
      "min": 62643.0,
      "max": 62643.0,
      "count": 1,
      "ratio_to_perfect": 1.0
    }
  },
  "errors": {}
}