{
  "instance_dir": "/shared/share_malatown/OR_Agent/examples/benchmark/synthetic_trajectory/lead_time_stochastic/p01_stationary_iid/v1_normal_100_25/r1_high",
  "instance_name": "r1_high",
  "promised_lead_time": 2,
  "model": "x-ai/grok-4.1-fast",
  "num_runs_llm": 1,
  "num_runs_deterministic": 1,
  "max_periods": null,
  "summary": {
    "perfect_score": 97318.0,
    "ratios": {
      "or": 0.12383115148276784,
      "llm": 0.6828541482562321,
      "llm_to_or": 0.5664625249183091,
      "or_to_llm": 0.6343328058529768,
      "perfect_score": 1.0
    },
    "warnings": null
  },
  "results": {
    "or": {
      "rewards": [
        12051.0
      ],
      "mean": 12051.0,
      "std": 0.0,
      "min": 12051.0,
      "max": 12051.0,
      "count": 1,
      "ratio_to_perfect": 0.12383115148276784
    },
    "llm": {
      "rewards": [
        66454.0
      ],
      "mean": 66454.0,
      "std": 0.0,
      "min": 66454.0,
      "max": 66454.0,
      "count": 1,
      "ratio_to_perfect": 0.6828541482562321
    },
    "llm_to_or": {
      "rewards": [
        55127.0
      ],
      "mean": 55127.0,
      "std": 0.0,
      "min": 55127.0,
      "max": 55127.0,
      "count": 1,
      "ratio_to_perfect": 0.5664625249183091
    },
    "or_to_llm": {
      "rewards": [
        61732.0
      ],
      "mean": 61732.0,
      "std": 0.0,
      "min": 61732.0,
      "max": 61732.0,
      "count": 1,
      "ratio_to_perfect": 0.6343328058529768
    },
    "perfect_score": {
      "rewards": [
        97318.0
      ],
      "mean": 97318.0,
      "std": 0.0,
      "min": 97318.0,
      "max": 97318.0,
      "count": 1,
      "ratio_to_perfect": 1.0
    }
  },
  "errors": {}
}