{
  "instance_dir": "D:\\TextArena\\examples\\benchmark\\synthetic_trajectory\\lead_time_stochastic\\p02_mean_increase\\v4_100to200_samevar\\r1_med",
  "instance_name": "r1_med",
  "promised_lead_time": 2,
  "model": "google/gemini-3-flash-preview",
  "num_runs_llm": 1,
  "num_runs_deterministic": 1,
  "max_periods": null,
  "summary": {
    "perfect_score": 33884.0,
    "ratios": {
      "or": 0.08166096092551056,
      "llm": 0.5251150985715972,
      "llm_to_or": 0.3392751741234801,
      "or_to_llm": 0.45139298784086884,
      "perfect_score": 1.0
    },
    "warnings": null
  },
  "results": {
    "or": {
      "rewards": [
        2767.0
      ],
      "mean": 2767.0,
      "std": 0.0,
      "min": 2767.0,
      "max": 2767.0,
      "count": 1,
      "ratio_to_perfect": 0.08166096092551056
    },
    "llm": {
      "rewards": [
        17793.0
      ],
      "mean": 17793.0,
      "std": 0.0,
      "min": 17793.0,
      "max": 17793.0,
      "count": 1,
      "ratio_to_perfect": 0.5251150985715972
    },
    "llm_to_or": {
      "rewards": [
        11496.0
      ],
      "mean": 11496.0,
      "std": 0.0,
      "min": 11496.0,
      "max": 11496.0,
      "count": 1,
      "ratio_to_perfect": 0.3392751741234801
    },
    "or_to_llm": {
      "rewards": [
        15295.0
      ],
      "mean": 15295.0,
      "std": 0.0,
      "min": 15295.0,
      "max": 15295.0,
      "count": 1,
      "ratio_to_perfect": 0.45139298784086884
    },
    "perfect_score": {
      "rewards": [
        33884.0
      ],
      "mean": 33884.0,
      "std": 0.0,
      "min": 33884.0,
      "max": 33884.0,
      "count": 1,
      "ratio_to_perfect": 1.0
    }
  },
  "errors": {}
}