{
  "instance_dir": "/shared/share_malatown/OR_Agent/examples/benchmark/synthetic_trajectory/lead_time_0/p02_mean_increase/v4_100to200_samevar/r2_high",
  "instance_name": "r2_high",
  "promised_lead_time": 0,
  "model": "x-ai/grok-4.1-fast",
  "num_runs_llm": 1,
  "num_runs_deterministic": 1,
  "max_periods": null,
  "summary": {
    "perfect_score": 158631.0,
    "ratios": {
      "or": 0.9598628263075943,
      "llm": 0.9518757367727619,
      "llm_to_or": 0.9667152069898065,
      "or_to_llm": 0.9642314553901823,
      "perfect_score": 1.0
    },
    "warnings": null
  },
  "results": {
    "or": {
      "rewards": [
        152264.0
      ],
      "mean": 152264.0,
      "std": 0.0,
      "min": 152264.0,
      "max": 152264.0,
      "count": 1,
      "ratio_to_perfect": 0.9598628263075943
    },
    "llm": {
      "rewards": [
        150997.0
      ],
      "mean": 150997.0,
      "std": 0.0,
      "min": 150997.0,
      "max": 150997.0,
      "count": 1,
      "ratio_to_perfect": 0.9518757367727619
    },
    "llm_to_or": {
      "rewards": [
        153351.0
      ],
      "mean": 153351.0,
      "std": 0.0,
      "min": 153351.0,
      "max": 153351.0,
      "count": 1,
      "ratio_to_perfect": 0.9667152069898065
    },
    "or_to_llm": {
      "rewards": [
        152957.0
      ],
      "mean": 152957.0,
      "std": 0.0,
      "min": 152957.0,
      "max": 152957.0,
      "count": 1,
      "ratio_to_perfect": 0.9642314553901823
    },
    "perfect_score": {
      "rewards": [
        158631.0
      ],
      "mean": 158631.0,
      "std": 0.0,
      "min": 158631.0,
      "max": 158631.0,
      "count": 1,
      "ratio_to_perfect": 1.0
    }
  },
  "errors": {}
}