{
  "instance_dir": "/shared/share_malatown/OR-Agent-GPT5mini-benchmark/examples/benchmark/real_trajectory/lead_time_stochastic/487722001",
  "instance_name": "487722001",
  "promised_lead_time": 2,
  "model": "openai/gpt-5-mini",
  "num_runs_llm": 1,
  "num_runs_deterministic": 1,
  "max_periods": null,
  "summary": {
    "perfect_score": 62035.0,
    "ratios": {
      "or": 0.17483678568550012,
      "llm": 0.2885951479003788,
      "llm_to_or": 0.267800435238172,
      "or_to_llm": 0.38036592246312567,
      "perfect_score": 1.0
    },
    "warnings": null
  },
  "results": {
    "or": {
      "rewards": [
        10846.0
      ],
      "mean": 10846.0,
      "std": 0.0,
      "min": 10846.0,
      "max": 10846.0,
      "count": 1,
      "ratio_to_perfect": 0.17483678568550012
    },
    "llm": {
      "rewards": [
        17903.0
      ],
      "mean": 17903.0,
      "std": 0.0,
      "min": 17903.0,
      "max": 17903.0,
      "count": 1,
      "ratio_to_perfect": 0.2885951479003788
    },
    "llm_to_or": {
      "rewards": [
        16613.0
      ],
      "mean": 16613.0,
      "std": 0.0,
      "min": 16613.0,
      "max": 16613.0,
      "count": 1,
      "ratio_to_perfect": 0.267800435238172
    },
    "or_to_llm": {
      "rewards": [
        23596.0
      ],
      "mean": 23596.0,
      "std": 0.0,
      "min": 23596.0,
      "max": 23596.0,
      "count": 1,
      "ratio_to_perfect": 0.38036592246312567
    },
    "perfect_score": {
      "rewards": [
        62035.0
      ],
      "mean": 62035.0,
      "std": 0.0,
      "min": 62035.0,
      "max": 62035.0,
      "count": 1,
      "ratio_to_perfect": 1.0
    }
  },
  "errors": {}
}