{
  "instance_dir": "/shared/share_malatown/OR_Agent/examples/benchmark/real_trajectory/lead_time_4/658030001",
  "instance_name": "658030001",
  "promised_lead_time": 4,
  "model": "x-ai/grok-4.1-fast",
  "num_runs_llm": 1,
  "num_runs_deterministic": 1,
  "max_periods": null,
  "summary": {
    "perfect_score": 71060.0,
    "ratios": {
      "or": 0.615676892766676,
      "llm": 0.4916267942583732,
      "llm_to_or": 0.5699971854770617,
      "or_to_llm": 0.6138052350126654,
      "perfect_score": 1.0
    },
    "warnings": null
  },
  "results": {
    "or": {
      "rewards": [
        43750.0
      ],
      "mean": 43750.0,
      "std": 0.0,
      "min": 43750.0,
      "max": 43750.0,
      "count": 1,
      "ratio_to_perfect": 0.615676892766676
    },
    "llm": {
      "rewards": [
        34935.0
      ],
      "mean": 34935.0,
      "std": 0.0,
      "min": 34935.0,
      "max": 34935.0,
      "count": 1,
      "ratio_to_perfect": 0.4916267942583732
    },
    "llm_to_or": {
      "rewards": [
        40504.0
      ],
      "mean": 40504.0,
      "std": 0.0,
      "min": 40504.0,
      "max": 40504.0,
      "count": 1,
      "ratio_to_perfect": 0.5699971854770617
    },
    "or_to_llm": {
      "rewards": [
        43617.0
      ],
      "mean": 43617.0,
      "std": 0.0,
      "min": 43617.0,
      "max": 43617.0,
      "count": 1,
      "ratio_to_perfect": 0.6138052350126654
    },
    "perfect_score": {
      "rewards": [
        71060.0
      ],
      "mean": 71060.0,
      "std": 0.0,
      "min": 71060.0,
      "max": 71060.0,
      "count": 1,
      "ratio_to_perfect": 1.0
    }
  },
  "errors": {}
}