{
  "instance_dir": "/shared/share_malatown/OR_Agent/examples/benchmark/real_trajectory/lead_time_stochastic/399087014",
  "instance_name": "399087014",
  "promised_lead_time": 2,
  "model": "x-ai/grok-4.1-fast",
  "num_runs_llm": 1,
  "num_runs_deterministic": 1,
  "max_periods": null,
  "summary": {
    "perfect_score": 15904.0,
    "ratios": {
      "or": 0.2520749496981891,
      "llm": 0.460135814889336,
      "llm_to_or": 0.30985915492957744,
      "or_to_llm": 0.37355382293762573,
      "perfect_score": 1.0
    },
    "warnings": null
  },
  "results": {
    "or": {
      "rewards": [
        4009.0
      ],
      "mean": 4009.0,
      "std": 0.0,
      "min": 4009.0,
      "max": 4009.0,
      "count": 1,
      "ratio_to_perfect": 0.2520749496981891
    },
    "llm": {
      "rewards": [
        7318.0
      ],
      "mean": 7318.0,
      "std": 0.0,
      "min": 7318.0,
      "max": 7318.0,
      "count": 1,
      "ratio_to_perfect": 0.460135814889336
    },
    "llm_to_or": {
      "rewards": [
        4928.0
      ],
      "mean": 4928.0,
      "std": 0.0,
      "min": 4928.0,
      "max": 4928.0,
      "count": 1,
      "ratio_to_perfect": 0.30985915492957744
    },
    "or_to_llm": {
      "rewards": [
        5941.0
      ],
      "mean": 5941.0,
      "std": 0.0,
      "min": 5941.0,
      "max": 5941.0,
      "count": 1,
      "ratio_to_perfect": 0.37355382293762573
    },
    "perfect_score": {
      "rewards": [
        15904.0
      ],
      "mean": 15904.0,
      "std": 0.0,
      "min": 15904.0,
      "max": 15904.0,
      "count": 1,
      "ratio_to_perfect": 1.0
    }
  },
  "errors": {}
}