{
  "instance_dir": "D:\\TextArena\\examples\\benchmark\\real_trajectory\\lead_time_stochastic\\664074001",
  "instance_name": "664074001",
  "promised_lead_time": 2,
  "model": "google/gemini-3-flash-preview",
  "num_runs_llm": 1,
  "num_runs_deterministic": 1,
  "max_periods": null,
  "summary": {
    "perfect_score": 88331.0,
    "ratios": {
      "or": 0.16221937937983266,
      "llm": 0.6739762937134188,
      "llm_to_or": 0.36315676263146573,
      "or_to_llm": 0.584279584743748,
      "perfect_score": 1.0
    },
    "warnings": null
  },
  "results": {
    "or": {
      "rewards": [
        14329.0
      ],
      "mean": 14329.0,
      "std": 0.0,
      "min": 14329.0,
      "max": 14329.0,
      "count": 1,
      "ratio_to_perfect": 0.16221937937983266
    },
    "llm": {
      "rewards": [
        59533.0
      ],
      "mean": 59533.0,
      "std": 0.0,
      "min": 59533.0,
      "max": 59533.0,
      "count": 1,
      "ratio_to_perfect": 0.6739762937134188
    },
    "llm_to_or": {
      "rewards": [
        32078.0
      ],
      "mean": 32078.0,
      "std": 0.0,
      "min": 32078.0,
      "max": 32078.0,
      "count": 1,
      "ratio_to_perfect": 0.36315676263146573
    },
    "or_to_llm": {
      "rewards": [
        51610.0
      ],
      "mean": 51610.0,
      "std": 0.0,
      "min": 51610.0,
      "max": 51610.0,
      "count": 1,
      "ratio_to_perfect": 0.584279584743748
    },
    "perfect_score": {
      "rewards": [
        88331.0
      ],
      "mean": 88331.0,
      "std": 0.0,
      "min": 88331.0,
      "max": 88331.0,
      "count": 1,
      "ratio_to_perfect": 1.0
    }
  },
  "errors": {}
}