{
  "instance_dir": "/shared/share_malatown/OR-Agent-GPT5mini-benchmark/examples/benchmark/real_trajectory/lead_time_stochastic/507909001",
  "instance_name": "507909001",
  "promised_lead_time": 2,
  "model": "openai/gpt-5-mini",
  "num_runs_llm": 1,
  "num_runs_deterministic": 1,
  "max_periods": null,
  "summary": {
    "perfect_score": 34324.0,
    "ratios": {
      "or": 0.17996154294371286,
      "llm": 0.1774560074583382,
      "llm_to_or": 0.09867731033679059,
      "or_to_llm": 0.23289826360564037,
      "perfect_score": 1.0
    },
    "warnings": null
  },
  "results": {
    "or": {
      "rewards": [
        6177.0
      ],
      "mean": 6177.0,
      "std": 0.0,
      "min": 6177.0,
      "max": 6177.0,
      "count": 1,
      "ratio_to_perfect": 0.17996154294371286
    },
    "llm": {
      "rewards": [
        6091.0
      ],
      "mean": 6091.0,
      "std": 0.0,
      "min": 6091.0,
      "max": 6091.0,
      "count": 1,
      "ratio_to_perfect": 0.1774560074583382
    },
    "llm_to_or": {
      "rewards": [
        3387.0
      ],
      "mean": 3387.0,
      "std": 0.0,
      "min": 3387.0,
      "max": 3387.0,
      "count": 1,
      "ratio_to_perfect": 0.09867731033679059
    },
    "or_to_llm": {
      "rewards": [
        7994.0
      ],
      "mean": 7994.0,
      "std": 0.0,
      "min": 7994.0,
      "max": 7994.0,
      "count": 1,
      "ratio_to_perfect": 0.23289826360564037
    },
    "perfect_score": {
      "rewards": [
        34324.0
      ],
      "mean": 34324.0,
      "std": 0.0,
      "min": 34324.0,
      "max": 34324.0,
      "count": 1,
      "ratio_to_perfect": 1.0
    }
  },
  "errors": {}
}