{
  "instance_dir": "D:\\TextArena\\examples\\benchmark\\synthetic_trajectory\\lead_time_0\\p09_temp_spike_dip\\v1_temp_surge\\r1_high",
  "instance_name": "r1_high",
  "promised_lead_time": 0,
  "model": "google/gemini-3-flash-preview",
  "num_runs_llm": 1,
  "num_runs_deterministic": 1,
  "max_periods": null,
  "summary": {
    "perfect_score": 117876.0,
    "ratios": {
      "or": 0.9233855916386712,
      "llm": 0.9582612236587601,
      "llm_to_or": 0.9624690352573891,
      "or_to_llm": 0.94491669211714,
      "perfect_score": 1.0
    },
    "warnings": null
  },
  "results": {
    "or": {
      "rewards": [
        108845.0
      ],
      "mean": 108845.0,
      "std": 0.0,
      "min": 108845.0,
      "max": 108845.0,
      "count": 1,
      "ratio_to_perfect": 0.9233855916386712
    },
    "llm": {
      "rewards": [
        112956.0
      ],
      "mean": 112956.0,
      "std": 0.0,
      "min": 112956.0,
      "max": 112956.0,
      "count": 1,
      "ratio_to_perfect": 0.9582612236587601
    },
    "llm_to_or": {
      "rewards": [
        113452.0
      ],
      "mean": 113452.0,
      "std": 0.0,
      "min": 113452.0,
      "max": 113452.0,
      "count": 1,
      "ratio_to_perfect": 0.9624690352573891
    },
    "or_to_llm": {
      "rewards": [
        111383.0
      ],
      "mean": 111383.0,
      "std": 0.0,
      "min": 111383.0,
      "max": 111383.0,
      "count": 1,
      "ratio_to_perfect": 0.94491669211714
    },
    "perfect_score": {
      "rewards": [
        117876.0
      ],
      "mean": 117876.0,
      "std": 0.0,
      "min": 117876.0,
      "max": 117876.0,
      "count": 1,
      "ratio_to_perfect": 1.0
    }
  },
  "errors": {}
}