{
  "instance_dir": "/shared/share_malatown/OR_Agent/examples/benchmark/real_trajectory/lead_time_stochastic/156231001",
  "instance_name": "156231001",
  "promised_lead_time": 2,
  "model": "x-ai/grok-4.1-fast",
  "num_runs_llm": 1,
  "num_runs_deterministic": 1,
  "max_periods": null,
  "summary": {
    "perfect_score": 10895.0,
    "ratios": {
      "or": 0.1200550711335475,
      "llm": 0.1067462138595686,
      "llm_to_or": -0.8643414410279945,
      "or_to_llm": 0.1913721890775585,
      "perfect_score": 1.0
    },
    "warnings": null
  },
  "results": {
    "or": {
      "rewards": [
        1308.0
      ],
      "mean": 1308.0,
      "std": 0.0,
      "min": 1308.0,
      "max": 1308.0,
      "count": 1,
      "ratio_to_perfect": 0.1200550711335475
    },
    "llm": {
      "rewards": [
        1163.0
      ],
      "mean": 1163.0,
      "std": 0.0,
      "min": 1163.0,
      "max": 1163.0,
      "count": 1,
      "ratio_to_perfect": 0.1067462138595686
    },
    "llm_to_or": {
      "rewards": [
        -9417.0
      ],
      "mean": -9417.0,
      "std": 0.0,
      "min": -9417.0,
      "max": -9417.0,
      "count": 1,
      "ratio_to_perfect": -0.8643414410279945
    },
    "or_to_llm": {
      "rewards": [
        2085.0
      ],
      "mean": 2085.0,
      "std": 0.0,
      "min": 2085.0,
      "max": 2085.0,
      "count": 1,
      "ratio_to_perfect": 0.1913721890775585
    },
    "perfect_score": {
      "rewards": [
        10895.0
      ],
      "mean": 10895.0,
      "std": 0.0,
      "min": 10895.0,
      "max": 10895.0,
      "count": 1,
      "ratio_to_perfect": 1.0
    }
  },
  "errors": {}
}