{
  "instance_dir": "D:\\TextArena\\examples\\benchmark\\synthetic_trajectory\\lead_time_0\\p03_mean_decrease\\v2_100to70\\r1_high",
  "instance_name": "r1_high",
  "promised_lead_time": 0,
  "model": "google/gemini-3-flash-preview",
  "num_runs_llm": 1,
  "num_runs_deterministic": 1,
  "max_periods": null,
  "summary": {
    "perfect_score": 75297.0,
    "ratios": {
      "or": 0.9649786844097374,
      "llm": 0.9570235201933676,
      "llm_to_or": 0.9598257566702525,
      "or_to_llm": 0.9648060347689815,
      "perfect_score": 1.0
    },
    "warnings": null
  },
  "results": {
    "or": {
      "rewards": [
        72660.0
      ],
      "mean": 72660.0,
      "std": 0.0,
      "min": 72660.0,
      "max": 72660.0,
      "count": 1,
      "ratio_to_perfect": 0.9649786844097374
    },
    "llm": {
      "rewards": [
        72061.0
      ],
      "mean": 72061.0,
      "std": 0.0,
      "min": 72061.0,
      "max": 72061.0,
      "count": 1,
      "ratio_to_perfect": 0.9570235201933676
    },
    "llm_to_or": {
      "rewards": [
        72272.0
      ],
      "mean": 72272.0,
      "std": 0.0,
      "min": 72272.0,
      "max": 72272.0,
      "count": 1,
      "ratio_to_perfect": 0.9598257566702525
    },
    "or_to_llm": {
      "rewards": [
        72647.0
      ],
      "mean": 72647.0,
      "std": 0.0,
      "min": 72647.0,
      "max": 72647.0,
      "count": 1,
      "ratio_to_perfect": 0.9648060347689815
    },
    "perfect_score": {
      "rewards": [
        75297.0
      ],
      "mean": 75297.0,
      "std": 0.0,
      "min": 75297.0,
      "max": 75297.0,
      "count": 1,
      "ratio_to_perfect": 1.0
    }
  },
  "errors": {}
}