{
  "instance_dir": "/shared/share_malatown/OR-Agent-GPT5mini-benchmark/examples/benchmark/real_trajectory/lead_time_stochastic/664074001",
  "instance_name": "664074001",
  "promised_lead_time": 2,
  "model": "openai/gpt-5-mini",
  "num_runs_llm": 1,
  "num_runs_deterministic": 1,
  "max_periods": null,
  "summary": {
    "perfect_score": 88331.0,
    "ratios": {
      "or": 0.16221937937983266,
      "llm": 0.5320782058393996,
      "llm_to_or": 0.08455695056095822,
      "or_to_llm": 0.17623484393927386,
      "perfect_score": 1.0
    },
    "warnings": null
  },
  "results": {
    "or": {
      "rewards": [
        14329.0
      ],
      "mean": 14329.0,
      "std": 0.0,
      "min": 14329.0,
      "max": 14329.0,
      "count": 1,
      "ratio_to_perfect": 0.16221937937983266
    },
    "llm": {
      "rewards": [
        46999.0
      ],
      "mean": 46999.0,
      "std": 0.0,
      "min": 46999.0,
      "max": 46999.0,
      "count": 1,
      "ratio_to_perfect": 0.5320782058393996
    },
    "llm_to_or": {
      "rewards": [
        7469.0
      ],
      "mean": 7469.0,
      "std": 0.0,
      "min": 7469.0,
      "max": 7469.0,
      "count": 1,
      "ratio_to_perfect": 0.08455695056095822
    },
    "or_to_llm": {
      "rewards": [
        15567.0
      ],
      "mean": 15567.0,
      "std": 0.0,
      "min": 15567.0,
      "max": 15567.0,
      "count": 1,
      "ratio_to_perfect": 0.17623484393927386
    },
    "perfect_score": {
      "rewards": [
        88331.0
      ],
      "mean": 88331.0,
      "std": 0.0,
      "min": 88331.0,
      "max": 88331.0,
      "count": 1,
      "ratio_to_perfect": 1.0
    }
  },
  "errors": {}
}