{
  "instance_dir": "/shared/share_malatown/OR_Agent/examples/benchmark/real_trajectory/lead_time_0/372860001",
  "instance_name": "372860001",
  "promised_lead_time": 0,
  "model": "x-ai/grok-4.1-fast",
  "num_runs_llm": 1,
  "num_runs_deterministic": 1,
  "max_periods": null,
  "summary": {
    "perfect_score": 14198.0,
    "ratios": {
      "or": 0.8046203690660656,
      "llm": 0.7725736019157627,
      "llm_to_or": 0.8191998873080716,
      "or_to_llm": 0.7372165093675166,
      "perfect_score": 1.0
    },
    "warnings": null
  },
  "results": {
    "or": {
      "rewards": [
        11424.0
      ],
      "mean": 11424.0,
      "std": 0.0,
      "min": 11424.0,
      "max": 11424.0,
      "count": 1,
      "ratio_to_perfect": 0.8046203690660656
    },
    "llm": {
      "rewards": [
        10969.0
      ],
      "mean": 10969.0,
      "std": 0.0,
      "min": 10969.0,
      "max": 10969.0,
      "count": 1,
      "ratio_to_perfect": 0.7725736019157627
    },
    "llm_to_or": {
      "rewards": [
        11631.0
      ],
      "mean": 11631.0,
      "std": 0.0,
      "min": 11631.0,
      "max": 11631.0,
      "count": 1,
      "ratio_to_perfect": 0.8191998873080716
    },
    "or_to_llm": {
      "rewards": [
        10467.0
      ],
      "mean": 10467.0,
      "std": 0.0,
      "min": 10467.0,
      "max": 10467.0,
      "count": 1,
      "ratio_to_perfect": 0.7372165093675166
    },
    "perfect_score": {
      "rewards": [
        14198.0
      ],
      "mean": 14198.0,
      "std": 0.0,
      "min": 14198.0,
      "max": 14198.0,
      "count": 1,
      "ratio_to_perfect": 1.0
    }
  },
  "errors": {}
}