{
  "instance_dir": "D:\\TextArena\\examples\\benchmark\\synthetic_trajectory\\lead_time_4\\p04_increasing_trend\\v2_linear_50_3t\\r2_med",
  "instance_name": "r2_med",
  "promised_lead_time": 4,
  "model": "google/gemini-3-flash-preview",
  "num_runs_llm": 1,
  "num_runs_deterministic": 1,
  "max_periods": null,
  "summary": {
    "perfect_score": 25856.0,
    "ratios": {
      "or": 0.686301051980198,
      "llm": 0.8202351485148515,
      "llm_to_or": 0.8467667079207921,
      "or_to_llm": 0.7728186881188119,
      "perfect_score": 1.0
    },
    "warnings": null
  },
  "results": {
    "or": {
      "rewards": [
        17745.0
      ],
      "mean": 17745.0,
      "std": 0.0,
      "min": 17745.0,
      "max": 17745.0,
      "count": 1,
      "ratio_to_perfect": 0.686301051980198
    },
    "llm": {
      "rewards": [
        21208.0
      ],
      "mean": 21208.0,
      "std": 0.0,
      "min": 21208.0,
      "max": 21208.0,
      "count": 1,
      "ratio_to_perfect": 0.8202351485148515
    },
    "llm_to_or": {
      "rewards": [
        21894.0
      ],
      "mean": 21894.0,
      "std": 0.0,
      "min": 21894.0,
      "max": 21894.0,
      "count": 1,
      "ratio_to_perfect": 0.8467667079207921
    },
    "or_to_llm": {
      "rewards": [
        19982.0
      ],
      "mean": 19982.0,
      "std": 0.0,
      "min": 19982.0,
      "max": 19982.0,
      "count": 1,
      "ratio_to_perfect": 0.7728186881188119
    },
    "perfect_score": {
      "rewards": [
        25856.0
      ],
      "mean": 25856.0,
      "std": 0.0,
      "min": 25856.0,
      "max": 25856.0,
      "count": 1,
      "ratio_to_perfect": 1.0
    }
  },
  "errors": {}
}