{
  "instance_dir": "D:\\TextArena\\examples\\benchmark\\real_trajectory\\lead_time_stochastic\\399256005",
  "instance_name": "399256005",
  "promised_lead_time": 2,
  "model": "google/gemini-3-flash-preview",
  "num_runs_llm": 1,
  "num_runs_deterministic": 1,
  "max_periods": null,
  "summary": {
    "perfect_score": 133266.0,
    "ratios": {
      "or": 0.3994492218570378,
      "llm": 0.6524319781489653,
      "llm_to_or": 0.4962856242402413,
      "or_to_llm": 0.5602629327810544,
      "perfect_score": 1.0
    },
    "warnings": null
  },
  "results": {
    "or": {
      "rewards": [
        53233.0
      ],
      "mean": 53233.0,
      "std": 0.0,
      "min": 53233.0,
      "max": 53233.0,
      "count": 1,
      "ratio_to_perfect": 0.3994492218570378
    },
    "llm": {
      "rewards": [
        86947.0
      ],
      "mean": 86947.0,
      "std": 0.0,
      "min": 86947.0,
      "max": 86947.0,
      "count": 1,
      "ratio_to_perfect": 0.6524319781489653
    },
    "llm_to_or": {
      "rewards": [
        66138.0
      ],
      "mean": 66138.0,
      "std": 0.0,
      "min": 66138.0,
      "max": 66138.0,
      "count": 1,
      "ratio_to_perfect": 0.4962856242402413
    },
    "or_to_llm": {
      "rewards": [
        74664.0
      ],
      "mean": 74664.0,
      "std": 0.0,
      "min": 74664.0,
      "max": 74664.0,
      "count": 1,
      "ratio_to_perfect": 0.5602629327810544
    },
    "perfect_score": {
      "rewards": [
        133266.0
      ],
      "mean": 133266.0,
      "std": 0.0,
      "min": 133266.0,
      "max": 133266.0,
      "count": 1,
      "ratio_to_perfect": 1.0
    }
  },
  "errors": {}
}