{
  "instance_dir": "/shared/share_malatown/OR-Agent-GPT5mini-benchmark/examples/benchmark/real_trajectory/lead_time_0/568808001",
  "instance_name": "568808001",
  "promised_lead_time": 0,
  "model": "openai/gpt-5-mini",
  "num_runs_llm": 1,
  "num_runs_deterministic": 1,
  "max_periods": null,
  "summary": {
    "perfect_score": 2896.0,
    "ratios": {
      "or": 0.669889502762431,
      "llm": 0.7299723756906077,
      "llm_to_or": 0.7310082872928176,
      "or_to_llm": 0.7209944751381215,
      "perfect_score": 1.0
    },
    "warnings": null
  },
  "results": {
    "or": {
      "rewards": [
        1940.0
      ],
      "mean": 1940.0,
      "std": 0.0,
      "min": 1940.0,
      "max": 1940.0,
      "count": 1,
      "ratio_to_perfect": 0.669889502762431
    },
    "llm": {
      "rewards": [
        2114.0
      ],
      "mean": 2114.0,
      "std": 0.0,
      "min": 2114.0,
      "max": 2114.0,
      "count": 1,
      "ratio_to_perfect": 0.7299723756906077
    },
    "llm_to_or": {
      "rewards": [
        2117.0
      ],
      "mean": 2117.0,
      "std": 0.0,
      "min": 2117.0,
      "max": 2117.0,
      "count": 1,
      "ratio_to_perfect": 0.7310082872928176
    },
    "or_to_llm": {
      "rewards": [
        2088.0
      ],
      "mean": 2088.0,
      "std": 0.0,
      "min": 2088.0,
      "max": 2088.0,
      "count": 1,
      "ratio_to_perfect": 0.7209944751381215
    },
    "perfect_score": {
      "rewards": [
        2896.0
      ],
      "mean": 2896.0,
      "std": 0.0,
      "min": 2896.0,
      "max": 2896.0,
      "count": 1,
      "ratio_to_perfect": 1.0
    }
  },
  "errors": {}
}