{
  "instance_dir": "D:\\TextArena\\examples\\benchmark\\synthetic_trajectory\\lead_time_0\\p01_stationary_iid\\v2_normal_100_40\\r2_high",
  "instance_name": "r2_high",
  "promised_lead_time": 0,
  "model": "google/gemini-3-flash-preview",
  "num_runs_llm": 1,
  "num_runs_deterministic": 1,
  "max_periods": null,
  "summary": {
    "perfect_score": 92929.0,
    "ratios": {
      "or": 0.9557834475782586,
      "llm": 0.9504998439668995,
      "llm_to_or": 0.9531793089347782,
      "or_to_llm": 0.9569133424442317,
      "perfect_score": 1.0
    },
    "warnings": null
  },
  "results": {
    "or": {
      "rewards": [
        88820.0
      ],
      "mean": 88820.0,
      "std": 0.0,
      "min": 88820.0,
      "max": 88820.0,
      "count": 1,
      "ratio_to_perfect": 0.9557834475782586
    },
    "llm": {
      "rewards": [
        88329.0
      ],
      "mean": 88329.0,
      "std": 0.0,
      "min": 88329.0,
      "max": 88329.0,
      "count": 1,
      "ratio_to_perfect": 0.9504998439668995
    },
    "llm_to_or": {
      "rewards": [
        88578.0
      ],
      "mean": 88578.0,
      "std": 0.0,
      "min": 88578.0,
      "max": 88578.0,
      "count": 1,
      "ratio_to_perfect": 0.9531793089347782
    },
    "or_to_llm": {
      "rewards": [
        88925.0
      ],
      "mean": 88925.0,
      "std": 0.0,
      "min": 88925.0,
      "max": 88925.0,
      "count": 1,
      "ratio_to_perfect": 0.9569133424442317
    },
    "perfect_score": {
      "rewards": [
        92929.0
      ],
      "mean": 92929.0,
      "std": 0.0,
      "min": 92929.0,
      "max": 92929.0,
      "count": 1,
      "ratio_to_perfect": 1.0
    }
  },
  "errors": {}
}