{
  "instance_dir": "/shared/share_malatown/OR_Agent/examples/benchmark/real_trajectory/lead_time_4/689389004",
  "instance_name": "689389004",
  "promised_lead_time": 4,
  "model": "x-ai/grok-4.1-fast",
  "num_runs_llm": 1,
  "num_runs_deterministic": 1,
  "max_periods": null,
  "summary": {
    "perfect_score": 2211.0,
    "ratios": {
      "or": -1.845771144278607,
      "llm": -4.846675712347354,
      "llm_to_or": -1.4938941655359566,
      "or_to_llm": -1.8525554047942108,
      "perfect_score": 1.0
    },
    "warnings": null
  },
  "results": {
    "or": {
      "rewards": [
        -4081.0
      ],
      "mean": -4081.0,
      "std": 0.0,
      "min": -4081.0,
      "max": -4081.0,
      "count": 1,
      "ratio_to_perfect": -1.845771144278607
    },
    "llm": {
      "rewards": [
        -10716.0
      ],
      "mean": -10716.0,
      "std": 0.0,
      "min": -10716.0,
      "max": -10716.0,
      "count": 1,
      "ratio_to_perfect": -4.846675712347354
    },
    "llm_to_or": {
      "rewards": [
        -3303.0
      ],
      "mean": -3303.0,
      "std": 0.0,
      "min": -3303.0,
      "max": -3303.0,
      "count": 1,
      "ratio_to_perfect": -1.4938941655359566
    },
    "or_to_llm": {
      "rewards": [
        -4096.0
      ],
      "mean": -4096.0,
      "std": 0.0,
      "min": -4096.0,
      "max": -4096.0,
      "count": 1,
      "ratio_to_perfect": -1.8525554047942108
    },
    "perfect_score": {
      "rewards": [
        2211.0
      ],
      "mean": 2211.0,
      "std": 0.0,
      "min": 2211.0,
      "max": 2211.0,
      "count": 1,
      "ratio_to_perfect": 1.0
    }
  },
  "errors": {}
}