{
  "instance_dir": "/shared/share_malatown/OR_Agent/examples/benchmark/synthetic_trajectory/lead_time_stochastic/p01_stationary_iid/v4_uniform_50_150/r2_high",
  "instance_name": "r2_high",
  "promised_lead_time": 2,
  "model": "x-ai/grok-4.1-fast",
  "num_runs_llm": 1,
  "num_runs_deterministic": 1,
  "max_periods": null,
  "summary": {
    "perfect_score": 86659.0,
    "ratios": {
      "or": 0.15297891736576696,
      "llm": 0.7376383295445367,
      "llm_to_or": 0.4581405278159222,
      "or_to_llm": 0.6874300418883209,
      "perfect_score": 1.0
    },
    "warnings": null
  },
  "results": {
    "or": {
      "rewards": [
        13257.0
      ],
      "mean": 13257.0,
      "std": 0.0,
      "min": 13257.0,
      "max": 13257.0,
      "count": 1,
      "ratio_to_perfect": 0.15297891736576696
    },
    "llm": {
      "rewards": [
        63923.0
      ],
      "mean": 63923.0,
      "std": 0.0,
      "min": 63923.0,
      "max": 63923.0,
      "count": 1,
      "ratio_to_perfect": 0.7376383295445367
    },
    "llm_to_or": {
      "rewards": [
        39702.0
      ],
      "mean": 39702.0,
      "std": 0.0,
      "min": 39702.0,
      "max": 39702.0,
      "count": 1,
      "ratio_to_perfect": 0.4581405278159222
    },
    "or_to_llm": {
      "rewards": [
        59572.0
      ],
      "mean": 59572.0,
      "std": 0.0,
      "min": 59572.0,
      "max": 59572.0,
      "count": 1,
      "ratio_to_perfect": 0.6874300418883209
    },
    "perfect_score": {
      "rewards": [
        86659.0
      ],
      "mean": 86659.0,
      "std": 0.0,
      "min": 86659.0,
      "max": 86659.0,
      "count": 1,
      "ratio_to_perfect": 1.0
    }
  },
  "errors": {}
}