{
  "instance_dir": "/shared/share_malatown/OR_Agent/examples/benchmark/synthetic_trajectory/lead_time_4/p04_increasing_trend/v1_linear_100t/r1_med",
  "instance_name": "r1_med",
  "promised_lead_time": 4,
  "model": "x-ai/grok-4.1-fast",
  "num_runs_llm": 1,
  "num_runs_deterministic": 1,
  "max_periods": null,
  "summary": {
    "perfect_score": 504124.0,
    "ratios": {
      "or": 0.5162856757464434,
      "llm": 0.544647745395974,
      "llm_to_or": 0.7356602740595568,
      "or_to_llm": 0.8512925391371964,
      "perfect_score": 1.0
    },
    "warnings": null
  },
  "results": {
    "or": {
      "rewards": [
        260272.0
      ],
      "mean": 260272.0,
      "std": 0.0,
      "min": 260272.0,
      "max": 260272.0,
      "count": 1,
      "ratio_to_perfect": 0.5162856757464434
    },
    "llm": {
      "rewards": [
        274570.0
      ],
      "mean": 274570.0,
      "std": 0.0,
      "min": 274570.0,
      "max": 274570.0,
      "count": 1,
      "ratio_to_perfect": 0.544647745395974
    },
    "llm_to_or": {
      "rewards": [
        370864.0
      ],
      "mean": 370864.0,
      "std": 0.0,
      "min": 370864.0,
      "max": 370864.0,
      "count": 1,
      "ratio_to_perfect": 0.7356602740595568
    },
    "or_to_llm": {
      "rewards": [
        429157.0
      ],
      "mean": 429157.0,
      "std": 0.0,
      "min": 429157.0,
      "max": 429157.0,
      "count": 1,
      "ratio_to_perfect": 0.8512925391371964
    },
    "perfect_score": {
      "rewards": [
        504124.0
      ],
      "mean": 504124.0,
      "std": 0.0,
      "min": 504124.0,
      "max": 504124.0,
      "count": 1,
      "ratio_to_perfect": 1.0
    }
  },
  "errors": {}
}