{
  "instance_dir": "/shared/share_malatown/OR_Agent/examples/benchmark/real_trajectory/lead_time_4/685816002",
  "instance_name": "685816002",
  "promised_lead_time": 4,
  "model": "x-ai/grok-4.1-fast",
  "num_runs_llm": 1,
  "num_runs_deterministic": 1,
  "max_periods": null,
  "summary": {
    "perfect_score": 87780.0,
    "ratios": {
      "or": 0.7797676008202324,
      "llm": 0.5867281840966051,
      "llm_to_or": 0.7657552973342447,
      "or_to_llm": 0.7644679881521986,
      "perfect_score": 1.0
    },
    "warnings": null
  },
  "results": {
    "or": {
      "rewards": [
        68448.0
      ],
      "mean": 68448.0,
      "std": 0.0,
      "min": 68448.0,
      "max": 68448.0,
      "count": 1,
      "ratio_to_perfect": 0.7797676008202324
    },
    "llm": {
      "rewards": [
        51503.0
      ],
      "mean": 51503.0,
      "std": 0.0,
      "min": 51503.0,
      "max": 51503.0,
      "count": 1,
      "ratio_to_perfect": 0.5867281840966051
    },
    "llm_to_or": {
      "rewards": [
        67218.0
      ],
      "mean": 67218.0,
      "std": 0.0,
      "min": 67218.0,
      "max": 67218.0,
      "count": 1,
      "ratio_to_perfect": 0.7657552973342447
    },
    "or_to_llm": {
      "rewards": [
        67105.0
      ],
      "mean": 67105.0,
      "std": 0.0,
      "min": 67105.0,
      "max": 67105.0,
      "count": 1,
      "ratio_to_perfect": 0.7644679881521986
    },
    "perfect_score": {
      "rewards": [
        87780.0
      ],
      "mean": 87780.0,
      "std": 0.0,
      "min": 87780.0,
      "max": 87780.0,
      "count": 1,
      "ratio_to_perfect": 1.0
    }
  },
  "errors": {}
}