{
  "instance_dir": "/shared/share_malatown/OR-Agent-GPT5mini-benchmark/examples/benchmark/real_trajectory/lead_time_stochastic/573716012",
  "instance_name": "573716012",
  "promised_lead_time": 2,
  "model": "openai/gpt-5-mini",
  "num_runs_llm": 1,
  "num_runs_deterministic": 1,
  "max_periods": null,
  "summary": {
    "perfect_score": 10164.0,
    "ratios": {
      "or": 0.18083431719795356,
      "llm": 0.1226879181424636,
      "llm_to_or": 0.2265840220385675,
      "or_to_llm": 0.20611963793781976,
      "perfect_score": 1.0
    },
    "warnings": null
  },
  "results": {
    "or": {
      "rewards": [
        1838.0
      ],
      "mean": 1838.0,
      "std": 0.0,
      "min": 1838.0,
      "max": 1838.0,
      "count": 1,
      "ratio_to_perfect": 0.18083431719795356
    },
    "llm": {
      "rewards": [
        1247.0
      ],
      "mean": 1247.0,
      "std": 0.0,
      "min": 1247.0,
      "max": 1247.0,
      "count": 1,
      "ratio_to_perfect": 0.1226879181424636
    },
    "llm_to_or": {
      "rewards": [
        2303.0
      ],
      "mean": 2303.0,
      "std": 0.0,
      "min": 2303.0,
      "max": 2303.0,
      "count": 1,
      "ratio_to_perfect": 0.2265840220385675
    },
    "or_to_llm": {
      "rewards": [
        2095.0
      ],
      "mean": 2095.0,
      "std": 0.0,
      "min": 2095.0,
      "max": 2095.0,
      "count": 1,
      "ratio_to_perfect": 0.20611963793781976
    },
    "perfect_score": {
      "rewards": [
        10164.0
      ],
      "mean": 10164.0,
      "std": 0.0,
      "min": 10164.0,
      "max": 10164.0,
      "count": 1,
      "ratio_to_perfect": 1.0
    }
  },
  "errors": {}
}