{
  "instance_dir": "D:\\TextArena\\examples\\benchmark\\synthetic_trajectory\\lead_time_4\\p01_stationary_iid\\v1_normal_100_25\\r2_med",
  "instance_name": "r2_med",
  "promised_lead_time": 4,
  "model": "google/gemini-3-flash-preview",
  "num_runs_llm": 1,
  "num_runs_deterministic": 1,
  "max_periods": null,
  "summary": {
    "perfect_score": 18892.0,
    "ratios": {
      "or": 0.765085750582257,
      "llm": 0.6249735337709084,
      "llm_to_or": 0.7419542663561296,
      "or_to_llm": 0.7538640694473852,
      "perfect_score": 1.0
    },
    "warnings": null
  },
  "results": {
    "or": {
      "rewards": [
        14454.0
      ],
      "mean": 14454.0,
      "std": 0.0,
      "min": 14454.0,
      "max": 14454.0,
      "count": 1,
      "ratio_to_perfect": 0.765085750582257
    },
    "llm": {
      "rewards": [
        11807.0
      ],
      "mean": 11807.0,
      "std": 0.0,
      "min": 11807.0,
      "max": 11807.0,
      "count": 1,
      "ratio_to_perfect": 0.6249735337709084
    },
    "llm_to_or": {
      "rewards": [
        14017.0
      ],
      "mean": 14017.0,
      "std": 0.0,
      "min": 14017.0,
      "max": 14017.0,
      "count": 1,
      "ratio_to_perfect": 0.7419542663561296
    },
    "or_to_llm": {
      "rewards": [
        14242.0
      ],
      "mean": 14242.0,
      "std": 0.0,
      "min": 14242.0,
      "max": 14242.0,
      "count": 1,
      "ratio_to_perfect": 0.7538640694473852
    },
    "perfect_score": {
      "rewards": [
        18892.0
      ],
      "mean": 18892.0,
      "std": 0.0,
      "min": 18892.0,
      "max": 18892.0,
      "count": 1,
      "ratio_to_perfect": 1.0
    }
  },
  "errors": {}
}