{
  "instance_dir": "/shared/share_malatown/OR-Agent-GPT5mini-benchmark/examples/benchmark/real_trajectory/lead_time_4/399223034",
  "instance_name": "399223034",
  "promised_lead_time": 4,
  "model": "openai/gpt-5-mini",
  "num_runs_llm": 1,
  "num_runs_deterministic": 1,
  "max_periods": null,
  "summary": {
    "perfect_score": 11688.0,
    "ratios": {
      "or": 0.3905715263518138,
      "llm": 0.3710643394934976,
      "llm_to_or": 0.4759582477754962,
      "or_to_llm": 0.25051334702258726,
      "perfect_score": 1.0
    },
    "warnings": null
  },
  "results": {
    "or": {
      "rewards": [
        4565.0
      ],
      "mean": 4565.0,
      "std": 0.0,
      "min": 4565.0,
      "max": 4565.0,
      "count": 1,
      "ratio_to_perfect": 0.3905715263518138
    },
    "llm": {
      "rewards": [
        4337.0
      ],
      "mean": 4337.0,
      "std": 0.0,
      "min": 4337.0,
      "max": 4337.0,
      "count": 1,
      "ratio_to_perfect": 0.3710643394934976
    },
    "llm_to_or": {
      "rewards": [
        5563.0
      ],
      "mean": 5563.0,
      "std": 0.0,
      "min": 5563.0,
      "max": 5563.0,
      "count": 1,
      "ratio_to_perfect": 0.4759582477754962
    },
    "or_to_llm": {
      "rewards": [
        2928.0
      ],
      "mean": 2928.0,
      "std": 0.0,
      "min": 2928.0,
      "max": 2928.0,
      "count": 1,
      "ratio_to_perfect": 0.25051334702258726
    },
    "perfect_score": {
      "rewards": [
        11688.0
      ],
      "mean": 11688.0,
      "std": 0.0,
      "min": 11688.0,
      "max": 11688.0,
      "count": 1,
      "ratio_to_perfect": 1.0
    }
  },
  "errors": {}
}