{
  "instance_dir": "/shared/share_malatown/OR_Agent/examples/benchmark/synthetic_trajectory/lead_time_stochastic/p09_temp_spike_dip/v3_surge_new_normal/r2_high",
  "instance_name": "r2_high",
  "promised_lead_time": 2,
  "model": "x-ai/grok-4.1-fast",
  "num_runs_llm": 1,
  "num_runs_deterministic": 1,
  "max_periods": null,
  "summary": {
    "perfect_score": 132449.0,
    "ratios": {
      "or": 0.10375314271908433,
      "llm": 0.608573866167355,
      "llm_to_or": 0.460464027663478,
      "or_to_llm": 0.5473276506428889,
      "perfect_score": 1.0
    },
    "warnings": null
  },
  "results": {
    "or": {
      "rewards": [
        13742.0
      ],
      "mean": 13742.0,
      "std": 0.0,
      "min": 13742.0,
      "max": 13742.0,
      "count": 1,
      "ratio_to_perfect": 0.10375314271908433
    },
    "llm": {
      "rewards": [
        80605.0
      ],
      "mean": 80605.0,
      "std": 0.0,
      "min": 80605.0,
      "max": 80605.0,
      "count": 1,
      "ratio_to_perfect": 0.608573866167355
    },
    "llm_to_or": {
      "rewards": [
        60988.0
      ],
      "mean": 60988.0,
      "std": 0.0,
      "min": 60988.0,
      "max": 60988.0,
      "count": 1,
      "ratio_to_perfect": 0.460464027663478
    },
    "or_to_llm": {
      "rewards": [
        72493.0
      ],
      "mean": 72493.0,
      "std": 0.0,
      "min": 72493.0,
      "max": 72493.0,
      "count": 1,
      "ratio_to_perfect": 0.5473276506428889
    },
    "perfect_score": {
      "rewards": [
        132449.0
      ],
      "mean": 132449.0,
      "std": 0.0,
      "min": 132449.0,
      "max": 132449.0,
      "count": 1,
      "ratio_to_perfect": 1.0
    }
  },
  "errors": {}
}