{
  "overall_score": 0.45925251272733786,
  "total_instances": 1320,
  "batches": {
    "real_trajectory/lead_time_0": {
      "num_instances": 200,
      "score": 0.7067897163965347,
      "normalized_reward_stats": {
        "mean": 0.7067897163965347,
        "median": 0.7514603510436639,
        "std": 0.20400053939824633,
        "min": 0.0,
        "max": 0.9521763723536066
      },
      "service_level_mean": 0.9172501321693168
    },
    "real_trajectory/lead_time_4": {
      "num_instances": 200,
      "score": 0.15553583113354788,
      "normalized_reward_stats": {
        "mean": 0.15553583113354788,
        "median": 0.0,
        "std": 0.23493009831230927,
        "min": 0.0,
        "max": 0.7640030842001468
      },
      "service_level_mean": 0.8322085014407706
    },
    "real_trajectory/lead_time_stochastic": {
      "num_instances": 200,
      "score": 0.3072896537027299,
      "normalized_reward_stats": {
        "mean": 0.3072896537027299,
        "median": 0.3000885496452099,
        "std": 0.276710085304601,
        "min": 0.0,
        "max": 0.7667137225655232
      },
      "service_level_mean": 0.7115371552725993
    },
    "synthetic_trajectory/lead_time_0": {
      "num_instances": 240,
      "score": 0.8386965689967596,
      "normalized_reward_stats": {
        "mean": 0.8386965689967596,
        "median": 0.8812255353747114,
        "std": 0.13382445374030255,
        "min": 0.32447397563676633,
        "max": 0.9893242639968696
      },
      "service_level_mean": 0.9563343122202774
    },
    "synthetic_trajectory/lead_time_4": {
      "num_instances": 240,
      "score": 0.3166323422211411,
      "normalized_reward_stats": {
        "mean": 0.3166323422211411,
        "median": 0.2512630698010648,
        "std": 0.314616213290146,
        "min": 0.0,
        "max": 0.9314834202565723
      },
      "service_level_mean": 0.8901909113990337
    },
    "synthetic_trajectory/lead_time_stochastic": {
      "num_instances": 240,
      "score": 0.39588057442178065,
      "normalized_reward_stats": {
        "mean": 0.39588057442178065,
        "median": 0.47023177372196556,
        "std": 0.2648952238638198,
        "min": 0.0,
        "max": 0.7943189166755142
      },
      "service_level_mean": 0.7154755829445724
    }
  },
  "overall_stats": {
    "mean": 0.45925251272733786,
    "median": 0.5199361106132891,
    "std": 0.34299558320684925,
    "min": 0.0,
    "max": 0.9893242639968696
  }
}