{
  "instance_dir": "D:\\TextArena\\examples\\benchmark\\synthetic_trajectory\\lead_time_0\\p01_stationary_iid\\v4_uniform_50_150\\r1_med",
  "instance_name": "r1_med",
  "promised_lead_time": 0,
  "model": "openai/gpt-5-mini",
  "num_runs_llm": 1,
  "num_runs_deterministic": 1,
  "max_periods": null,
  "summary": {
    "perfect_score": 21812.0,
    "ratios": {
      "or": 0.9189437007152026,
      "llm": 0.879607555474051,
      "llm_to_or": 0.9188978543920777,
      "or_to_llm": 0.9028057949752429,
      "perfect_score": 1.0
    },
    "warnings": null
  },
  "results": {
    "or": {
      "rewards": [
        20044.0
      ],
      "mean": 20044.0,
      "std": 0.0,
      "min": 20044.0,
      "max": 20044.0,
      "count": 1,
      "ratio_to_perfect": 0.9189437007152026
    },
    "llm": {
      "rewards": [
        19186.0
      ],
      "mean": 19186.0,
      "std": 0.0,
      "min": 19186.0,
      "max": 19186.0,
      "count": 1,
      "ratio_to_perfect": 0.879607555474051
    },
    "llm_to_or": {
      "rewards": [
        20043.0
      ],
      "mean": 20043.0,
      "std": 0.0,
      "min": 20043.0,
      "max": 20043.0,
      "count": 1,
      "ratio_to_perfect": 0.9188978543920777
    },
    "or_to_llm": {
      "rewards": [
        19692.0
      ],
      "mean": 19692.0,
      "std": 0.0,
      "min": 19692.0,
      "max": 19692.0,
      "count": 1,
      "ratio_to_perfect": 0.9028057949752429
    },
    "perfect_score": {
      "rewards": [
        21812.0
      ],
      "mean": 21812.0,
      "std": 0.0,
      "min": 21812.0,
      "max": 21812.0,
      "count": 1,
      "ratio_to_perfect": 1.0
    }
  },
  "errors": {}
}