{
  "instance_dir": "/shared/share_malatown/OR_Agent/examples/benchmark/synthetic_trajectory/lead_time_0/p04_increasing_trend/v3_exp_1_05/r1_high",
  "instance_name": "r1_high",
  "promised_lead_time": 0,
  "model": "x-ai/grok-4.1-fast",
  "num_runs_llm": 1,
  "num_runs_deterministic": 1,
  "max_periods": null,
  "summary": {
    "perfect_score": 414542.0,
    "ratios": {
      "or": 0.8317926772196785,
      "llm": 0.9819632268865398,
      "llm_to_or": 0.9648913740947841,
      "or_to_llm": 0.9692745246561265,
      "perfect_score": 1.0
    },
    "warnings": null
  },
  "results": {
    "or": {
      "rewards": [
        344813.0
      ],
      "mean": 344813.0,
      "std": 0.0,
      "min": 344813.0,
      "max": 344813.0,
      "count": 1,
      "ratio_to_perfect": 0.8317926772196785
    },
    "llm": {
      "rewards": [
        407065.0
      ],
      "mean": 407065.0,
      "std": 0.0,
      "min": 407065.0,
      "max": 407065.0,
      "count": 1,
      "ratio_to_perfect": 0.9819632268865398
    },
    "llm_to_or": {
      "rewards": [
        399988.0
      ],
      "mean": 399988.0,
      "std": 0.0,
      "min": 399988.0,
      "max": 399988.0,
      "count": 1,
      "ratio_to_perfect": 0.9648913740947841
    },
    "or_to_llm": {
      "rewards": [
        401805.0
      ],
      "mean": 401805.0,
      "std": 0.0,
      "min": 401805.0,
      "max": 401805.0,
      "count": 1,
      "ratio_to_perfect": 0.9692745246561265
    },
    "perfect_score": {
      "rewards": [
        414542.0
      ],
      "mean": 414542.0,
      "std": 0.0,
      "min": 414542.0,
      "max": 414542.0,
      "count": 1,
      "ratio_to_perfect": 1.0
    }
  },
  "errors": {}
}