{
  "instance_dir": "D:\\TextArena\\examples\\benchmark\\synthetic_trajectory\\lead_time_0\\p10_autocorrelated\\v3_phi_0_3\\r2_high",
  "instance_name": "r2_high",
  "promised_lead_time": 0,
  "model": "google/gemini-3-flash-preview",
  "num_runs_llm": 1,
  "num_runs_deterministic": 1,
  "max_periods": null,
  "summary": {
    "perfect_score": 100738.0,
    "ratios": {
      "or": 0.9637475431316881,
      "llm": 0.9569080188211003,
      "llm_to_or": 0.9509122674661001,
      "or_to_llm": 0.9611963707836169,
      "perfect_score": 1.0
    },
    "warnings": null
  },
  "results": {
    "or": {
      "rewards": [
        97086.0
      ],
      "mean": 97086.0,
      "std": 0.0,
      "min": 97086.0,
      "max": 97086.0,
      "count": 1,
      "ratio_to_perfect": 0.9637475431316881
    },
    "llm": {
      "rewards": [
        96397.0
      ],
      "mean": 96397.0,
      "std": 0.0,
      "min": 96397.0,
      "max": 96397.0,
      "count": 1,
      "ratio_to_perfect": 0.9569080188211003
    },
    "llm_to_or": {
      "rewards": [
        95793.0
      ],
      "mean": 95793.0,
      "std": 0.0,
      "min": 95793.0,
      "max": 95793.0,
      "count": 1,
      "ratio_to_perfect": 0.9509122674661001
    },
    "or_to_llm": {
      "rewards": [
        96829.0
      ],
      "mean": 96829.0,
      "std": 0.0,
      "min": 96829.0,
      "max": 96829.0,
      "count": 1,
      "ratio_to_perfect": 0.9611963707836169
    },
    "perfect_score": {
      "rewards": [
        100738.0
      ],
      "mean": 100738.0,
      "std": 0.0,
      "min": 100738.0,
      "max": 100738.0,
      "count": 1,
      "ratio_to_perfect": 1.0
    }
  },
  "errors": {}
}