{
  "instance_dir": "/shared/share_malatown/OR_Agent/examples/benchmark/real_trajectory/lead_time_4/618800001",
  "instance_name": "618800001",
  "promised_lead_time": 4,
  "model": "x-ai/grok-4.1-fast",
  "num_runs_llm": 1,
  "num_runs_deterministic": 1,
  "max_periods": null,
  "summary": {
    "perfect_score": 24156.0,
    "ratios": {
      "or": -0.13876469614174533,
      "llm": -1.3566401722139427,
      "llm_to_or": -0.25442954131478723,
      "or_to_llm": -0.21605398244742507,
      "perfect_score": 1.0
    },
    "warnings": null
  },
  "results": {
    "or": {
      "rewards": [
        -3352.0
      ],
      "mean": -3352.0,
      "std": 0.0,
      "min": -3352.0,
      "max": -3352.0,
      "count": 1,
      "ratio_to_perfect": -0.13876469614174533
    },
    "llm": {
      "rewards": [
        -32771.0
      ],
      "mean": -32771.0,
      "std": 0.0,
      "min": -32771.0,
      "max": -32771.0,
      "count": 1,
      "ratio_to_perfect": -1.3566401722139427
    },
    "llm_to_or": {
      "rewards": [
        -6146.0
      ],
      "mean": -6146.0,
      "std": 0.0,
      "min": -6146.0,
      "max": -6146.0,
      "count": 1,
      "ratio_to_perfect": -0.25442954131478723
    },
    "or_to_llm": {
      "rewards": [
        -5219.0
      ],
      "mean": -5219.0,
      "std": 0.0,
      "min": -5219.0,
      "max": -5219.0,
      "count": 1,
      "ratio_to_perfect": -0.21605398244742507
    },
    "perfect_score": {
      "rewards": [
        24156.0
      ],
      "mean": 24156.0,
      "std": 0.0,
      "min": 24156.0,
      "max": 24156.0,
      "count": 1,
      "ratio_to_perfect": 1.0
    }
  },
  "errors": {}
}