{
  "instance_dir": "/shared/share_malatown/OR-Agent-GPT5mini-benchmark/examples/benchmark/real_trajectory/lead_time_0/448509014",
  "instance_name": "448509014",
  "promised_lead_time": 0,
  "model": "openai/gpt-5-mini",
  "num_runs_llm": 1,
  "num_runs_deterministic": 1,
  "max_periods": null,
  "summary": {
    "perfect_score": 36112.0,
    "ratios": {
      "or": 0.761990474080638,
      "llm": 0.7923958794860434,
      "llm_to_or": 0.7754209127159947,
      "or_to_llm": 0.8034448382809039,
      "perfect_score": 1.0
    },
    "warnings": null
  },
  "results": {
    "or": {
      "rewards": [
        27517.0
      ],
      "mean": 27517.0,
      "std": 0.0,
      "min": 27517.0,
      "max": 27517.0,
      "count": 1,
      "ratio_to_perfect": 0.761990474080638
    },
    "llm": {
      "rewards": [
        28615.0
      ],
      "mean": 28615.0,
      "std": 0.0,
      "min": 28615.0,
      "max": 28615.0,
      "count": 1,
      "ratio_to_perfect": 0.7923958794860434
    },
    "llm_to_or": {
      "rewards": [
        28002.0
      ],
      "mean": 28002.0,
      "std": 0.0,
      "min": 28002.0,
      "max": 28002.0,
      "count": 1,
      "ratio_to_perfect": 0.7754209127159947
    },
    "or_to_llm": {
      "rewards": [
        29014.0
      ],
      "mean": 29014.0,
      "std": 0.0,
      "min": 29014.0,
      "max": 29014.0,
      "count": 1,
      "ratio_to_perfect": 0.8034448382809039
    },
    "perfect_score": {
      "rewards": [
        36112.0
      ],
      "mean": 36112.0,
      "std": 0.0,
      "min": 36112.0,
      "max": 36112.0,
      "count": 1,
      "ratio_to_perfect": 1.0
    }
  },
  "errors": {}
}