{
  "instance_dir": "/shared/share_malatown/OR_Agent/examples/benchmark/real_trajectory/lead_time_stochastic/554772002",
  "instance_name": "554772002",
  "promised_lead_time": 2,
  "model": "x-ai/grok-4.1-fast",
  "num_runs_llm": 1,
  "num_runs_deterministic": 1,
  "max_periods": null,
  "summary": {
    "perfect_score": 12920.0,
    "ratios": {
      "or": 0.1571981424148607,
      "llm": 0.3778637770897833,
      "llm_to_or": 0.18521671826625388,
      "or_to_llm": 0.4304953560371517,
      "perfect_score": 1.0
    },
    "warnings": null
  },
  "results": {
    "or": {
      "rewards": [
        2031.0
      ],
      "mean": 2031.0,
      "std": 0.0,
      "min": 2031.0,
      "max": 2031.0,
      "count": 1,
      "ratio_to_perfect": 0.1571981424148607
    },
    "llm": {
      "rewards": [
        4882.0
      ],
      "mean": 4882.0,
      "std": 0.0,
      "min": 4882.0,
      "max": 4882.0,
      "count": 1,
      "ratio_to_perfect": 0.3778637770897833
    },
    "llm_to_or": {
      "rewards": [
        2393.0
      ],
      "mean": 2393.0,
      "std": 0.0,
      "min": 2393.0,
      "max": 2393.0,
      "count": 1,
      "ratio_to_perfect": 0.18521671826625388
    },
    "or_to_llm": {
      "rewards": [
        5562.0
      ],
      "mean": 5562.0,
      "std": 0.0,
      "min": 5562.0,
      "max": 5562.0,
      "count": 1,
      "ratio_to_perfect": 0.4304953560371517
    },
    "perfect_score": {
      "rewards": [
        12920.0
      ],
      "mean": 12920.0,
      "std": 0.0,
      "min": 12920.0,
      "max": 12920.0,
      "count": 1,
      "ratio_to_perfect": 1.0
    }
  },
  "errors": {}
}