{
  "instance_dir": "D:\\TextArena\\examples\\benchmark\\real_trajectory\\lead_time_4\\621381012",
  "instance_name": "621381012",
  "promised_lead_time": 4,
  "model": "google/gemini-3-flash-preview",
  "num_runs_llm": 1,
  "num_runs_deterministic": 1,
  "max_periods": null,
  "summary": {
    "perfect_score": 14520.0,
    "ratios": {
      "or": 0.42796143250688706,
      "llm": 0.03360881542699724,
      "llm_to_or": 0.3497245179063361,
      "or_to_llm": 0.36074380165289255,
      "perfect_score": 1.0
    },
    "warnings": null
  },
  "results": {
    "or": {
      "rewards": [
        6214.0
      ],
      "mean": 6214.0,
      "std": 0.0,
      "min": 6214.0,
      "max": 6214.0,
      "count": 1,
      "ratio_to_perfect": 0.42796143250688706
    },
    "llm": {
      "rewards": [
        488.0
      ],
      "mean": 488.0,
      "std": 0.0,
      "min": 488.0,
      "max": 488.0,
      "count": 1,
      "ratio_to_perfect": 0.03360881542699724
    },
    "llm_to_or": {
      "rewards": [
        5078.0
      ],
      "mean": 5078.0,
      "std": 0.0,
      "min": 5078.0,
      "max": 5078.0,
      "count": 1,
      "ratio_to_perfect": 0.3497245179063361
    },
    "or_to_llm": {
      "rewards": [
        5238.0
      ],
      "mean": 5238.0,
      "std": 0.0,
      "min": 5238.0,
      "max": 5238.0,
      "count": 1,
      "ratio_to_perfect": 0.36074380165289255
    },
    "perfect_score": {
      "rewards": [
        14520.0
      ],
      "mean": 14520.0,
      "std": 0.0,
      "min": 14520.0,
      "max": 14520.0,
      "count": 1,
      "ratio_to_perfect": 1.0
    }
  },
  "errors": {}
}