{
  "instance_dir": "D:\\TextArena\\examples\\benchmark\\synthetic_trajectory\\lead_time_0\\p04_increasing_trend\\v1_linear_100t\\r1_med",
  "instance_name": "r1_med",
  "promised_lead_time": 0,
  "model": "openai/gpt-5-mini",
  "num_runs_llm": 1,
  "num_runs_deterministic": 1,
  "max_periods": null,
  "summary": {
    "perfect_score": 504124.0,
    "ratios": {
      "or": 0.6976339154652427,
      "llm": 0.9483956328204965,
      "llm_to_or": 0.891090287310265,
      "or_to_llm": 0.9137791495743111,
      "perfect_score": 1.0
    },
    "warnings": null
  },
  "results": {
    "or": {
      "rewards": [
        351694.0
      ],
      "mean": 351694.0,
      "std": 0.0,
      "min": 351694.0,
      "max": 351694.0,
      "count": 1,
      "ratio_to_perfect": 0.6976339154652427
    },
    "llm": {
      "rewards": [
        478109.0
      ],
      "mean": 478109.0,
      "std": 0.0,
      "min": 478109.0,
      "max": 478109.0,
      "count": 1,
      "ratio_to_perfect": 0.9483956328204965
    },
    "llm_to_or": {
      "rewards": [
        449220.0
      ],
      "mean": 449220.0,
      "std": 0.0,
      "min": 449220.0,
      "max": 449220.0,
      "count": 1,
      "ratio_to_perfect": 0.891090287310265
    },
    "or_to_llm": {
      "rewards": [
        460658.0
      ],
      "mean": 460658.0,
      "std": 0.0,
      "min": 460658.0,
      "max": 460658.0,
      "count": 1,
      "ratio_to_perfect": 0.9137791495743111
    },
    "perfect_score": {
      "rewards": [
        504124.0
      ],
      "mean": 504124.0,
      "std": 0.0,
      "min": 504124.0,
      "max": 504124.0,
      "count": 1,
      "ratio_to_perfect": 1.0
    }
  },
  "errors": {}
}