{
  "instance_dir": "D:\\TextArena\\examples\\benchmark\\synthetic_trajectory\\lead_time_4\\p10_autocorrelated\\v3_phi_0_3\\r1_med",
  "instance_name": "r1_med",
  "promised_lead_time": 4,
  "model": "google/gemini-3-flash-preview",
  "num_runs_llm": 1,
  "num_runs_deterministic": 1,
  "max_periods": null,
  "summary": {
    "perfect_score": 19984.0,
    "ratios": {
      "or": 0.6760908726981585,
      "llm": 0.5885208166533227,
      "llm_to_or": 0.6661829463570856,
      "or_to_llm": 0.6764411529223379,
      "perfect_score": 1.0
    },
    "warnings": null
  },
  "results": {
    "or": {
      "rewards": [
        13511.0
      ],
      "mean": 13511.0,
      "std": 0.0,
      "min": 13511.0,
      "max": 13511.0,
      "count": 1,
      "ratio_to_perfect": 0.6760908726981585
    },
    "llm": {
      "rewards": [
        11761.0
      ],
      "mean": 11761.0,
      "std": 0.0,
      "min": 11761.0,
      "max": 11761.0,
      "count": 1,
      "ratio_to_perfect": 0.5885208166533227
    },
    "llm_to_or": {
      "rewards": [
        13313.0
      ],
      "mean": 13313.0,
      "std": 0.0,
      "min": 13313.0,
      "max": 13313.0,
      "count": 1,
      "ratio_to_perfect": 0.6661829463570856
    },
    "or_to_llm": {
      "rewards": [
        13518.0
      ],
      "mean": 13518.0,
      "std": 0.0,
      "min": 13518.0,
      "max": 13518.0,
      "count": 1,
      "ratio_to_perfect": 0.6764411529223379
    },
    "perfect_score": {
      "rewards": [
        19984.0
      ],
      "mean": 19984.0,
      "std": 0.0,
      "min": 19984.0,
      "max": 19984.0,
      "count": 1,
      "ratio_to_perfect": 1.0
    }
  },
  "errors": {}
}