{
  "instance_dir": "D:\\TextArena\\examples\\benchmark\\synthetic_trajectory\\lead_time_0\\p06_variance_change\\v2_var_increase\\r1_high",
  "instance_name": "r1_high",
  "promised_lead_time": 0,
  "model": "google/gemini-3-flash-preview",
  "num_runs_llm": 1,
  "num_runs_deterministic": 1,
  "max_periods": null,
  "summary": {
    "perfect_score": 99541.0,
    "ratios": {
      "or": 0.9506133151163842,
      "llm": 0.952722998563406,
      "llm_to_or": 0.9511256668106609,
      "or_to_llm": 0.9482223405430928,
      "perfect_score": 1.0
    },
    "warnings": null
  },
  "results": {
    "or": {
      "rewards": [
        94625.0
      ],
      "mean": 94625.0,
      "std": 0.0,
      "min": 94625.0,
      "max": 94625.0,
      "count": 1,
      "ratio_to_perfect": 0.9506133151163842
    },
    "llm": {
      "rewards": [
        94835.0
      ],
      "mean": 94835.0,
      "std": 0.0,
      "min": 94835.0,
      "max": 94835.0,
      "count": 1,
      "ratio_to_perfect": 0.952722998563406
    },
    "llm_to_or": {
      "rewards": [
        94676.0
      ],
      "mean": 94676.0,
      "std": 0.0,
      "min": 94676.0,
      "max": 94676.0,
      "count": 1,
      "ratio_to_perfect": 0.9511256668106609
    },
    "or_to_llm": {
      "rewards": [
        94387.0
      ],
      "mean": 94387.0,
      "std": 0.0,
      "min": 94387.0,
      "max": 94387.0,
      "count": 1,
      "ratio_to_perfect": 0.9482223405430928
    },
    "perfect_score": {
      "rewards": [
        99541.0
      ],
      "mean": 99541.0,
      "std": 0.0,
      "min": 99541.0,
      "max": 99541.0,
      "count": 1,
      "ratio_to_perfect": 1.0
    }
  },
  "errors": {}
}