{
  "instance_dir": "D:\\TextArena\\examples\\benchmark\\synthetic_trajectory\\lead_time_4\\p06_variance_change\\v3_var_decrease\\r1_high",
  "instance_name": "r1_high",
  "promised_lead_time": 4,
  "model": "google/gemini-3-flash-preview",
  "num_runs_llm": 1,
  "num_runs_deterministic": 1,
  "max_periods": null,
  "summary": {
    "perfect_score": 90611.0,
    "ratios": {
      "or": 0.7795521515047842,
      "llm": 0.7297237642228869,
      "llm_to_or": 0.7721468695853704,
      "or_to_llm": 0.7704141881228549,
      "perfect_score": 1.0
    },
    "warnings": null
  },
  "results": {
    "or": {
      "rewards": [
        70636.0
      ],
      "mean": 70636.0,
      "std": 0.0,
      "min": 70636.0,
      "max": 70636.0,
      "count": 1,
      "ratio_to_perfect": 0.7795521515047842
    },
    "llm": {
      "rewards": [
        66121.0
      ],
      "mean": 66121.0,
      "std": 0.0,
      "min": 66121.0,
      "max": 66121.0,
      "count": 1,
      "ratio_to_perfect": 0.7297237642228869
    },
    "llm_to_or": {
      "rewards": [
        69965.0
      ],
      "mean": 69965.0,
      "std": 0.0,
      "min": 69965.0,
      "max": 69965.0,
      "count": 1,
      "ratio_to_perfect": 0.7721468695853704
    },
    "or_to_llm": {
      "rewards": [
        69808.0
      ],
      "mean": 69808.0,
      "std": 0.0,
      "min": 69808.0,
      "max": 69808.0,
      "count": 1,
      "ratio_to_perfect": 0.7704141881228549
    },
    "perfect_score": {
      "rewards": [
        90611.0
      ],
      "mean": 90611.0,
      "std": 0.0,
      "min": 90611.0,
      "max": 90611.0,
      "count": 1,
      "ratio_to_perfect": 1.0
    }
  },
  "errors": {}
}