{
  "instance_dir": "/shared/share_malatown/OR-Agent-GPT5mini-benchmark/examples/benchmark/real_trajectory/lead_time_4/399256005",
  "instance_name": "399256005",
  "promised_lead_time": 4,
  "model": "openai/gpt-5-mini",
  "num_runs_llm": 1,
  "num_runs_deterministic": 1,
  "max_periods": null,
  "summary": {
    "perfect_score": 7014.0,
    "ratios": {
      "or": -0.8297690333618477,
      "llm": -0.37781579697747364,
      "llm_to_or": -1.0672939834616482,
      "or_to_llm": -0.5044197319646422,
      "perfect_score": 1.0
    },
    "warnings": null
  },
  "results": {
    "or": {
      "rewards": [
        -5820.0
      ],
      "mean": -5820.0,
      "std": 0.0,
      "min": -5820.0,
      "max": -5820.0,
      "count": 1,
      "ratio_to_perfect": -0.8297690333618477
    },
    "llm": {
      "rewards": [
        -2650.0
      ],
      "mean": -2650.0,
      "std": 0.0,
      "min": -2650.0,
      "max": -2650.0,
      "count": 1,
      "ratio_to_perfect": -0.37781579697747364
    },
    "llm_to_or": {
      "rewards": [
        -7486.0
      ],
      "mean": -7486.0,
      "std": 0.0,
      "min": -7486.0,
      "max": -7486.0,
      "count": 1,
      "ratio_to_perfect": -1.0672939834616482
    },
    "or_to_llm": {
      "rewards": [
        -3538.0
      ],
      "mean": -3538.0,
      "std": 0.0,
      "min": -3538.0,
      "max": -3538.0,
      "count": 1,
      "ratio_to_perfect": -0.5044197319646422
    },
    "perfect_score": {
      "rewards": [
        7014.0
      ],
      "mean": 7014.0,
      "std": 0.0,
      "min": 7014.0,
      "max": 7014.0,
      "count": 1,
      "ratio_to_perfect": 1.0
    }
  },
  "errors": {}
}