{
  "instance_dir": "/shared/share_malatown/OR-Agent-GPT5mini-benchmark/examples/benchmark/synthetic_trajectory/lead_time_stochastic/p01_stationary_iid/v3_normal_100_15/r1_high",
  "instance_name": "r1_high",
  "promised_lead_time": 2,
  "model": "openai/gpt-5-mini",
  "num_runs_llm": 1,
  "num_runs_deterministic": 1,
  "max_periods": null,
  "summary": {
    "perfect_score": 94829.0,
    "ratios": {
      "or": 0.13574961246032333,
      "llm": 0.2571259846671377,
      "llm_to_or": 0.15825327695114363,
      "or_to_llm": 0.17361777515317045,
      "perfect_score": 1.0
    },
    "warnings": null
  },
  "results": {
    "or": {
      "rewards": [
        12873.0
      ],
      "mean": 12873.0,
      "std": 0.0,
      "min": 12873.0,
      "max": 12873.0,
      "count": 1,
      "ratio_to_perfect": 0.13574961246032333
    },
    "llm": {
      "rewards": [
        24383.0
      ],
      "mean": 24383.0,
      "std": 0.0,
      "min": 24383.0,
      "max": 24383.0,
      "count": 1,
      "ratio_to_perfect": 0.2571259846671377
    },
    "llm_to_or": {
      "rewards": [
        15007.0
      ],
      "mean": 15007.0,
      "std": 0.0,
      "min": 15007.0,
      "max": 15007.0,
      "count": 1,
      "ratio_to_perfect": 0.15825327695114363
    },
    "or_to_llm": {
      "rewards": [
        16464.0
      ],
      "mean": 16464.0,
      "std": 0.0,
      "min": 16464.0,
      "max": 16464.0,
      "count": 1,
      "ratio_to_perfect": 0.17361777515317045
    },
    "perfect_score": {
      "rewards": [
        94829.0
      ],
      "mean": 94829.0,
      "std": 0.0,
      "min": 94829.0,
      "max": 94829.0,
      "count": 1,
      "ratio_to_perfect": 1.0
    }
  },
  "errors": {}
}