{
  "instance_dir": "/shared/share_malatown/OR_Agent/examples/benchmark/real_trajectory/lead_time_4/717490015",
  "instance_name": "717490015",
  "promised_lead_time": 4,
  "model": "x-ai/grok-4.1-fast",
  "num_runs_llm": 1,
  "num_runs_deterministic": 1,
  "max_periods": null,
  "summary": {
    "perfect_score": 2707.0,
    "ratios": {
      "or": -0.5718507572958995,
      "llm": -4.231252308828962,
      "llm_to_or": -0.9135574436645734,
      "or_to_llm": -0.8603620243812339,
      "perfect_score": 1.0
    },
    "warnings": null
  },
  "results": {
    "or": {
      "rewards": [
        -1548.0
      ],
      "mean": -1548.0,
      "std": 0.0,
      "min": -1548.0,
      "max": -1548.0,
      "count": 1,
      "ratio_to_perfect": -0.5718507572958995
    },
    "llm": {
      "rewards": [
        -11454.0
      ],
      "mean": -11454.0,
      "std": 0.0,
      "min": -11454.0,
      "max": -11454.0,
      "count": 1,
      "ratio_to_perfect": -4.231252308828962
    },
    "llm_to_or": {
      "rewards": [
        -2473.0
      ],
      "mean": -2473.0,
      "std": 0.0,
      "min": -2473.0,
      "max": -2473.0,
      "count": 1,
      "ratio_to_perfect": -0.9135574436645734
    },
    "or_to_llm": {
      "rewards": [
        -2329.0
      ],
      "mean": -2329.0,
      "std": 0.0,
      "min": -2329.0,
      "max": -2329.0,
      "count": 1,
      "ratio_to_perfect": -0.8603620243812339
    },
    "perfect_score": {
      "rewards": [
        2707.0
      ],
      "mean": 2707.0,
      "std": 0.0,
      "min": 2707.0,
      "max": 2707.0,
      "count": 1,
      "ratio_to_perfect": 1.0
    }
  },
  "errors": {}
}