{
  "instance_dir": "/shared/share_malatown/OR_Agent/examples/benchmark/real_trajectory/lead_time_0/608458001",
  "instance_name": "608458001",
  "promised_lead_time": 0,
  "model": "x-ai/grok-4.1-fast",
  "num_runs_llm": 1,
  "num_runs_deterministic": 1,
  "max_periods": null,
  "summary": {
    "perfect_score": 2433.0,
    "ratios": {
      "or": 0.17838060008220305,
      "llm": 0.5454171804356761,
      "llm_to_or": 0.5976161117961365,
      "or_to_llm": 0.31812577065351416,
      "perfect_score": 1.0
    },
    "warnings": null
  },
  "results": {
    "or": {
      "rewards": [
        434.0
      ],
      "mean": 434.0,
      "std": 0.0,
      "min": 434.0,
      "max": 434.0,
      "count": 1,
      "ratio_to_perfect": 0.17838060008220305
    },
    "llm": {
      "rewards": [
        1327.0
      ],
      "mean": 1327.0,
      "std": 0.0,
      "min": 1327.0,
      "max": 1327.0,
      "count": 1,
      "ratio_to_perfect": 0.5454171804356761
    },
    "llm_to_or": {
      "rewards": [
        1454.0
      ],
      "mean": 1454.0,
      "std": 0.0,
      "min": 1454.0,
      "max": 1454.0,
      "count": 1,
      "ratio_to_perfect": 0.5976161117961365
    },
    "or_to_llm": {
      "rewards": [
        774.0
      ],
      "mean": 774.0,
      "std": 0.0,
      "min": 774.0,
      "max": 774.0,
      "count": 1,
      "ratio_to_perfect": 0.31812577065351416
    },
    "perfect_score": {
      "rewards": [
        2433.0
      ],
      "mean": 2433.0,
      "std": 0.0,
      "min": 2433.0,
      "max": 2433.0,
      "count": 1,
      "ratio_to_perfect": 1.0
    }
  },
  "errors": {}
}