{
  "instance_dir": "/shared/share_malatown/OR-Agent-GPT5mini-benchmark/examples/benchmark/real_trajectory/lead_time_4/589748001",
  "instance_name": "589748001",
  "promised_lead_time": 4,
  "model": "openai/gpt-5-mini",
  "num_runs_llm": 1,
  "num_runs_deterministic": 1,
  "max_periods": null,
  "summary": {
    "perfect_score": 11872.0,
    "ratios": {
      "or": 0.466644204851752,
      "llm": 0.3969845013477089,
      "llm_to_or": 0.4560309973045822,
      "or_to_llm": 0.2650774932614555,
      "perfect_score": 1.0
    },
    "warnings": null
  },
  "results": {
    "or": {
      "rewards": [
        5540.0
      ],
      "mean": 5540.0,
      "std": 0.0,
      "min": 5540.0,
      "max": 5540.0,
      "count": 1,
      "ratio_to_perfect": 0.466644204851752
    },
    "llm": {
      "rewards": [
        4713.0
      ],
      "mean": 4713.0,
      "std": 0.0,
      "min": 4713.0,
      "max": 4713.0,
      "count": 1,
      "ratio_to_perfect": 0.3969845013477089
    },
    "llm_to_or": {
      "rewards": [
        5414.0
      ],
      "mean": 5414.0,
      "std": 0.0,
      "min": 5414.0,
      "max": 5414.0,
      "count": 1,
      "ratio_to_perfect": 0.4560309973045822
    },
    "or_to_llm": {
      "rewards": [
        3147.0
      ],
      "mean": 3147.0,
      "std": 0.0,
      "min": 3147.0,
      "max": 3147.0,
      "count": 1,
      "ratio_to_perfect": 0.2650774932614555
    },
    "perfect_score": {
      "rewards": [
        11872.0
      ],
      "mean": 11872.0,
      "std": 0.0,
      "min": 11872.0,
      "max": 11872.0,
      "count": 1,
      "ratio_to_perfect": 1.0
    }
  },
  "errors": {}
}