{
  "instance_dir": "D:\\TextArena\\examples\\benchmark\\synthetic_trajectory\\lead_time_4\\p02_mean_increase\\v2_100to150\\r2_high",
  "instance_name": "r2_high",
  "promised_lead_time": 4,
  "model": "google/gemini-3-flash-preview",
  "num_runs_llm": 1,
  "num_runs_deterministic": 1,
  "max_periods": null,
  "summary": {
    "perfect_score": 125894.0,
    "ratios": {
      "or": 0.8659507204473604,
      "llm": 0.823526141039287,
      "llm_to_or": 0.8634327291213243,
      "or_to_llm": 0.8635757065467774,
      "perfect_score": 1.0
    },
    "warnings": null
  },
  "results": {
    "or": {
      "rewards": [
        109018.0
      ],
      "mean": 109018.0,
      "std": 0.0,
      "min": 109018.0,
      "max": 109018.0,
      "count": 1,
      "ratio_to_perfect": 0.8659507204473604
    },
    "llm": {
      "rewards": [
        103677.0
      ],
      "mean": 103677.0,
      "std": 0.0,
      "min": 103677.0,
      "max": 103677.0,
      "count": 1,
      "ratio_to_perfect": 0.823526141039287
    },
    "llm_to_or": {
      "rewards": [
        108701.0
      ],
      "mean": 108701.0,
      "std": 0.0,
      "min": 108701.0,
      "max": 108701.0,
      "count": 1,
      "ratio_to_perfect": 0.8634327291213243
    },
    "or_to_llm": {
      "rewards": [
        108719.0
      ],
      "mean": 108719.0,
      "std": 0.0,
      "min": 108719.0,
      "max": 108719.0,
      "count": 1,
      "ratio_to_perfect": 0.8635757065467774
    },
    "perfect_score": {
      "rewards": [
        125894.0
      ],
      "mean": 125894.0,
      "std": 0.0,
      "min": 125894.0,
      "max": 125894.0,
      "count": 1,
      "ratio_to_perfect": 1.0
    }
  },
  "errors": {}
}