{
  "instance_dir": "D:\\TextArena\\examples\\benchmark\\real_trajectory\\lead_time_0\\717490003",
  "instance_name": "717490003",
  "promised_lead_time": 0,
  "model": "google/gemini-3-flash-preview",
  "num_runs_llm": 1,
  "num_runs_deterministic": 1,
  "max_periods": null,
  "summary": {
    "perfect_score": 3083.0,
    "ratios": {
      "or": 0.3872851119039896,
      "llm": 0.5780084333441453,
      "llm_to_or": 0.5342199156665586,
      "or_to_llm": 0.5514109633473889,
      "perfect_score": 1.0
    },
    "warnings": null
  },
  "results": {
    "or": {
      "rewards": [
        1194.0
      ],
      "mean": 1194.0,
      "std": 0.0,
      "min": 1194.0,
      "max": 1194.0,
      "count": 1,
      "ratio_to_perfect": 0.3872851119039896
    },
    "llm": {
      "rewards": [
        1782.0
      ],
      "mean": 1782.0,
      "std": 0.0,
      "min": 1782.0,
      "max": 1782.0,
      "count": 1,
      "ratio_to_perfect": 0.5780084333441453
    },
    "llm_to_or": {
      "rewards": [
        1647.0
      ],
      "mean": 1647.0,
      "std": 0.0,
      "min": 1647.0,
      "max": 1647.0,
      "count": 1,
      "ratio_to_perfect": 0.5342199156665586
    },
    "or_to_llm": {
      "rewards": [
        1700.0
      ],
      "mean": 1700.0,
      "std": 0.0,
      "min": 1700.0,
      "max": 1700.0,
      "count": 1,
      "ratio_to_perfect": 0.5514109633473889
    },
    "perfect_score": {
      "rewards": [
        3083.0
      ],
      "mean": 3083.0,
      "std": 0.0,
      "min": 3083.0,
      "max": 3083.0,
      "count": 1,
      "ratio_to_perfect": 1.0
    }
  },
  "errors": {}
}