{
  "instance_dir": "D:\\TextArena\\examples\\benchmark\\synthetic_trajectory\\lead_time_4\\p03_mean_decrease\\v1_100to50\\r1_high",
  "instance_name": "r1_high",
  "promised_lead_time": 4,
  "model": "google/gemini-3-flash-preview",
  "num_runs_llm": 1,
  "num_runs_deterministic": 1,
  "max_periods": null,
  "summary": {
    "perfect_score": 59299.0,
    "ratios": {
      "or": 0.7040590903725189,
      "llm": 0.7146157608054099,
      "llm_to_or": 0.7955952039663401,
      "or_to_llm": 0.7666571105752205,
      "perfect_score": 1.0
    },
    "warnings": null
  },
  "results": {
    "or": {
      "rewards": [
        41750.0
      ],
      "mean": 41750.0,
      "std": 0.0,
      "min": 41750.0,
      "max": 41750.0,
      "count": 1,
      "ratio_to_perfect": 0.7040590903725189
    },
    "llm": {
      "rewards": [
        42376.0
      ],
      "mean": 42376.0,
      "std": 0.0,
      "min": 42376.0,
      "max": 42376.0,
      "count": 1,
      "ratio_to_perfect": 0.7146157608054099
    },
    "llm_to_or": {
      "rewards": [
        47178.0
      ],
      "mean": 47178.0,
      "std": 0.0,
      "min": 47178.0,
      "max": 47178.0,
      "count": 1,
      "ratio_to_perfect": 0.7955952039663401
    },
    "or_to_llm": {
      "rewards": [
        45462.0
      ],
      "mean": 45462.0,
      "std": 0.0,
      "min": 45462.0,
      "max": 45462.0,
      "count": 1,
      "ratio_to_perfect": 0.7666571105752205
    },
    "perfect_score": {
      "rewards": [
        59299.0
      ],
      "mean": 59299.0,
      "std": 0.0,
      "min": 59299.0,
      "max": 59299.0,
      "count": 1,
      "ratio_to_perfect": 1.0
    }
  },
  "errors": {}
}