{
  "instance_dir": "D:\\TextArena\\examples\\benchmark\\synthetic_trajectory\\lead_time_0\\p06_variance_change\\v3_var_decrease\\r1_med",
  "instance_name": "r1_med",
  "promised_lead_time": 0,
  "model": "google/gemini-3-flash-preview",
  "num_runs_llm": 1,
  "num_runs_deterministic": 1,
  "max_periods": null,
  "summary": {
    "perfect_score": 19076.0,
    "ratios": {
      "or": 0.8443069825959321,
      "llm": 0.8162088488152652,
      "llm_to_or": 0.8321451037953449,
      "or_to_llm": 0.815632208010065,
      "perfect_score": 1.0
    },
    "warnings": null
  },
  "results": {
    "or": {
      "rewards": [
        16106.0
      ],
      "mean": 16106.0,
      "std": 0.0,
      "min": 16106.0,
      "max": 16106.0,
      "count": 1,
      "ratio_to_perfect": 0.8443069825959321
    },
    "llm": {
      "rewards": [
        15570.0
      ],
      "mean": 15570.0,
      "std": 0.0,
      "min": 15570.0,
      "max": 15570.0,
      "count": 1,
      "ratio_to_perfect": 0.8162088488152652
    },
    "llm_to_or": {
      "rewards": [
        15874.0
      ],
      "mean": 15874.0,
      "std": 0.0,
      "min": 15874.0,
      "max": 15874.0,
      "count": 1,
      "ratio_to_perfect": 0.8321451037953449
    },
    "or_to_llm": {
      "rewards": [
        15559.0
      ],
      "mean": 15559.0,
      "std": 0.0,
      "min": 15559.0,
      "max": 15559.0,
      "count": 1,
      "ratio_to_perfect": 0.815632208010065
    },
    "perfect_score": {
      "rewards": [
        19076.0
      ],
      "mean": 19076.0,
      "std": 0.0,
      "min": 19076.0,
      "max": 19076.0,
      "count": 1,
      "ratio_to_perfect": 1.0
    }
  },
  "errors": {}
}