{
  "instance_dir": "/shared/share_malatown/OR-Agent-GPT5mini-benchmark/examples/benchmark/synthetic_trajectory/lead_time_stochastic/p04_increasing_trend/v1_linear_100t/r1_high",
  "instance_name": "r1_high",
  "promised_lead_time": 2,
  "model": "openai/gpt-5-mini",
  "num_runs_llm": 1,
  "num_runs_deterministic": 1,
  "max_periods": null,
  "summary": {
    "perfect_score": 2394589.0,
    "ratios": {
      "or": 0.08492814424521285,
      "llm": 0.20265815970924447,
      "llm_to_or": 0.15882642073441414,
      "or_to_llm": 0.24474554923621547,
      "perfect_score": 1.0
    },
    "warnings": null
  },
  "results": {
    "or": {
      "rewards": [
        203368.0
      ],
      "mean": 203368.0,
      "std": 0.0,
      "min": 203368.0,
      "max": 203368.0,
      "count": 1,
      "ratio_to_perfect": 0.08492814424521285
    },
    "llm": {
      "rewards": [
        485283.0
      ],
      "mean": 485283.0,
      "std": 0.0,
      "min": 485283.0,
      "max": 485283.0,
      "count": 1,
      "ratio_to_perfect": 0.20265815970924447
    },
    "llm_to_or": {
      "rewards": [
        380324.0
      ],
      "mean": 380324.0,
      "std": 0.0,
      "min": 380324.0,
      "max": 380324.0,
      "count": 1,
      "ratio_to_perfect": 0.15882642073441414
    },
    "or_to_llm": {
      "rewards": [
        586065.0
      ],
      "mean": 586065.0,
      "std": 0.0,
      "min": 586065.0,
      "max": 586065.0,
      "count": 1,
      "ratio_to_perfect": 0.24474554923621547
    },
    "perfect_score": {
      "rewards": [
        2394589.0
      ],
      "mean": 2394589.0,
      "std": 0.0,
      "min": 2394589.0,
      "max": 2394589.0,
      "count": 1,
      "ratio_to_perfect": 1.0
    }
  },
  "errors": {}
}