{
  "instance_dir": "/shared/share_malatown/OR_Agent/examples/benchmark/real_trajectory/lead_time_0/603145001",
  "instance_name": "603145001",
  "promised_lead_time": 0,
  "model": "x-ai/grok-4.1-fast",
  "num_runs_llm": 1,
  "num_runs_deterministic": 1,
  "max_periods": null,
  "summary": {
    "perfect_score": 62111.0,
    "ratios": {
      "or": 0.9289497834522066,
      "llm": 0.9135901853133905,
      "llm_to_or": 0.9251018338136562,
      "or_to_llm": 0.9290946853214407,
      "perfect_score": 1.0
    },
    "warnings": null
  },
  "results": {
    "or": {
      "rewards": [
        57698.0
      ],
      "mean": 57698.0,
      "std": 0.0,
      "min": 57698.0,
      "max": 57698.0,
      "count": 1,
      "ratio_to_perfect": 0.9289497834522066
    },
    "llm": {
      "rewards": [
        56744.0
      ],
      "mean": 56744.0,
      "std": 0.0,
      "min": 56744.0,
      "max": 56744.0,
      "count": 1,
      "ratio_to_perfect": 0.9135901853133905
    },
    "llm_to_or": {
      "rewards": [
        57459.0
      ],
      "mean": 57459.0,
      "std": 0.0,
      "min": 57459.0,
      "max": 57459.0,
      "count": 1,
      "ratio_to_perfect": 0.9251018338136562
    },
    "or_to_llm": {
      "rewards": [
        57707.0
      ],
      "mean": 57707.0,
      "std": 0.0,
      "min": 57707.0,
      "max": 57707.0,
      "count": 1,
      "ratio_to_perfect": 0.9290946853214407
    },
    "perfect_score": {
      "rewards": [
        62111.0
      ],
      "mean": 62111.0,
      "std": 0.0,
      "min": 62111.0,
      "max": 62111.0,
      "count": 1,
      "ratio_to_perfect": 1.0
    }
  },
  "errors": {}
}