{
  "instance_dir": "D:\\TextArena\\examples\\benchmark\\synthetic_trajectory\\lead_time_4\\p01_stationary_iid\\v4_uniform_50_150\\r1_high",
  "instance_name": "r1_high",
  "promised_lead_time": 4,
  "model": "openai/gpt-5-mini",
  "num_runs_llm": 1,
  "num_runs_deterministic": 1,
  "max_periods": null,
  "summary": {
    "perfect_score": 103607.0,
    "ratios": {
      "or": 0.8672387000878319,
      "llm": 0.7786829075255532,
      "llm_to_or": 0.8677019892478307,
      "or_to_llm": 0.8245292306504387,
      "perfect_score": 1.0
    },
    "warnings": null
  },
  "results": {
    "or": {
      "rewards": [
        89852.0
      ],
      "mean": 89852.0,
      "std": 0.0,
      "min": 89852.0,
      "max": 89852.0,
      "count": 1,
      "ratio_to_perfect": 0.8672387000878319
    },
    "llm": {
      "rewards": [
        80677.0
      ],
      "mean": 80677.0,
      "std": 0.0,
      "min": 80677.0,
      "max": 80677.0,
      "count": 1,
      "ratio_to_perfect": 0.7786829075255532
    },
    "llm_to_or": {
      "rewards": [
        89900.0
      ],
      "mean": 89900.0,
      "std": 0.0,
      "min": 89900.0,
      "max": 89900.0,
      "count": 1,
      "ratio_to_perfect": 0.8677019892478307
    },
    "or_to_llm": {
      "rewards": [
        85427.0
      ],
      "mean": 85427.0,
      "std": 0.0,
      "min": 85427.0,
      "max": 85427.0,
      "count": 1,
      "ratio_to_perfect": 0.8245292306504387
    },
    "perfect_score": {
      "rewards": [
        103607.0
      ],
      "mean": 103607.0,
      "std": 0.0,
      "min": 103607.0,
      "max": 103607.0,
      "count": 1,
      "ratio_to_perfect": 1.0
    }
  },
  "errors": {}
}