{
  "instance_dir": "/shared/share_malatown/OR-Agent-GPT5mini-benchmark/examples/benchmark/real_trajectory/lead_time_0/695632001",
  "instance_name": "695632001",
  "promised_lead_time": 0,
  "model": "openai/gpt-5-mini",
  "num_runs_llm": 1,
  "num_runs_deterministic": 1,
  "max_periods": null,
  "summary": {
    "perfect_score": 133285.0,
    "ratios": {
      "or": 0.8593690212702104,
      "llm": 0.8283602806017181,
      "llm_to_or": 0.8509809806054695,
      "or_to_llm": 0.8402295832239187,
      "perfect_score": 1.0
    },
    "warnings": null
  },
  "results": {
    "or": {
      "rewards": [
        114541.0
      ],
      "mean": 114541.0,
      "std": 0.0,
      "min": 114541.0,
      "max": 114541.0,
      "count": 1,
      "ratio_to_perfect": 0.8593690212702104
    },
    "llm": {
      "rewards": [
        110408.0
      ],
      "mean": 110408.0,
      "std": 0.0,
      "min": 110408.0,
      "max": 110408.0,
      "count": 1,
      "ratio_to_perfect": 0.8283602806017181
    },
    "llm_to_or": {
      "rewards": [
        113423.0
      ],
      "mean": 113423.0,
      "std": 0.0,
      "min": 113423.0,
      "max": 113423.0,
      "count": 1,
      "ratio_to_perfect": 0.8509809806054695
    },
    "or_to_llm": {
      "rewards": [
        111990.0
      ],
      "mean": 111990.0,
      "std": 0.0,
      "min": 111990.0,
      "max": 111990.0,
      "count": 1,
      "ratio_to_perfect": 0.8402295832239187
    },
    "perfect_score": {
      "rewards": [
        133285.0
      ],
      "mean": 133285.0,
      "std": 0.0,
      "min": 133285.0,
      "max": 133285.0,
      "count": 1,
      "ratio_to_perfect": 1.0
    }
  },
  "errors": {}
}