{
  "instance_dir": "D:\\TextArena\\examples\\benchmark\\real_trajectory\\lead_time_stochastic\\706016002",
  "instance_name": "706016002",
  "promised_lead_time": 2,
  "model": "google/gemini-3-flash-preview",
  "num_runs_llm": 1,
  "num_runs_deterministic": 1,
  "max_periods": null,
  "summary": {
    "perfect_score": 78224.0,
    "ratios": {
      "or": 0.2650593168337083,
      "llm": 0.5017002454489671,
      "llm_to_or": 0.22376764164450808,
      "or_to_llm": 0.45102526078952754,
      "perfect_score": 1.0
    },
    "warnings": null
  },
  "results": {
    "or": {
      "rewards": [
        20734.0
      ],
      "mean": 20734.0,
      "std": 0.0,
      "min": 20734.0,
      "max": 20734.0,
      "count": 1,
      "ratio_to_perfect": 0.2650593168337083
    },
    "llm": {
      "rewards": [
        39245.0
      ],
      "mean": 39245.0,
      "std": 0.0,
      "min": 39245.0,
      "max": 39245.0,
      "count": 1,
      "ratio_to_perfect": 0.5017002454489671
    },
    "llm_to_or": {
      "rewards": [
        17504.0
      ],
      "mean": 17504.0,
      "std": 0.0,
      "min": 17504.0,
      "max": 17504.0,
      "count": 1,
      "ratio_to_perfect": 0.22376764164450808
    },
    "or_to_llm": {
      "rewards": [
        35281.0
      ],
      "mean": 35281.0,
      "std": 0.0,
      "min": 35281.0,
      "max": 35281.0,
      "count": 1,
      "ratio_to_perfect": 0.45102526078952754
    },
    "perfect_score": {
      "rewards": [
        78224.0
      ],
      "mean": 78224.0,
      "std": 0.0,
      "min": 78224.0,
      "max": 78224.0,
      "count": 1,
      "ratio_to_perfect": 1.0
    }
  },
  "errors": {}
}