{
  "instance_dir": "/shared/share_malatown/OR_Agent/examples/benchmark/synthetic_trajectory/lead_time_4/p09_temp_spike_dip/v2_temp_dip/r1_high",
  "instance_name": "r1_high",
  "promised_lead_time": 4,
  "model": "x-ai/grok-4.1-fast",
  "num_runs_llm": 1,
  "num_runs_deterministic": 1,
  "max_periods": null,
  "summary": {
    "perfect_score": 88122.0,
    "ratios": {
      "or": 0.8430698350014753,
      "llm": 0.7634415923378952,
      "llm_to_or": 0.7794194412292049,
      "or_to_llm": 0.7852863076189828,
      "perfect_score": 1.0
    },
    "warnings": null
  },
  "results": {
    "or": {
      "rewards": [
        74293.0
      ],
      "mean": 74293.0,
      "std": 0.0,
      "min": 74293.0,
      "max": 74293.0,
      "count": 1,
      "ratio_to_perfect": 0.8430698350014753
    },
    "llm": {
      "rewards": [
        67276.0
      ],
      "mean": 67276.0,
      "std": 0.0,
      "min": 67276.0,
      "max": 67276.0,
      "count": 1,
      "ratio_to_perfect": 0.7634415923378952
    },
    "llm_to_or": {
      "rewards": [
        68684.0
      ],
      "mean": 68684.0,
      "std": 0.0,
      "min": 68684.0,
      "max": 68684.0,
      "count": 1,
      "ratio_to_perfect": 0.7794194412292049
    },
    "or_to_llm": {
      "rewards": [
        69201.0
      ],
      "mean": 69201.0,
      "std": 0.0,
      "min": 69201.0,
      "max": 69201.0,
      "count": 1,
      "ratio_to_perfect": 0.7852863076189828
    },
    "perfect_score": {
      "rewards": [
        88122.0
      ],
      "mean": 88122.0,
      "std": 0.0,
      "min": 88122.0,
      "max": 88122.0,
      "count": 1,
      "ratio_to_perfect": 1.0
    }
  },
  "errors": {}
}