{
  "instance_dir": "/shared/share_malatown/OR_Agent/examples/benchmark/synthetic_trajectory/lead_time_0/p10_autocorrelated/v3_phi_0_3/r2_high",
  "instance_name": "r2_high",
  "promised_lead_time": 0,
  "model": "x-ai/grok-4.1-fast",
  "num_runs_llm": 1,
  "num_runs_deterministic": 1,
  "max_periods": null,
  "summary": {
    "perfect_score": 100738.0,
    "ratios": {
      "or": 0.9637475431316881,
      "llm": 0.9381266255037821,
      "llm_to_or": 0.9521928170104628,
      "or_to_llm": 0.9614643927812742,
      "perfect_score": 1.0
    },
    "warnings": null
  },
  "results": {
    "or": {
      "rewards": [
        97086.0
      ],
      "mean": 97086.0,
      "std": 0.0,
      "min": 97086.0,
      "max": 97086.0,
      "count": 1,
      "ratio_to_perfect": 0.9637475431316881
    },
    "llm": {
      "rewards": [
        94505.0
      ],
      "mean": 94505.0,
      "std": 0.0,
      "min": 94505.0,
      "max": 94505.0,
      "count": 1,
      "ratio_to_perfect": 0.9381266255037821
    },
    "llm_to_or": {
      "rewards": [
        95922.0
      ],
      "mean": 95922.0,
      "std": 0.0,
      "min": 95922.0,
      "max": 95922.0,
      "count": 1,
      "ratio_to_perfect": 0.9521928170104628
    },
    "or_to_llm": {
      "rewards": [
        96856.0
      ],
      "mean": 96856.0,
      "std": 0.0,
      "min": 96856.0,
      "max": 96856.0,
      "count": 1,
      "ratio_to_perfect": 0.9614643927812742
    },
    "perfect_score": {
      "rewards": [
        100738.0
      ],
      "mean": 100738.0,
      "std": 0.0,
      "min": 100738.0,
      "max": 100738.0,
      "count": 1,
      "ratio_to_perfect": 1.0
    }
  },
  "errors": {}
}