{
  "instance_dir": "D:\\TextArena\\examples\\benchmark\\synthetic_trajectory\\lead_time_stochastic\\p04_increasing_trend\\v1_linear_100t\\r1_high",
  "instance_name": "r1_high",
  "promised_lead_time": 2,
  "model": "google/gemini-3-flash-preview",
  "num_runs_llm": 1,
  "num_runs_deterministic": 1,
  "max_periods": null,
  "summary": {
    "perfect_score": 2394589.0,
    "ratios": {
      "or": 0.08492814424521285,
      "llm": 0.5860433669410492,
      "llm_to_or": 0.21500307568438676,
      "or_to_llm": 0.46981381773657194,
      "perfect_score": 1.0
    },
    "warnings": null
  },
  "results": {
    "or": {
      "rewards": [
        203368.0
      ],
      "mean": 203368.0,
      "std": 0.0,
      "min": 203368.0,
      "max": 203368.0,
      "count": 1,
      "ratio_to_perfect": 0.08492814424521285
    },
    "llm": {
      "rewards": [
        1403333.0
      ],
      "mean": 1403333.0,
      "std": 0.0,
      "min": 1403333.0,
      "max": 1403333.0,
      "count": 1,
      "ratio_to_perfect": 0.5860433669410492
    },
    "llm_to_or": {
      "rewards": [
        514844.0
      ],
      "mean": 514844.0,
      "std": 0.0,
      "min": 514844.0,
      "max": 514844.0,
      "count": 1,
      "ratio_to_perfect": 0.21500307568438676
    },
    "or_to_llm": {
      "rewards": [
        1125011.0
      ],
      "mean": 1125011.0,
      "std": 0.0,
      "min": 1125011.0,
      "max": 1125011.0,
      "count": 1,
      "ratio_to_perfect": 0.46981381773657194
    },
    "perfect_score": {
      "rewards": [
        2394589.0
      ],
      "mean": 2394589.0,
      "std": 0.0,
      "min": 2394589.0,
      "max": 2394589.0,
      "count": 1,
      "ratio_to_perfect": 1.0
    }
  },
  "errors": {}
}