{
  "instance_dir": "D:\\TextArena\\examples\\benchmark\\real_trajectory\\lead_time_0\\610776033",
  "instance_name": "610776033",
  "promised_lead_time": 0,
  "model": "google/gemini-3-flash-preview",
  "num_runs_llm": 1,
  "num_runs_deterministic": 1,
  "max_periods": null,
  "summary": {
    "perfect_score": 28244.0,
    "ratios": {
      "or": 0.7361563517915309,
      "llm": 0.8589788981730633,
      "llm_to_or": 0.8436128027191616,
      "or_to_llm": 0.852180994193457,
      "perfect_score": 1.0
    },
    "warnings": null
  },
  "results": {
    "or": {
      "rewards": [
        20792.0
      ],
      "mean": 20792.0,
      "std": 0.0,
      "min": 20792.0,
      "max": 20792.0,
      "count": 1,
      "ratio_to_perfect": 0.7361563517915309
    },
    "llm": {
      "rewards": [
        24261.0
      ],
      "mean": 24261.0,
      "std": 0.0,
      "min": 24261.0,
      "max": 24261.0,
      "count": 1,
      "ratio_to_perfect": 0.8589788981730633
    },
    "llm_to_or": {
      "rewards": [
        23827.0
      ],
      "mean": 23827.0,
      "std": 0.0,
      "min": 23827.0,
      "max": 23827.0,
      "count": 1,
      "ratio_to_perfect": 0.8436128027191616
    },
    "or_to_llm": {
      "rewards": [
        24069.0
      ],
      "mean": 24069.0,
      "std": 0.0,
      "min": 24069.0,
      "max": 24069.0,
      "count": 1,
      "ratio_to_perfect": 0.852180994193457
    },
    "perfect_score": {
      "rewards": [
        28244.0
      ],
      "mean": 28244.0,
      "std": 0.0,
      "min": 28244.0,
      "max": 28244.0,
      "count": 1,
      "ratio_to_perfect": 1.0
    }
  },
  "errors": {}
}