{
  "instance_dir": "D:\\TextArena\\examples\\benchmark\\synthetic_trajectory\\lead_time_0\\p04_increasing_trend\\v4_linear_100_2t\\r2_med",
  "instance_name": "r2_med",
  "promised_lead_time": 0,
  "model": "google/gemini-3-flash-preview",
  "num_runs_llm": 1,
  "num_runs_deterministic": 1,
  "max_periods": null,
  "summary": {
    "perfect_score": 31980.0,
    "ratios": {
      "or": 0.7034083802376485,
      "llm": 0.7020012507817386,
      "llm_to_or": 0.723264540337711,
      "or_to_llm": 0.7151344590368981,
      "perfect_score": 1.0
    },
    "warnings": null
  },
  "results": {
    "or": {
      "rewards": [
        22495.0
      ],
      "mean": 22495.0,
      "std": 0.0,
      "min": 22495.0,
      "max": 22495.0,
      "count": 1,
      "ratio_to_perfect": 0.7034083802376485
    },
    "llm": {
      "rewards": [
        22450.0
      ],
      "mean": 22450.0,
      "std": 0.0,
      "min": 22450.0,
      "max": 22450.0,
      "count": 1,
      "ratio_to_perfect": 0.7020012507817386
    },
    "llm_to_or": {
      "rewards": [
        23130.0
      ],
      "mean": 23130.0,
      "std": 0.0,
      "min": 23130.0,
      "max": 23130.0,
      "count": 1,
      "ratio_to_perfect": 0.723264540337711
    },
    "or_to_llm": {
      "rewards": [
        22870.0
      ],
      "mean": 22870.0,
      "std": 0.0,
      "min": 22870.0,
      "max": 22870.0,
      "count": 1,
      "ratio_to_perfect": 0.7151344590368981
    },
    "perfect_score": {
      "rewards": [
        31980.0
      ],
      "mean": 31980.0,
      "std": 0.0,
      "min": 31980.0,
      "max": 31980.0,
      "count": 1,
      "ratio_to_perfect": 1.0
    }
  },
  "errors": {}
}