{
  "instance_dir": "D:\\TextArena\\examples\\benchmark\\real_trajectory\\lead_time_0\\156231001",
  "instance_name": "156231001",
  "promised_lead_time": 0,
  "model": "google/gemini-3-flash-preview",
  "num_runs_llm": 1,
  "num_runs_deterministic": 1,
  "max_periods": null,
  "summary": {
    "perfect_score": 43580.0,
    "ratios": {
      "or": 0.7908444240477284,
      "llm": 0.8735888022028453,
      "llm_to_or": 0.8434832491968793,
      "or_to_llm": 0.8697338228545204,
      "perfect_score": 1.0
    },
    "warnings": null
  },
  "results": {
    "or": {
      "rewards": [
        34465.0
      ],
      "mean": 34465.0,
      "std": 0.0,
      "min": 34465.0,
      "max": 34465.0,
      "count": 1,
      "ratio_to_perfect": 0.7908444240477284
    },
    "llm": {
      "rewards": [
        38071.0
      ],
      "mean": 38071.0,
      "std": 0.0,
      "min": 38071.0,
      "max": 38071.0,
      "count": 1,
      "ratio_to_perfect": 0.8735888022028453
    },
    "llm_to_or": {
      "rewards": [
        36759.0
      ],
      "mean": 36759.0,
      "std": 0.0,
      "min": 36759.0,
      "max": 36759.0,
      "count": 1,
      "ratio_to_perfect": 0.8434832491968793
    },
    "or_to_llm": {
      "rewards": [
        37903.0
      ],
      "mean": 37903.0,
      "std": 0.0,
      "min": 37903.0,
      "max": 37903.0,
      "count": 1,
      "ratio_to_perfect": 0.8697338228545204
    },
    "perfect_score": {
      "rewards": [
        43580.0
      ],
      "mean": 43580.0,
      "std": 0.0,
      "min": 43580.0,
      "max": 43580.0,
      "count": 1,
      "ratio_to_perfect": 1.0
    }
  },
  "errors": {}
}