{
  "instance_dir": "/shared/share_malatown/OR_Agent/examples/benchmark/real_trajectory/lead_time_0/554772002",
  "instance_name": "554772002",
  "promised_lead_time": 0,
  "model": "x-ai/grok-4.1-fast",
  "num_runs_llm": 1,
  "num_runs_deterministic": 1,
  "max_periods": null,
  "summary": {
    "perfect_score": 12920.0,
    "ratios": {
      "or": 0.7804179566563467,
      "llm": 0.8032507739938081,
      "llm_to_or": 0.8044117647058824,
      "or_to_llm": 0.8081269349845202,
      "perfect_score": 1.0
    },
    "warnings": null
  },
  "results": {
    "or": {
      "rewards": [
        10083.0
      ],
      "mean": 10083.0,
      "std": 0.0,
      "min": 10083.0,
      "max": 10083.0,
      "count": 1,
      "ratio_to_perfect": 0.7804179566563467
    },
    "llm": {
      "rewards": [
        10378.0
      ],
      "mean": 10378.0,
      "std": 0.0,
      "min": 10378.0,
      "max": 10378.0,
      "count": 1,
      "ratio_to_perfect": 0.8032507739938081
    },
    "llm_to_or": {
      "rewards": [
        10393.0
      ],
      "mean": 10393.0,
      "std": 0.0,
      "min": 10393.0,
      "max": 10393.0,
      "count": 1,
      "ratio_to_perfect": 0.8044117647058824
    },
    "or_to_llm": {
      "rewards": [
        10441.0
      ],
      "mean": 10441.0,
      "std": 0.0,
      "min": 10441.0,
      "max": 10441.0,
      "count": 1,
      "ratio_to_perfect": 0.8081269349845202
    },
    "perfect_score": {
      "rewards": [
        12920.0
      ],
      "mean": 12920.0,
      "std": 0.0,
      "min": 12920.0,
      "max": 12920.0,
      "count": 1,
      "ratio_to_perfect": 1.0
    }
  },
  "errors": {}
}