{
  "instance_dir": "/shared/share_malatown/OR_Agent/examples/benchmark/real_trajectory/lead_time_0/573937001",
  "instance_name": "573937001",
  "promised_lead_time": 0,
  "model": "x-ai/grok-4.1-fast",
  "num_runs_llm": 1,
  "num_runs_deterministic": 1,
  "max_periods": null,
  "summary": {
    "perfect_score": 53219.0,
    "ratios": {
      "or": 0.858922565249253,
      "llm": 0.8373889024596479,
      "llm_to_or": 0.8546383810293317,
      "or_to_llm": 0.85617918412597,
      "perfect_score": 1.0
    },
    "warnings": null
  },
  "results": {
    "or": {
      "rewards": [
        45711.0
      ],
      "mean": 45711.0,
      "std": 0.0,
      "min": 45711.0,
      "max": 45711.0,
      "count": 1,
      "ratio_to_perfect": 0.858922565249253
    },
    "llm": {
      "rewards": [
        44565.0
      ],
      "mean": 44565.0,
      "std": 0.0,
      "min": 44565.0,
      "max": 44565.0,
      "count": 1,
      "ratio_to_perfect": 0.8373889024596479
    },
    "llm_to_or": {
      "rewards": [
        45483.0
      ],
      "mean": 45483.0,
      "std": 0.0,
      "min": 45483.0,
      "max": 45483.0,
      "count": 1,
      "ratio_to_perfect": 0.8546383810293317
    },
    "or_to_llm": {
      "rewards": [
        45565.0
      ],
      "mean": 45565.0,
      "std": 0.0,
      "min": 45565.0,
      "max": 45565.0,
      "count": 1,
      "ratio_to_perfect": 0.85617918412597
    },
    "perfect_score": {
      "rewards": [
        53219.0
      ],
      "mean": 53219.0,
      "std": 0.0,
      "min": 53219.0,
      "max": 53219.0,
      "count": 1,
      "ratio_to_perfect": 1.0
    }
  },
  "errors": {}
}