{
  "instance_dir": "/shared/share_malatown/OR-Agent-GPT5mini-benchmark/examples/benchmark/real_trajectory/lead_time_stochastic/610776033",
  "instance_name": "610776033",
  "promised_lead_time": 2,
  "model": "openai/gpt-5-mini",
  "num_runs_llm": 1,
  "num_runs_deterministic": 1,
  "max_periods": null,
  "summary": {
    "perfect_score": 7061.0,
    "ratios": {
      "or": 0.15790964452627107,
      "llm": -0.08114997875655007,
      "llm_to_or": 0.19260727942217817,
      "or_to_llm": -0.6368786290893641,
      "perfect_score": 1.0
    },
    "warnings": null
  },
  "results": {
    "or": {
      "rewards": [
        1115.0
      ],
      "mean": 1115.0,
      "std": 0.0,
      "min": 1115.0,
      "max": 1115.0,
      "count": 1,
      "ratio_to_perfect": 0.15790964452627107
    },
    "llm": {
      "rewards": [
        -573.0
      ],
      "mean": -573.0,
      "std": 0.0,
      "min": -573.0,
      "max": -573.0,
      "count": 1,
      "ratio_to_perfect": -0.08114997875655007
    },
    "llm_to_or": {
      "rewards": [
        1360.0
      ],
      "mean": 1360.0,
      "std": 0.0,
      "min": 1360.0,
      "max": 1360.0,
      "count": 1,
      "ratio_to_perfect": 0.19260727942217817
    },
    "or_to_llm": {
      "rewards": [
        -4497.0
      ],
      "mean": -4497.0,
      "std": 0.0,
      "min": -4497.0,
      "max": -4497.0,
      "count": 1,
      "ratio_to_perfect": -0.6368786290893641
    },
    "perfect_score": {
      "rewards": [
        7061.0
      ],
      "mean": 7061.0,
      "std": 0.0,
      "min": 7061.0,
      "max": 7061.0,
      "count": 1,
      "ratio_to_perfect": 1.0
    }
  },
  "errors": {}
}