{
  "instance_dir": "D:\\TextArena\\examples\\benchmark\\synthetic_trajectory\\lead_time_0\\p08_multi_changepoint\\v1_up_then_down\\r1_med",
  "instance_name": "r1_med",
  "promised_lead_time": 0,
  "model": "openai/gpt-5-mini",
  "num_runs_llm": 1,
  "num_runs_deterministic": 1,
  "max_periods": null,
  "summary": {
    "perfect_score": 23744.0,
    "ratios": {
      "or": 0.8616913746630728,
      "llm": 0.8926044474393531,
      "llm_to_or": 0.8794221698113207,
      "or_to_llm": 0.8840970350404312,
      "perfect_score": 1.0
    },
    "warnings": null
  },
  "results": {
    "or": {
      "rewards": [
        20460.0
      ],
      "mean": 20460.0,
      "std": 0.0,
      "min": 20460.0,
      "max": 20460.0,
      "count": 1,
      "ratio_to_perfect": 0.8616913746630728
    },
    "llm": {
      "rewards": [
        21194.0
      ],
      "mean": 21194.0,
      "std": 0.0,
      "min": 21194.0,
      "max": 21194.0,
      "count": 1,
      "ratio_to_perfect": 0.8926044474393531
    },
    "llm_to_or": {
      "rewards": [
        20881.0
      ],
      "mean": 20881.0,
      "std": 0.0,
      "min": 20881.0,
      "max": 20881.0,
      "count": 1,
      "ratio_to_perfect": 0.8794221698113207
    },
    "or_to_llm": {
      "rewards": [
        20992.0
      ],
      "mean": 20992.0,
      "std": 0.0,
      "min": 20992.0,
      "max": 20992.0,
      "count": 1,
      "ratio_to_perfect": 0.8840970350404312
    },
    "perfect_score": {
      "rewards": [
        23744.0
      ],
      "mean": 23744.0,
      "std": 0.0,
      "min": 23744.0,
      "max": 23744.0,
      "count": 1,
      "ratio_to_perfect": 1.0
    }
  },
  "errors": {}
}