{
  "instance_dir": "/shared/share_malatown/OR_Agent/examples/benchmark/real_trajectory/lead_time_4/743098001",
  "instance_name": "743098001",
  "promised_lead_time": 4,
  "model": "x-ai/grok-4.1-fast",
  "num_runs_llm": 1,
  "num_runs_deterministic": 1,
  "max_periods": null,
  "summary": {
    "perfect_score": 3189.0,
    "ratios": {
      "or": 0.3057384760112888,
      "llm": -2.0357478833490124,
      "llm_to_or": -0.3195359046723111,
      "or_to_llm": -0.544057698338037,
      "perfect_score": 1.0
    },
    "warnings": null
  },
  "results": {
    "or": {
      "rewards": [
        975.0
      ],
      "mean": 975.0,
      "std": 0.0,
      "min": 975.0,
      "max": 975.0,
      "count": 1,
      "ratio_to_perfect": 0.3057384760112888
    },
    "llm": {
      "rewards": [
        -6492.0
      ],
      "mean": -6492.0,
      "std": 0.0,
      "min": -6492.0,
      "max": -6492.0,
      "count": 1,
      "ratio_to_perfect": -2.0357478833490124
    },
    "llm_to_or": {
      "rewards": [
        -1019.0
      ],
      "mean": -1019.0,
      "std": 0.0,
      "min": -1019.0,
      "max": -1019.0,
      "count": 1,
      "ratio_to_perfect": -0.3195359046723111
    },
    "or_to_llm": {
      "rewards": [
        -1735.0
      ],
      "mean": -1735.0,
      "std": 0.0,
      "min": -1735.0,
      "max": -1735.0,
      "count": 1,
      "ratio_to_perfect": -0.544057698338037
    },
    "perfect_score": {
      "rewards": [
        3189.0
      ],
      "mean": 3189.0,
      "std": 0.0,
      "min": 3189.0,
      "max": 3189.0,
      "count": 1,
      "ratio_to_perfect": 1.0
    }
  },
  "errors": {}
}